Div,Date,HomeTeam,AwayTeam,FTHG,FTAG,FTR,HTHG,HTAG,HTR,HS,AS,HST,AST,HF,AF,HC,AC,HY,AY,HR,AR,B365H,B365D,B365A,BWH,BWD,BWA,IWH,IWD,IWA,LBH,LBD,LBA,PSH,PSD,PSA,WHH,WHD,WHA,SJH,SJD,SJA,VCH,VCD,VCA,Bb1X2,BbMxH,BbAvH,BbMxD,BbAvD,BbMxA,BbAvA,BbOU,BbMx>2.5,BbAv>2.5,BbMx<2.5,BbAv<2.5,BbAH,BbAHh,BbMxAHH,BbAvAHH,BbMxAHA,BbAvAHA
D1,09/08/13,Bayern Munich,M'gladbach,3,1,H,2,1,H,26,11,9,4,12,11,6,4,1,3,0,0,1.13,8.5,19,1.14,8.25,15,1.2,5.8,13,1.12,8,19,1.14,10.08,21.46,1.14,6.5,15,1.13,7.5,17,1.14,9,19,32,1.2,1.13,10.15,8.33,24,18.53,20,1.35,1.31,3.5,3.29,20,-2.5,2.12,2.04,1.89,1.84
D1,10/08/13,Augsburg,Dortmund,0,4,A,0,1,A,11,13,4,9,18,12,5,6,2,0,0,0,7,4.33,1.44,7.5,4.6,1.4,6.1,4,1.5,7,4.33,1.44,8.25,4.69,1.46,7.5,3.75,1.5,7.5,4,1.4,8,4.6,1.45,32,8.32,7.37,4.75,4.26,1.5,1.44,30,1.76,1.7,2.24,2.14,21,1,2.52,2.16,1.81,1.74
D1,10/08/13,Braunschweig,Werder Bremen,0,1,A,0,0,D,13,12,3,4,10,18,2,7,1,0,0,0,2.7,3.4,2.5,2.7,3.4,2.5,2.7,3.4,2.4,2.87,3.3,2.4,2.89,3.57,2.54,2.75,3.1,2.62,2.8,3.3,2.38,2.8,3.5,2.55,32,3,2.83,3.57,3.34,2.63,2.44,30,1.8,1.74,2.24,2.1,17,0,2.13,2.07,1.85,1.79
D1,10/08/13,Hannover,Wolfsburg,2,0,H,1,0,H,20,15,8,4,28,11,7,2,4,0,0,2,2.6,3.4,2.6,2.65,3.4,2.55,2.4,3.3,2.75,2.5,3.4,2.7,2.84,3.5,2.61,2.75,3,2.75,2.63,3.3,2.5,2.7,3.6,2.62,32,2.85,2.65,3.51,3.34,2.75,2.59,28,1.75,1.67,2.34,2.19,18,0,2.05,1.97,1.95,1.88
D1,10/08/13,Hertha,Ein Frankfurt,6,1,H,2,1,H,16,10,9,4,19,18,5,4,0,2,0,0,2.2,3.4,3.2,2.4,3.3,2.9,2.2,3.3,3.1,2.3,3.4,3,2.38,3.52,3.16,2.4,3.1,3.1,2.3,3.3,3,2.38,3.5,3.1,32,2.4,2.31,3.6,3.33,3.2,3.04,30,1.89,1.81,2.12,2,18,0,1.73,1.68,2.31,2.24
D1,10/08/13,Hoffenheim,Nurnberg,2,2,D,1,0,H,23,12,8,5,17,17,6,9,1,4,0,0,2.1,3.3,3.5,2.05,3.3,3.6,2,3.4,3.5,2.1,3.25,3.5,2.11,3.51,3.83,2.2,3.1,3.5,2.05,3.3,3.4,2.15,3.5,3.6,32,2.2,2.08,3.55,3.32,3.83,3.52,30,2.04,1.98,1.9,1.83,17,-0.5,2.13,2.09,1.83,1.8
D1,10/08/13,Leverkusen,Freiburg,3,1,H,1,1,D,18,8,6,3,11,16,5,2,2,2,0,0,1.44,4.5,6.5,1.45,4.5,6.5,1.4,4.4,7.3,1.44,4.33,7,1.46,4.81,7.89,1.5,3.75,7.5,1.44,4.33,7,1.45,4.8,7.5,32,1.5,1.44,4.81,4.37,8,7.09,30,1.71,1.64,2.38,2.25,21,-1,1.82,1.74,2.23,2.16
D1,11/08/13,Mainz,Stuttgart,3,2,H,1,1,D,9,15,7,10,15,13,2,8,2,4,0,0,2.4,3.4,2.8,2.4,3.3,2.9,2.4,3.4,2.7,2.3,3.4,3,2.47,3.46,3.07,2.5,3.1,2.9,2.38,3.3,2.8,2.5,3.4,2.9,32,2.5,2.4,3.48,3.31,3.11,2.91,30,1.99,1.91,2,1.9,17,-0.25,2.12,2.09,1.85,1.81
D1,11/08/13,Schalke 04,Hamburg,3,3,D,2,2,D,19,16,8,6,15,11,3,7,1,2,0,0,1.44,4.33,7,1.44,4.5,6.75,1.6,3.7,5.4,1.44,4.33,7,1.48,4.86,7.2,1.5,4,7,1.4,4.33,7,1.5,4.6,7,31,1.6,1.44,4.86,4.46,7.5,6.91,21,1.67,1.62,2.46,2.27,20,-1,1.78,1.72,2.26,2.18
D1,17/08/13,Ein Frankfurt,Bayern Munich,0,1,A,0,1,A,9,15,3,7,9,17,6,5,1,1,0,0,10,5.25,1.29,9,6.25,1.26,7.6,4.8,1.35,11,5,1.28,12.8,6.3,1.28,10,5.5,1.29,9.5,5.25,1.27,12,6,1.29,31,12.39,10.49,6.64,5.65,1.35,1.27,19,1.46,1.4,3,2.83,,,,,,
D1,17/08/13,Freiburg,Mainz,1,2,A,0,0,D,9,12,3,8,17,7,2,4,0,3,0,0,2.25,3.4,3.1,2.3,3.4,3,2.3,3.3,2.9,2.37,3.25,3,2.37,3.42,3.28,2.38,3.4,2.88,2.25,3.3,3,2.38,3.4,3.12,31,2.4,2.31,3.45,3.34,3.28,3.03,29,2.04,1.97,1.94,1.83,,,,,,
D1,17/08/13,Hamburg,Hoffenheim,1,5,A,1,1,D,8,18,4,7,15,22,2,4,2,2,0,0,2,3.6,3.5,2.05,3.4,3.5,2,3.4,3.5,2,3.5,3.6,2.09,3.6,3.77,2.05,3.5,3.4,2,3.4,3.5,2.1,3.6,3.5,31,2.15,2.05,3.62,3.45,3.81,3.54,27,1.68,1.63,2.4,2.25,,,,,,
D1,17/08/13,M'gladbach,Hannover,3,0,H,1,0,H,17,16,8,4,9,19,1,3,1,4,0,0,1.83,3.5,4.33,1.83,3.6,4.2,1.85,3.45,4,1.83,3.5,4.33,1.85,3.77,4.7,1.83,3.6,4.2,1.8,3.4,4.33,1.85,3.75,4.5,31,1.87,1.82,3.77,3.55,4.7,4.35,29,1.85,1.77,2.12,2.04,,,,,,
D1,17/08/13,Stuttgart,Leverkusen,0,1,A,0,1,A,17,13,3,3,13,15,10,3,3,2,0,0,3.5,3.25,2.1,3.4,3.5,2.05,3.1,3.3,2.2,3.25,3.4,2.15,3.54,3.7,2.14,3.25,3.4,2.15,3.3,3.3,2.1,3.4,3.7,2.15,31,3.54,3.36,3.7,3.42,2.2,2.12,27,1.67,1.62,2.44,2.29,,,,,,
D1,17/08/13,Werder Bremen,Augsburg,1,0,H,1,0,H,5,20,2,4,16,14,3,7,3,4,0,0,1.91,3.5,4,1.87,3.5,4.1,1.8,3.5,4.2,1.83,3.5,4.33,1.97,3.68,4.16,1.8,3.6,4.33,1.9,3.5,3.8,1.95,3.7,4.1,31,1.97,1.9,3.7,3.47,4.33,4.04,29,1.86,1.79,2.1,2.02,,,,,,
D1,17/08/13,Wolfsburg,Schalke 04,4,0,H,0,0,D,20,6,8,2,18,16,11,3,0,2,0,0,2.88,3.3,2.4,2.8,3.4,2.4,2.55,3.4,2.55,2.87,3.4,2.37,2.99,3.55,2.48,2.88,3.4,2.38,2.8,3.25,2.4,2.88,3.5,2.5,31,3,2.86,3.6,3.35,2.55,2.42,21,1.63,1.57,2.48,2.33,,,,,,
D1,18/08/13,Dortmund,Braunschweig,2,1,H,0,0,D,24,8,6,3,8,12,4,3,0,1,0,0,1.17,7.5,13,1.15,7.5,16,1.17,6.5,14,1.16,7,15,1.15,9.42,21.1,1.17,7,15,1.14,7,15,1.17,8.5,18,31,1.17,1.14,9.42,7.88,21.12,18.16,19,1.35,1.31,3.6,3.33,,,,,,
D1,18/08/13,Nurnberg,Hertha,2,2,D,1,0,H,11,12,5,5,16,17,4,5,5,2,0,0,2.3,3.4,3,2.35,3.4,2.9,2.3,3.3,2.9,2.3,3.4,3,2.42,3.45,3.15,2.38,3.4,2.9,2.3,3.3,2.88,2.4,3.4,3.1,31,2.45,2.35,3.45,3.32,3.2,2.98,29,2,1.92,2,1.89,,,,,,
D1,23/08/13,Dortmund,Werder Bremen,1,0,H,0,0,D,32,7,8,1,14,13,7,2,0,0,0,0,1.2,6.5,13,1.2,6.75,12,1.22,5.5,12,1.22,6,12,1.24,7.08,14.25,1.22,6,12,1.22,5.8,11,1.25,6.5,12,33,1.25,1.22,7,6.29,15,12.22,21,1.43,1.39,3.1,2.85,21,-2,2.18,2.1,1.86,1.79
D1,24/08/13,Bayern Munich,Nurnberg,2,0,H,0,0,D,26,5,9,1,13,8,10,1,3,1,0,0,1.1,9,26,1.1,9.25,21,1.12,8,16,1.11,8.5,21,1.11,12.17,28.71,1.08,10,26,1.09,8.5,21,1.11,11,26,33,1.12,1.09,12.24,9.59,31,23.5,21,1.34,1.29,3.75,3.38,21,-2.5,1.86,1.79,2.15,2.08
D1,24/08/13,Hannover,Schalke 04,2,1,H,2,0,H,14,8,6,2,19,23,7,1,2,0,1,2,2.63,3.4,2.6,2.55,3.5,2.6,2.55,3.4,2.55,2.75,3.5,2.4,2.76,3.71,2.58,2.7,3.75,2.38,2.63,3.3,2.5,2.62,3.75,2.6,33,2.76,2.67,3.75,3.43,2.65,2.51,22,1.63,1.55,2.54,2.36,18,0,2.04,1.98,1.94,1.87
D1,24/08/13,Hertha,Hamburg,1,0,H,0,0,D,16,15,5,7,16,18,6,9,1,4,0,0,1.91,3.6,3.8,1.85,3.7,3.9,1.9,3.45,3.8,1.85,3.6,4,1.91,3.77,4.31,1.85,3.75,4,1.83,3.5,4,1.95,3.75,4,33,1.95,1.88,3.85,3.63,4.31,3.91,28,1.74,1.67,2.28,2.18,18,-0.5,1.92,1.88,2.03,2
D1,24/08/13,Hoffenheim,Freiburg,3,3,D,2,2,D,13,11,5,6,15,22,2,4,1,3,1,3,1.75,3.75,4.5,1.78,3.6,4.4,1.85,3.5,3.9,1.8,3.6,4.33,1.8,3.92,4.76,1.8,3.75,4.2,1.73,3.6,4.5,1.83,3.9,4.4,33,1.85,1.78,3.92,3.69,4.76,4.36,30,1.78,1.72,2.22,2.12,18,-0.5,1.82,1.77,2.16,2.11
D1,24/08/13,Leverkusen,M'gladbach,4,2,H,2,0,H,19,10,11,3,10,14,7,3,0,1,0,0,1.67,3.8,5,1.65,3.9,5,1.6,3.9,5,1.61,4,5,1.68,4.03,5.68,1.7,3.8,4.8,1.62,3.8,5,1.7,4,5.2,32,1.7,1.65,4.04,3.81,5.9,5.18,27,1.72,1.66,2.34,2.21,20,-1,2.21,2.15,1.8,1.75
D1,24/08/13,Mainz,Wolfsburg,2,0,H,0,0,D,12,16,4,6,16,15,2,5,3,1,0,1,2.63,3.4,2.6,2.65,3.5,2.5,2.55,3.4,2.55,2.6,3.3,2.62,2.77,3.51,2.67,2.6,3.4,2.62,2.6,3.3,2.5,2.75,3.5,2.62,33,2.77,2.66,3.52,3.35,2.68,2.57,30,1.85,1.75,2.15,2.07,18,0,2.02,1.96,1.93,1.88
D1,25/08/13,Augsburg,Stuttgart,2,1,H,2,1,H,17,9,5,2,19,18,9,7,2,3,0,1,2.3,3.4,3,2.35,3.3,2.95,2.4,3.3,2.75,2.4,3.4,2.8,2.39,3.39,3.26,2.3,3.3,3.1,2.3,3.3,2.88,2.4,3.4,3.12,33,2.45,2.34,3.4,3.33,3.26,2.99,30,2.03,1.94,1.97,1.86,18,0,1.73,1.69,2.32,2.2
D1,25/08/13,Braunschweig,Ein Frankfurt,0,2,A,0,0,D,9,20,4,4,12,18,2,8,2,1,0,0,2.7,3.4,2.5,2.7,3.5,2.45,2.65,3.3,2.5,2.7,3.3,2.6,2.99,3.38,2.57,2.8,3.3,2.5,2.63,3.3,2.5,2.88,3.4,2.6,33,2.99,2.79,3.45,3.28,2.65,2.51,30,2.1,1.99,1.92,1.83,18,0,2.12,2.05,1.84,1.8
D1,27/08/13,Freiburg,Bayern Munich,1,1,D,0,1,A,8,17,3,8,17,10,3,6,2,1,0,0,13,5.5,1.25,9.25,6.25,1.25,9,5,1.3,10,6,1.25,13.6,6.1,1.28,10,5.5,1.29,10,5.5,1.25,11.5,6,1.25,33,13.6,11.19,6.36,5.71,1.3,1.26,22,1.55,1.47,2.75,2.58,21,1.5,2.16,2.08,1.83,1.79
D1,31/08/13,Hamburg,Braunschweig,4,0,H,2,0,H,26,17,13,5,19,21,7,2,1,4,0,0,1.75,3.75,4.5,1.78,3.7,4.33,1.8,3.5,4.2,1.8,3.6,4.33,1.78,3.93,4.9,1.8,3.6,4.5,1.73,3.6,4.5,1.75,3.9,5,34,1.83,1.76,3.93,3.66,5,4.54,32,1.82,1.75,2.2,2.08,18,-1,2.45,2.33,1.67,1.63
D1,31/08/13,Hannover,Mainz,4,1,H,2,1,H,16,13,5,2,19,10,5,3,3,1,0,0,2.4,3.5,2.75,2.45,3.5,2.7,2.3,3.3,2.9,2.37,3.4,2.87,2.62,3.51,2.83,2.6,3.3,2.7,2.5,3.3,2.63,2.6,3.5,2.8,34,2.64,2.49,3.51,3.36,2.91,2.75,32,1.87,1.82,2.1,1.98,18,0,1.91,1.85,2.04,2.01
D1,31/08/13,M'gladbach,Werder Bremen,4,1,H,1,0,H,20,10,8,2,13,13,1,5,3,0,0,0,1.75,3.75,4.5,1.72,3.75,4.6,1.8,3.5,4.2,1.85,3.6,4,1.78,3.89,4.97,1.8,3.75,4.2,1.73,3.5,4.5,1.8,3.8,4.6,34,1.85,1.78,3.89,3.66,4.97,4.38,32,1.82,1.73,2.18,2.09,18,-0.5,1.82,1.77,2.19,2.11
D1,31/08/13,Nurnberg,Augsburg,0,1,A,0,0,D,7,24,1,7,10,18,2,12,4,2,1,0,2.5,3.3,2.8,2.35,3.4,2.9,2.3,3.2,3,2.37,3.4,2.87,2.56,3.37,3,2.5,3.3,2.8,2.38,3.3,2.8,2.5,3.4,2.9,34,2.56,2.44,3.4,3.29,3.1,2.86,32,2.1,2.01,1.9,1.79,18,0,1.83,1.78,2.13,2.08
D1,31/08/13,Schalke 04,Leverkusen,2,0,H,1,0,H,12,11,3,1,14,18,2,6,0,3,0,0,3.2,3.5,2.15,3.25,3.6,2.1,2.75,3.3,2.4,3.1,3.5,2.2,3.39,3.68,2.21,3.2,3.6,2.15,3.25,3.4,2.1,3.2,3.6,2.25,34,3.39,3.19,3.7,3.45,2.4,2.18,23,1.63,1.57,2.54,2.33,18,0.25,2.03,1.98,1.94,1.9
D1,31/08/13,Wolfsburg,Hertha,2,0,H,2,0,H,18,8,6,4,16,15,2,2,1,2,0,0,1.91,3.6,3.75,1.91,3.7,3.7,2,3.4,3.5,2,3.5,3.6,1.95,3.77,4.12,1.95,3.75,3.6,1.9,3.5,3.8,1.95,3.75,4,34,2,1.92,3.8,3.58,4.12,3.78,28,1.7,1.63,2.38,2.25,18,-0.5,1.95,1.91,2.01,1.96
D1,01/09/13,Ein Frankfurt,Dortmund,1,2,A,1,1,D,17,16,4,8,6,19,8,6,1,2,0,0,6,4.33,1.5,6,4.5,1.48,6.1,4,1.5,6,4.33,1.5,6.62,4.58,1.54,5.5,4.4,1.53,5.75,4.33,1.5,6.25,4.5,1.53,33,6.83,6.04,4.65,4.34,1.53,1.5,22,1.57,1.52,2.64,2.46,21,1,2.08,2.02,1.89,1.85
D1,01/09/13,Stuttgart,Hoffenheim,6,2,H,3,1,H,13,12,7,3,20,20,3,5,2,2,0,0,2.3,3.5,2.9,2.4,3.4,2.85,2.2,3.3,3.1,2.3,3.5,2.87,2.44,3.6,3.02,2.3,3.6,2.88,2.38,3.4,2.8,2.45,3.6,2.9,33,2.49,2.35,3.6,3.41,3.15,2.91,29,1.69,1.63,2.42,2.25,18,-0.25,2.13,2.08,1.85,1.81
D1,13/09/13,Hertha,Stuttgart,0,1,A,0,0,D,19,8,8,5,13,12,7,4,1,1,0,0,2.15,3.4,3.3,2.3,3.5,3.1,2.2,3.3,3.1,2.15,3.5,3.2,2.29,3.67,3.21,2.25,3.5,3,2.2,3.4,3,2.3,3.6,3.1,35,2.31,2.23,3.67,3.45,3.3,3.13,32,1.7,1.65,2.44,2.23,19,-0.5,2.31,2.24,1.73,1.68
D1,14/09/13,Augsburg,Freiburg,2,1,H,0,0,D,14,5,6,1,16,21,10,3,1,2,0,0,2,3.4,3.75,2,3.5,3.6,2.1,3.3,3.3,2,3.4,3.75,2.04,3.44,4.18,2.05,3.4,3.6,2,3.3,3.6,2.05,3.5,4,35,2.15,2.02,3.5,3.36,4.18,3.69,33,2.08,2,1.9,1.8,18,-0.5,2.04,2,1.9,1.86
D1,14/09/13,Bayern Munich,Hannover,2,0,H,0,0,D,18,13,8,2,14,12,13,4,3,3,0,0,1.13,8.5,21,1.12,9.25,15,1.12,8,16,1.14,8,15,1.14,10.1,22.45,1.14,8.5,15,1.09,8.5,21,1.14,9.5,21,34,1.17,1.11,10.5,8.82,27.49,19.6,20,1.33,1.26,4,3.65,21,-2.5,1.89,1.84,2.1,2.02
D1,14/09/13,Dortmund,Hamburg,6,2,H,2,1,H,32,4,14,2,11,19,7,2,0,4,0,0,1.25,6,11,1.23,6.5,10,1.25,5.5,10.3,1.28,5.5,9.5,1.28,6.56,11.85,1.29,5.5,10,1.25,5.75,9.5,1.29,6.5,11,35,1.3,1.26,6.56,5.88,12.18,10.54,20,1.43,1.37,3.25,2.97,19,-1.5,1.74,1.7,2.3,2.19
D1,14/09/13,Leverkusen,Wolfsburg,3,1,H,1,1,D,14,14,7,5,17,12,4,3,2,2,0,1,1.8,3.75,4.2,1.8,4,4.2,1.75,3.5,4.5,1.75,3.75,4.33,1.77,3.98,4.92,1.75,4,4.2,1.73,3.6,4.5,1.8,4,4.5,35,1.81,1.76,4.05,3.72,4.92,4.41,26,1.63,1.56,2.54,2.37,18,-1,2.43,2.35,1.71,1.62
D1,14/09/13,Mainz,Schalke 04,0,1,A,0,1,A,14,10,0,5,15,19,1,5,1,3,0,0,2.6,3.4,2.6,2.7,3.5,2.6,2.6,3.2,2.6,2.62,3.5,2.5,2.74,3.54,2.68,2.5,3.6,2.62,2.6,3.3,2.6,2.7,3.5,2.62,35,2.75,2.63,3.55,3.37,2.7,2.59,30,1.74,1.68,2.3,2.16,18,0,2,1.94,1.95,1.91
D1,14/09/13,Werder Bremen,Ein Frankfurt,0,3,A,0,2,A,12,14,4,6,14,13,5,10,2,0,1,0,2.45,3.3,2.8,2.5,3.4,2.7,2.35,3.3,2.85,2.37,3.4,2.87,2.51,3.49,2.99,2.5,3.3,2.8,2.4,3.25,2.8,2.55,3.4,2.9,35,2.6,2.43,3.5,3.34,3.01,2.84,33,1.87,1.8,2.1,2,18,0,1.84,1.8,2.14,2.06
D1,15/09/13,Braunschweig,Nurnberg,1,1,D,0,1,A,23,9,7,2,17,18,6,3,3,2,0,0,2.7,3.25,2.6,2.75,3.3,2.65,2.65,3.3,2.5,2.7,3.2,2.6,2.87,3.33,2.69,2.7,3.3,2.6,2.63,3.2,2.5,2.8,3.3,2.7,34,2.87,2.73,3.35,3.24,2.7,2.58,32,2.19,2.07,1.81,1.75,18,0,2.05,1.97,1.94,1.87
D1,15/09/13,Hoffenheim,M'gladbach,2,1,H,1,0,H,10,16,4,3,16,7,2,3,3,2,0,0,2.6,3.4,2.6,2.6,3.6,2.65,2.5,3.3,2.65,2.5,3.5,2.62,2.73,3.6,2.66,2.6,3.75,2.45,2.63,3.3,2.5,2.7,3.75,2.6,33,2.75,2.6,3.75,3.4,2.7,2.59,26,1.67,1.6,2.45,2.29,18,0,2,1.93,1.94,1.91
D1,20/09/13,M'gladbach,Braunschweig,4,1,H,2,0,H,13,12,7,3,11,12,0,1,1,2,0,1,1.36,4.75,8,1.36,5,8,1.4,4.4,7.3,1.4,4.5,8,1.39,5.04,9.75,1.4,4.75,7.5,1.36,4.5,8,1.4,5,9,35,1.4,1.38,5.1,4.66,10,8.69,33,1.78,1.68,2.34,2.17,21,-1.5,2.19,2.11,1.83,1.77
D1,21/09/13,Hamburg,Werder Bremen,0,2,A,0,1,A,19,16,7,6,15,18,4,6,2,4,0,0,1.95,3.4,3.9,1.95,3.7,3.6,2,3.4,3.5,2,3.4,3.6,1.99,3.81,3.85,2,3.3,3.8,1.95,3.4,3.6,2,3.8,3.8,35,2.01,1.97,3.81,3.53,3.91,3.64,33,1.7,1.64,2.44,2.24,18,-0.5,2,1.96,1.95,1.9
D1,21/09/13,Hannover,Augsburg,2,1,H,0,0,D,15,12,8,2,21,18,8,1,3,4,0,0,2.5,3.3,2.75,2.45,3.3,2.85,2.2,3.4,3,2.2,3.4,3.2,2.65,3.43,2.85,2.62,3.2,2.7,2.2,3.5,3.25,2.55,3.4,2.8,35,2.62,2.46,3.6,3.34,3.25,2.8,33,1.87,1.8,2.1,2,18,-0.25,2.23,2.16,1.84,1.73
D1,21/09/13,Mainz,Leverkusen,1,4,A,0,3,A,14,13,2,5,14,11,4,4,1,1,0,0,3.5,3.5,2.05,3.4,3.5,2.05,3.1,3.3,2.2,3.25,3.4,2.15,3.65,3.62,2.13,3.5,3.2,2.15,3.5,3.4,2,3.6,3.6,2.1,35,3.65,3.38,3.65,3.44,2.2,2.09,33,1.76,1.7,2.26,2.14,18,0.5,1.83,1.79,2.14,2.08
D1,21/09/13,Nurnberg,Dortmund,1,1,D,0,1,A,10,18,3,6,7,12,3,9,1,2,0,0,8,5.25,1.33,8.5,5.5,1.3,7.3,4.4,1.4,8,5,1.36,9.7,5.55,1.36,8,4.5,1.4,8,5.25,1.33,10,5.5,1.33,35,10,8.28,5.55,5.12,1.4,1.34,24,1.55,1.49,2.75,2.51,21,1.5,1.97,1.91,2.04,1.95
D1,21/09/13,Schalke 04,Bayern Munich,0,4,A,0,2,A,10,14,1,5,7,6,5,5,1,0,0,0,5.5,4.33,1.53,5.25,4.5,1.53,5.4,3.7,1.6,5.5,4,1.57,6.51,4.65,1.53,6,3.8,1.57,5.75,4,1.5,6.25,4.6,1.53,34,6.55,5.71,4.65,4.23,1.6,1.53,23,1.59,1.52,2.62,2.42,21,1,2.06,2,1.92,1.86
D1,21/09/13,Wolfsburg,Hoffenheim,2,1,H,1,1,D,15,7,6,2,15,20,6,6,1,4,0,0,1.73,4,4.2,1.7,3.8,4.6,1.8,3.5,4.2,1.75,3.75,4.5,1.7,4.15,5.19,1.75,3.4,5,1.67,3.75,4.8,1.73,4.1,4.8,35,1.8,1.72,4.15,3.78,5.19,4.61,24,1.56,1.51,2.68,2.44,18,-0.75,1.95,1.89,2.04,1.97
D1,22/09/13,Freiburg,Hertha,1,1,D,1,1,D,8,8,2,4,22,12,9,2,2,4,0,0,2.38,3.4,2.9,2.4,3.4,2.8,2.3,3.3,2.9,2.5,3.3,2.75,2.61,3.5,2.85,2.62,3.2,2.7,2.5,3.3,2.75,2.62,3.5,2.8,35,2.63,2.49,3.5,3.34,2.9,2.75,33,1.92,1.84,2.05,1.96,18,0,1.9,1.85,2.04,2
D1,22/09/13,Stuttgart,Ein Frankfurt,1,1,D,1,1,D,14,16,4,4,10,13,4,7,3,2,0,0,2.15,3.4,3.3,2.25,3.5,3,2.1,3.4,3.2,2.15,3.4,3.25,2.24,3.67,3.32,2.2,3.5,3.1,2.1,3.4,3.13,2.2,3.6,3.4,35,2.26,2.18,3.67,3.45,3.35,3.16,33,1.75,1.7,2.28,2.14,17,-0.5,2.24,2.18,1.75,1.72
D1,27/09/13,Augsburg,M'gladbach,2,2,D,1,1,D,20,8,5,3,9,13,3,3,2,3,0,0,2.5,3.25,2.8,2.55,3.4,2.65,2.6,3.2,2.6,2.4,3.3,2.87,2.5,3.43,3.04,2.4,3.4,2.8,2.38,3.3,2.8,2.5,3.4,3,34,2.6,2.44,3.49,3.34,3.06,2.87,31,1.95,1.86,2.08,1.94,19,0,1.81,1.77,2.2,2.1
D1,28/09/13,Bayern Munich,Wolfsburg,1,0,H,0,0,D,11,4,4,2,12,24,8,2,2,1,0,0,1.14,8,15,1.17,8,11.5,1.15,7,15,1.14,8,15,1.18,8.45,18.5,1.17,7,15,1.17,7.5,12,1.17,8,15,34,1.18,1.15,8.84,7.87,20,15.7,20,1.34,1.3,3.65,3.32,19,-2,1.9,1.84,2.1,2.03
D1,28/09/13,Dortmund,Freiburg,5,0,H,2,0,H,27,2,13,2,13,11,10,0,0,1,0,1,1.18,7,13,1.22,6.5,10.5,1.17,7,13,1.2,7,12,1.22,7.2,15.4,1.22,5.5,15,1.2,6.25,10,1.22,7,13,34,1.23,1.2,7.5,6.71,15.8,13.12,20,1.4,1.33,3.5,3.12,20,-2,2.14,2.05,1.91,1.81
D1,28/09/13,Ein Frankfurt,Hamburg,2,2,D,1,1,D,9,11,5,3,21,16,9,6,2,1,0,0,1.8,3.6,4.33,1.8,3.75,4.1,1.85,3.5,3.9,1.83,3.75,4,1.84,3.95,4.47,1.83,3.5,4.2,1.73,3.6,4.33,1.83,3.9,4.4,34,1.86,1.81,4.25,3.73,4.6,4.14,23,1.7,1.59,2.44,2.27,17,-1,2.55,2.42,1.68,1.58
D1,28/09/13,Hertha,Mainz,3,1,H,0,1,A,9,7,4,5,27,20,5,5,1,4,0,0,2,3.6,3.5,2,3.4,3.7,2.15,3.3,3.2,2.1,3.4,3.4,2.09,3.58,3.81,2.1,3.2,3.6,2,3.4,3.5,2.05,3.6,3.8,34,2.15,2.06,3.6,3.43,3.81,3.52,31,1.95,1.86,2,1.93,17,-0.5,2.15,2.05,1.88,1.82
D1,28/09/13,Hoffenheim,Schalke 04,3,3,D,1,3,A,12,12,6,5,23,24,2,7,3,2,0,0,2.8,3.3,2.5,2.7,3.4,2.5,2.6,3.2,2.6,2.75,3.3,2.5,2.92,3.58,2.51,2.8,3.2,2.5,2.75,3.3,2.4,2.88,3.5,2.45,34,2.92,2.79,3.6,3.38,2.6,2.45,23,1.62,1.55,2.56,2.36,18,0,2.12,2.05,1.83,1.8
D1,28/09/13,Leverkusen,Hannover,2,0,H,2,0,H,19,8,8,2,12,17,4,9,0,0,0,0,1.33,5,9,1.35,5.5,7,1.35,4.8,7.6,1.36,5,7.5,1.36,5.45,9.81,1.4,4.2,9,1.33,4.8,8,1.36,5.4,8.5,34,1.4,1.35,5.45,4.92,10,8.47,22,1.52,1.45,2.8,2.62,21,-1.5,2.08,1.98,1.92,1.86
D1,29/09/13,Braunschweig,Stuttgart,0,4,A,0,1,A,10,15,2,8,12,19,8,4,0,1,0,0,4,3.5,1.91,3.6,3.7,1.95,3.6,3.3,2,3.5,3.4,2.05,3.92,3.61,2.05,3.75,3.2,2.05,3.6,3.4,1.95,3.9,3.6,2,33,4,3.67,3.65,3.48,2.05,1.99,30,1.85,1.78,2.22,2.02,17,0.5,1.92,1.87,2.05,1.99
D1,29/09/13,Werder Bremen,Nurnberg,3,3,D,2,1,H,15,17,7,8,16,9,4,4,2,2,0,0,2.05,3.5,3.4,2.05,3.3,3.7,2,3.3,3.6,2.05,3.4,3.5,2.09,3.49,3.92,2.05,3.25,3.75,2,3.4,3.5,2.1,3.5,3.8,34,2.15,2.06,3.5,3.37,4,3.57,31,2,1.91,1.96,1.87,17,-0.5,2.1,2.06,1.86,1.82
D1,06/10/13,Freiburg,Ein Frankfurt,1,1,D,0,0,D,13,11,4,5,12,20,7,10,3,2,0,1,2.7,3.4,2.5,2.7,3.3,2.55,2.5,3.3,2.65,2.6,3.3,2.62,2.9,3.45,2.59,2.8,3.1,2.62,2.63,3.3,2.5,2.8,3.4,2.62,33,2.91,2.73,3.5,3.32,2.65,2.54,31,1.86,1.79,2.18,2.02,16,0,2.08,2.01,1.88,1.84
D1,06/10/13,Nurnberg,Hamburg,0,5,A,0,1,A,7,16,2,13,16,15,5,4,1,0,0,0,2.38,3.5,2.8,2.5,3.5,2.65,2.4,3.3,2.75,2.4,3.4,2.8,2.55,3.54,2.9,2.5,3.2,2.8,2.38,3.3,2.8,2.5,3.5,2.9,36,2.56,2.44,3.57,3.39,2.88,2.8,34,1.76,1.71,2.3,2.12,18,0,1.86,1.81,2.1,2.04
D1,05/10/13,Leverkusen,Bayern Munich,1,1,D,1,1,D,5,27,3,11,15,8,2,14,1,1,0,0,5,4.2,1.6,5.25,4,1.6,4.75,3.8,1.65,5,3.75,1.66,5.81,4.18,1.65,5.5,3.5,1.67,5,3.8,1.62,5.4,4.2,1.65,35,5.81,5.14,4.25,3.9,1.67,1.63,24,1.63,1.55,2.56,2.37,21,1,1.88,1.77,2.16,2.1
D1,05/10/13,Mainz,Hoffenheim,2,2,D,0,2,A,17,14,8,5,23,16,7,1,2,2,0,0,2.25,3.5,3,2.35,3.5,2.8,2.25,3.3,3,2.3,3.4,3,2.33,3.6,3.19,2.4,3.3,2.9,2.25,3.3,3,2.38,3.5,3,34,2.4,2.31,3.6,3.4,3.19,2.98,30,1.7,1.64,2.48,2.23,17,-0.25,2.06,2.01,1.92,1.85
D1,05/10/13,M'gladbach,Dortmund,2,0,H,0,0,D,6,27,3,8,8,9,1,9,2,2,0,1,5,3.75,1.67,4.6,3.9,1.7,4.5,3.5,1.75,4.75,4,1.66,5.16,4.15,1.71,5,3.75,1.67,4.8,3.75,1.67,5,4.1,1.7,35,5.4,4.82,4.2,3.87,1.75,1.68,24,1.57,1.52,2.72,2.44,22,1,1.81,1.73,2.24,2.16
D1,05/10/13,Schalke 04,Augsburg,4,1,H,2,1,H,13,10,6,3,9,10,2,3,1,3,0,1,1.73,3.8,4.5,1.72,3.75,4.6,1.7,3.7,4.5,1.66,3.75,5,1.76,3.87,5.18,1.8,3.5,4.5,1.67,3.75,4.5,1.8,3.8,4.75,35,1.8,1.73,3.87,3.7,5.2,4.68,33,1.73,1.65,2.34,2.21,22,-1,2.42,2.32,1.71,1.64
D1,05/10/13,Stuttgart,Werder Bremen,1,1,D,1,1,D,20,7,6,2,11,9,13,1,1,2,0,0,1.7,3.8,4.75,1.72,3.8,4.5,1.8,3.5,4.2,1.8,3.6,4.33,1.78,4.01,4.78,1.8,3.5,4.5,1.73,3.6,4.5,1.8,4,4.6,35,1.83,1.76,4.06,3.74,4.88,4.42,22,1.62,1.54,2.62,2.37,21,-1,2.38,2.29,1.71,1.65
D1,05/10/13,Wolfsburg,Braunschweig,0,2,A,0,1,A,17,7,3,3,21,26,7,2,2,3,0,0,1.29,5.5,9.5,1.28,6,8.75,1.3,5,9,1.28,5.5,10,1.28,6.31,12.51,1.29,5.5,10,1.27,5.25,10,1.29,6.25,12,35,1.3,1.28,6.31,5.51,12.51,10.26,22,1.55,1.49,2.7,2.51,22,-1.5,1.83,1.79,2.15,2.08
D1,04/10/13,Hannover,Hertha,1,1,D,1,0,H,14,10,5,2,18,21,8,9,3,3,0,0,2.25,3.4,3.1,2.3,3.3,3.1,2.2,3.3,3.1,2.2,3.4,3.2,2.44,3.49,3.09,2.3,3.5,2.9,2,3.75,3.6,2.3,3.5,3.2,35,2.38,2.27,3.75,3.4,3.6,3.11,33,1.86,1.74,2.38,2.08,20,-0.5,2.41,2.32,1.68,1.64
D1,18/10/13,Hoffenheim,Leverkusen,1,2,A,0,1,A,20,12,8,4,12,18,8,10,0,4,0,0,3.25,3.6,2.1,3.5,3.4,2.05,3.3,3.3,2.1,3.6,3.5,2,3.62,3.67,2.12,3.2,3.6,2.15,3.4,3.4,2.05,3.4,3.6,2.15,38,3.75,3.49,3.7,3.52,2.15,2.06,28,1.58,1.53,2.74,2.41,20,0.25,2.11,2.05,1.86,1.81
D1,19/10/13,Bayern Munich,Mainz,4,1,H,0,1,A,18,13,6,4,12,14,8,5,1,0,0,0,1.1,9,23,1.1,10,17,1.12,8,16,1.11,8.5,21,1.11,12.14,28.73,1.1,9,21,1.1,8,19,1.12,11,26,36,1.12,1.1,12.47,9.31,33.37,22.75,24,1.33,1.28,3.75,3.4,21,-2.5,1.89,1.84,2.07,2.01
D1,19/10/13,Braunschweig,Schalke 04,2,3,A,1,1,D,14,14,4,6,13,21,1,9,0,1,0,0,4.75,3.6,1.73,4.6,3.9,1.7,4.5,3.5,1.75,4.5,3.75,1.72,5.15,4.01,1.74,4.8,3.5,1.75,4.8,3.6,1.67,5,4,1.7,38,5.5,4.88,4.01,3.7,1.75,1.71,37,1.76,1.7,2.26,2.13,20,0.75,2,1.93,1.95,1.92
D1,19/10/13,Dortmund,Hannover,1,0,H,1,0,H,18,10,8,5,11,15,10,2,1,3,0,0,1.22,6.5,11,1.22,6.75,10,1.2,6,12.5,1.22,6.5,11,1.22,7.42,15.13,1.22,6,12,1.2,6.25,11,1.22,7,13,38,1.24,1.21,7.5,6.58,16.26,12.51,26,1.4,1.33,3.4,3.07,22,-2,2.08,2,1.91,1.85
D1,19/10/13,Ein Frankfurt,Nurnberg,1,1,D,0,0,D,15,10,3,4,22,14,6,1,2,3,0,0,1.57,4,5.5,1.57,4.1,5.5,1.65,3.6,5.1,1.6,4,5.25,1.58,4.25,6.48,1.62,4,5,1.53,3.75,6,1.6,4.2,6.25,36,1.65,1.57,4.25,3.94,6.5,5.86,33,1.71,1.65,2.33,2.2,22,-1,2,1.94,1.96,1.91
D1,19/10/13,Hertha,M'gladbach,1,0,H,1,0,H,5,13,2,4,15,14,7,5,2,1,0,1,2.38,3.4,2.9,2.55,3.3,2.7,2.5,3.3,2.65,2.37,3.4,2.87,2.46,3.51,3.04,2.5,3.25,2.8,2.38,3.25,2.88,2.5,3.5,2.9,37,2.5,2.44,3.51,3.32,3.04,2.86,36,1.85,1.77,2.12,2.03,20,0,1.82,1.77,2.18,2.06
D1,19/10/13,Werder Bremen,Freiburg,0,0,D,0,0,D,18,11,4,2,21,12,7,8,1,2,0,0,1.95,3.4,3.8,2,3.5,3.6,1.85,3.45,4,1.9,3.6,3.75,2.09,3.66,3.74,2.1,3.4,3.4,2,3.4,3.6,2.1,3.6,3.6,38,2.1,2,3.66,3.44,4,3.7,37,1.77,1.7,2.24,2.12,20,-0.5,2.08,2.02,1.89,1.84
D1,20/10/13,Augsburg,Wolfsburg,1,2,A,1,2,A,11,13,8,6,21,18,3,2,2,3,0,0,2.38,3.4,2.88,2.45,3.3,2.85,2.4,3.3,2.75,2.37,3.4,2.87,2.42,3.44,3.16,2.5,3.3,2.75,2.38,3.3,2.88,2.45,3.4,3.1,38,2.5,2.4,3.45,3.31,3.16,2.92,37,1.99,1.88,2.02,1.91,20,-0.25,2.11,2.06,1.85,1.81
D1,20/10/13,Hamburg,Stuttgart,3,3,D,1,2,A,20,9,6,3,16,12,10,0,1,2,0,1,2.3,3.4,3,2.35,3.5,2.8,2.3,3.3,2.9,2.37,3.4,2.87,2.42,3.66,3,2.4,3.3,2.88,2.3,3.4,2.8,2.4,3.75,2.9,38,2.44,2.37,3.75,3.46,3,2.85,28,1.6,1.52,2.68,2.4,18,-0.25,2.09,2.03,1.88,1.82
D1,25/10/13,Stuttgart,Nurnberg,1,1,D,1,1,D,10,7,4,6,11,15,2,4,2,1,0,0,1.62,4,5,1.62,4,5,1.65,3.6,5.1,1.61,4,5,1.66,4.14,5.65,1.62,4.2,5,1.62,3.75,5,1.7,4,5.4,37,1.68,1.64,4.2,3.91,5.72,5.24,33,1.73,1.65,2.3,2.2,20,-1,2.23,2.14,1.79,1.74
D1,26/10/13,Bayern Munich,Hertha,3,2,H,1,1,D,13,10,5,5,10,13,4,5,3,4,0,0,1.1,9,21,1.1,10,16.5,1.12,8,16,1.11,9,19,1.11,12,29,1.1,9,26,1.1,8.5,19,1.1,11.5,34,36,1.12,1.1,12,9.65,35.22,22.81,23,1.33,1.28,3.75,3.36,19,-2.5,1.96,1.89,2.01,1.95
D1,26/10/13,Hannover,Hoffenheim,1,4,A,0,2,A,11,10,3,5,21,11,8,1,3,2,2,0,2.3,3.5,2.9,2.25,3.5,3,2.2,3.3,3.1,2.2,3.6,3,2.38,3.61,3.1,2.3,3.5,2.9,2.3,3.4,2.88,2.3,3.6,3,37,2.38,2.28,3.68,3.46,3.1,2.96,27,1.6,1.53,2.62,2.37,19,-0.25,2.06,2.01,1.9,1.85
D1,26/10/13,Leverkusen,Augsburg,2,1,H,1,1,D,24,11,7,1,7,9,13,7,1,3,0,0,1.5,4.33,6,1.48,4.4,6.25,1.45,4,7,1.44,4.5,6.5,1.53,4.55,6.75,1.53,4,6,1.5,4,6,1.533,4.5,6.5,37,1.55,1.5,4.56,4.23,7,6.2,29,1.67,1.6,2.38,2.24,21,-1,1.91,1.85,2.05,1.99
D1,26/10/13,Mainz,Braunschweig,2,0,H,1,0,H,9,6,3,1,25,17,0,8,2,3,0,0,1.57,4.1,5.25,1.57,4,5.75,1.55,4.1,5.3,1.53,4,6,1.62,4.2,6.1,1.6,3.6,6,1.57,3.8,5.5,1.615,4.2,5.75,37,1.62,1.57,4.24,3.99,6.5,5.67,36,1.76,1.69,2.25,2.13,21,-1,2.08,2.01,1.9,1.84
D1,26/10/13,Schalke 04,Dortmund,1,3,A,0,1,A,12,10,5,8,11,12,2,2,3,1,0,0,4.2,3.6,1.83,4,3.75,1.83,3.8,3.45,1.9,4,3.6,1.85,4.58,3.9,1.83,4.2,3.5,1.83,3.8,3.6,1.83,4.2,4,1.87,37,4.58,4.05,3.9,3.71,1.9,1.83,27,1.62,1.55,2.62,2.34,19,0.5,2.12,2.04,1.87,1.82
D1,26/10/13,Wolfsburg,Werder Bremen,3,0,H,1,0,H,19,8,12,2,12,17,5,4,1,2,0,0,1.62,3.75,5.5,1.65,3.75,5.25,1.75,3.5,4.5,1.66,3.75,5,1.68,3.94,5.87,1.7,3.6,5,1.62,3.6,5,1.7,4,5.25,37,1.75,1.66,4,3.75,5.87,5.11,33,1.73,1.64,2.3,2.19,20,-1,2.23,2.16,1.78,1.71
D1,27/10/13,Freiburg,Hamburg,0,3,A,0,1,A,9,17,2,7,14,12,4,4,2,1,0,0,2.6,3.4,2.6,2.6,3.4,2.6,2.5,3.3,2.65,2.5,3.5,2.62,2.71,3.54,2.71,2.7,3.1,2.7,2.6,3.3,2.6,2.625,3.5,2.7,35,2.71,2.59,3.54,3.34,2.71,2.62,34,1.75,1.69,2.28,2.12,17,0,1.98,1.9,1.98,1.92
D1,27/10/13,M'gladbach,Ein Frankfurt,4,1,H,2,1,H,13,11,4,4,8,13,1,3,2,4,0,0,2.05,3.5,3.4,2,3.5,3.6,1.9,3.45,3.8,1.95,3.5,3.75,2.09,3.69,3.7,2.1,3.3,3.5,2,3.5,3.4,2.1,3.6,3.6,35,2.15,2.05,3.69,3.47,3.8,3.48,33,1.7,1.65,2.3,2.18,17,-0.5,2.09,2.03,1.86,1.82
D1,01/11/13,Dortmund,Stuttgart,6,1,H,2,1,H,17,3,10,1,15,4,6,1,1,0,0,0,1.22,6,12,1.25,6.25,9.5,1.27,5.5,9,1.28,5.5,10,1.26,6.75,13.1,1.25,5.5,12,1.25,6.25,13,1.29,6.5,12,36,1.29,1.25,6.72,6.05,13.06,11.51,25,1.45,1.37,3.13,2.91,21,-2,2.27,2.16,1.8,1.73
D1,02/11/13,Braunschweig,Leverkusen,1,0,H,0,0,D,17,16,7,8,12,21,4,4,2,2,0,1,7,4.33,1.44,5.75,4.6,1.48,7,4,1.45,6.5,4.33,1.5,6.88,4.58,1.52,7,4,1.5,6.5,4,1.44,7,4.6,1.5,36,7.5,6.73,4.58,4.17,1.52,1.48,35,1.73,1.65,2.3,2.2,21,1,2.1,2.04,1.88,1.82
D1,02/11/13,Ein Frankfurt,Wolfsburg,1,2,A,1,1,D,10,10,5,3,15,16,8,1,3,2,0,0,2.3,3.4,3,2.35,3.3,3,2.35,3.4,2.8,2.3,3.5,2.9,2.46,3.47,3.07,2.4,3.2,3,2.3,3.2,3,2.3,3.6,3.2,36,2.47,2.37,3.5,3.3,3.2,2.97,35,1.82,1.74,2.15,2.06,19,-0.25,2.12,2.06,1.91,1.82
D1,02/11/13,Hamburg,M'gladbach,0,2,A,0,1,A,17,8,8,4,11,12,7,2,0,2,0,0,2.3,3.5,2.9,2.35,3.5,2.85,2.3,3.3,2.9,2.3,3.4,3,2.29,3.72,3.17,2.3,3.2,3.2,2.25,3.4,3,2.3,3.7,3,36,2.38,2.28,3.72,3.47,3.2,2.99,26,1.57,1.52,2.62,2.4,19,0,1.74,1.67,2.33,2.24
D1,02/11/13,Hertha,Schalke 04,0,2,A,0,1,A,18,11,9,5,21,18,6,4,3,1,0,0,2.3,3.4,3,2.3,3.5,2.9,2.3,3.4,2.85,2.3,3.5,2.87,2.33,3.59,3.2,2.3,3.2,3.2,2.3,3.2,3,2.38,3.6,3.1,36,2.4,2.3,3.59,3.36,3.2,3.03,35,1.77,1.69,2.22,2.13,19,0,1.74,1.68,2.35,2.22
D1,02/11/13,Hoffenheim,Bayern Munich,1,2,A,1,1,D,7,17,3,7,20,16,6,4,2,0,0,0,12,6,1.25,8.5,6,1.28,9,5,1.3,9,5,1.28,11.9,6.4,1.28,11,5,1.3,9.5,5.5,1.27,10.5,6.25,1.3,35,12,9.93,6.31,5.69,1.3,1.27,23,1.4,1.33,3.4,3.1,20,2,1.72,1.65,2.4,2.28
D1,02/11/13,Nurnberg,Freiburg,0,3,A,0,0,D,20,14,12,8,10,15,9,5,0,1,0,1,2,3.4,3.75,2,3.5,3.6,2,3.3,3.6,2.05,3.4,3.5,2.05,3.6,3.93,2.05,3.3,3.6,2,3.4,3.5,2.05,3.6,3.9,36,2.1,2.02,3.6,3.42,3.93,3.62,35,1.97,1.88,1.99,1.91,19,-0.25,1.79,1.75,2.21,2.14
D1,03/11/13,Augsburg,Mainz,2,1,H,1,0,H,19,11,7,4,13,21,6,3,3,3,0,1,2,3.5,3.6,2,3.4,3.7,2.1,3.3,3.3,2,3.5,3.6,2.03,3.56,4.06,2.05,3.3,3.6,2,3.4,3.6,2.05,3.5,3.9,36,2.1,2.01,3.56,3.38,4.06,3.68,35,1.99,1.9,1.97,1.89,19,-0.25,1.76,1.73,2.25,2.17
D1,03/11/13,Werder Bremen,Hannover,3,2,H,2,2,D,12,18,6,6,20,24,3,6,3,4,0,0,2.25,3.5,3,2.25,3.4,3.1,2,3.4,3.5,2.2,3.4,3.2,2.35,3.54,3.2,2.3,3.2,3.2,2.2,3.3,3.13,2.3,3.5,3.2,36,2.38,2.23,3.54,3.36,3.5,3.16,35,1.78,1.7,2.22,2.13,19,-0.25,2.05,1.98,1.93,1.89
D1,08/11/13,Hannover,Braunschweig,0,0,D,0,0,D,19,8,6,1,27,16,6,2,1,1,0,0,1.62,3.8,5.5,1.7,3.8,4.6,1.75,3.5,4.5,1.66,3.75,5,1.67,4.02,5.78,1.67,3.8,5,1.67,3.6,5,1.67,4,5.5,36,1.75,1.66,4.05,3.77,5.89,5.29,35,1.8,1.72,2.2,2.1,19,-1,2.29,2.12,1.82,1.76
D1,09/11/13,Bayern Munich,Augsburg,3,0,H,2,0,H,23,6,9,0,12,11,9,4,0,0,0,0,1.13,8,19,1.12,9.5,14.5,1.12,8,16,1.12,9,19,1.12,10.87,26.38,1.12,8.5,19,1.13,7.5,15,1.13,9.5,23,36,1.14,1.12,10.87,8.47,29.67,19.95,25,1.38,1.31,3.5,3.26,20,-2.5,2.2,2.11,1.79,1.76
D1,09/11/13,Hoffenheim,Hertha,2,3,A,0,1,A,9,11,7,5,22,20,3,3,2,2,0,0,2.2,3.4,3.2,2.05,3.5,3.4,2,3.4,3.5,2.15,3.4,3.25,2.25,3.6,3.36,2.2,3.5,3.1,2.1,3.4,3.2,2.25,3.6,3.25,36,2.26,2.17,3.6,3.42,3.5,3.24,33,1.73,1.67,2.3,2.15,18,-0.5,2.25,2.17,1.77,1.73
D1,09/11/13,Leverkusen,Hamburg,5,3,H,2,1,H,20,11,7,6,12,19,3,6,3,4,0,0,1.5,4.33,6,1.53,4.1,6,1.6,3.8,5.2,1.53,4,6,1.56,4.55,6.22,1.55,4.33,5.5,1.53,4,5.5,1.57,4.5,6,36,1.6,1.54,4.6,4.17,6.22,5.8,26,1.56,1.51,2.63,2.44,20,-1,1.92,1.88,2.04,1.98
D1,09/11/13,M'gladbach,Nurnberg,3,1,H,0,1,A,12,19,4,3,8,18,6,3,2,2,0,0,1.53,4.1,6,1.53,4.33,5.5,1.5,4,6.1,1.53,4,6,1.57,4.39,6.44,1.55,4,6,1.53,4,5.75,1.55,4.5,6.25,36,1.57,1.53,4.5,4.12,6.65,6.1,35,1.75,1.69,2.28,2.14,20,-1,1.98,1.9,2.01,1.95
D1,09/11/13,Schalke 04,Werder Bremen,3,1,H,0,1,A,17,9,6,3,16,19,6,2,2,4,0,0,1.57,4,5.5,1.6,4.33,4.75,1.65,3.6,5.1,1.57,4,5.5,1.62,4.37,5.82,1.62,4.2,5,1.57,3.8,5,1.65,4.33,5.5,36,1.67,1.6,4.37,3.99,5.82,5.32,26,1.67,1.57,2.5,2.32,20,-1,2.11,2.03,1.88,1.83
D1,09/11/13,Wolfsburg,Dortmund,2,1,H,0,1,A,10,12,4,2,13,19,5,2,2,4,0,0,4.5,3.8,1.73,5,3.8,1.65,4.5,3.7,1.7,4.5,3.75,1.72,5.21,3.89,1.75,4.33,4,1.73,4.33,3.75,1.73,4.6,4,1.75,36,5.21,4.58,4,3.78,1.76,1.73,26,1.62,1.56,2.5,2.35,18,0.5,2.25,2.16,1.77,1.73
D1,10/11/13,Freiburg,Stuttgart,1,3,A,0,2,A,19,10,5,7,7,13,7,2,2,1,0,0,3,3.4,2.3,2.75,3.5,2.4,2.65,3.3,2.5,2.87,3.3,2.4,3.06,3.57,2.42,2.8,3.5,2.4,2.88,3.25,2.3,3,3.5,2.4,35,3.12,2.96,3.55,3.34,2.5,2.35,34,1.78,1.71,2.2,2.11,19,0,2.27,2.16,1.77,1.71
D1,10/11/13,Mainz,Ein Frankfurt,1,0,H,0,0,D,20,14,9,4,20,17,6,6,4,1,0,0,2.5,3.3,2.88,2.45,3.3,2.8,2.4,3.3,2.75,2.5,3.3,2.8,2.52,3.52,2.95,2.45,3.4,2.8,2.4,3.2,2.8,2.6,3.5,2.8,35,2.6,2.49,3.52,3.3,2.95,2.81,34,1.9,1.82,2.1,1.97,17,0,1.89,1.82,2.12,2.02
D1,22/11/13,Stuttgart,M'gladbach,0,2,A,0,1,A,9,19,2,11,14,10,1,5,0,2,0,0,2.3,3.5,2.9,2.25,3.5,2.95,2.3,3.3,2.9,2.25,3.5,3,2.3,3.59,3.26,2.1,3.7,3.1,2.2,3.3,3,2.25,3.7,3.2,35,2.34,2.26,3.7,3.44,3.3,3.09,31,1.7,1.65,2.32,2.21,19,0,1.7,1.65,2.38,2.27
D1,23/11/13,Augsburg,Hoffenheim,2,0,H,2,0,H,16,8,5,3,14,24,5,4,2,3,0,0,2.1,3.5,3.3,2.2,3.5,3.1,2.2,3.3,3.1,2.15,3.3,3.4,2.2,3.58,3.49,2.2,3.3,3.3,2.1,3.3,3.3,2.15,3.6,3.4,36,2.2,2.14,3.63,3.4,3.5,3.31,35,1.75,1.69,2.28,2.15,19,-0.5,2.2,2.14,1.78,1.74
D1,23/11/13,Braunschweig,Freiburg,0,1,A,0,0,D,21,8,7,2,14,17,6,1,3,1,0,0,2.4,3.3,2.9,2.3,3.4,2.95,2.1,3.3,3.3,2.25,3.5,3,2.43,3.45,3.14,2.4,3.1,3.1,2.3,3.2,3,2.45,3.4,3.12,35,2.45,2.37,3.45,3.27,3.3,3,34,2.09,2,1.85,1.79,18,-0.25,2.09,2.06,1.88,1.82
D1,23/11/13,Dortmund,Bayern Munich,0,3,A,0,0,D,7,10,4,5,7,13,2,3,2,3,0,0,3.6,3.6,2,3.7,3.6,1.95,3.5,3.35,2.1,3.6,3.5,2,3.67,3.68,2.1,3.5,3.3,2.1,3.5,3.4,2,3.4,3.6,2.1,35,3.75,3.52,3.71,3.5,2.12,2.04,31,1.67,1.62,2.38,2.26,18,0.5,1.85,1.8,2.13,2.08
D1,23/11/13,Ein Frankfurt,Schalke 04,3,3,D,0,2,A,15,13,8,9,22,20,5,1,4,0,0,0,2.6,3.4,2.6,2.6,3.5,2.55,2.6,3.2,2.6,2.62,3.5,2.5,2.69,3.55,2.69,2.7,3.1,2.7,2.5,3.3,2.6,2.7,3.6,2.62,36,2.75,2.61,3.58,3.36,2.71,2.61,35,1.7,1.65,2.33,2.21,19,0.25,1.7,1.67,2.33,2.26
D1,23/11/13,Hertha,Leverkusen,0,1,A,0,1,A,12,4,2,2,15,14,9,1,1,1,0,0,3,3.25,2.38,2.9,3.5,2.3,2.9,3.3,2.3,3,3.5,2.25,3.02,3.49,2.48,3,3,2.5,2.88,3.25,2.38,3,3.5,2.45,36,3.06,2.92,3.54,3.34,2.5,2.37,35,1.85,1.78,2.1,2.01,19,0,2.25,2.15,1.77,1.72
D1,23/11/13,Nurnberg,Wolfsburg,1,1,D,0,1,A,11,23,6,6,19,17,3,5,1,1,0,0,3.2,3.4,2.2,3.4,3.3,2.15,3.3,3.3,2.1,3.25,3.3,2.2,3.64,3.35,2.23,3.3,3.3,2.2,3.3,3.3,2.1,3.5,3.4,2.2,35,3.57,3.3,3.48,3.33,2.26,2.17,34,1.97,1.86,2.04,1.92,18,0.5,1.76,1.72,2.26,2.18
D1,24/11/13,Hamburg,Hannover,3,1,H,1,1,D,19,11,9,4,19,24,7,3,3,2,0,1,2,3.6,3.5,2.05,3.5,3.4,2,3.3,3.6,2.05,3.5,3.4,2.12,3.68,3.61,2.1,3.3,3.5,2.05,3.4,3.4,2.1,3.75,3.5,36,2.15,2.04,3.7,3.48,3.7,3.51,26,1.67,1.57,2.4,2.28,19,-0.5,2.11,2.06,1.85,1.81
D1,24/11/13,Werder Bremen,Mainz,2,3,A,0,2,A,24,18,8,7,18,22,7,9,1,2,0,0,2.38,3.4,2.88,2.35,3.5,2.8,2.2,3.3,3.1,2.3,3.4,3,2.5,3.5,2.99,2.4,3.2,3,2.38,3.25,2.88,2.5,3.5,2.9,36,2.5,2.39,3.55,3.34,3.1,2.91,35,1.82,1.77,2.12,2.03,19,0,1.8,1.74,2.2,2.12
D1,29/11/13,Wolfsburg,Hamburg,1,1,D,1,1,D,20,17,4,8,16,12,2,3,4,1,0,0,1.8,3.6,4.33,1.83,3.75,4,1.85,3.5,3.9,1.83,3.6,4.33,1.85,3.94,4.4,1.83,3.5,4.33,1.8,3.6,4,1.85,3.9,4.3,37,1.87,1.8,3.95,3.74,4.5,4.24,34,1.67,1.61,2.42,2.28,21,-0.5,1.85,1.81,2.13,2.06
D1,30/11/13,Bayern Munich,Braunschweig,2,0,H,2,0,H,18,8,8,3,9,17,6,3,0,0,0,0,1.06,15,51,1.06,12.5,23,1.08,9.5,22,1.08,10,23,1.07,15.76,39.4,1.08,10,34,1.06,10,29,1.083,12,51,37,1.08,1.06,15.76,11.62,56,33.2,25,1.33,1.27,3.9,3.53,20,-3,2.2,2.13,1.8,1.75
D1,30/11/13,Hertha,Augsburg,0,0,D,0,0,D,9,2,2,0,16,22,6,3,1,1,0,0,2,3.5,3.6,2,3.5,3.6,2.1,3.3,3.3,2,3.4,3.75,2.01,3.52,4.19,2,3.3,3.8,2,3.3,3.6,2.05,3.5,3.9,37,2.1,2,3.53,3.38,4.19,3.74,36,2.03,1.94,1.92,1.85,19,-0.75,2.42,2.32,1.69,1.64
D1,30/11/13,Hoffenheim,Werder Bremen,4,4,D,2,2,D,18,13,8,6,28,20,3,9,2,5,0,0,1.8,3.75,4.2,1.8,3.8,4,1.9,3.45,3.8,1.83,3.75,4,1.82,4.03,4.51,1.83,3.4,4.5,1.8,3.6,4.33,1.833,4,4.333,37,1.9,1.8,4.03,3.71,4.53,4.24,27,1.62,1.56,2.5,2.34,20,-0.75,2.08,2,1.91,1.87
D1,30/11/13,Leverkusen,Nurnberg,3,0,H,1,0,H,17,16,7,5,18,14,4,5,1,3,0,0,1.44,4.5,6.5,1.42,4.75,6.75,1.4,4.4,7.3,1.4,4.5,7.5,1.45,4.87,7.95,1.44,4.33,7,1.4,4.8,6.25,1.45,4.8,7,37,1.47,1.42,5,4.69,8.5,6.87,27,1.63,1.57,2.41,2.3,20,-1,1.77,1.71,2.25,2.18
D1,30/11/13,Mainz,Dortmund,1,3,A,0,0,D,12,16,6,6,11,16,6,5,1,0,1,0,5,4.33,1.57,5,4.5,1.55,5.1,3.6,1.65,5.5,4,1.57,5.88,4.48,1.6,5.5,3.8,1.6,4.8,4.33,1.57,5.5,4.4,1.615,37,6,5.31,4.46,4.15,1.65,1.58,27,1.57,1.5,2.57,2.45,22,1,1.91,1.87,2.03,1.99
D1,30/11/13,Schalke 04,Stuttgart,3,0,H,1,0,H,12,9,5,1,15,17,5,2,2,0,0,0,1.67,3.8,5,1.75,4,4.1,1.8,3.5,4.2,1.75,3.75,4.5,1.77,4.14,4.71,1.8,3.5,4.5,1.73,3.6,4.33,1.8,4,4.5,37,1.8,1.74,4.11,3.77,5.25,4.49,27,1.6,1.55,2.5,2.34,20,-0.75,2.01,1.96,1.95,1.9
D1,01/12/13,Hannover,Ein Frankfurt,2,0,H,1,0,H,13,12,3,4,19,18,7,7,1,2,0,1,2.4,3.4,2.8,2.4,3.5,2.75,2.45,3.3,2.7,2.3,3.5,2.9,2.47,3.53,3.01,2.5,3.2,2.8,2.38,3.3,2.8,2.5,3.5,2.9,37,2.5,2.41,3.57,3.38,3.01,2.84,36,1.87,1.78,2.1,2.01,20,-0.25,2.15,2.1,1.82,1.78
D1,01/12/13,M'gladbach,Freiburg,1,0,H,0,0,D,12,9,4,4,8,14,6,4,1,2,0,0,1.4,4.33,8.5,1.42,4.75,6.75,1.45,4,7,1.44,4.33,7,1.43,4.84,8.66,1.44,4,8,1.44,4.33,7,1.45,4.8,8,37,1.47,1.43,4.84,4.4,8.66,7.34,34,1.73,1.66,2.3,2.17,22,-1.5,2.35,2.23,1.74,1.67
D1,06/12/13,Nurnberg,Mainz,1,1,D,1,0,H,16,12,5,4,6,11,14,3,1,2,0,1,2.6,3.2,2.75,2.55,3.25,2.75,2.5,3.3,2.65,2.6,3.25,2.7,2.54,3.49,2.95,2.6,3.4,2.62,2.5,3.2,2.8,2.55,3.4,2.9,38,2.63,2.5,3.48,3.32,3,2.83,37,1.95,1.9,2.01,1.89,23,-0.25,2.18,2.12,1.81,1.76
D1,07/12/13,Dortmund,Leverkusen,0,1,A,0,1,A,13,7,5,4,18,25,3,4,1,4,1,1,1.5,4.33,6,1.5,4.4,5.75,1.55,4,5.5,1.57,4,5.5,1.54,4.51,6.68,1.57,3.8,6,1.53,4,5.75,1.55,4.5,6.25,38,1.57,1.53,4.54,4.26,6.5,5.89,26,1.55,1.51,2.63,2.44,24,-1,1.93,1.84,2.09,2.01
D1,07/12/13,Ein Frankfurt,Hoffenheim,1,2,A,0,0,D,13,11,7,4,21,27,4,4,5,2,0,0,2.1,3.6,3.25,2.1,3.6,3.2,2.15,3.3,3.2,2.1,3.5,3.25,2.18,3.71,3.42,2.1,3.6,3.25,2.1,3.4,3.25,2.2,3.7,3.3,38,2.2,2.12,3.75,3.52,3.45,3.29,28,1.6,1.56,2.52,2.34,22,-0.5,2.19,2.12,1.79,1.75
D1,07/12/13,Hamburg,Augsburg,0,1,A,0,1,A,8,16,5,6,17,17,7,11,2,1,0,0,2.05,3.5,3.5,2,3.7,3.4,2,3.3,3.6,2.1,3.4,3.4,2.08,3.65,3.77,2.1,3.3,3.5,2.05,3.4,3.4,2.1,3.6,3.7,38,2.12,2.05,3.64,3.46,3.74,3.54,37,1.81,1.74,2.16,2.07,22,-0.25,1.82,1.76,2.19,2.11
D1,07/12/13,M'gladbach,Schalke 04,2,1,H,2,1,H,19,9,8,3,11,17,8,1,1,3,0,1,2.25,3.4,3.1,2.25,3.5,3,2.2,3.3,3.1,2.3,3.3,3.1,2.32,3.63,3.19,2.25,3.2,3.3,2.2,3.4,3.13,2.25,3.6,3.2,38,2.32,2.23,3.64,3.44,3.3,3.11,36,1.67,1.62,2.38,2.26,22,-0.25,2,1.94,1.97,1.92
D1,07/12/13,Stuttgart,Hannover,4,2,H,2,2,D,13,14,8,4,15,20,3,3,1,2,0,0,2,3.5,3.6,1.95,3.6,3.6,1.85,3.5,3.9,1.9,3.6,3.75,2.02,3.65,3.96,2.05,3.3,3.6,1.95,3.4,3.6,2.05,3.6,3.75,38,2.06,1.98,3.69,3.5,3.9,3.72,37,1.76,1.7,2.38,2.13,22,-0.5,2.03,1.98,1.92,1.88
D1,07/12/13,Werder Bremen,Bayern Munich,0,7,A,0,3,A,6,17,2,10,13,15,2,7,4,2,0,0,12,6,1.22,9.75,6,1.25,9,6,1.25,12,6,1.22,13.51,6.69,1.26,13,5.5,1.25,9.5,6,1.25,11,6.5,1.25,38,13.5,11.15,6.65,6.22,1.27,1.24,26,1.45,1.39,3,3.81,23,2,1.78,1.7,2.28,2.19
D1,08/12/13,Braunschweig,Hertha,0,2,A,0,1,A,13,16,2,6,18,22,8,2,2,4,1,0,3.5,3.3,2.1,3.3,3.4,2.15,3,3.3,2.25,3.4,3.4,2.1,3.92,3.43,2.11,3.25,3.4,2.15,3.5,3.3,2.05,4,3.4,2.1,38,4,3.58,3.5,3.32,2.25,2.09,37,2.19,2.06,1.8,1.74,20,0.5,1.86,1.81,2.11,2.07
D1,08/12/13,Freiburg,Wolfsburg,0,3,A,0,2,A,13,17,2,7,11,16,4,7,0,1,0,0,3.75,3.4,2,3.5,3.6,2,3.2,3.3,2.15,3.75,3.4,2,4.09,3.6,2.01,3.5,3.3,2.1,3.6,3.4,1.95,3.9,3.6,2.05,37,4.04,3.67,3.6,3.44,2.15,2.01,36,1.94,1.86,2,1.92,20,0.25,2.24,2.15,1.78,1.74
