Div,Date,HomeTeam,AwayTeam,FTHG,FTAG,FTR,HTHG,HTAG,HTR,B365H,B365D,B365A,BWH,BWD,BWA,GBH,GBD,GBA,IWH,IWD,IWA,LBH,LBD,LBA,SBH,SBD,SBA,WHH,WHD,WHA,SJH,SJD,SJA,VCH,VCD,VCA,Bb1X2,BbMxH,BbAvH,BbMxD,BbAvD,BbMxA,BbAvA,BbOU,BbMx>2.5,BbAv>2.5,BbMx<2.5,BbAv<2.5,BbAH,BbAHh,BbMxAHH,BbAvAHH,BbMxAHA,BbAvAHA
B1,28/07/06,Club Brugge,Gent,5,0,H,2,0,H,1.5,3.4,6,1.4,3.75,7,1.5,3.4,6.3,1.5,3.4,6.2,1.5,3.25,6.5,1.44,3.5,7.5,1.5,3.25,6.8,1.36,3.75,9,1.5,3.3,6.5,29,1.54,1.48,3.75,3.4,9,6.87,22,2.37,2.08,1.7,1.61,9,-1,2.12,2,1.84,1.81
B1,29/07/06,Charleroi,Lierse,0,0,D,0,0,D,1.5,3.5,6,1.5,3.45,6.5,1.48,3.75,6,1.5,3.8,5.5,1.5,3.6,5.5,1.5,3.6,6.5,1.5,3.5,5.8,1.4,3.75,7.5,1.45,3.4,7.5,35,1.5,1.47,3.9,3.66,7.8,6.43,20,1.94,1.78,2.1,1.93,10,-1,1.99,1.95,1.92,1.89
B1,29/07/06,FC Brussels,Bergen,1,0,H,0,0,D,1.5,3.4,6,1.45,3.5,6.75,1.5,3.4,6.25,1.5,3.4,6.2,1.5,3.25,6.5,1.5,3.3,7,1.5,3.25,6.8,1.4,3.6,8.5,1.45,3.4,7,23,1.5,1.46,3.62,3.46,8.62,6.82,18,2.37,2.06,1.7,1.62,9,-1,1.9,1.85,2.06,1.95
B1,29/07/06,Genk,Waregem,3,1,H,2,0,H,1.8,3,4.2,1.85,2.85,4.3,1.8,3,4.3,1.75,3.1,4.5,1.8,2.9,4.5,1.83,3,4.33,1.85,2.85,4.3,1.67,3,5.5,1.75,3.2,3.5,26,1.87,1.8,3.1,2.95,5.5,4.52,18,2.5,2.25,1.65,1.52,7,-0.5,1.87,1.84,2.05,1.96
B1,29/07/06,Germinal,Beveren,1,0,H,1,0,H,2.2,2.8,3.2,2.3,2.75,3.1,2.25,2.85,3.1,2.1,2.9,3.3,2.2,2.9,3.1,2.25,2.8,3.2,2.2,2.75,3.3,2,2.88,3.75,2.25,3,3,28,2.45,2.24,2.9,2.79,3.75,3.19,18,2.75,2.43,1.55,1.44,7,0,1.83,1.69,2.2,2.05
B1,29/07/06,Mouscron,Cercle Brugge,2,1,H,2,0,H,2.3,2.8,3,2.45,2.85,2.75,2.35,2.8,2.95,2.3,2.8,2.9,2.25,2.8,3.1,2.38,2.8,3,2.2,2.75,3.3,,,,2.35,3,2.8,28,2.5,2.35,2.88,2.76,3.2,3.03,22,2.62,2.42,1.55,1.45,8,0,1.76,1.72,2.21,2.13
B1,30/07/06,Lokeren,Standard,2,1,H,2,1,H,2.8,3.25,2.2,3,3.2,2.15,2.95,3.2,2.2,2.8,3.2,2.3,2.8,3.2,2.2,3.4,3.2,2.1,3.2,3.2,2,3.25,3.25,2,3.25,3.25,2,36,3.39,3.05,3.3,3.22,2.3,2.11,18,2.1,1.95,1.85,1.76,9,0.25,2.1,2.06,1.83,1.8
B1,30/07/06,St Truiden,Anderlecht,2,4,A,0,0,D,5,3.4,1.61,4.25,3.5,1.7,4.5,3.4,1.7,3.8,3.1,1.8,4.5,3.2,1.7,5.5,3.5,1.57,4.7,3.5,1.6,4.2,3.4,1.73,4.35,3.4,1.65,36,5.5,4.62,3.5,3.38,1.8,1.67,14,1.8,1.75,2.15,1.94,9,0.75,2.02,1.95,1.93,1.9
B1,30/07/06,Westerlo,Roeselare,2,1,H,0,0,D,1.8,3.25,4,1.8,3.3,4,1.8,3.3,4,1.8,3.2,4,1.7,3.3,4.2,1.83,3.25,4,1.75,3.3,4,1.73,3.4,4.2,1.75,3.3,4,38,1.83,1.75,3.5,3.31,5.05,4.18,16,1.81,1.76,2.05,1.91,10,-0.5,1.86,1.83,2.06,1.98
B1,04/08/06,Standard,Charleroi,1,2,A,1,1,D,1.44,3.75,6.5,1.45,3.75,6.5,1.45,3.75,6.5,1.4,3.9,6,,,,1.45,3.8,6.5,1.4,4,6.2,1.4,3.75,7.5,1.4,3.7,7,35,1.53,1.44,4,3.78,7.5,6.58,19,2,1.76,2.15,1.94,9,-1,2.11,2.01,1.83,1.81
B1,05/08/06,Anderlecht,Germinal,1,0,H,0,0,D,1.25,5,9,1.25,4.8,9.5,1.25,4.75,9.5,1.22,4.8,9.5,1.3,4.33,8,1.28,4.75,9,1.25,4.8,8.5,1.22,5,11,1.25,4.5,10,40,1.27,1.24,5.7,4.84,12.53,9.99,22,1.55,1.47,2.55,2.4,9,-1.5,1.97,1.92,2.01,1.93
B1,05/08/06,Bergen,St Truiden,2,0,H,0,0,D,2.2,3.2,2.87,2.15,3.2,3,2.2,3.2,2.9,2.2,3,2.9,2.25,3.2,2.75,2.25,3.2,2.88,2.15,3.3,2.8,2.2,3.25,2.88,2.25,3.1,2.8,36,2.3,2.22,3.32,3.21,3.06,2.87,18,1.97,1.88,1.95,1.85,11,-0.25,2,1.94,1.94,1.93
B1,05/08/06,Beveren,Westerlo,0,3,A,0,2,A,2.37,3.2,2.62,2.3,3.2,2.7,2.35,3.2,2.65,2.3,3,2.7,2.25,3.2,2.75,2.4,3.2,2.7,2.25,3.3,2.65,2.38,3.25,2.62,2.4,3.1,2.6,40,2.4,2.28,3.32,3.2,3.6,2.78,22,2.07,1.96,1.86,1.77,10,0,1.7,1.62,2.35,2.17
B1,05/08/06,Cercle Brugge,Lokeren,0,0,D,0,0,D,2.5,3,2.62,2.35,3.25,2.65,2.45,3.15,2.6,2.5,3,2.5,2.25,3.2,2.75,2.5,3,2.7,2.3,3.3,2.6,2.25,3.25,2.75,2.5,3.25,2.5,40,2.7,2.48,3.32,3.17,2.69,2.56,22,2.01,1.88,1.95,1.84,10,0,2.01,1.93,1.92,1.86
B1,05/08/06,Gent,Mouscron,1,3,A,1,1,D,1.61,3.4,5,1.6,3.5,5,1.6,3.5,5,1.6,3.4,4.6,1.66,3.25,4.5,1.62,3.5,5,1.5,3.6,5.5,1.44,3.75,6.5,1.55,3.4,5.5,40,1.63,1.58,3.75,3.48,6.5,5.24,21,1.93,1.74,2.15,1.95,10,-0.75,1.88,1.86,2.09,2.01
B1,05/08/06,Lierse,Genk,0,3,A,0,2,A,2.87,3.2,2.2,2.9,3.2,2.2,2.85,3.15,2.25,2.9,3,2.2,2.75,3.2,2.25,3,3.2,2.2,3,3.3,2.05,2.62,3.25,2.38,3,3.2,2.1,40,3.35,2.93,3.3,3.21,2.3,2.18,22,2.02,1.91,1.9,1.82,10,0.25,2.04,2.01,1.91,1.86
B1,05/08/06,Waregem,FC Brussels,0,1,A,0,0,D,1.83,3.25,3.75,1.85,3.3,3.75,1.87,3.25,3.65,1.9,3.2,3.4,1.7,3.5,4,1.9,3.25,3.75,1.85,3.4,3.5,1.73,3.4,4.2,1.85,3.3,3.75,37,1.91,1.86,3.4,3.28,4.2,3.74,21,2.02,1.87,2,1.85,11,-0.5,2,1.95,1.93,1.87
B1,06/08/06,Roeselare,Club Brugge,3,2,H,2,0,H,5,3.5,1.57,4.75,3.6,1.6,4.6,3.45,1.65,4.6,3.4,1.6,4.5,3.5,1.61,4.33,3.5,1.7,5,3.6,1.55,4.5,3.5,1.67,4.6,3.3,1.65,38,5.54,4.78,3.75,3.46,1.7,1.63,20,1.8,1.7,2.2,1.99,9,0.75,2.07,2.05,1.81,1.8
B1,19/08/06,Charleroi,Cercle Brugge,2,1,H,2,0,H,1.72,3.3,4.2,1.8,3.3,3.95,1.72,3.4,4.25,1.75,3.3,3.9,1.66,3.4,4.33,1.85,3.25,4,1.75,3.4,3.9,1.67,3.5,4.5,1.7,3.25,4.5,36,1.8,1.7,3.7,3.39,5.2,4.38,24,2,1.9,1.92,1.82,14,-0.5,1.72,1.69,2.29,2.17
B1,19/08/06,Club Brugge,Beveren,2,0,H,1,0,H,1.22,5,10,1.35,4,7.5,1.25,4.75,9.5,1.2,5,10,1.2,5,11,1.25,5,10,1.2,5.3,9.5,1.22,4.75,12,1.25,4.5,10,38,1.3,1.23,6,5.12,12,9.93,24,1.55,1.47,2.65,2.42,13,-1.75,1.85,1.83,2.12,2.05
B1,19/08/06,FC Brussels,St Truiden,2,2,D,1,1,D,1.8,3.4,3.75,1.7,3.4,4.3,1.77,3.3,4,1.7,3.3,4,1.8,3.25,3.75,1.8,3.4,4,1.8,3.4,3.6,1.91,3.4,3.4,1.75,3.4,4,35,1.91,1.77,3.5,3.35,4.5,4.06,24,2.16,1.97,1.85,1.76,14,-0.5,1.98,1.87,2.01,1.94
B1,19/08/06,Genk,Standard,1,1,D,1,1,D,2.1,3.25,3,2.05,3.2,3.2,2,3.2,3.3,2,3.2,3.1,2,3.2,3.2,2.1,3.2,3.2,2.05,3.3,3,2.2,3.25,2.88,2.1,3.2,3,38,2.2,2.06,3.38,3.22,3.55,3.18,25,2,1.87,1.93,1.85,14,0,1.55,1.51,2.35,2.27
B1,19/08/06,Germinal,Bergen,2,1,H,0,0,D,1.72,3.3,4.2,1.6,3.5,5,1.7,3.4,4.3,1.75,3.3,3.9,1.57,3.5,5,1.7,3.4,4.5,1.7,3.4,4.2,1.53,3.6,5.5,1.65,3.4,4.5,37,1.7,1.62,3.7,3.44,6.3,4.93,24,2.02,1.93,1.9,1.8,14,-0.75,1.79,1.76,2.16,2.14
B1,19/08/06,Mouscron,Roeselare,2,2,D,2,0,H,1.9,3.25,3.5,2,3.3,3.25,1.95,3.25,3.4,1.9,3.2,3.4,1.9,3.2,3.5,2,3.25,3.4,1.95,3.3,3.25,2,3.4,3.2,1.9,3.25,3.5,37,2,1.92,3.4,3.27,3.95,3.48,23,1.85,1.77,1.96,1.92,14,-0.5,1.98,1.96,1.9,1.83
B1,19/08/06,Waregem,Lierse,2,1,H,1,1,D,1.8,3.25,4,1.85,3.4,3.6,1.8,3.25,4,1.8,3.2,3.7,1.8,3.25,3.75,1.8,3.25,4.2,1.8,3.4,3.6,1.73,3.4,4.2,1.8,3.4,3.75,37,1.87,1.79,3.45,3.32,4.5,4.02,24,2.05,1.93,1.9,1.79,14,-0.5,1.86,1.82,2.09,1.99
B1,20/08/06,Lokeren,Gent,1,1,D,1,1,D,2.2,3.2,2.87,2.2,3.2,2.9,2.15,3.2,3,2.1,3.2,2.9,2.1,3.2,3,2.3,3.2,2.88,2.1,3.3,2.9,2.25,3.25,2.75,2.2,3.25,2.8,38,2.3,2.18,3.3,3.21,3.25,2.95,23,1.8,1.75,2.1,1.95,14,0,1.6,1.57,2.3,2.16
B1,20/08/06,Westerlo,Anderlecht,3,4,A,1,2,A,4,3.25,1.8,4,3.25,1.8,3.75,3.25,1.85,3.5,3.1,1.9,3.75,3.25,1.8,4,3.4,1.8,3.6,3.4,1.8,3.6,3.25,1.91,4,3.6,1.7,37,4.25,3.83,3.6,3.3,1.91,1.83,22,1.9,1.74,2.1,1.96,15,0.5,1.99,1.92,1.94,1.89
B1,26/08/06,Bergen,Westerlo,1,1,D,0,0,D,2.5,3.2,2.5,2.5,3.2,2.5,2.5,3.2,2.5,2.45,3.1,2.45,2.37,3.2,2.6,2.4,3.2,2.7,2.3,3.3,2.6,2.38,3.2,2.62,2.35,3.2,2.6,39,2.75,2.45,3.3,3.2,2.75,2.57,23,1.91,1.84,2,1.88,13,0,2.04,1.89,1.95,1.85
B1,26/08/06,Beveren,Mouscron,3,1,H,1,0,H,2.5,3.2,2.5,2.5,3.2,2.5,2.5,3.2,2.5,2.45,3.1,2.45,2.37,3.2,2.6,2.6,3.2,2.5,2.25,3.3,2.65,2.25,3.25,2.75,2.35,3.2,2.6,40,2.6,2.47,3.31,3.2,2.75,2.55,24,1.98,1.87,1.93,1.84,14,0,1.98,1.88,1.98,1.87
B1,26/08/06,Cercle Brugge,Genk,0,1,A,0,0,D,2.8,3.2,2.25,3.1,3.2,2.1,2.9,3.2,2.2,2.9,3,2.2,3,3.2,2.1,2.9,3.2,2.25,2.9,3.3,2.1,3.5,3.3,1.91,3,3.2,2.1,40,3.5,3.06,3.35,3.21,2.25,2.12,24,1.96,1.83,2,1.88,14,0,2.7,2.2,1.65,1.57
B1,26/08/06,Lierse,FC Brussels,0,1,A,0,0,D,2.5,3.2,2.5,2.5,3.2,2.5,2.5,3.2,2.5,2.4,3,2.6,2.2,3.25,2.75,2.5,3.2,2.6,2.35,3.3,2.55,2.1,3.25,3,2.35,3.2,2.6,38,2.63,2.4,3.25,3.17,3,2.67,24,2.1,1.98,1.85,1.74,13,0,1.8,1.75,2.14,1.93
B1,26/08/06,St Truiden,Germinal,2,0,H,0,0,D,2.37,3.2,2.62,2.4,3.2,2.6,2.5,3.2,2.5,2.45,3.1,2.45,2.2,3.25,2.75,2.5,3.2,2.6,2.4,3.3,2.5,2.5,3.2,2.5,2.35,3.2,2.6,38,2.5,2.39,3.3,3.2,2.95,2.64,22,1.91,1.81,2,1.9,13,0,1.8,1.71,2.15,1.97
B1,26/08/06,Standard,Waregem,1,1,D,0,0,D,1.61,3.4,5,1.6,3.5,5,1.55,3.5,5.5,1.55,3.5,4.8,1.61,3.5,4.5,1.57,3.5,5.5,1.55,3.8,4.7,1.5,3.6,6,1.55,3.5,5,37,1.62,1.56,3.8,3.57,6,5.29,23,1.74,1.69,2.1,2.01,15,-0.75,1.87,1.83,2.06,2.04
B1,27/08/06,Anderlecht,Club Brugge,1,0,H,0,0,D,1.9,3.2,3.4,1.9,3.2,3.65,1.9,3.2,3.6,2,3.1,3.2,1.9,3.2,3.5,1.91,3.25,3.75,1.85,3.4,3.5,1.91,3.3,3.5,1.9,3.2,3.5,37,2,1.9,3.35,3.24,4.05,3.59,19,1.87,1.73,2.1,1.96,13,0,1.55,1.42,3,2.57
B1,27/08/06,Gent,Charleroi,2,1,H,0,1,A,1.83,3.25,3.75,1.85,3.4,3.6,1.85,3.3,3.7,2,3.1,3.2,1.8,3.25,3.75,1.91,3.25,3.75,1.85,3.4,3.5,1.83,3.3,3.75,1.85,3.3,3.6,36,2,1.86,3.4,3.28,4.05,3.69,17,1.8,1.75,2,1.92,12,0,1.55,1.41,3.15,2.62
B1,27/08/06,Roeselare,Lokeren,2,2,D,1,1,D,2.3,3.2,2.7,2.3,3.2,2.7,2.25,3.2,2.8,2.3,3.1,2.6,2.1,3.2,3,2.25,3.2,2.88,2.2,3.3,2.75,2.1,3.25,3,2.25,3.25,2.7,38,2.35,2.24,3.3,3.22,3.1,2.82,20,1.95,1.82,2.02,1.88,12,0,1.73,1.63,2.25,2.1
B1,09/09/06,Charleroi,Roeselare,2,1,H,1,0,H,1.8,3.25,4,1.8,3.25,4,1.75,3.4,4,1.8,3.1,3.8,1.8,3.25,3.75,1.8,3.4,4,1.8,3.4,3.6,1.67,3.25,5,1.75,3.4,4,37,1.83,1.77,3.45,3.32,5,4.11,23,1.87,1.8,2.07,1.91,10,-0.5,1.86,1.81,2.07,2.01
B1,09/09/06,Club Brugge,Bergen,0,0,D,0,0,D,1.16,5.5,13,1.25,5,9,1.23,5,9.75,1.22,4.8,9.5,1.2,5,11,1.25,5,10,1.25,5,8,1.17,5.5,15,1.2,5,12,36,1.26,1.21,6,5.2,15,10.96,22,1.57,1.5,2.65,2.35,9,-1.5,1.65,1.62,2.44,2.33
B1,09/09/06,FC Brussels,Germinal,1,2,A,0,0,D,1.9,3.25,3.5,1.8,3.25,4,1.9,3.3,3.5,1.9,3.2,3.4,2,3.2,3.2,2,3.25,3.4,1.95,3.4,3.15,2,3.25,3.25,1.9,3.2,3.5,37,2,1.91,3.35,3.26,3.8,3.56,23,2.07,1.94,1.95,1.78,11,-0.5,2.07,2,1.86,1.82
B1,09/09/06,Lierse,Standard,1,3,A,0,2,A,4.2,3.4,1.72,4.3,3.4,1.7,3.9,3.3,1.8,3.8,3.1,1.8,3.5,3.4,1.83,4,3.3,1.8,3.6,3.4,1.8,5,3.25,1.67,4.5,3.2,1.7,34,5,4.07,3.4,3.3,1.85,1.77,23,2.08,1.96,1.85,1.76,10,0.5,2.05,1.97,1.92,1.85
B1,09/09/06,Mouscron,Anderlecht,1,1,D,0,0,D,4.2,3.4,1.72,4.65,3.25,1.7,4.3,3.4,1.7,4,3.2,1.75,4.33,3.4,1.66,4.2,3.5,1.73,4.5,3.6,1.6,5,3.4,1.62,4.6,3.5,1.6,37,5,4.39,3.5,3.39,1.76,1.7,22,1.8,1.65,2.2,2.06,10,0.5,2.21,2.11,1.76,1.73
B1,09/09/06,Waregem,Cercle Brugge,1,2,A,0,1,A,1.72,3.25,4.33,1.8,3.25,4,1.75,3.4,4,1.7,3.2,4.2,1.72,3.4,4,1.75,3.4,4.2,1.65,3.5,4.3,1.67,3.25,5,1.65,3.4,4.5,33,1.8,1.72,3.45,3.34,5,4.34,20,1.77,1.71,2.15,1.98,10,-0.5,1.75,1.73,2.24,2.11
B1,09/09/06,Westerlo,St Truiden,1,0,H,0,0,D,1.66,3.4,4.5,1.7,3.4,4.3,1.7,3.4,4.3,1.7,3.2,4.2,1.72,3.2,4.33,1.73,3.4,4.33,1.7,3.5,4,1.62,3.5,5,1.7,3.4,4.35,35,1.75,1.71,3.55,3.38,5,4.39,20,1.85,1.74,2.15,1.95,10,-0.5,1.78,1.75,2.19,2.08
B1,10/09/06,Genk,Gent,3,1,H,1,1,D,1.66,3.4,4.5,1.7,3.4,4.3,1.7,3.4,4.3,1.7,3.2,4.2,1.66,3.25,4.5,1.73,3.4,4.33,1.6,3.6,4.5,1.8,3.25,4,1.65,3.4,4.35,33,1.8,1.7,3.47,3.37,4.65,4.37,21,1.9,1.82,2.02,1.89,10,-0.75,2.08,2.04,1.86,1.83
B1,10/09/06,Lokeren,Beveren,2,0,H,2,0,H,1.61,3.4,5,1.65,3.4,4.75,1.6,3.5,5,1.6,3.4,4.6,1.66,3.25,4.5,1.62,3.5,5,1.6,3.6,4.5,1.53,3.5,6,1.55,3.5,5,33,1.65,1.6,3.6,3.47,6,5.03,21,1.89,1.78,2.02,1.93,10,-0.75,1.9,1.88,2.03,1.99
B1,16/09/06,Anderlecht,Lokeren,2,0,H,1,0,H,1.33,4.33,7.5,1.35,4.2,7.5,1.3,4.5,8,1.35,4,7,1.3,4.33,8,1.33,4.5,8,1.28,4.5,8,1.33,4,9,1.28,5,7,34,1.35,1.31,5,4.48,10.35,8.15,18,1.73,1.62,2.25,2.09,10,-1.25,1.77,1.74,2.2,2.16
B1,16/09/06,Bergen,Mouscron,1,0,H,1,0,H,2.25,3.2,2.8,2.3,3.2,2.75,2.2,3.2,2.9,2.2,3.1,2.8,2.2,3.2,2.8,2.25,3.2,2.9,2.05,3.4,2.9,2.3,3.2,2.75,2.2,3.25,2.75,33,2.4,2.25,3.35,3.21,3.2,2.83,16,2,1.89,1.91,1.82,11,0,1.72,1.63,2.15,2.06
B1,16/09/06,Beveren,Charleroi,2,2,D,0,1,A,2.5,3.2,2.5,2.5,3.2,2.5,2.65,3.1,2.4,2.6,3.1,2.3,2.5,3.1,2.5,2.65,3.25,2.4,2.4,3.3,2.5,2.88,3,2.38,2.5,3.2,2.4,35,2.88,2.62,3.3,3.19,2.6,2.42,17,1.95,1.83,1.96,1.88,10,0,2.1,2,1.85,1.77
B1,16/09/06,Cercle Brugge,Lierse,2,1,H,1,1,D,1.8,3.25,4,1.7,3.4,4.3,1.8,3.4,3.8,1.8,3.2,3.7,1.83,3.25,3.6,1.8,3.4,4,1.7,3.5,4,1.73,3.25,4.5,1.75,3.4,4,34,1.9,1.8,3.4,3.31,4.5,3.96,17,2.05,1.89,1.92,1.82,10,-0.5,1.94,1.86,2,1.96
B1,16/09/06,Germinal,Westerlo,0,0,D,0,0,D,2.1,3.2,3.1,2.15,3.2,3,2.05,3.2,3.2,2.1,3.1,3,2,3.2,3.2,2.2,3.2,3,2.05,3.4,2.9,2.1,3.25,3,2.1,3.2,3,34,2.2,2.1,3.31,3.22,3.45,3.1,17,2,1.88,1.91,1.83,11,0,1.6,1.52,2.5,2.29
B1,17/09/06,Gent,Waregem,1,1,D,0,1,A,1.8,3.25,4,1.9,3.2,3.65,1.8,3.4,3.8,1.75,3.2,4,1.8,3.25,3.75,1.8,3.4,4,1.7,3.5,4,1.73,3.25,4.5,1.8,3.25,3.75,36,1.85,1.76,3.4,3.31,4.6,4.13,23,1.76,1.69,2.1,2,9,-0.5,1.88,1.85,2.05,1.97
B1,17/09/06,Roeselare,Genk,3,3,D,0,1,A,3.1,3.2,2.1,3.45,3.25,1.95,3.2,3.2,2.05,3.4,3.2,1.9,3.2,3.2,2,3.4,3.25,2,2.9,3.3,2.1,3,3.25,2.1,3.25,3.25,2,37,3.4,3.16,3.3,3.22,2.2,2.06,23,1.73,1.65,2.25,2.04,11,0.25,2.02,1.95,1.96,1.91
B1,17/09/06,St Truiden,Club Brugge,2,3,A,1,1,D,4,3.25,1.8,4,3.25,1.8,3.6,3.4,1.85,3.5,3.2,1.85,3.6,3.4,1.8,4.2,3.25,1.8,3.8,3.5,1.75,4.5,3.25,1.73,4,3.4,1.75,34,4.5,3.91,3.45,3.28,1.9,1.82,20,1.83,1.68,2.13,1.98,10,0.5,2.03,1.95,1.92,1.88
B1,17/09/06,Standard,FC Brussels,2,1,H,1,1,D,1.61,3.4,5,1.6,3.5,5,1.5,3.65,5.65,1.5,3.7,5,1.61,3.5,4.5,1.57,3.6,5.25,1.55,3.75,4.8,1.53,3.4,6,1.6,3.25,5,36,1.61,1.53,3.8,3.58,6.7,5.56,22,1.91,1.76,2.01,1.91,11,-1,1.91,1.87,2.02,1.96
B1,22/09/06,Charleroi,Anderlecht,1,1,D,0,0,D,4,3.5,1.72,3.65,3.35,1.85,3.7,3.3,1.85,3.5,3.1,1.9,3.75,3.25,1.8,4,3.6,1.75,3.6,3.4,1.8,4.5,3.25,1.73,3.6,3.4,1.8,37,4.65,3.92,3.53,3.32,1.92,1.8,26,1.9,1.79,2.04,1.94,13,0.5,2.05,2.04,1.88,1.83
B1,23/09/06,Club Brugge,Germinal,1,0,H,0,0,D,1.33,4.33,7.5,1.35,4.25,7.25,1.3,4.5,8,1.35,4,7,1.36,4,7,1.33,4.33,8.5,1.35,4.3,6.5,1.33,4,9,1.35,4,7,36,1.4,1.33,4.5,4.27,9.44,7.73,23,1.67,1.6,2.22,2.13,11,-1.5,2.13,2.01,1.81,1.76
B1,23/09/06,FC Brussels,Westerlo,0,1,A,0,0,D,2.2,3.25,2.8,2.15,3.2,3,2.2,3.2,2.9,2.3,3.1,2.6,2.1,3.4,2.87,2.15,3.2,3.1,2.15,3.3,2.8,2.25,3,3,2.2,3.25,2.75,35,2.3,2.2,3.3,3.21,3.2,2.9,24,2.05,1.93,1.9,1.79,12,0,1.7,1.59,2.25,2.14
B1,23/09/06,Genk,Beveren,1,0,H,0,0,D,1.33,4,8,1.35,4.25,7.25,1.35,4,8,1.4,3.9,6,1.36,4,7,1.36,4,8.5,1.35,4.3,6.5,1.29,4.5,9,1.3,4.2,8.5,36,1.4,1.32,4.85,4.29,11.7,8.4,23,1.63,1.58,2.3,2.17,11,-1.5,1.94,1.89,1.98,1.87
B1,23/09/06,Lierse,Gent,1,4,A,0,1,A,2.62,3.2,2.37,2.75,3.2,2.3,2.6,3.2,2.35,2.7,3,2.3,2.75,3.2,2.25,2.7,3.2,2.38,2.75,3.3,2.2,3,3.25,2.1,2.7,3.25,2.25,36,3.1,2.75,3.31,3.21,2.6,2.3,24,2.04,1.91,1.9,1.81,11,0,2.2,2.04,1.7,1.65
B1,23/09/06,Lokeren,Bergen,0,2,A,0,0,D,1.66,3.4,4.5,1.8,3.25,4,1.7,3.4,4.3,1.75,3.2,4,1.72,3.4,4,1.73,3.4,4.33,1.65,3.5,4.3,1.67,3.25,5,1.65,3.25,4.8,36,1.83,1.71,3.55,3.34,5.1,4.44,24,2.1,1.97,1.85,1.76,11,-0.75,2.05,1.98,1.98,1.89
B1,23/09/06,Mouscron,St Truiden,1,0,H,0,0,D,1.83,3.25,3.75,1.8,3.25,4,1.8,3.3,3.9,1.85,3.2,3.5,1.72,3.5,3.75,1.83,3.25,4,1.85,3.4,3.5,1.8,3.4,4,1.8,3.25,3.75,34,1.85,1.81,3.4,3.29,4.33,3.92,23,1.85,1.76,2.08,1.96,11,-0.5,1.88,1.84,2.07,1.97
B1,23/09/06,Standard,Cercle Brugge,1,0,H,1,0,H,1.4,3.75,7,1.4,3.9,7,1.4,4,6.5,1.45,3.8,5.4,1.4,3.75,7,1.4,4,7.25,1.4,4,6.3,1.36,4,7.5,1.4,3.75,7,34,1.45,1.41,4.25,3.94,8.46,6.82,21,1.65,1.6,2.2,2.13,12,-1.25,1.83,1.81,2.1,2.06
B1,24/09/06,Waregem,Roeselare,4,2,H,1,1,D,1.9,3.25,3.5,1.9,3.2,3.65,1.9,3.3,3.5,2,3.2,3.1,1.9,3.2,3.5,1.91,3.25,3.75,1.8,3.4,3.6,1.83,3.5,3.75,1.9,3.25,3.4,33,2,1.89,3.4,3.27,3.85,3.59,21,1.7,1.68,2.15,2,11,0,1.55,1.42,2.75,2.55
B1,30/09/06,Anderlecht,Genk,1,4,A,0,2,A,1.65,3.4,4.75,1.65,3.4,4.75,1.6,3.4,5,1.65,3.3,4.4,1.67,3.25,4.5,1.57,3.5,5.5,1.65,3.5,4.3,1.53,3.6,5.5,1.65,3.5,4.2,35,1.67,1.62,3.6,3.45,5.5,4.88,23,1.73,1.69,2.1,1.98,11,-0.75,1.9,1.86,2.05,2.02
B1,30/09/06,Bergen,Charleroi,1,2,A,1,0,H,2.3,3.2,2.7,2.3,3.2,2.75,2.3,3.2,2.7,2.3,3,2.7,2.25,3.2,2.75,2.38,3.2,2.7,2.2,3.3,2.75,2.38,3.2,2.62,2.3,3.25,2.65,35,2.45,2.33,3.3,3.19,2.85,2.72,23,2.11,1.97,1.83,1.74,11,0,1.82,1.73,2.12,2.03
B1,30/09/06,Cercle Brugge,FC Brussels,1,0,H,1,0,H,2.25,3.25,2.8,2.15,3.2,3,2.25,3.2,2.8,2.2,3.1,2.8,2,3.2,3.2,2.3,3.2,2.8,2.2,3.3,2.75,2.5,3.25,2.5,2.2,3.3,2.75,35,2.38,2.25,3.3,3.21,3,2.82,23,2.08,1.91,1.91,1.8,11,0,1.65,1.6,2.25,2.08
B1,30/09/06,Germinal,Mouscron,6,2,H,2,1,H,1.85,3.25,3.75,2,3.3,3.25,1.9,3.2,3.6,1.9,3.1,3.5,1.91,3.2,3.5,2,3.25,3.4,1.85,3.4,3.5,1.8,3.4,3.8,1.85,3.4,3.6,35,1.95,1.9,3.4,3.26,4.05,3.62,23,2.11,1.95,1.83,1.76,12,-0.5,1.96,1.93,1.99,1.89
B1,30/09/06,Roeselare,Lierse,2,0,H,1,0,H,1.7,3.4,4.33,1.7,3.4,4.3,1.7,3.4,4.35,1.65,3.3,4.4,1.73,3.4,4,1.7,3.4,4.5,1.65,3.5,4.3,1.53,3.6,5.5,1.65,3.4,4.35,35,1.73,1.68,3.5,3.39,4.9,4.5,23,1.72,1.6,2.3,2.12,12,-0.75,2.03,1.98,1.9,1.89
B1,30/09/06,St Truiden,Lokeren,1,0,H,1,0,H,2.3,3.2,2.7,2.4,3.2,2.6,2.3,3.2,2.7,2.4,3.1,2.5,2.25,3.2,2.75,2.4,3.25,2.65,2.3,3.3,2.6,2.38,3.2,2.62,2.25,3.25,2.75,32,2.5,2.37,3.34,3.19,2.8,2.67,21,2.03,1.88,1.9,1.82,12,0,1.82,1.77,2.14,2
B1,01/10/06,Beveren,Waregem,1,0,H,1,0,H,2.37,3.2,2.62,2.35,3.25,2.65,2.35,3.2,2.65,2.3,3,2.7,2.25,3.4,2.6,2.4,3.25,2.65,2.4,3.3,2.5,2.62,3.2,2.38,2.35,3.2,2.6,33,2.5,2.39,3.32,3.19,2.8,2.64,21,1.75,1.72,2.1,1.96,9,0,1.89,1.82,2.04,1.97
B1,01/10/06,Gent,Standard,2,1,H,1,0,H,2.6,3.2,2.45,2.55,3.2,2.45,2.5,3.2,2.5,2.45,3.1,2.45,2.6,3.2,2.38,2.75,3.2,2.35,2.45,3.3,2.45,2.38,3.2,2.62,2.6,3.1,2.4,34,2.7,2.57,3.32,3.17,2.5,2.47,22,1.85,1.73,2.15,1.95,10,0,2.02,1.93,1.91,1.83
B1,01/10/06,Westerlo,Club Brugge,1,2,A,0,1,A,3.4,3.25,1.95,2.9,3.2,2.2,3,3.25,2.1,3.2,3.1,2,2.8,3.2,2.2,3.3,3.2,2.05,3.1,3.3,2,2.75,3.2,2.3,3,3.2,2.1,34,3.5,3.16,3.3,3.22,2.2,2.07,22,1.75,1.73,2,1.93,11,0.25,2.11,2.05,1.86,1.82
B1,14/10/06,Cercle Brugge,Gent,0,1,A,0,0,D,2.6,3.2,2.3,2.4,3.2,2.6,2.5,3.2,2.5,2.5,3,2.5,2.4,3.25,2.5,2.6,3.2,2.5,2.5,3.3,2.4,2.88,3.25,2.2,2.4,3.4,2.4,38,2.88,2.56,3.4,3.21,2.6,2.46,25,2.06,1.9,1.91,1.82,13,0,2.15,1.97,1.87,1.8
B1,14/10/06,Charleroi,St Truiden,2,1,H,1,0,H,1.75,3.25,4,1.85,3.4,3.65,1.8,3.3,4,1.8,3.1,3.8,1.72,3.4,4,1.8,3.25,4.2,1.7,3.4,4.1,1.67,3.4,4.5,1.75,3.4,4,36,1.91,1.76,3.41,3.3,4.75,4.14,25,2.11,1.97,1.83,1.74,13,-0.5,1.85,1.81,2.15,2.03
B1,14/10/06,Lierse,Beveren,0,1,A,0,1,A,2.25,3.2,2.8,2.3,3.2,2.75,2.3,3.2,2.7,2.3,3,2.7,2.37,3.2,2.6,2.38,3.2,2.75,2.25,3.3,2.65,2.38,3.1,2.75,2.25,3.4,2.6,38,2.38,2.31,3.4,3.22,2.85,2.73,25,2.17,1.99,1.83,1.73,13,0,1.76,1.7,2.22,2.11
B1,14/10/06,Lokeren,Germinal,0,0,D,0,0,D,2.3,3.2,2.87,2.15,3.2,3,2.2,3.2,2.9,2.1,3,3.1,2.1,3.2,3,2.2,3.2,3,2.15,3.3,2.8,2.1,3.2,3.2,2.1,3.25,2.9,37,2.35,2.2,3.35,3.18,3.1,2.93,24,2.11,1.95,1.83,1.77,12,0,1.65,1.61,2.2,2.12
B1,14/10/06,Mouscron,Westerlo,4,0,H,1,0,H,2.15,3.2,2.9,2.3,3.2,2.75,2.3,3.1,2.8,2.2,3,2.9,2.2,3.25,2.75,2.3,3.2,2.8,2.3,3.3,2.6,2.5,2.88,2.75,2.25,3.5,2.65,38,2.5,2.28,3.5,3.2,2.97,2.79,25,2.1,1.93,1.86,1.79,13,-0.25,2.1,2.01,1.89,1.87
B1,14/10/06,Standard,Roeselare,2,1,H,0,1,A,1.4,3.75,7,1.45,3.75,6.35,1.4,4,7,1.45,3.8,5.4,1.4,3.75,7,1.4,4,7.25,1.4,4,6.3,1.29,4.33,10,1.45,3.6,6.5,37,1.45,1.39,4.33,3.97,10,7.19,24,1.67,1.56,2.4,2.23,14,-1.25,2.03,1.99,1.95,1.89
B1,14/10/06,Waregem,Anderlecht,0,4,A,0,2,A,4.2,3.25,1.72,4,3.25,1.8,4,3.25,1.8,3.6,3.1,1.85,3.75,3.25,1.8,4.2,3.25,1.8,3.5,3.4,1.85,4.5,3.25,1.73,4,3.4,1.75,35,4.5,4,3.4,3.28,1.85,1.8,23,1.75,1.64,2.2,2.07,13,0.5,2.1,2.02,1.84,1.82
B1,15/10/06,FC Brussels,Club Brugge,1,1,D,1,0,H,4.33,3.25,1.7,3.75,3.45,1.8,4.1,3.3,1.75,3.8,3.1,1.8,4,3.4,1.72,4.2,3.25,1.8,3.5,3.4,1.85,4.5,3.25,1.73,,,,37,4.5,4.09,3.45,3.29,1.85,1.77,23,2.05,1.83,1.96,1.89,10,0.5,2.14,2.06,1.81,1.78
B1,15/10/06,Genk,Bergen,5,1,H,3,1,H,1.3,3.75,11,1.4,3.85,7.25,1.4,4,7,1.4,3.9,6,1.4,3.75,7,1.4,4,7.25,1.4,4,6.3,1.29,4.33,10,,,,37,1.42,1.38,4.5,3.98,11,7.62,24,1.83,1.7,2.1,1.96,11,-1.25,1.89,1.85,2.1,2.04
B1,27/10/06,Club Brugge,Mouscron,5,1,H,2,0,H,1.3,4.33,8,1.3,4.5,8.25,1.3,4.5,8,1.3,4.2,8,1.28,4.5,8,1.3,4.6,8.5,1.25,4.8,8.5,1.29,4.5,9,1.3,4.35,8,39,1.33,1.3,5.22,4.47,12.15,8.54,25,1.73,1.65,2.17,2.08,14,-1.5,2.02,1.92,1.96,1.87
B1,28/10/06,Anderlecht,Lierse,2,0,H,1,0,H,1.12,6.5,13,1.12,6.5,15,1.15,6.5,11,1.15,6,12,1.12,6.5,12,1.14,6.5,14,1.1,6.5,15,1.14,6,15,1.12,6.5,12,38,1.15,1.13,7.92,6.48,24.3,13.63,26,1.55,1.48,2.7,2.38,12,-1.75,1.75,1.72,2.29,2.19
B1,28/10/06,Bergen,Waregem,0,0,D,0,0,D,2.3,3.25,2.62,2.1,3.2,3.1,2.1,3.3,3,2,3.1,3.2,2,3.2,3.2,2.15,3.3,3,2.15,3.3,2.8,2.38,3,2.88,2.2,3.2,2.8,37,2.35,2.16,3.31,3.22,3.2,2.95,25,2.07,1.93,1.88,1.8,15,-0.25,2.13,2.08,1.86,1.79
B1,28/10/06,Beveren,Standard,0,3,A,0,1,A,4.5,3.3,1.66,4.8,3.2,1.7,4.5,3.3,1.7,4,3.2,1.75,3.75,3.25,1.8,4,3.4,1.73,3.6,3.4,1.8,4.5,3.25,1.67,4.35,3.3,1.7,38,4.76,4.21,3.45,3.32,1.85,1.73,26,2.03,1.88,1.95,1.84,14,0.5,2.18,2.11,1.78,1.74
B1,28/10/06,Gent,FC Brussels,3,3,D,2,1,H,1.53,3.5,5.75,1.7,3.3,4.5,1.66,3.4,4.6,1.65,3.3,4.4,1.66,3.25,4.5,1.65,3.5,4.75,1.6,3.5,4.7,1.62,3.5,5,1.6,3.5,4.5,38,1.71,1.64,3.55,3.41,5.75,4.8,26,2.11,1.94,1.9,1.78,14,-0.75,1.86,1.79,2.15,2.09
B1,28/10/06,Germinal,Charleroi,1,1,D,0,0,D,2.2,3.25,2.75,2.2,3.2,2.9,2.2,3.3,2.8,2.3,3,2.7,2.2,3.2,2.8,2.2,3.3,2.9,2.1,3.3,2.9,2.1,3.2,3.2,2.1,3.25,2.9,37,2.3,2.21,3.31,3.22,3.05,2.86,25,2.09,1.93,1.84,1.79,14,-0.25,2.02,1.98,1.95,1.89
B1,28/10/06,Roeselare,Cercle Brugge,1,0,H,0,0,D,1.9,3.25,3.5,2,3.2,3.35,2,3.3,3.2,2,3.1,3.2,2,3.2,3.2,2.05,3.25,3.25,2,3.3,3.1,1.91,3.25,3.5,2,3.25,3.25,38,2.01,1.95,3.35,3.24,3.95,3.43,26,1.98,1.86,1.99,1.86,15,-0.25,1.78,1.75,2.19,2.14
B1,28/10/06,Westerlo,Lokeren,4,1,H,2,1,H,1.8,3.3,3.8,1.9,3.25,3.6,1.85,3.3,3.75,1.9,3.1,3.5,1.75,3.3,4,1.95,3.25,3.6,1.9,3.35,3.35,1.91,3.25,3.5,1.85,3.4,3.4,38,1.95,1.87,3.4,3.27,4.3,3.7,26,2.13,1.97,1.81,1.76,15,-0.5,1.9,1.87,2.05,1.97
B1,29/10/06,St Truiden,Genk,1,2,A,1,2,A,4.5,3.25,1.7,4.5,3.3,1.7,3.8,3.4,1.8,4,3.2,1.75,3.75,3.25,1.8,4.1,3.3,1.8,4.1,3.4,1.7,5,3.4,1.67,3.75,3.2,1.85,36,4.5,4.23,3.4,3.29,1.85,1.75,25,1.9,1.78,2.05,1.94,14,0.5,2.13,2.05,1.83,1.79
B1,03/11/06,Genk,Germinal,4,0,H,4,0,H,1.44,3.6,7.5,1.4,3.9,7,1.45,3.75,6.5,1.45,3.8,5.4,1.44,3.6,6.5,1.5,3.6,6.5,1.45,3.75,6,1.4,3.8,8,1.4,3.75,7,39,1.48,1.43,4.22,3.76,8.5,6.92,28,1.89,1.78,2.05,1.96,16,-1.25,2.17,2.08,1.85,1.78
B1,04/11/06,Cercle Brugge,Beveren,2,2,D,0,1,A,1.95,3.2,3.4,1.85,3.4,3.6,1.85,3.25,3.75,1.9,3.1,3.5,1.91,3.25,3.4,1.91,3.25,3.75,1.8,3.4,3.6,1.83,3.25,4,1.8,3.4,3.6,37,1.96,1.87,3.44,3.29,3.85,3.63,26,2.15,1.98,1.85,1.71,16,-0.5,2.07,2.01,1.87,1.83
B1,04/11/06,FC Brussels,Mouscron,1,1,D,1,1,D,2,3.25,3.3,2.05,3.2,3.2,1.95,3.25,3.4,2,3.1,3.2,2,3.2,3.2,2.05,3.25,3.25,1.95,3.3,3.25,1.91,3.25,3.75,2,3.2,3.25,37,2.17,1.99,3.4,3.24,3.6,3.32,27,1.99,1.91,1.94,1.82,16,-0.5,2.12,2.06,1.82,1.77
B1,04/11/06,Gent,Roeselare,2,0,H,1,0,H,1.55,3.4,5.75,1.6,3.5,5,1.6,3.5,5,1.6,3.4,4.6,1.57,3.5,5,1.62,3.6,5,1.55,3.6,5,1.57,3.5,5.5,1.55,3.5,5,37,1.63,1.59,3.61,3.47,5.8,5.11,25,1.75,1.69,2.1,1.99,14,-0.75,1.82,1.79,2.15,2.09
B1,04/11/06,Lierse,Bergen,0,0,D,0,0,D,2.45,3.2,2.55,2.65,3.25,2.35,2.6,3.25,2.4,2.5,3.1,2.4,2.4,3.25,2.5,2.75,3.3,2.3,2.45,3.3,2.45,2.75,3,2.38,2.4,3.4,2.4,37,2.7,2.53,3.4,3.22,2.75,2.48,26,2.15,2.01,1.8,1.69,14,0,1.95,1.9,1.98,1.9
B1,05/11/06,Charleroi,Westerlo,1,2,A,0,1,A,1.95,3.25,3.4,1.9,3.2,3.65,1.9,3.25,3.5,1.9,3.1,3.5,1.8,3.25,3.75,2,3.25,3.4,1.9,3.3,3.4,1.91,3.25,3.75,2,3.2,3.2,37,2,1.93,3.35,3.24,3.9,3.5,27,1.99,1.87,1.94,1.86,15,-0.5,2.07,2.01,1.9,1.82
B1,05/11/06,Lokeren,Club Brugge,3,2,H,1,1,D,4.2,3.4,1.7,4,3.25,1.8,4,3.3,1.8,3.8,3.1,1.8,4,3.4,1.73,4,3.4,1.8,3.9,3.4,1.75,4,3.25,1.83,3.75,3.5,1.75,37,4.5,4.03,3.5,3.31,1.9,1.78,27,1.87,1.78,2.06,1.95,14,0.5,2.14,2.06,1.81,1.77
B1,05/11/06,Standard,Anderlecht,0,0,D,0,0,D,2.45,3.2,2.6,2.45,3.2,2.55,2.45,3.25,2.55,2.4,3,2.6,2.4,3.25,2.5,2.5,3.2,2.6,2.55,3.2,2.4,2.62,3,2.62,2.4,3.25,2.5,37,2.55,2.45,3.3,3.19,2.75,2.58,27,1.96,1.86,1.96,1.87,14,0,1.89,1.82,2.04,1.96
B1,05/11/06,Waregem,St Truiden,3,0,H,1,0,H,1.83,3.25,3.8,1.9,3.2,3.65,1.85,3.25,3.75,1.85,3.2,3.5,1.8,3.25,3.75,1.85,3.4,3.75,1.75,3.4,3.9,1.73,3.4,4.33,1.75,3.4,4,35,1.96,1.84,3.45,3.28,4.2,3.78,25,2.02,1.89,1.95,1.84,14,-0.5,1.89,1.87,2.08,1.97
B1,10/11/06,Westerlo,Genk,0,1,A,0,1,A,3.2,3.2,2.05,3,3.2,2.15,2.9,3.25,2.15,2.9,3,2.2,2.75,3.25,2.2,2.85,3.2,2.3,2.8,3.3,2.15,2.88,3.2,2.25,2.9,3.25,2.1,42,3.4,2.92,3.35,3.2,2.3,2.21,28,1.78,1.69,2.2,2.04,14,0,2.4,2.21,1.65,1.58
B1,11/11/06,Anderlecht,Cercle Brugge,2,0,H,1,0,H,1.16,5.5,13,1.2,5.3,11,1.22,5.25,10,1.2,5,10,1.2,5,11,1.22,5.5,10,1.16,5.5,12,1.2,5,11,1.17,5.5,11,40,1.22,1.19,6.9,5.48,14,11.18,26,1.55,1.48,2.65,2.41,11,-1.75,1.75,1.71,2.32,2.19
B1,11/11/06,Beveren,Gent,1,0,H,0,0,D,3.25,3.2,2,2.8,3.2,2.25,2.75,3.2,2.3,2.9,3,2.2,2.75,3.2,2.25,2.9,3.2,2.2,2.9,3.3,2.1,3.25,3.25,2,2.75,3.4,2.1,40,3.25,2.93,3.4,3.23,2.3,2.16,27,1.85,1.73,2.1,1.97,13,0.25,2.08,2.04,1.89,1.84
B1,11/11/06,Club Brugge,Charleroi,2,0,H,1,0,H,1.45,3.75,6.5,1.5,3.75,5.55,1.45,3.8,6.25,1.45,3.8,5.4,1.44,3.75,6,1.44,4,6.5,1.5,3.7,5.3,1.44,3.75,7,1.4,4,6.5,40,1.5,1.45,4,3.79,7.5,6.41,27,1.67,1.64,2.25,2.07,14,-1,1.89,1.84,2.1,2
B1,11/11/06,Germinal,Waregem,1,1,D,1,0,H,1.9,3.25,3.6,1.9,3.3,3.55,1.9,3.2,3.6,1.9,3.2,3.4,1.9,3.2,3.5,1.91,3.25,3.75,1.95,3.3,3.2,2,3.25,3.4,1.85,3.4,3.5,37,2.05,1.91,3.4,3.26,4,3.59,25,1.8,1.76,2.1,1.93,12,-0.5,2.01,1.97,1.92,1.85
B1,11/11/06,Mouscron,Lokeren,1,1,D,0,1,A,1.95,3.25,3.4,1.95,3.2,3.5,1.9,3.2,3.6,2,3.1,3.2,1.9,3.2,3.5,1.91,3.25,3.75,1.9,3.3,3.4,2,3.25,3.4,1.9,3.4,3.3,40,2.02,1.94,3.4,3.24,4,3.51,27,1.93,1.81,2.02,1.91,14,-0.5,2.11,2.03,1.84,1.81
B1,11/11/06,Roeselare,FC Brussels,1,1,D,0,0,D,2,3.25,3.3,2.15,3.2,3,2.1,3.2,3.1,2,3.1,3.2,2,3.2,3.2,2.1,3.2,3.2,2.1,3.3,2.9,2.2,3.2,3.2,2,3.25,3.1,40,2.2,2.06,3.29,3.22,3.6,3.2,26,2.1,1.87,1.9,1.8,14,-0.25,1.85,1.79,2.15,2.1
B1,11/11/06,St Truiden,Lierse,4,0,H,2,0,H,1.65,3.5,4.5,1.7,3.35,4.4,1.75,3.3,4.25,1.8,3.1,3.8,1.66,3.25,4.5,1.73,3.4,4.33,1.65,3.5,4.3,1.67,3.25,5,1.6,3.25,5,36,1.8,1.69,3.5,3.37,5.3,4.46,24,2,1.86,2,1.86,12,-0.5,1.75,1.7,2.24,2.16
B1,12/11/06,Bergen,Standard,2,3,A,0,2,A,4.5,3.25,1.7,3.75,3.25,1.85,3.75,3.3,1.85,3.5,3.1,1.9,3.5,3.2,1.9,3.6,3.25,1.91,3.6,3.3,1.83,4.5,3.25,1.73,4.35,3.3,1.7,32,4.5,4.01,3.4,3.28,1.91,1.79,21,2,1.81,2,1.88,12,0.5,2.1,2.07,1.89,1.8
B1,18/11/06,Cercle Brugge,Bergen,3,0,H,2,0,H,2.05,3.2,3.2,2,3.25,3.3,2,3.25,3.25,2.1,3.1,3,1.9,3.25,3.4,2.1,3.2,3.2,2.05,3.3,3,2,3.25,3.4,2.1,3.2,3,39,2.15,2.05,3.35,3.21,3.4,3.18,25,2.25,2.02,1.75,1.69,14,-0.25,1.94,1.9,2.04,1.96
B1,18/11/06,FC Brussels,Lokeren,0,0,D,0,0,D,2.15,3.2,3.1,2.15,3.2,3,2.1,3.2,3.1,2.1,3.1,3,2.1,3,3.2,2.1,3.2,3.2,1.95,3.3,3.25,2.1,3.25,3.25,2.1,3.2,3,40,2.25,2.11,3.3,3.2,3.25,3.08,26,2.25,1.97,1.8,1.72,14,-0.25,2.06,1.98,1.92,1.89
B1,18/11/06,Gent,Anderlecht,2,1,H,1,1,D,3.5,3.25,1.9,3.3,3.25,2,3.25,3.25,2,3.2,3.1,2,3.2,3.2,2,3.2,3.2,2.1,3,3.3,2.05,3.25,3,2.15,3.25,3.2,2,40,3.6,3.32,3.4,3.22,2.15,1.99,27,1.98,1.83,2,1.9,13,0.5,1.84,1.8,2.09,2.03
B1,18/11/06,Lierse,Germinal,2,3,A,1,0,H,3.8,3.25,1.83,3.55,3.3,1.9,3.5,3.3,1.9,3.4,3.2,1.9,3.2,3.2,2,3.6,3.3,1.91,3.1,3.3,2,3.6,3.4,1.91,3.5,3.25,1.9,38,3.9,3.53,3.4,3.25,2,1.91,26,2.11,1.98,1.83,1.75,14,0.5,2.02,1.92,1.94,1.91
B1,18/11/06,Roeselare,Beveren,2,1,H,1,0,H,1.9,3.25,3.6,2,3.25,3.3,2,3.2,3.3,2,3.2,3.1,1.8,3.4,3.6,2,3.25,3.4,1.95,3.3,3.25,1.91,3.4,3.6,1.9,3.3,3.4,40,2.05,1.95,3.4,3.26,3.8,3.43,27,1.98,1.85,2,1.88,14,-0.25,1.75,1.71,2.36,2.19
B1,18/11/06,Standard,St Truiden,1,2,A,0,0,D,1.22,5,10,1.25,4.8,9.5,1.28,4.75,8.5,1.27,4.3,8.5,1.28,4,10,1.29,4.75,9,1.28,4.5,8,1.25,4.5,10,1.28,4.5,8.5,35,1.3,1.26,5,4.71,11.5,9.26,23,1.65,1.58,2.4,2.18,11,-1.75,2.24,2.13,1.78,1.75
B1,18/11/06,Waregem,Westerlo,2,2,D,2,1,H,2.3,3.2,2.75,2.45,3.2,2.55,2.4,3.1,2.7,2.3,3.1,2.6,2.37,3.2,2.6,2.5,3.2,2.6,2.25,3.3,2.65,2.3,3.2,2.8,2.25,3.25,2.7,39,2.5,2.34,3.3,3.19,2.85,2.69,27,1.97,1.84,2,1.89,13,0,1.83,1.76,2.1,2.04
B1,19/11/06,Charleroi,Mouscron,1,0,H,0,0,D,1.75,3.4,4,1.8,3.3,3.95,1.8,3.25,4,1.8,3.2,3.7,1.72,3.4,4,1.8,3.25,4.2,1.8,3.4,3.6,1.73,3.25,4.5,1.85,3.25,3.6,38,1.86,1.8,3.4,3.29,4.5,3.94,26,1.97,1.82,2,1.91,12,-0.5,1.88,1.84,2.06,1.99
B1,19/11/06,Genk,Club Brugge,0,0,D,0,0,D,2.15,3.2,3,2.2,3.2,2.9,2.2,3.1,3,2.1,3.1,3,2.1,3.2,3,2.25,3.2,2.88,2.1,3.3,2.9,2.1,3.25,3.25,2.1,3.25,2.9,38,2.3,2.17,3.3,3.2,3.25,2.95,25,1.73,1.69,2.15,2.01,13,-0.25,2.01,1.97,2,1.9
B1,24/11/06,Germinal,Standard,1,3,A,0,1,A,3.2,3.2,2.05,3,3.2,2.15,3.05,3.2,2.1,3.1,3,2.1,2.8,3.2,2.2,3.2,3.2,2.1,2.8,3.3,2.15,2.88,3.2,2.2,3,3.2,2.1,37,3.2,3.03,3.32,3.2,2.29,2.14,27,1.97,1.81,2,1.93,16,0.25,1.95,1.93,1.97,1.94
B1,25/11/06,Bergen,Gent,0,1,A,0,1,A,3.5,3.1,2,3,3.2,2.15,2.9,3.2,2.2,3,3.1,2.1,3,3.2,2.1,2.88,3.2,2.25,2.75,3.3,2.2,3.1,3.25,2.1,3,3.2,2.1,37,3.5,3.01,3.3,3.2,2.3,2.15,27,2.06,1.94,1.87,1.8,15,0.25,2.05,2.02,1.88,1.85
B1,25/11/06,Beveren,FC Brussels,2,2,D,1,1,D,2.2,3.2,2.9,2.2,3.2,2.9,2.2,3.2,2.9,2.1,3,3.1,2.2,3,3,2.2,3.2,3,2.15,3.3,2.8,2.25,3.25,2.75,2.2,3.1,2.9,37,2.3,2.2,3.27,3.19,3.1,2.92,26,2.15,2,1.8,1.71,15,-0.25,2.08,2.03,1.88,1.84
B1,25/11/06,Lokeren,Charleroi,0,0,D,0,0,D,2.1,3.2,3.1,2.2,3.2,2.9,2.15,3.25,2.9,2.1,3.1,3,2.25,3.2,2.75,2.25,3.2,2.88,2.2,3.3,2.75,2.2,3.25,3,2.1,3.2,3,37,2.25,2.17,3.35,3.22,3.1,2.95,27,2.11,1.96,1.85,1.78,16,-0.25,2.02,1.97,1.93,1.9
B1,25/11/06,Mouscron,Genk,2,2,D,1,2,A,3.8,3.3,1.8,3.55,3.3,1.9,3.5,3.3,1.9,3.5,3.1,1.9,3.5,3.2,1.9,3.6,3.3,1.91,3.35,3.3,1.9,4,3.25,1.8,3.6,3.25,1.84,35,4,3.65,3.4,3.28,1.91,1.87,27,1.94,1.82,2.02,1.91,16,0.5,1.98,1.91,1.95,1.92
B1,25/11/06,St Truiden,Cercle Brugge,2,0,H,1,0,H,1.83,3.3,3.75,1.95,3.15,3.55,1.9,3.25,3.5,2,3.1,3.2,2,3.2,3.2,1.91,3.25,3.75,1.9,3.3,3.35,2,3.25,3.4,1.9,3.25,3.4,35,2,1.91,3.4,3.27,3.9,3.54,25,2.14,1.95,1.85,1.75,16,-0.5,1.99,1.95,1.96,1.88
B1,25/11/06,Westerlo,Lierse,2,0,H,0,0,D,1.3,4.33,8.5,1.3,4.5,8.25,1.32,4.25,8,1.3,4.2,8,1.25,4.5,10,1.3,4.5,9,1.3,4.3,8,1.33,4,9,1.28,4.5,8,37,1.4,1.33,4.5,4.29,9,7.95,26,1.7,1.65,2.38,2.09,14,-1.25,1.99,1.95,1.94,1.92
B1,26/11/06,Anderlecht,Roeselare,3,2,H,2,1,H,1.2,5,11,1.25,4.75,9.65,1.2,5.25,11,1.17,5.5,11,1.2,5,11,1.22,5.25,11,1.2,5,11,1.2,5,12,1.2,5,11,34,1.25,1.21,6,5.19,15,11.18,26,1.6,1.54,2.45,2.28,11,-1.75,1.9,1.86,2.08,2.01
B1,26/11/06,Club Brugge,Waregem,4,1,H,2,1,H,1.33,4.33,7.5,1.3,4.5,8.25,1.3,4.5,8,1.27,4.3,8.5,1.25,4.5,10,1.33,4.5,8,1.3,4.3,8,1.36,4.33,7,1.25,5,8,33,1.36,1.31,5,4.45,9.3,8.22,25,1.69,1.62,2.2,2.14,12,-1.25,1.78,1.72,2.18,2.16
B1,01/12/06,Beveren,Anderlecht,1,1,D,0,1,A,5.5,3.75,1.5,5,3.5,1.6,5,3.5,1.6,4.6,3.4,1.6,5,3.5,1.57,5,3.5,1.62,5,3.6,1.55,5.5,3.5,1.57,5.5,3.65,1.5,38,6.5,5.39,4.02,3.54,1.62,1.56,28,1.85,1.74,2.1,2,15,1,2,1.92,1.99,1.94
B1,02/12/06,Cercle Brugge,Germinal,1,2,A,1,0,H,2.45,3.1,2.62,2.3,3.2,2.75,2.3,3.2,2.75,2.3,3,2.7,2.25,3.25,2.7,2.38,3.2,2.7,2.2,3.2,2.8,2.38,3.2,2.62,2.35,3.25,2.65,37,2.45,2.35,3.25,3.17,2.8,2.69,26,2.09,1.93,1.86,1.79,14,0,1.88,1.74,2.02,1.95
B1,02/12/06,FC Brussels,Charleroi,0,2,A,0,1,A,2.4,3,2.62,2.45,3.2,2.55,2.4,3.1,2.65,2.4,3,2.6,2.5,3,2.6,2.4,3.1,2.75,2.3,3.1,2.75,2.38,3.2,2.62,2.35,3.1,2.65,36,2.5,2.41,3.25,3.11,2.8,2.66,26,2.26,2.05,1.75,1.69,14,0,1.87,1.8,2.06,1.98
B1,02/12/06,Genk,Lokeren,1,0,H,0,0,D,1.33,4.33,7,1.35,4.25,7.25,1.35,4.2,7.5,1.37,3.9,7,1.36,4,7,1.33,4.33,8.5,1.35,4.1,7,1.33,4,9,1.35,4,7,37,1.37,1.34,4.5,4.24,9,7.62,25,1.67,1.62,2.25,2.12,14,-1.25,1.9,1.84,2.11,2.04
B1,02/12/06,Gent,St Truiden,3,1,H,3,0,H,1.5,3.5,6,1.5,3.75,5.55,1.55,3.5,5.5,1.5,3.7,5,1.57,3.5,5,1.53,3.75,5.5,1.55,3.6,5,1.5,3.5,6.5,1.5,3.5,6,36,1.6,1.53,3.7,3.55,6.5,5.63,25,1.8,1.69,2.1,2,16,-0.75,1.79,1.75,2.17,2.13
B1,02/12/06,Roeselare,Bergen,2,1,H,1,1,D,1.65,3.4,4.5,1.8,3.25,4,1.75,3.3,4.2,1.7,3.2,4.2,1.72,3.4,4,1.75,3.25,4.5,1.75,3.4,3.9,1.73,3.25,4.5,1.65,3.4,4.35,36,1.83,1.73,3.45,3.32,5,4.28,26,1.85,1.75,2.1,1.98,14,-0.5,1.83,1.77,2.13,2.06
B1,02/12/06,Standard,Westerlo,3,0,H,2,0,H,1.53,3.6,5.25,1.55,3.6,5.7,1.5,3.75,5.5,1.5,3.7,5,1.57,3.5,5,1.5,3.75,6,1.45,3.75,6,1.53,3.5,6,1.45,3.75,6,36,1.62,1.52,3.9,3.63,6.6,5.62,25,1.8,1.68,2.15,2.07,15,-1,2.14,2.02,1.85,1.8
B1,02/12/06,Waregem,Mouscron,0,0,D,0,0,D,1.9,3.25,3.6,1.9,3.3,3.6,2,3.2,3.3,2,3.1,3.2,1.9,3.2,3.5,2,3.25,3.4,2,3.2,3.2,2,3.25,3.4,2,3.2,3.25,37,2.05,1.95,3.4,3.24,3.81,3.43,26,1.85,1.76,2.14,1.97,15,0,1.55,1.45,2.7,2.5
B1,03/12/06,Lierse,Club Brugge,1,2,A,1,2,A,7,4.33,1.33,8.5,4.55,1.3,7.5,4.2,1.35,7,4,1.35,7,3.75,1.4,7.5,4.33,1.36,8,4.3,1.3,8,4.33,1.33,8,4.5,1.28,36,8.6,7.63,4.5,4.25,1.4,1.33,25,1.75,1.63,2.25,2.1,14,1.25,2.04,2,1.93,1.87
B1,08/12/06,Charleroi,Genk,4,1,H,2,0,H,2.8,3.2,2.3,2.95,3.15,2.2,2.9,3.2,2.2,2.7,3,2.3,2.75,3.2,2.25,2.88,3.2,2.25,2.75,3.2,2.25,3,3.2,2.2,2.8,3.2,2.2,40,3.2,2.85,3.38,3.22,2.35,2.23,28,2.08,1.9,1.95,1.82,15,0,2.16,2.11,1.74,1.65
B1,09/12/06,Bergen,Beveren,1,0,H,1,0,H,2.25,3.25,2.75,2.1,3.2,3.1,2.2,3.2,2.9,2.1,3.2,2.9,2.2,3.2,2.8,2.25,3.2,2.88,2.1,3.2,3,2.1,3.2,3.2,2.2,3.2,2.8,39,2.3,2.2,3.25,3.21,3.2,2.9,26,2.25,1.95,1.82,1.76,15,-0.25,2.05,2,1.93,1.87
B1,09/12/06,Germinal,Gent,0,3,A,0,1,A,2.45,3.2,2.6,2.35,3.15,2.75,2.4,3.2,2.6,2.3,3.1,2.6,2.25,3.2,2.75,2.38,3.2,2.7,2.4,3.2,2.55,2.62,3,2.5,2.4,3.1,2.6,39,2.63,2.42,3.25,3.18,2.7,2.61,26,2,1.85,2,1.86,14,0,1.88,1.8,2.06,1.97
B1,09/12/06,Lokeren,Waregem,0,2,A,0,1,A,1.95,3.2,3.5,1.95,3.25,3.45,1.9,3.25,3.5,2,3.1,3.2,1.91,3,3.75,2,3.25,3.4,1.9,3.2,3.5,2,3.25,3.4,1.85,3.2,3.75,38,2.1,1.94,3.3,3.24,3.75,3.46,26,2.1,1.94,1.9,1.77,15,-0.5,2.13,2.06,1.84,1.77
B1,09/12/06,Mouscron,Lierse,2,2,D,0,0,D,1.4,4,6.5,1.4,3.9,7.1,1.4,3.8,7,1.4,3.9,6,1.4,3.75,7,1.4,4,7.5,1.4,3.9,6.5,1.44,3.75,7,1.4,3.75,7,38,1.45,1.41,4,3.89,8.3,6.83,25,1.82,1.69,2.2,2.02,14,-1,1.86,1.81,2.13,2.06
B1,09/12/06,St Truiden,Roeselare,1,1,D,0,0,D,1.9,3.25,3.5,1.9,3.3,3.55,1.9,3.25,3.5,2,3.1,3.2,1.91,3.2,3.5,2,3.25,3.4,1.85,3.25,3.6,2,3.25,3.4,1.85,3.2,3.75,40,2,1.94,3.32,3.25,3.75,3.45,25,1.75,1.66,2.25,2.04,15,-0.5,2.07,2.01,1.86,1.82
B1,09/12/06,Westerlo,Cercle Brugge,0,0,D,0,0,D,1.61,3.5,4.75,1.55,3.5,5.55,1.55,3.5,5.5,1.55,3.5,4.8,1.57,3.5,5,1.57,3.6,5.25,1.55,3.6,5,1.53,3.6,5.5,1.55,3.5,5,39,1.62,1.57,3.65,3.56,6.2,5.14,25,1.8,1.7,2.1,1.99,15,-1,2.06,1.99,1.87,1.82
B1,10/12/06,Club Brugge,Standard,4,4,D,2,0,H,1.83,3.25,3.75,1.75,3.35,4.15,1.83,3.25,3.8,1.85,3.1,3.6,1.8,3.25,3.75,1.85,3.2,4,1.85,3.2,3.7,1.73,3.25,4.5,1.84,3.25,3.6,34,1.9,1.83,3.35,3.26,4.5,3.8,23,1.75,1.7,2.1,1.97,13,-0.5,1.98,1.93,1.94,1.9
B1,10/12/06,FC Brussels,Anderlecht,0,1,A,0,0,D,5,3.6,1.57,5.4,3.35,1.6,5,3.4,1.6,5,3.7,1.5,5,3.5,1.57,5.25,3.4,1.62,4.8,3.4,1.6,5,3.5,1.62,4.6,3.5,1.6,37,5.75,5.11,3.7,3.47,1.65,1.59,24,2,1.72,2.1,1.96,14,0.75,2.07,2.04,1.86,1.83
B1,15/12/06,Standard,Mouscron,2,0,H,0,0,D,1.28,4.5,9,1.3,4.55,8.1,1.3,4.5,8,1.3,4.2,8,1.33,4,8,1.36,4.33,7.25,1.35,4,7.5,1.29,4.33,10,1.3,4.5,7.5,40,1.35,1.31,5.1,4.37,10.15,8.34,28,1.62,1.56,2.4,2.2,14,-1.5,2.07,1.99,1.9,1.86
B1,16/12/06,Anderlecht,Bergen,4,1,H,1,1,D,1.15,6.5,11,1.18,5.7,11.5,1.18,5.5,12,1.15,6,12,1.14,6,12,1.17,6,13,1.16,5.5,12,1.18,5.5,13,1.15,5.5,11,40,1.2,1.17,6.5,5.73,15,12.46,28,1.63,1.51,2.45,2.29,13,-1.75,1.81,1.76,2.14,2.11
B1,16/12/06,Beveren,St Truiden,1,2,A,0,2,A,2.1,3.2,3.1,2.05,3.15,3.25,2.1,3.25,3,2.1,3,3.1,2.2,3.25,2.75,2.1,3.2,3.2,2.1,3.2,3,2.1,3.2,3.2,2.1,3.2,3,39,2.2,2.1,3.25,3.2,3.4,3.13,27,1.98,1.84,2,1.87,15,-0.25,2.02,1.97,1.93,1.9
B1,16/12/06,Genk,FC Brussels,3,1,H,1,0,H,1.28,4.5,9,1.25,4.9,9.5,1.3,4.5,8.5,1.25,4.5,9,1.28,4,10,1.28,4.6,9.5,1.3,4.3,8,1.33,4,9,1.28,4.5,8,40,1.33,1.29,5,4.48,10.15,8.9,27,1.8,1.61,2.35,2.12,13,-1.5,1.99,1.91,1.96,1.93
B1,16/12/06,Gent,Westerlo,2,0,H,0,0,D,1.72,3.3,4.33,1.65,3.4,4.75,1.65,3.4,4.75,1.7,3.2,4.2,1.66,3.25,4.5,1.62,3.5,5,1.6,3.5,4.7,1.57,3.5,5.5,1.6,3.5,4.5,39,1.75,1.65,3.6,3.42,5.5,4.74,26,1.85,1.68,2.2,2.01,14,-0.75,2.1,2.07,1.84,1.8
B1,16/12/06,Lierse,Lokeren,1,0,H,0,0,D,2.7,3.1,2.37,3.05,3.25,2.1,3,3.25,2.1,3,3.1,2.1,3,3.2,2.1,3,3,2.3,2.9,3.3,2.1,3.2,3.2,2.1,3,3.25,2.1,39,3.3,3.01,3.3,3.22,2.4,2.14,27,2.2,1.93,1.85,1.74,14,0,2.2,2.06,1.83,1.7
B1,16/12/06,Roeselare,Germinal,1,1,D,0,0,D,1.83,3.3,3.75,2.1,3.1,3.2,2,3.25,3.3,1.9,3.1,3.5,2.1,3.2,3,2,3.25,3.4,2,3.2,3.2,2.1,3.2,3.2,2,3.2,3.2,40,2.1,2.01,3.3,3.22,3.75,3.31,27,1.8,1.68,2.2,2.01,15,-0.25,1.81,1.72,2.15,2.14
B1,17/12/06,Cercle Brugge,Club Brugge,1,0,H,0,0,D,6.5,3.75,1.44,6.8,3.85,1.42,7.5,3.75,1.4,6.5,3.9,1.37,7,3.75,1.4,7.25,4,1.4,7.5,4,1.35,6.5,3.5,1.5,7,4,1.35,36,7.7,7,4,3.84,1.5,1.41,23,1.68,1.61,2.2,2.09,12,1.25,1.9,1.82,2.11,2.04
B1,17/12/06,Waregem,Charleroi,1,0,H,1,0,H,2.4,3.2,2.62,2.35,3.25,2.65,2.5,3.2,2.5,2.4,3,2.6,2.5,3.25,2.4,2.5,3.2,2.6,2.35,3.2,2.6,2.62,3.1,2.5,2.35,3.25,2.5,38,2.63,2.45,3.31,3.19,2.75,2.56,26,2.1,1.93,1.9,1.79,14,0,1.88,1.8,2.05,1.98
B1,19/01/07,Waregem,Genk,2,2,D,1,0,H,3.25,3.2,2.05,3.4,3.25,1.9,3.5,3.2,1.95,3.2,3.1,2,3.2,3.2,2,3.5,3.3,1.95,3.2,3.35,1.95,3.5,3.25,1.95,3.4,3.25,1.9,39,3.6,3.36,3.34,3.24,2.3,2,25,2.05,1.85,1.95,1.84,14,0,2.55,2.39,1.57,1.49
B1,20/01/07,Anderlecht,St Truiden,2,0,H,1,0,H,1.25,5,9,1.3,4.5,8.25,1.25,5,9,1.2,5,10,1.2,5,11,1.25,5,10,1.2,5,11,1.22,5.25,10,1.2,5.5,9,39,1.25,1.23,5.5,5.06,12,9.94,25,1.57,1.51,2.6,2.3,13,-1.5,1.81,1.76,2.14,2.1
B1,20/01/07,Bergen,FC Brussels,1,1,D,0,0,D,2.25,3.3,2.75,2.35,3.25,2.65,2.25,3.25,2.75,2.2,3.1,2.8,2.2,3.2,2.8,2.25,3.3,2.8,2.25,3.3,2.65,2.25,3.25,2.8,2.2,3.25,2.75,39,2.35,2.24,3.3,3.21,3,2.81,24,2.19,2.02,1.78,1.7,14,0,1.66,1.62,2.22,2.11
B1,20/01/07,Beveren,Germinal,1,1,D,0,0,D,2.4,3.2,2.6,2.45,3.2,2.55,2.4,3.2,2.6,2.2,3.1,2.8,2.37,3.2,2.6,2.4,3.2,2.7,2.4,3.25,2.5,2.4,3.2,2.62,2.35,3.25,2.5,39,2.45,2.39,3.3,3.2,2.8,2.62,24,2.01,1.87,1.9,1.85,14,0,1.89,1.79,2.05,1.98
B1,20/01/07,Cercle Brugge,Mouscron,2,1,H,0,1,A,2.1,3.2,3.1,2.15,3.2,3,2.1,3.2,3.1,2,3.2,3.1,2,3.2,3.2,2.1,3.2,3.2,2.05,3.3,3,2.05,3.2,3.25,2,3.2,3.2,38,2.15,2.06,3.3,3.22,3.3,3.16,24,2,1.88,1.95,1.83,14,0,1.64,1.53,2.5,2.29
B1,20/01/07,Lierse,Charleroi,2,1,H,1,0,H,4,3.5,1.72,4,3.3,1.8,4,3.4,1.75,3.4,3.2,1.9,4,3.25,1.75,4.2,3.5,1.73,3.6,3.4,1.8,4,3.5,1.73,3.75,3.25,1.8,39,4.3,3.91,3.5,3.31,1.9,1.8,23,2.13,1.95,1.85,1.77,14,0.5,1.94,1.92,2.01,1.95
B1,20/01/07,Roeselare,Westerlo,2,0,H,1,0,H,2.25,3.3,2.75,2.35,3.25,2.65,2.2,3.25,2.8,2.2,3.1,2.8,2.2,3.2,2.8,2.25,3.3,2.8,2.2,3.3,2.7,2.25,3.2,2.8,2.2,3.25,2.75,39,2.4,2.24,3.31,3.23,3,2.81,25,1.85,1.78,2,1.92,14,0,1.7,1.66,2.15,2.05
B1,21/01/07,Gent,Club Brugge,0,0,D,0,0,D,2.37,3.25,2.6,2.4,3.25,2.6,2.4,3.2,2.6,2.5,3,2.5,2.3,3.2,2.62,2.4,3.2,2.7,2.4,3.25,2.5,2.38,3.25,2.62,2.4,3.2,2.5,37,2.5,2.38,3.3,3.19,2.85,2.64,24,1.9,1.8,2.04,1.91,14,0,1.85,1.77,2.09,1.99
B1,21/01/07,Standard,Lokeren,3,1,H,1,1,D,1.33,4.33,7.5,1.4,3.85,7.25,1.33,4.25,7.5,1.33,4,7.5,1.36,3.75,8,1.33,4.5,8,1.33,4.33,7,1.33,4.25,8,1.35,4,7,36,1.37,1.34,4.5,4.21,9.5,7.8,23,1.67,1.62,2.25,2.12,12,-1.25,1.88,1.81,2.09,2.06
B1,26/01/07,Charleroi,Standard,2,5,A,2,2,D,3,3.1,2.15,2.7,3.15,2.35,2.75,3.1,2.35,2.7,3,2.3,2.6,3.2,2.37,2.7,3.2,2.38,2.6,3.3,2.3,2.75,3.25,2.25,2.8,3.2,2.2,40,3.13,2.77,3.25,3.19,2.4,2.3,25,2.06,1.86,1.95,1.86,13,0,2.22,2.06,1.7,1.67
B1,27/01/07,Club Brugge,Roeselare,0,1,A,0,0,D,1.25,4.75,9,1.25,4.8,9.5,1.3,4.25,9.5,1.27,4.3,8.5,1.28,4.5,8,1.28,4.75,9,1.28,4.5,8,1.29,4.5,9,1.28,4.35,8.5,38,1.33,1.29,4.9,4.47,9.5,8.63,26,1.65,1.6,2.29,2.16,16,-1.5,1.94,1.84,2.03,1.95
B1,27/01/07,FC Brussels,Waregem,2,0,H,0,0,D,2.37,3.1,2.75,2.35,3.15,2.7,2.35,3.1,2.75,2.3,3.1,2.6,2.25,3.2,2.75,2.3,3.2,2.8,2.3,3.3,2.6,2.38,3.2,2.62,2.35,3.1,2.75,38,2.45,2.34,3.25,3.16,2.9,2.72,25,2.2,1.99,1.8,1.72,14,0,1.88,1.78,2.1,1.99
B1,27/01/07,Genk,Lierse,3,0,H,2,0,H,1.14,6,15,1.15,6.25,12,1.18,5.5,12,1.25,4.5,9,1.14,6,12,1.17,6,13,1.16,5.5,12,1.17,5.5,13,1.17,6,10,38,1.25,1.17,6,5.69,17,11.84,26,1.6,1.48,2.65,2.37,12,-1.75,1.9,1.85,2.09,2.02
B1,27/01/07,Lokeren,Cercle Brugge,2,0,H,0,0,D,1.95,3.25,3.4,2,3.25,3.3,1.95,3.25,3.4,2,3.1,3.2,2,3.2,3.2,2,3.25,3.4,1.95,3.3,3.25,2,3.25,3.25,2,3.2,3.25,38,2.1,2,3.3,3.23,3.5,3.3,26,2.17,2.01,1.8,1.71,14,0,1.55,1.47,2.55,2.4
B1,27/01/07,Mouscron,Gent,0,3,A,0,1,A,3.1,3.25,2.05,2.75,3.2,2.3,2.9,3.2,2.2,2.9,3,2.2,2.75,3.2,2.25,2.8,3.2,2.3,2.8,3.3,2.15,2.8,3.2,2.3,3,3.2,2.1,38,3.2,2.89,3.3,3.21,2.3,2.2,26,1.9,1.77,2.05,1.93,14,0.25,1.94,1.92,1.99,1.95
B1,27/01/07,St Truiden,Bergen,1,0,H,0,0,D,1.8,3.25,4,1.75,3.5,3.9,1.8,3.25,4,1.8,3.1,3.8,1.8,3.25,3.75,1.8,3.4,4,1.8,3.4,3.6,1.8,3.4,3.8,1.85,3.25,3.6,38,1.87,1.79,3.54,3.3,4.33,4,26,1.9,1.81,2.02,1.91,15,-0.5,1.93,1.88,2,1.93
B1,27/01/07,Westerlo,Beveren,2,0,H,1,0,H,1.57,3.6,5,1.65,3.55,4.5,1.65,3.5,4.5,1.7,3.2,4.2,1.66,3.25,4.5,1.62,3.5,5,1.6,3.5,4.7,1.57,3.5,5.25,1.6,3.4,4.7,38,1.7,1.62,3.6,3.43,6,4.9,26,1.91,1.78,2.05,1.94,15,-0.75,1.84,1.81,2.09,2.05
B1,28/01/07,Germinal,Anderlecht,1,3,A,0,1,A,4.5,3.5,1.66,4.55,3.3,1.7,4.5,3.25,1.72,4,3.2,1.75,4.33,3.2,1.72,4.2,3.4,1.75,4.2,3.4,1.7,4.25,3.4,1.73,4.5,3.4,1.65,33,5,4.35,3.5,3.34,1.78,1.71,24,1.8,1.68,2.15,2,13,0.75,1.94,1.9,2,1.97
B1,02/02/07,Beveren,Club Brugge,0,2,A,0,0,D,5,3.5,1.57,4.45,3.35,1.7,4.5,3.4,1.67,4,3.2,1.75,4,3.4,1.72,4.75,3.4,1.67,4.3,3.5,1.65,4.5,3.5,1.67,4.35,3.4,1.65,37,5,4.46,3.9,3.41,1.75,1.68,23,1.85,1.73,2.1,1.98,14,0.75,1.98,1.92,2,1.96
B1,03/02/07,Anderlecht,Westerlo,1,0,H,1,0,H,1.22,5,10,1.25,4.7,10,1.22,5,10,1.22,4.8,9.5,1.22,5,10,1.25,5,10,1.2,5,11,1.22,5.5,10,1.22,5,9,34,1.27,1.23,5.5,5,10.5,9.9,22,1.62,1.53,2.45,2.26,12,-1.75,2.08,2.04,1.87,1.83
B1,03/02/07,Bergen,Germinal,2,1,H,1,0,H,2.5,3.2,2.5,2.45,3.25,2.55,2.4,3.2,2.6,2.4,3,2.6,2.25,3.2,2.75,2.4,3.25,2.65,2.45,3.25,2.45,2.38,3.25,2.62,2.4,3.2,2.5,34,2.6,2.43,3.3,3.19,2.75,2.57,22,2.15,1.98,1.8,1.72,12,0,2.01,1.91,1.93,1.89
B1,03/02/07,Cercle Brugge,Charleroi,0,0,D,0,0,D,2.45,3.2,2.55,2.45,3.2,2.55,2.4,3.2,2.6,2.4,3,2.6,2.37,3.2,2.6,2.5,3.2,2.6,2.4,3.25,2.5,2.4,3.2,2.62,2.35,3.25,2.5,34,2.5,2.4,3.27,3.2,2.7,2.59,22,2.1,1.94,1.8,1.76,12,0,1.95,1.84,1.99,1.93
B1,03/02/07,Gent,Lokeren,3,1,H,0,1,A,1.44,3.75,6.5,1.45,3.7,6.5,1.45,3.8,6.25,1.45,3.8,5.4,1.44,3.6,6.5,1.44,3.75,7,1.45,3.75,6,1.44,3.75,6.5,1.4,4,6.5,34,1.5,1.44,4,3.78,7.5,6.49,21,1.74,1.69,2.1,2.02,13,-1,2.09,2,1.85,1.8
B1,03/02/07,Lierse,Waregem,1,0,H,0,0,D,2.6,3.2,2.4,2.6,3.25,2.4,2.6,3.2,2.4,2.5,3.2,2.3,2.75,3.25,2.2,2.7,3.2,2.4,2.5,3.25,2.4,2.75,3.1,2.38,2.5,3.2,2.4,34,2.75,2.6,3.3,3.21,2.55,2.39,22,2.1,1.96,1.8,1.74,11,0,2.05,1.98,1.88,1.84
B1,03/02/07,Roeselare,Mouscron,2,1,H,1,0,H,1.66,3.4,4.5,1.7,3.35,4.45,1.68,3.4,4.5,1.65,3.3,4.4,1.72,3.4,4,1.62,3.5,5,1.65,3.5,4.3,1.67,3.4,4.5,1.65,3.4,4.35,30,1.73,1.66,3.45,3.39,5,4.56,18,1.91,1.79,2.03,1.94,12,-0.75,2.1,2.07,1.85,1.81
B1,03/02/07,St Truiden,FC Brussels,2,2,D,1,0,H,1.95,3.25,3.4,1.9,3.3,3.6,1.95,3.25,3.5,1.9,3.2,3.4,1.83,3.2,3.75,1.85,3.25,4,1.9,3.3,3.4,1.85,3.25,3.75,1.85,3.4,3.5,31,2,1.9,3.4,3.24,3.75,3.57,20,2.1,1.93,1.85,1.74,14,-0.5,2.08,2.03,1.82,1.76
B1,04/02/07,Standard,Genk,2,1,H,1,0,H,2.05,3.3,3.1,2.2,3.2,2.9,2.2,3.2,2.9,2.2,3.1,2.8,2,3.2,3.2,2.2,3.2,3,2.2,3.2,2.8,2.2,3.2,2.88,2.1,3.2,3,28,2.25,2.15,3.27,3.2,3.75,3,19,1.8,1.71,2,1.96,12,-0.25,1.91,1.88,2.05,1.99
B1,10/02/07,FC Brussels,Lierse,2,1,H,1,1,D,1.72,3.25,4.5,1.7,3.35,4.4,1.68,3.4,4.5,1.7,3.2,4.2,1.61,3.5,4.5,1.67,3.4,4.75,1.7,3.35,4.25,1.67,3.4,4.5,1.65,3.4,4.35,38,1.85,1.71,3.6,3.36,5,4.33,28,2.12,1.95,1.86,1.78,16,-0.5,1.95,1.84,2.05,2
B1,10/02/07,Genk,Cercle Brugge,3,0,H,3,0,H,1.33,4,9,1.25,4.6,10.5,1.28,4.5,9,1.3,4.2,8,1.33,4,8,1.3,4.5,9,1.3,4.3,8,1.29,4.5,9,1.25,4.5,9.5,38,1.33,1.28,5,4.53,10.9,9,27,1.7,1.61,2.25,2.13,16,-1.5,2.1,2.04,1.86,1.8
B1,10/02/07,Germinal,St Truiden,3,2,H,1,1,D,1.95,3.25,3.4,1.9,3.2,3.7,1.95,3.25,3.4,2.1,3,3.1,2,3.2,3.2,2,3.2,3.5,1.95,3.3,3.25,1.91,3.2,3.6,1.9,3.25,3.4,38,2.1,1.96,3.3,3.22,3.7,3.42,27,2,1.84,1.95,1.88,17,0,1.6,1.46,2.65,2.46
B1,10/02/07,Lokeren,Roeselare,1,1,D,0,0,D,2.15,3.2,3,2.2,3.15,2.95,2.25,3.2,2.8,2.3,3,2.7,2.2,3.2,2.8,2.25,3.25,2.88,2.15,3.25,2.85,2.3,3,2.88,2.1,3.3,2.9,38,2.3,2.21,3.4,3.22,3.1,2.84,28,1.95,1.84,1.96,1.88,16,-0.25,1.99,1.96,1.95,1.91
B1,10/02/07,Mouscron,Beveren,4,2,H,0,2,A,1.75,3.25,4.2,1.8,3.3,3.95,1.85,3.25,3.8,1.85,3.1,3.6,1.83,3.25,3.6,1.83,3.25,4,1.85,3.3,3.6,1.83,3.2,4,1.75,3.3,3.9,38,1.91,1.82,3.5,3.27,4.2,3.83,28,1.97,1.83,2,1.88,16,-0.5,1.92,1.86,2.05,2
B1,10/02/07,Waregem,Standard,3,1,H,0,0,D,3.6,3.2,1.9,3.85,3.2,1.85,3.5,3.25,1.9,3.5,3.1,1.9,3.5,3.2,1.9,3.75,3.25,1.91,4,3.3,1.75,3.75,3.2,1.91,3.5,3.4,1.85,38,4,3.65,3.4,3.23,2,1.88,28,1.9,1.77,2.05,1.95,17,0.5,1.89,1.81,2.1,2.04
B1,10/02/07,Westerlo,Bergen,2,1,H,2,1,H,1.66,3.4,4.75,1.55,3.65,5.2,1.6,3.5,5,1.7,3.2,4.2,1.66,3.3,4.5,1.62,3.5,5,1.65,3.4,4.5,1.62,3.4,5,1.65,3.25,4.8,38,1.73,1.64,3.6,3.42,5.4,4.79,28,2.07,1.9,1.9,1.82,16,-0.75,2,1.97,1.93,1.9
B1,11/02/07,Charleroi,Gent,1,0,H,0,0,D,2.37,3.2,2.62,2.5,3.05,2.6,2.5,3.2,2.5,2.6,3,2.4,2.5,3.2,2.5,2.6,3.2,2.5,2.45,3.25,2.45,2.5,3.2,2.5,2.5,3.2,2.4,37,2.7,2.53,3.4,3.18,2.75,2.49,28,2.02,1.88,1.95,1.85,16,0,1.89,1.84,2.04,1.94
B1,11/02/07,Club Brugge,Anderlecht,2,2,D,1,0,H,2.37,3.2,2.7,2.4,3.15,2.65,2.4,3.2,2.6,2.45,3,2.55,2.37,3.2,2.6,2.5,3.2,2.6,2.4,3.1,2.6,2.5,3.2,2.5,2.35,3.25,2.5,37,2.5,2.43,3.25,3.15,2.85,2.6,28,2,1.86,2,1.87,16,0,1.85,1.8,2.09,1.99
B1,16/02/07,Bergen,Club Brugge,1,0,H,0,0,D,5,3.5,1.6,4.6,3.5,1.65,4.6,3.4,1.65,4.4,3.3,1.65,4.33,3.4,1.66,4.6,3.5,1.67,4.7,3.5,1.6,4.5,3.4,1.67,4.5,3.4,1.65,38,5.2,4.52,3.5,3.41,1.73,1.67,27,2.01,1.88,1.95,1.84,18,0.75,1.95,1.92,2.01,1.96
B1,17/02/07,Anderlecht,Mouscron,2,1,H,2,1,H,1.14,6,13,1.15,6,13.25,1.15,6,13,1.17,5.5,11,1.14,6,12,1.17,6,13,1.15,6,12,1.17,5.5,13,1.17,6,10,39,1.18,1.16,6.3,5.83,15,12.65,26,1.57,1.49,2.7,2.34,16,-2,2.06,2.01,1.92,1.84
B1,17/02/07,Beveren,Lokeren,3,2,H,1,1,D,2.3,3.2,2.75,2.25,3.15,2.85,2.25,3.2,2.8,2.2,3,2.9,2.37,3.2,2.6,2.25,3.25,2.88,2.25,3.3,2.65,2.25,3,3,2.25,3.25,2.7,39,2.38,2.27,3.4,3.2,3,2.78,27,2.17,1.94,1.8,1.71,17,0,1.83,1.69,2.15,2.05
B1,17/02/07,Germinal,FC Brussels,3,0,H,1,0,H,1.9,3.25,3.6,1.95,3.25,3.45,2,3.1,3.4,2.1,3,3.1,1.9,3,3.75,2,3.25,3.4,1.95,3.3,3.25,1.91,3.25,3.6,2,3.2,3.25,38,2.1,1.97,3.4,3.2,3.75,3.43,26,2.11,1.92,1.9,1.81,17,-0.5,2.1,2.03,1.88,1.84
B1,17/02/07,Roeselare,Charleroi,1,2,A,0,0,D,2,3.2,3.2,2.15,3.2,3,2.1,3.2,3.1,2,3.2,3.1,2.2,3.2,2.8,2.1,3.2,3.2,2.15,3.3,2.8,2.25,3,3,2,3.2,3.2,39,2.25,2.1,3.4,3.21,3.25,3.08,28,2.1,1.93,1.87,1.79,19,-0.25,2.04,1.96,1.98,1.92
B1,17/02/07,St Truiden,Westerlo,0,2,A,0,0,D,2.2,3.2,2.9,2.2,3.25,2.85,2.2,3.2,2.9,2.2,3.1,2.8,2.25,3.2,2.75,2.25,3.2,2.88,2.25,3.3,2.65,2.2,3.25,2.88,2.2,3.25,2.75,39,2.3,2.23,3.4,3.22,3,2.83,28,2.05,1.91,1.95,1.81,18,-0.25,2.04,2.01,1.91,1.87
B1,17/02/07,Standard,Lierse,3,2,H,1,0,H,1.2,5,11,1.21,5,12,1.2,5.5,10,1.2,5,10,1.14,6,12,1.2,5.6,11,1.15,6,12,1.2,5.5,11,1.17,6,10,39,1.22,1.2,6,5.35,12,10.82,26,1.6,1.51,2.7,2.33,16,-2,2.1,2.04,1.88,1.82
B1,18/02/07,Cercle Brugge,Waregem,2,0,H,0,0,D,2.1,3.2,3.1,2,3.25,3.3,2.1,3.2,3.1,2.1,3.1,3,2.2,3.2,2.8,2.1,3.2,3.2,2,3.3,3.1,2,3.25,3.25,2.1,3.2,3,33,2.25,2.1,3.4,3.23,3.5,3.07,24,2.16,1.99,1.8,1.75,18,-0.25,1.98,1.95,1.96,1.93
B1,18/02/07,Gent,Genk,1,3,A,1,1,D,2.25,3.1,2.8,2.4,3.1,2.7,2.4,3.2,2.6,2.4,3,2.6,2.5,3.2,2.5,2.4,3.2,2.7,2.4,3.25,2.5,2.38,3.2,2.62,2.4,3.2,2.5,33,2.5,2.39,3.3,3.17,2.8,2.64,25,1.91,1.79,2.1,1.94,16,0,1.82,1.77,2.12,2.02
B1,23/02/07,Club Brugge,St Truiden,1,0,H,0,0,D,1.28,4.5,8.5,1.3,4.5,8.25,1.32,4.5,8,1.33,4,7.5,1.25,4.5,10,1.33,4.5,8,1.28,4.5,8,1.33,4.2,8.5,1.28,4.5,8.5,40,1.36,1.32,4.7,4.35,10,8.27,30,1.76,1.66,2.3,2.08,19,-1.5,2.11,2,1.82,1.76
B1,24/02/07,Charleroi,Beveren,2,1,H,0,1,A,1.5,3.6,6,1.45,3.75,6.5,1.48,3.75,6,1.5,3.7,5,1.5,3.6,5.5,1.5,3.75,6,1.45,3.8,5.9,1.5,3.4,6.5,1.5,3.6,5.5,39,1.55,1.48,3.9,3.66,7.5,6.23,30,2.05,1.85,1.95,1.87,19,-1,2.13,2.01,1.86,1.81
B1,24/02/07,FC Brussels,Standard,0,3,A,0,2,A,4,3.3,1.75,3.65,3.2,1.9,3.6,3.25,1.9,3.8,3.1,1.8,3.6,3.25,1.83,3.8,3.35,1.85,3.6,3.4,1.8,3.6,3.25,1.91,3.5,3.4,1.85,39,4.4,3.78,3.4,3.27,1.91,1.85,30,1.91,1.75,2.1,1.99,18,0.5,2.01,1.94,1.94,1.89
B1,24/02/07,Genk,Roeselare,3,0,H,1,0,H,1.28,4.5,8.5,1.3,4.5,8.25,1.32,4.5,8,1.3,4.2,8,1.25,4.5,10,1.3,4.5,9,1.28,4.5,8,1.29,4.5,9,1.25,5,8.5,39,1.35,1.3,5,4.47,12,8.7,29,1.73,1.62,2.3,2.12,18,-1.5,2.04,1.96,1.93,1.85
B1,24/02/07,Lierse,Cercle Brugge,0,2,A,0,0,D,1.95,3.3,3.3,2.2,3.2,2.9,2.15,3.2,3,2.2,3,2.9,2.1,3.2,3,2.2,3.2,3,2.15,3.25,2.85,2.1,3.4,3,2,3.25,3.1,39,2.2,2.12,3.4,3.23,3.45,3.04,29,2.13,1.95,1.85,1.77,19,-0.5,2.15,2.07,1.79,1.72
B1,24/02/07,Mouscron,Bergen,2,2,D,2,1,H,1.8,3.3,3.8,1.95,3.2,3.5,1.9,3.25,3.6,2,3.1,3.2,1.91,3.2,3.5,1.91,3.25,3.75,1.9,3.3,3.4,1.91,3.2,3.6,1.85,3.25,3.6,39,2,1.9,3.4,3.25,4.15,3.62,30,2.07,1.91,1.9,1.81,19,-0.5,1.92,1.9,2.01,1.94
B1,24/02/07,Westerlo,Germinal,1,1,D,0,0,D,1.85,3.2,3.75,1.9,3.2,3.65,1.9,3.25,3.6,1.9,3.2,3.4,1.91,3.2,3.5,1.83,3.25,4,1.85,3.35,3.5,1.83,3.25,4,1.9,3.3,3.5,38,2,1.88,3.4,3.25,4,3.69,27,2.04,1.88,1.9,1.84,18,-0.5,2.12,2.03,1.86,1.81
B1,25/02/07,Lokeren,Anderlecht,1,1,D,1,0,H,5.75,3.5,1.53,5,3.5,1.6,4.75,3.5,1.65,4.8,3.5,1.55,5,3.5,1.57,5.25,3.6,1.57,4.7,3.5,1.6,5,3.4,1.62,5,3.8,1.5,39,5.9,5.06,3.8,3.49,1.67,1.59,29,1.98,1.8,2,1.92,18,0.75,2.12,2.09,1.82,1.79
B1,25/02/07,Waregem,Gent,3,2,H,2,0,H,2.8,3.25,2.25,2.75,3.2,2.3,2.6,3.2,2.4,2.5,3.1,2.4,2.75,3.2,2.25,2.7,3.2,2.38,2.6,3.2,2.35,2.62,3.25,2.38,2.6,3.25,2.3,39,2.85,2.7,3.3,3.21,2.45,2.33,30,2,1.87,1.92,1.85,17,0.25,1.86,1.83,2.08,2.05
B1,02/03/07,Roeselare,Waregem,3,1,H,0,0,D,2.15,3.3,2.87,2,3.3,3.25,2.1,3.1,3.25,1.9,3.1,3.5,1.9,3.2,3.5,2,3.3,3.4,1.85,3.35,3.5,1.91,3.25,3.6,1.9,3.25,3.5,35,2.25,2.01,3.35,3.22,3.6,3.31,27,2.01,1.86,1.95,1.85,15,-0.25,2.08,2.01,1.89,1.85
B1,03/03/07,Anderlecht,Charleroi,3,2,H,1,0,H,1.36,4.2,7,1.25,4.85,9.35,1.3,4.5,8.25,1.3,4.2,8,1.33,4,8,1.28,4.75,9,1.3,4.33,8,1.3,4.5,8.5,1.3,4.35,8,38,1.36,1.3,4.8,4.49,10,8.28,25,1.65,1.59,2.25,2.13,13,-1.5,2.19,2.11,1.78,1.76
B1,03/03/07,Bergen,Lokeren,1,0,H,1,0,H,2,3.25,3.3,2,3.25,3.25,2,3.25,3.3,1.9,3.1,3.5,1.9,3.2,3.5,2,3.25,3.4,2,3.3,3.1,1.91,3.2,3.6,2,3.2,3.25,38,2.2,1.99,3.35,3.22,3.75,3.34,24,2.2,2,1.8,1.72,14,0,1.56,1.5,2.6,2.34
B1,03/03/07,Beveren,Genk,0,5,A,0,3,A,5,3.6,1.6,4.6,3.45,1.65,4.75,3.4,1.65,4.6,3.4,1.6,5,3.5,1.57,4.75,3.4,1.67,4.8,3.4,1.6,4.5,3.4,1.67,4.6,3.5,1.6,38,5.5,4.78,3.6,3.43,1.67,1.63,25,1.73,1.64,2.17,2.07,13,0.75,2.03,2,1.9,1.88
B1,03/03/07,Cercle Brugge,Standard,0,2,A,0,0,D,4,3.4,1.75,3.6,3.3,1.9,3.75,3.3,1.85,4,3.2,1.75,3.75,3.3,1.8,3.75,3.4,1.85,3.7,3.35,1.8,4,3.25,1.8,3.75,3.25,1.8,38,4.25,3.84,3.45,3.28,1.9,1.82,25,1.8,1.66,2.25,2.05,13,0.5,2.06,2.03,1.89,1.86
B1,03/03/07,Gent,Lierse,4,0,H,2,0,H,1.28,4.33,9.5,1.25,4.85,9.35,1.28,4.5,9,1.33,4,7.5,1.2,5,11,1.28,4.75,9,1.28,4.5,8,1.29,4.5,9,1.25,5,8.5,38,1.33,1.29,5,4.51,10,8.67,24,1.63,1.57,2.35,2.18,13,-1.5,2,1.95,1.93,1.89
B1,03/03/07,St Truiden,Mouscron,1,1,D,1,1,D,1.9,3.25,3.5,1.9,3.25,3.6,1.9,3.25,3.6,1.85,3.1,3.6,1.9,3.2,3.5,1.91,3.4,3.5,1.9,3.3,3.4,1.91,3.2,3.75,1.85,3.25,3.75,38,1.95,1.89,3.4,3.26,3.85,3.62,25,2,1.81,2,1.89,13,-0.5,2.07,2.04,1.91,1.84
B1,03/03/07,Westerlo,FC Brussels,1,1,D,1,0,H,1.66,3.3,4.75,1.75,3.35,4.1,1.7,3.4,4.25,1.75,3.2,4,1.61,3.25,5,1.73,3.4,4.33,1.7,3.4,4.2,1.62,3.4,5,1.7,3.25,4.5,37,1.77,1.7,3.4,3.35,5,4.42,25,2.12,1.89,1.9,1.81,13,-0.5,1.83,1.79,2.14,2.12
B1,04/03/07,Germinal,Club Brugge,4,0,H,1,0,H,2.75,3.2,2.25,3.1,3.2,2.1,3.1,3.2,2.1,3.1,3,2.1,3.2,3.2,2,3,3.2,2.2,2.9,3.3,2.1,3,3.25,2.1,2.9,3.25,2.1,34,3.4,3.06,3.35,3.21,2.35,2.11,21,2.08,1.89,1.91,1.82,13,0.25,1.87,1.8,2.16,2.09
B1,09/03/07,Charleroi,Bergen,1,0,H,0,0,D,1.5,3.4,6.5,1.55,3.5,5.5,1.6,3.5,5,1.65,3.3,4.4,1.61,3.25,5,1.55,3.5,6,1.55,3.6,4.85,1.5,3.5,6.5,1.55,3.5,5,40,1.65,1.57,3.7,3.5,6.5,5.32,31,2.1,1.9,1.9,1.83,20,-0.75,1.86,1.82,2.11,2.05
B1,10/03/07,Club Brugge,Westerlo,2,0,H,1,0,H,1.4,3.6,7.5,1.43,3.8,6.6,1.48,3.4,4.5,1.45,3.8,5.4,1.5,3.6,5.5,1.44,3.75,7,1.5,3.6,5.5,1.44,3.75,7,1.45,3.75,6,40,1.5,1.45,3.85,3.69,7.75,6.42,29,1.8,1.72,2.1,1.99,20,-1,1.92,1.83,2.1,2.01
B1,10/03/07,FC Brussels,Cercle Brugge,0,0,D,0,0,D,1.95,3.25,3.4,1.95,3.35,3.3,2,3.25,3.3,2,3.1,3.2,2.1,3.2,3,2,3.25,3.4,1.9,3.4,3.25,2,3.2,3.4,2,3.2,3.25,39,2.15,2.02,3.3,3.22,3.5,3.26,29,2.24,2.02,1.8,1.7,20,-0.25,1.87,1.83,2.08,2.05
B1,10/03/07,Lierse,Roeselare,3,1,H,1,0,H,2.45,3.25,2.55,2.4,3.35,2.55,2.4,3.2,2.6,,,,2.5,3.25,2.4,2.5,3.2,2.6,2.4,3.25,2.5,2.5,3,2.62,2.35,3.25,2.6,39,2.65,2.45,3.4,3.22,2.65,2.55,28,2.02,1.87,1.95,1.86,18,0,1.93,1.86,2.03,1.94
B1,10/03/07,Lokeren,St Truiden,1,1,D,1,1,D,2,3.25,3.3,2.05,3.25,3.15,2.05,3.2,3.25,2,3.1,3.2,2.1,3.2,3,2.1,3.2,3.2,2,3.4,3,2,3.25,3.25,2,3.2,3.25,40,2.15,2.03,3.3,3.22,3.5,3.25,28,2.19,2,1.8,1.73,19,-0.25,1.86,1.81,2.12,2.07
B1,10/03/07,Mouscron,Germinal,1,0,H,1,0,H,2.3,3.3,2.75,2.4,3.3,2.55,2.4,3.2,2.6,2.3,3,2.7,2.2,3.25,2.75,2.38,3.2,2.7,2.4,3.25,2.5,2.38,3.2,2.62,2.35,3.2,2.6,39,2.5,2.38,3.35,3.18,2.8,2.65,27,2,1.83,2,1.9,18,0,1.93,1.8,2.05,1.98
B1,10/03/07,Standard,Gent,0,1,A,0,0,D,1.7,3.5,4.33,1.65,3.4,4.7,1.68,3.4,4.5,1.6,3.4,4.6,1.61,3.5,4.5,1.67,3.5,4.6,1.65,3.5,4.25,1.62,3.5,4.75,1.65,3.4,4.35,41,1.72,1.66,3.65,3.42,5.2,4.56,30,1.82,1.71,2.15,2.02,19,-0.75,2.12,2.08,1.85,1.8
B1,10/03/07,Waregem,Beveren,2,1,H,1,0,H,1.57,3.6,5.25,1.6,3.55,4.9,1.65,3.4,4.75,1.7,3.3,4,1.66,3.3,4.5,1.67,3.4,4.75,1.65,3.5,4.2,1.57,3.6,5,1.65,3.6,4.1,37,1.7,1.62,3.65,3.49,5.5,4.84,29,2,1.83,2,1.9,18,-0.75,1.85,1.83,2.09,2.05
B1,11/03/07,Genk,Anderlecht,1,1,D,0,1,A,2.3,3.25,2.7,2.3,3.25,2.7,2.35,3.1,2.75,2.3,3,2.7,2.4,3.25,2.5,2.3,3.2,2.8,2.3,3.1,2.75,2.25,3.2,2.88,2.3,3.2,2.65,37,2.45,2.32,3.4,3.2,2.88,2.75,25,1.98,1.83,2.05,1.9,17,-0.25,2.11,2.07,1.83,1.8
B1,16/03/07,Germinal,Lokeren,1,2,A,0,0,D,1.66,3.4,4.5,1.65,3.45,4.6,1.65,3.4,4.75,1.7,3.3,4,1.72,3.2,4.33,1.67,3.4,4.75,1.65,3.4,4.5,1.62,3.4,5,1.75,3.25,4.1,39,1.75,1.67,3.6,3.37,5,4.57,30,2.1,1.94,1.86,1.78,18,-0.75,2.06,2.01,1.89,1.86
B1,17/03/07,Anderlecht,Waregem,0,0,D,0,0,D,1.25,5,9,1.24,4.9,10,1.22,5,11,1.22,4.8,9.5,1.14,6,12,1.22,5.2,11,1.2,5,11,1.25,4.75,10,1.2,5,11,39,1.27,1.22,6,5.05,12,10.32,26,1.67,1.6,2.3,2.13,15,-1.5,1.89,1.84,2.1,2.02
B1,17/03/07,Bergen,Genk,5,0,H,2,0,H,4,3.25,1.8,4.3,3.4,1.7,4.4,3.2,1.75,4,3.2,1.75,4.33,3.4,1.66,4.2,3.4,1.75,4.2,3.4,1.7,4.5,3.25,1.73,4.1,3.25,1.75,39,5,4.33,3.6,3.34,1.85,1.72,29,1.98,1.81,2,1.91,16,0.5,2.03,1.99,1.9,1.86
B1,17/03/07,Beveren,Lierse,1,1,D,0,0,D,2,3.25,3.3,2,3.25,3.35,2,3.25,3.25,2,3.2,3.1,2.1,3.2,3,2,3.2,3.5,2,3.3,3.1,1.83,3.4,3.75,2,3.4,3.1,39,2.15,1.99,3.4,3.26,3.75,3.32,29,2,1.87,1.94,1.85,17,-0.25,1.9,1.87,2.04,2.02
B1,17/03/07,Club Brugge,FC Brussels,4,1,H,1,0,H,1.3,4.5,8.5,1.3,4.55,8.15,1.3,4.5,8,1.3,4.2,8,1.25,4.5,10,1.3,4.5,9,1.3,4.3,8,1.29,4.5,9,1.28,4.5,8.5,38,1.36,1.31,5,4.41,10,8.47,28,1.81,1.72,2.1,1.97,16,-1.5,2.12,2.05,1.83,1.77
B1,17/03/07,St Truiden,Charleroi,1,1,D,0,0,D,2.5,3.2,2.5,2.45,3.15,2.6,2.5,3.2,2.5,2.4,3,2.6,2.4,3.25,2.5,2.5,3.2,2.6,2.5,3.25,2.4,2.62,3,2.5,2.4,3.1,2.6,39,2.63,2.47,3.35,3.17,2.75,2.56,28,2.14,1.95,1.85,1.77,16,0,1.89,1.96,1.94,1.91
B1,17/03/07,Westerlo,Mouscron,1,0,H,1,0,H,1.66,3.4,4.5,1.65,3.45,4.65,1.67,3.4,4.5,1.75,3.2,4,1.72,3.2,4.5,1.67,3.4,4.75,1.65,3.4,4.5,1.67,3.4,4.5,1.75,3.25,4.1,39,1.85,1.71,3.6,3.35,5,4.39,28,2.01,1.87,1.91,1.85,16,-0.5,1.93,1.93,1.97,1.93
B1,18/03/07,Gent,Cercle Brugge,0,2,A,0,1,A,,,,1.4,4,6.8,1.4,3.75,7.5,1.45,3.8,5.4,1.4,3.75,7,1.4,4,7.25,1.4,3.75,7,1.36,4,8,1.45,3.6,6.5,36,1.45,1.42,4,3.81,8.25,6.94,25,2.04,1.83,2,1.89,15,-1,1.86,1.8,2.1,2.04
B1,18/03/07,Roeselare,Standard,2,3,A,0,1,A,,,,3.9,3.3,1.8,4,3.3,1.75,3.5,3.1,1.9,3.4,3.25,1.9,3.75,3.25,1.91,3.5,3.35,1.85,4,3.25,1.8,4,3.3,1.75,35,4.65,3.8,3.35,3.27,1.91,1.83,24,1.86,1.72,2.1,2.01,15,0.5,2.08,1.57,2.5,2.26
B1,30/03/07,FC Brussels,Gent,1,1,D,1,0,H,3.25,3.3,2,3,3.2,2.15,3,3.25,2.1,2.9,3,2.2,3.2,3,2.1,3.2,3.2,2.1,2.85,3.25,2.15,3.2,3.2,2.05,3,3.2,2.1,38,3.25,3.05,3.4,3.22,2.25,2.11,27,2.05,1.91,1.88,1.8,17,0.25,2.07,2.01,1.9,1.85
B1,31/03/07,Cercle Brugge,Roeselare,1,1,D,0,0,D,1.95,3.25,3.5,1.9,3.3,3.55,1.9,3.25,3.5,1.9,3.1,3.5,2,3.2,3.2,1.91,3.25,3.75,1.95,3.3,3.25,2,3.25,3.25,1.9,3.25,3.5,38,2.05,1.95,3.4,3.25,3.75,3.44,26,2.07,1.91,1.91,1.8,16,-0.5,2.18,2.09,1.8,1.76
B1,31/03/07,Charleroi,Germinal,3,3,D,3,2,H,1.85,3.3,3.75,1.75,3.35,4.1,1.75,3.4,4,1.7,3.2,4.2,1.8,3.2,4,1.85,3.2,4,1.75,3.4,3.9,1.73,3.4,4.2,1.8,3.25,4,38,1.95,1.77,3.4,3.33,4.4,4.07,25,2.08,1.9,1.9,1.81,14,-0.5,2.05,2,1.9,1.87
B1,31/03/07,Lierse,Anderlecht,1,4,A,0,2,A,6,3.75,1.45,6,3.9,1.45,6,3.8,1.45,5.4,3.8,1.45,7,3.75,1.4,6.25,4,1.44,6,3.75,1.45,6,3.6,1.5,6,3.75,1.45,38,7,6.16,4,3.8,1.5,1.45,24,1.78,1.68,2.12,2.02,16,1,2.06,1.97,1.9,1.86
B1,31/03/07,Lokeren,Westerlo,1,1,D,1,0,H,2.2,3.3,2.9,2.4,3.2,2.6,2.35,3.1,2.75,2.2,3,2.9,2.37,3.25,2.5,2.38,3.2,2.7,2.25,3.25,2.7,2.38,3.2,2.62,2.25,3.25,2.7,38,2.4,2.33,3.4,3.21,2.95,2.72,25,2.19,2,1.8,1.72,15,-0.25,2.05,2.01,1.9,1.86
B1,31/03/07,Standard,Beveren,0,0,D,0,0,D,1.2,5.5,10,1.21,5.7,10,1.2,5.5,10,1.2,5,10,1.14,6,12,1.2,5.6,11,1.16,5.5,12,1.18,5.5,12,1.2,5.5,9.5,38,1.23,1.2,6,5.39,13.1,10.81,25,1.6,1.53,2.4,2.23,13,-1.75,2.06,2,1.9,1.87
B1,31/03/07,Waregem,Bergen,1,2,A,0,2,A,1.8,3.25,3.8,1.85,3.25,3.8,1.83,3.3,3.8,1.85,3.1,3.6,1.8,3.2,4,1.85,3.4,3.75,1.85,3.35,3.5,1.8,3.25,4,1.85,3.25,3.7,38,1.95,1.84,3.4,3.28,4.1,3.79,26,2,1.87,1.95,1.85,15,-0.5,1.96,1.91,1.98,1.93
B1,01/04/07,Genk,St Truiden,2,0,H,2,0,H,1.25,5,8.5,1.25,5,9,1.25,4.75,9,1.25,4.5,9,1.28,4.5,8,1.28,4.6,9.5,1.22,4.8,10,1.25,4.75,10,1.25,4.5,10,35,1.33,1.26,5,4.7,11.75,9.3,23,1.6,1.55,2.5,2.17,13,-1.5,2.09,2.02,1.89,1.83
B1,01/04/07,Mouscron,Club Brugge,2,1,H,1,0,H,3.75,3.4,1.85,3.55,3.45,1.85,3.5,3.25,1.9,3.5,3.1,1.9,3.75,3.25,1.8,3.8,3.4,1.83,3.4,3.25,1.9,3.6,3.2,1.91,3.5,3.4,1.85,36,4,3.62,3.4,3.29,2,1.88,24,1.9,1.79,2.05,1.93,15,0.5,1.89,1.83,2.09,2.01
B1,06/04/07,Anderlecht,Standard,1,0,H,1,0,H,1.66,3.4,4.75,1.75,3.3,4.25,1.8,3.25,4,1.8,3.2,3.7,1.72,3.4,4,1.7,3.4,4.5,1.75,3.35,4,1.8,3.25,4,1.75,3.25,4,37,1.8,1.77,3.6,3.3,4.8,4.15,25,1.94,1.83,2,1.89,14,-0.75,2.12,2.06,1.86,1.77
B1,07/04/07,Bergen,Lierse,1,1,D,1,1,D,1.65,3.5,4.5,1.7,3.35,4.5,1.65,3.5,4.5,1.6,3.4,4.6,1.57,3.5,5,1.67,3.5,4.6,1.65,3.5,4.3,1.62,3.4,5,,,,34,1.7,1.63,3.6,3.45,6,4.81,24,1.93,1.8,2.02,1.92,11,-0.75,2,1.96,1.93,1.9
B1,07/04/07,Beveren,Cercle Brugge,1,1,D,1,0,H,2.1,3.25,3.1,2.3,3.25,2.7,2.3,3.2,2.7,2.3,3.1,2.6,2.25,3.2,2.75,2.3,3.2,2.8,2.3,3.25,2.6,2.3,3.25,2.75,2.2,3.4,2.7,35,2.35,2.26,3.4,3.22,3.1,2.8,24,2.17,1.97,1.8,1.72,13,-0.25,1.96,1.93,1.96,1.93
B1,07/04/07,Club Brugge,Lokeren,2,2,D,0,1,A,1.3,4.33,8.5,1.25,4.9,9.35,1.3,4.5,8.5,1.27,4.5,8,1.25,4.5,10,1.3,4.5,9,1.3,4.3,8,1.3,4.33,9,1.3,4.35,8,35,1.33,1.29,4.85,4.49,10,8.67,24,1.7,1.66,2.15,2.03,13,-1.5,2.04,2,1.89,1.84
B1,07/04/07,Mouscron,FC Brussels,2,2,D,1,0,H,1.9,3.25,3.6,2.05,3.1,3.35,2,3.2,3.3,1.9,3.2,3.4,1.9,3,3.75,2,3.25,3.4,1.9,3.3,3.4,2,3.25,3.25,1.9,3,3.75,34,2,1.95,3.35,3.21,3.8,3.49,24,2.03,1.9,1.9,1.82,13,-0.5,2.05,2.01,1.88,1.86
B1,07/04/07,Roeselare,Gent,1,3,A,0,1,A,2.87,3.2,2.25,2.7,3.15,2.35,2.65,3.2,2.35,2.6,3.1,2.3,2.6,3.2,2.37,2.7,3.2,2.38,2.7,3.25,2.25,2.62,3.2,2.38,2.5,3.25,2.35,35,2.9,2.69,3.3,3.18,2.4,2.35,25,2,1.83,2,1.89,13,0,2.17,2.03,1.79,1.75
B1,07/04/07,St Truiden,Zulte Waregem,2,2,D,0,1,A,2,3.3,3.2,2.05,3.15,3.25,2.1,3.2,3.1,2.1,3.1,3,2,3.2,3.2,2.1,3.2,3.2,2.1,3.25,2.95,2.1,3.25,3.1,2,3.2,3.2,35,2.15,2.09,3.3,3.2,3.25,3.13,25,2.05,1.9,1.9,1.83,14,-0.25,1.93,1.88,2.04,1.99
B1,08/04/07,Germinal,Genk,2,1,H,1,0,H,3.5,3.25,1.9,3.3,3.25,2,3.5,3.25,1.9,3.4,3.2,1.9,3.6,3.4,1.8,3.75,3.25,1.91,3.4,3.3,1.9,4,3.2,1.83,3.4,3.25,1.9,31,4,3.51,3.4,3.24,2,1.93,20,1.75,1.66,2.17,2.05,12,0.5,1.89,1.84,2.04,2.02
B1,08/04/07,Westerlo,Charleroi,0,1,A,0,1,A,2.1,3.2,3.1,2.2,3.15,2.95,2.2,3.2,2.9,2.2,3.1,2.8,2.1,3.2,3,2.2,3.2,3,2.15,3.25,2.85,2.2,3.25,2.88,2.1,3.25,2.9,34,2.3,2.19,3.3,3.2,3.1,2.94,24,2.1,1.94,1.9,1.79,13,0,1.65,1.61,2.32,2.17
B1,13/04/07,Cercle Brugge,Anderlecht,0,1,A,0,1,A,6,3.5,1.53,6,3.8,1.5,5.5,3.5,1.55,4.8,3.5,1.55,4.5,3.6,1.6,5,3.5,1.62,4.6,3.5,1.6,5.75,3.5,1.53,5,3.5,1.55,32,6.3,5.28,4.1,3.57,1.62,1.56,25,1.95,1.83,2,1.9,16,1,1.94,1.87,2,1.95
B1,14/04/07,FC Brussels,Roeselare,6,2,H,3,0,H,1.9,3.3,3.4,2.1,3.1,3.2,2,3.2,3.3,1.9,3.1,3.5,2,3.2,3.2,2.1,3.2,3.2,2,3.25,3.15,2,3.2,3.4,2,3.2,3.25,31,2.2,2.03,3.3,3.21,3.65,3.27,25,2.06,1.9,1.9,1.84,15,-0.25,1.78,1.76,2.22,2.13
B1,14/04/07,Genk,Westerlo,3,1,H,2,0,H,1.3,4.33,8,1.25,5,9,1.3,4.5,8,1.35,4,7,1.36,3.75,8,1.3,4.6,8.5,1.3,4.3,8,1.3,4.33,9,1.3,4.35,8,31,1.36,1.3,5,4.43,10,8.24,24,1.8,1.67,2.17,2.06,14,-1.5,2.08,1.99,1.9,1.81
B1,14/04/07,Lierse,St Truiden,0,0,D,0,0,D,2.2,3.25,2.8,2.15,3.2,3,2.2,3.2,2.9,2.3,3,2.7,2.37,3.2,2.6,2.25,3.2,2.88,2.2,3.4,2.65,2.38,3.2,2.62,2.2,3.25,2.8,31,2.38,2.24,3.4,3.24,3,2.81,24,2.14,1.95,1.85,1.79,15,-0.25,2.08,2.04,1.9,1.84
B1,14/04/07,Lokeren,Mouscron,1,1,D,0,0,D,1.95,3.2,3.5,2.05,3.2,3.2,2,3.2,3.3,2,3,3.3,2,3.2,3.2,2,3.2,3.5,2,3.2,3.2,2,3.25,3.25,2,3.25,3.25,31,2.2,2.01,3.3,3.2,3.7,3.32,24,2.02,1.89,1.9,1.84,14,-0.5,2.1,2.07,1.85,1.83
B1,14/04/07,Standard,Bergen,1,0,H,1,0,H,1.33,4.33,7.5,1.3,4.5,8.25,1.3,4.5,8,1.35,4,7,1.36,3.75,8,1.33,4.5,8,1.3,4.3,8,1.25,4.75,10,1.35,4,7.5,31,1.36,1.32,4.75,4.33,10,7.99,24,1.78,1.68,2.17,2.05,14,-1.5,1.99,1.93,1.97,1.89
B1,14/04/07,Waregem,Germinal,0,2,A,0,0,D,2.1,3.2,3.1,2.1,3.2,3.1,2.1,3.2,3.1,2.1,3,3.1,2,3.2,3.2,2.2,3.2,3,2.15,3.2,2.9,2.2,3.2,2.88,2.2,3.25,2.8,31,2.25,2.14,3.3,3.21,3.2,3.01,25,2.03,1.9,1.91,1.84,14,-0.25,1.99,1.96,1.94,1.91
B1,15/04/07,Charleroi,Club Brugge,1,1,D,0,0,D,2.3,3.2,2.75,2.55,3.1,2.6,2.5,3.1,2.6,2.4,3,2.6,2.4,3.25,2.5,2.5,3.2,2.6,2.5,3.25,2.4,2.6,3.2,2.4,2.35,3.1,2.6,28,2.65,2.45,3.35,3.17,2.75,2.57,22,2.01,1.86,1.96,1.87,13,0,1.87,1.79,2.15,2
B1,15/04/07,Gent,Beveren,2,1,H,2,0,H,1.33,4.33,7.5,1.3,4.75,7.8,1.3,4.5,8,1.33,4,7.5,1.22,5,10,1.3,4.6,8.5,1.3,4.3,8,1.3,4.33,9,1.35,4,7.5,28,1.35,1.3,5,4.44,10,8.32,21,1.78,1.67,2.15,2.07,13,-1.5,2.06,1.98,1.91,1.83
B1,20/04/07,Germinal,Lierse,2,3,A,1,0,H,1.55,3.6,5.25,1.5,3.55,6.25,1.55,3.5,5.5,1.6,3.5,4.2,1.44,3.75,6,1.57,3.5,5.5,1.65,3.6,4.2,1.62,3.4,5.25,1.55,3.5,5,34,1.61,1.56,3.75,3.55,6.5,5.31,24,1.81,1.72,2.13,2,12,-1,2.08,2.03,1.85,1.81
B1,21/04/07,Bergen,Cercle Brugge,1,0,H,0,0,D,1.95,3.3,3.4,1.95,3.2,3.5,1.95,3.2,3.5,1.9,3.1,3.5,2,3.2,3.2,2,3.2,3.5,1.95,3.2,3.3,2,3.2,3.4,1.9,3.25,3.4,34,2,1.97,3.3,3.22,3.85,3.38,21,2.14,1.93,1.85,1.78,13,-0.5,2.08,2.04,1.84,1.78
B1,21/04/07,Beveren,Roeselare,2,2,D,1,2,A,2,3.3,3.2,2.15,3.2,3,2.1,3.2,3.1,2,3.1,3.2,2.1,3.4,2.8,2.2,3.2,3,2.1,3.2,3,2.1,3.25,3.2,2.2,3.25,2.75,34,2.2,2.1,3.4,3.21,3.25,3.06,21,2,1.85,1.9,1.86,12,-0.25,1.88,1.85,2.04,2.01
B1,21/04/07,Lokeren,FC Brussels,0,0,D,0,0,D,1.95,3.2,3.4,2.15,3.1,3.1,2.05,3.15,3.25,2.1,2.8,3.3,2,3,3.4,2.1,3.2,3.2,2.1,3,3.2,2.15,3,3.25,2.1,3,3.2,33,2.15,2.09,3.25,3.12,3.55,3.19,21,2.13,1.94,1.9,1.76,12,0,1.6,1.49,2.5,2.34
B1,21/04/07,Mouscron,Charleroi,2,1,H,2,0,H,2.3,3.2,2.7,2.45,3.15,2.6,2.4,3.1,2.7,2.5,3,2.5,2.5,3.2,2.5,2.4,3.2,2.7,2.45,3.1,2.55,2.5,3.1,2.62,2.4,3.1,2.6,34,2.5,2.41,3.3,3.17,2.85,2.62,21,2.02,1.87,1.9,1.84,12,0,1.87,1.78,2.05,1.97
B1,21/04/07,St Truiden,Standard,0,3,A,0,1,A,4,3.4,1.75,4,3.3,1.8,4,3.3,1.8,4.2,3.2,1.7,3.75,3.25,1.8,4,3.25,1.83,3.9,3.35,1.75,4.25,3.4,1.73,4,3.25,1.75,34,4.4,3.96,3.4,3.29,1.91,1.8,21,1.8,1.72,2.1,1.97,12,0.5,2.02,1.96,1.9,1.86
B1,21/04/07,Westerlo,Waregem,4,2,H,1,0,H,1.75,3.25,4.2,1.75,3.3,4.25,1.8,3.3,4,1.85,3.1,3.6,1.73,3.4,4,1.8,3.25,4.2,1.8,3.35,3.7,1.73,3.3,4.25,1.8,3.25,3.75,34,1.85,1.78,3.4,3.26,4.5,4.08,21,1.94,1.78,2.05,1.9,12,-0.5,1.93,1.87,1.99,1.94
B1,22/04/07,Anderlecht,Gent,1,0,H,1,0,H,1.45,3.75,6,1.5,3.6,6,1.5,3.6,6,1.4,3.9,6,1.57,3.5,5,1.53,3.6,5.75,1.5,3.7,5.4,1.53,3.5,6,1.45,3.75,6,34,1.57,1.5,4,3.62,7,5.82,21,1.78,1.7,2.17,1.97,12,-1,1.96,1.92,1.96,1.91
B1,22/04/07,Club Brugge,Genk,0,1,A,0,1,A,2.3,3.2,2.7,2.4,3.25,2.6,2.4,3.25,2.6,2.3,3.2,2.5,2.4,3.25,2.5,2.4,3.2,2.7,2.4,3.25,2.5,2.4,3.2,2.62,2.35,3.2,2.5,31,2.55,2.39,3.35,3.2,2.8,2.6,20,1.75,1.7,2.1,1.98,12,0,1.82,1.74,2.23,1.94
B1,27/04/07,Standard,Germinal,2,2,D,1,1,D,1.36,4,7.5,1.35,4.2,7.5,1.35,4.25,7.5,1.35,4,7,1.36,3.75,8,1.36,4.2,7.5,1.36,4,7,1.33,4.33,8.5,1.4,4,6,36,1.4,1.36,4.5,4.13,9,7.6,21,1.75,1.66,2.21,2.11,12,-1.25,1.96,1.94,1.96,1.94
B1,28/04/07,Cercle Brugge,St Truiden,0,1,A,0,1,A,1.95,3.2,3.4,1.9,3.3,3.55,1.92,3.3,3.5,2,3.1,3.2,1.9,3.4,3.25,1.91,3.25,3.75,1.9,3.4,3.3,1.91,3.2,3.75,2,3.2,3.2,40,2.06,1.93,3.4,3.26,4,3.48,28,2.1,1.96,1.85,1.78,17,-0.5,2.11,2.05,1.87,1.83
B1,28/04/07,Charleroi,Lokeren,4,3,H,2,0,H,1.72,3.3,4.33,1.7,3.35,4.55,1.65,3.4,4.75,1.7,3.2,4.2,1.53,3.5,5.5,1.67,3.4,4.75,1.61,3.5,4.5,1.7,3.2,5,1.6,3.5,4.5,39,1.76,1.67,3.5,3.38,5.5,4.6,26,2.06,1.9,1.95,1.83,16,-0.75,2.13,2.08,1.83,1.81
B1,28/04/07,FC Brussels,Beveren,2,0,H,1,0,H,1.85,3.25,3.75,1.8,3.25,4,1.85,3.3,3.8,1.75,3.3,3.8,1.8,3.25,3.75,1.83,3.25,4,1.8,3.4,3.6,1.91,3,4,1.8,3.25,3.75,38,1.95,1.84,3.35,3.24,4.16,3.84,27,2.08,1.96,1.85,1.79,16,-0.5,2.03,1.96,1.95,1.9
B1,28/04/07,Gent,Bergen,4,1,H,2,1,H,1.36,4,8.5,1.4,4,6.8,1.4,4,6.75,1.4,3.9,6,1.4,3.75,7,1.44,4,6.25,1.4,3.75,7,1.4,4,7,1.4,3.75,7,40,1.6,1.43,4.15,3.83,7.5,6.59,28,1.89,1.79,2.05,1.95,16,-1,2.1,2.03,1.85,1.82
B1,28/04/07,Lierse,Westerlo,1,1,D,0,0,D,2.4,3.2,2.6,2.25,3.2,2.8,2.3,3.25,2.75,,,,2.4,3.25,2.5,2.38,3.2,2.7,2.2,3.4,2.62,2.3,3.3,2.75,2.2,3.4,2.65,34,2.4,2.29,3.46,3.22,3.1,2.73,13,1.95,1.85,1.9,1.81,5,0,1.68,1.65,2.05,2.03
B1,28/04/07,Waregem,Club Brugge,2,1,H,1,1,D,2.55,3.2,2.4,2.65,3.15,2.4,2.75,3.2,2.3,2.9,3,2.2,2.75,3.25,2.2,2.75,3.2,2.35,2.6,3.4,2.25,2.75,3.1,2.4,2.8,3.4,2.1,39,2.9,2.64,3.4,3.18,2.67,2.4,27,1.92,1.82,2.01,1.91,16,0,1.99,1.91,1.99,1.89
B1,29/04/07,Genk,Mouscron,3,2,H,1,0,H,1.28,4.5,8.5,1.23,5,10,1.25,5,9,1.2,5,10,1.2,5,11,1.25,5,10,1.25,4.5,9.5,1.25,5,10,1.2,5.5,9,39,1.29,1.24,5.5,4.96,11,9.26,28,1.63,1.54,2.4,2.26,14,-1.5,1.88,1.84,2.08,2.02
B1,29/04/07,Roeselare,Anderlecht,0,5,A,0,4,A,6.5,3.75,1.44,6.35,3.75,1.45,6.5,3.8,1.44,6,3.9,1.4,6,3.4,1.5,6,3.75,1.5,7,3.8,1.4,7,3.75,1.44,5.5,3.6,1.5,39,7.5,6.52,4.2,3.77,1.5,1.43,27,1.7,1.61,2.3,2.14,16,1.25,1.85,1.82,2.09,2.05
B1,04/05/07,Lokeren,Genk,0,1,A,0,1,A,5,3.6,1.57,4.85,3.55,1.6,5,3.5,1.6,4.6,3.4,1.6,5,3.5,1.57,5.25,3.6,1.57,4.5,3.6,1.6,5,3.4,1.62,5,3.5,1.55,37,5.5,4.96,3.8,3.51,1.7,1.6,24,1.9,1.7,2.25,1.99,15,0.75,1.99,1.93,1.96,1.93
B1,05/05/07,Bergen,Roeselare,6,1,H,3,1,H,1.72,3.4,4.2,1.8,3.25,4.1,1.85,3.25,3.75,1.8,3.2,3.7,1.8,3.2,4,1.8,3.4,4,1.8,3.3,3.75,1.83,3.25,4,1.75,3.3,4,35,1.87,1.78,3.55,3.28,5.25,4.05,22,1.9,1.79,2.02,1.93,15,-0.5,1.85,1.82,2.14,2.02
B1,05/05/07,Charleroi,FC Brussels,1,0,H,0,0,D,1.7,3.5,4.2,1.65,3.6,4.4,1.65,3.5,4.5,1.6,3.4,4.6,1.57,3.5,5,1.67,3.5,4.6,1.6,3.5,4.6,1.67,3.5,4.5,1.65,3.5,4.35,35,1.75,1.66,3.6,3.44,5,4.56,22,1.98,1.87,1.93,1.86,15,-0.75,2.07,2.03,1.88,1.85
B1,05/05/07,Club Brugge,Lierse,4,0,H,1,0,H,1.4,4,6.5,1.4,4,6.8,1.4,4,6.5,,,,1.28,4.5,8,1.4,4.2,6.75,1.4,4.2,5.9,1.4,4,6.5,1.45,3.75,6,34,1.45,1.41,4.75,3.99,8,6.55,21,1.74,1.66,2.2,2.06,15,-1.25,2.02,1.97,1.97,1.9
B1,05/05/07,Germinal,Cercle Brugge,1,0,H,0,0,D,1.72,3.5,4,1.8,3.3,4,1.75,3.25,4.25,1.8,3.2,3.7,1.7,3.2,4.5,1.8,3.25,4.2,1.75,3.35,3.9,1.75,3.25,4.33,1.75,3.25,4,35,1.8,1.76,3.5,3.31,4.4,4.08,22,1.94,1.82,1.99,1.9,14,-0.5,1.84,1.83,2.1,2.05
B1,05/05/07,Mouscron,Waregem,3,0,H,2,0,H,2.05,3.25,3.1,2.05,3.15,3.25,2.05,3.2,3.2,1.9,3.2,3.4,2,3.2,3.2,2.1,3.2,3.2,1.95,3.25,3.3,1.91,3.25,3.6,1.95,3.25,3.2,35,2.15,2.02,3.4,3.24,3.6,3.24,22,1.9,1.8,2.02,1.93,14,0,1.59,1.49,2.55,2.39
B1,05/05/07,St Truiden,Gent,0,1,A,0,0,D,3.2,3.2,2.05,2.9,3.2,2.2,3.1,3.25,2.05,,,,3.4,3.25,1.9,3.2,3.2,2.1,3.1,3.3,2,3.25,3.25,2.05,3.2,3.25,2,34,3.5,3.18,3.4,3.24,2.15,2.04,22,2.02,1.89,1.9,1.83,14,0.25,2.01,1.98,1.93,1.9
B1,06/05/07,Anderlecht,Beveren,8,1,H,3,0,H,1.16,5.5,13,1.15,6,13,1.15,6,13,1.12,6.5,13,1.1,6.5,17,1.17,6,13,1.12,6,15,1.14,6,13,1.14,6,13,30,1.17,1.14,7,6.13,17,13.55,20,1.55,1.48,2.5,2.37,11,-2.25,1.95,1.88,2.03,1.99
B1,06/05/07,Westerlo,Standard,1,1,D,1,0,H,3.25,3.25,2,3.15,3.15,2.1,3.2,3.2,2.05,3.4,3.2,1.9,3,3.4,2,3.1,3.2,2.15,3.1,3.3,2,3.25,3.25,2.05,3.2,3.2,2,32,3.4,3.19,3.4,3.22,2.15,2.04,22,1.97,1.83,1.96,1.89,12,0.25,2.03,1.99,1.91,1.88
B1,11/05/07,Cercle Brugge,Westerlo,4,1,H,2,1,H,2.37,3.1,2.62,2.35,3.1,2.75,2.3,3.2,2.7,2.4,3.2,2.4,2.4,3.25,2.5,2.4,3.1,2.75,2.35,3.1,2.65,2.25,3.1,2.88,2.3,3.1,2.7,36,2.5,2.38,3.3,3.15,2.88,2.66,23,2.14,1.96,1.85,1.74,13,0,1.87,1.81,2.1,2.02
B1,12/05/07,Anderlecht,FC Brussels,6,0,H,2,0,H,1.14,6,11,1.12,7,13,1.14,6,14,1.12,6.5,13,1.14,6,12,1.13,6.5,15,1.14,6,12,1.14,6.5,13,1.1,7,13,34,1.15,1.13,7.5,6.52,15,13.36,23,1.53,1.42,2.75,2.56,11,-2,2.14,2.05,1.85,1.8
B1,12/05/07,Beveren,Bergen,0,0,D,0,0,D,1.75,3.3,4,1.9,3.25,3.6,1.9,3.25,3.6,1.75,3.3,3.8,1.9,3.2,3.5,1.91,3.3,3.6,1.9,3.35,3.3,1.8,3.2,4.33,1.85,3.4,3.4,33,2,1.86,3.4,3.28,4.33,3.67,24,1.91,1.81,2,1.93,13,-0.5,2.06,1.98,1.98,1.87
B1,12/05/07,Genk,Charleroi,0,2,A,0,1,A,1.33,4.33,7,1.3,4.5,8.25,1.3,4.5,8,1.33,4,7.5,1.33,4.33,7,1.33,4.5,8,1.3,4.5,7.5,1.3,4.33,8.5,1.33,4.35,7,33,1.38,1.32,4.6,4.36,9,7.94,23,1.63,1.58,2.27,2.18,11,-1.25,1.93,1.9,2.02,1.99
B1,12/05/07,Gent,Germinal,1,2,A,0,2,A,1.44,3.75,6,1.45,3.8,6.2,1.45,3.75,6.25,1.4,3.9,6,1.44,3.6,6.5,1.5,3.75,6,1.45,3.8,5.9,1.5,3.5,6.5,1.4,3.75,6.5,34,1.65,1.46,4,3.75,7,6.13,23,1.7,1.66,2.19,2.04,12,-0.75,1.89,1.85,2.05,2.03
B1,12/05/07,Lierse,Mouscron,3,3,D,1,0,H,1.85,3.4,3.6,1.9,3.4,3.4,1.85,3.4,3.6,1.75,3.3,3.8,1.9,3.4,3.25,1.91,3.3,3.6,1.9,3.5,3.2,1.83,3.4,3.75,1.85,3.3,3.5,34,2,1.87,3.5,3.35,3.9,3.56,23,1.8,1.71,2.14,2,12,-0.5,1.95,1.91,2,1.93
B1,12/05/07,Roeselare,St Truiden,3,2,H,1,1,D,2,3.2,3.3,2,3.2,3.35,2,3.2,3.3,1.9,3.3,3.3,1.9,3.25,3.4,1.95,3.2,3.6,1.95,3.25,3.3,1.95,3.25,3.4,2,3.2,3.2,33,2.1,1.98,3.35,3.22,3.45,3.32,23,1.76,1.71,2.16,2,13,-0.5,2.17,2.11,1.79,1.74
B1,12/05/07,Standard,Club Brugge,1,0,H,1,0,H,1.85,3.25,3.6,1.85,3.3,3.75,1.8,3.4,3.75,1.85,3.3,3.4,1.7,3.5,4,1.8,3.4,4,1.75,3.35,3.9,1.75,3.4,4,1.73,3.25,4.35,34,1.95,1.81,3.5,3.33,4.35,3.82,24,1.93,1.82,1.98,1.91,13,-0.5,1.98,1.89,2.05,1.95
B1,12/05/07,Waregem,Lokeren,1,1,D,0,1,A,2.25,3,3,2.25,3,3,2.2,3,3,2.2,3.2,2.7,2.1,3.2,3,2.25,2.88,3.2,2.3,3.1,2.75,2.38,2.88,2.88,2.3,3.1,2.7,33,2.38,2.25,3.35,3.12,3.1,2.88,23,1.76,1.72,2.14,1.98,11,-0.25,2.12,2.07,1.86,1.82
B1,18/05/07,Germinal,Roeselare,3,0,H,1,0,H,1.53,3.75,5.25,1.65,3.4,4.75,1.65,3.4,4.75,1.6,3.4,4.6,,,,1.62,3.5,5,1.65,3.4,4.5,1.62,3.5,5,1.55,3.5,5,34,1.7,1.6,4.1,3.53,6.1,4.96,27,1.67,1.59,2.5,2.18,15,-0.75,1.74,1.73,2.26,2.17
B1,19/05/07,Bergen,Anderlecht,3,1,H,2,0,H,3.5,3.3,1.9,3.35,3.25,2,3.1,3.25,2.1,2.8,3.1,2.2,,,,3.4,3.25,2,3,3.2,2.1,3.4,3.25,2,2.9,3.25,2.1,34,3.5,3.26,3.35,3.25,2.2,2.02,22,1.7,1.68,2.18,2.04,13,0.5,1.85,1.82,2.13,2.08
B1,19/05/07,Charleroi,Waregem,2,1,H,1,0,H,1.44,4,6,1.35,4.25,7.4,1.36,4.25,7,1.35,4,7,,,,1.36,4,8.5,1.35,4.2,7,1.4,4,7,1.33,4.35,7,34,1.51,1.39,4.5,4.05,7.6,6.83,22,1.67,1.64,2.2,2.08,14,-1,1.88,1.82,2.11,2.03
B1,19/05/07,Club Brugge,Cercle Brugge,3,3,D,1,1,D,1.5,3.5,6,1.5,3.55,6.25,1.48,3.6,6.25,1.45,3.8,5.4,,,,1.5,3.75,6,1.5,3.6,5.5,1.5,3.6,6,1.5,3.4,6,34,1.55,1.5,3.8,3.61,7.6,5.92,22,1.75,1.67,2.17,2.05,14,-1,2.07,1.99,1.9,1.87
B1,19/05/07,FC Brussels,Genk,3,1,H,1,1,D,3,3.3,2.05,2.9,3.2,2.2,2.9,3.25,2.2,2.8,3.1,2.2,,,,3,3.2,2.2,2.75,3.25,2.2,2.88,3.25,2.2,2.8,3.2,2.2,33,3.1,2.9,3.3,3.23,2.3,2.18,23,1.83,1.75,2.2,2,14,0.25,2.03,1.97,1.94,1.92
B1,19/05/07,Lokeren,Lierse,1,4,A,0,2,A,2.2,3.4,2.75,2.5,3.5,2.35,2.4,3.4,2.5,2.4,3.2,2.4,,,,2.62,3.5,2.3,,,,2.62,3.5,2.25,2.4,3.5,2.35,32,2.63,2.38,3.6,3.37,2.8,2.54,23,1.97,1.84,1.98,1.89,14,-0.25,2.13,2.08,1.83,1.81
B1,19/05/07,Mouscron,Standard,2,0,H,2,0,H,2.6,3.2,2.37,2.5,3.2,2.5,2.6,3.25,2.4,2.4,3.2,2.4,,,,2.7,3.2,2.38,2.5,3.25,2.4,2.62,3.25,2.38,2.5,3.2,2.4,34,2.85,2.63,3.35,3.23,2.5,2.37,22,1.75,1.68,2.1,2.02,14,0.25,1.9,1.87,2.04,2.02
B1,19/05/07,St Truiden,Beveren,3,2,H,1,1,D,2.15,3.4,2.8,2.35,3.4,2.55,2.4,3.4,2.5,2.5,3.2,2.3,,,,2.38,3.2,2.7,,,,2.4,3.4,2.5,2.35,3.5,2.4,32,2.5,2.23,3.5,3.31,3.2,2.75,23,1.9,1.81,2.06,1.92,13,-0.25,2,1.92,2.04,1.98
B1,19/05/07,Westerlo,Gent,1,1,D,0,0,D,3.1,3.3,2.05,2.9,3.2,2.2,2.9,3.25,2.2,3.3,2.8,2.1,,,,2.88,3.25,2.25,2.9,3.1,2.2,2.88,3.25,2.2,2.75,3.25,2.2,34,3.3,2.91,3.3,3.2,2.3,2.2,22,1.75,1.7,2.31,2.01,13,0.25,1.94,1.92,2.01,1.97
