Div,Date,HomeTeam,AwayTeam,FTHG,FTAG,FTR,HTHG,HTAG,HTR,HS,AS,HST,AST,HF,AF,HC,AC,HY,AY,HR,AR,B365H,B365D,B365A,BWH,BWD,BWA,GBH,GBD,GBA,IWH,IWD,IWA,LBH,LBD,LBA,SBH,SBD,SBA,WHH,WHD,WHA,SJH,SJD,SJA,VCH,VCD,VCA,BSH,BSD,BSA,Bb1X2,BbMxH,BbAvH,BbMxD,BbAvD,BbMxA,BbAvA,BbOU,BbMx>2.5,BbAv>2.5,BbMx<2.5,BbAv<2.5,BbAH,BbAHh,BbMxAHH,BbAvAHH,BbMxAHA,BbAvAHA,,,
D1,20/08/10,Bayern Munich,Wolfsburg,2,1,H,1,0,H,17,11,5,5,6,25,9,3,1,3,0,0,1.57,4,5.5,1.55,3.8,5.8,1.6,3.75,5.5,1.6,3.6,5,1.62,3.75,5.5,1.55,3.75,5.25,1.57,3.8,6,1.62,3.75,5.5,1.57,3.5,6.5,1.57,4,5.5,32,1.62,1.55,4.28,3.93,6.95,5.97,23,1.6,1.55,2.47,2.33,17,0,1.25,1.19,5.35,4.3,,,
D1,21/08/10,FC Koln,Kaiserslautern,1,3,A,1,0,H,10,17,4,6,10,25,5,6,1,2,1,0,2.1,3.4,3.4,2.15,3.3,3.2,2.15,3.3,3.25,2.1,3.3,3.1,2.1,3.4,3.4,2.1,3.25,3.2,2.2,3.2,3.3,2.2,3.2,3.4,2.25,3.12,3.25,2.1,3.3,3.3,33,2.27,2.16,3.45,3.29,3.56,3.3,29,2.16,2.04,1.8,1.73,21,0,1.63,1.54,2.52,2.39,,,
D1,21/08/10,Freiburg,St Pauli,1,3,A,0,0,D,9,17,3,7,12,13,3,6,0,0,0,0,2.2,3.3,3.25,2.2,3.3,3.1,2.2,3.3,3.1,2.2,3.3,2.9,2.2,3.4,3.2,2.1,3.25,3.2,2.25,3.25,3.2,2.2,3.4,3.2,2.15,3.3,3.2,2.25,3.3,3,34,2.34,2.21,3.42,3.29,3.4,3.17,31,2,1.87,1.95,1.88,21,0,1.69,1.6,2.36,2.25,,,
D1,21/08/10,Hamburg,Schalke 04,2,1,H,0,0,D,18,13,6,4,11,17,7,4,2,0,0,1,2.38,3.4,2.88,2.35,3.3,2.85,2.3,3.25,3,2.3,3.2,2.8,2.38,3.4,2.9,2.3,3.25,2.85,2.3,3.3,3.1,2.4,3.25,3,2.4,3.25,2.88,2.38,3.25,2.88,33,2.4,2.31,3.48,3.28,3.36,3,31,2.03,1.94,1.9,1.82,21,0,1.71,1.65,2.35,2.17,,,
D1,21/08/10,Hannover,Ein Frankfurt,2,1,H,1,1,D,13,17,7,3,9,14,2,6,0,1,0,0,2.6,3.25,2.7,2.6,3.2,2.6,2.7,3.1,2.6,2.3,3.3,2.75,2.5,3.3,2.75,2.55,3.2,2.55,2.62,3.2,2.7,2.6,3.25,2.75,2.75,3.25,2.5,2.5,3.25,2.7,33,2.86,2.63,3.36,3.25,2.75,2.62,31,1.96,1.87,1.97,1.88,26,0,2.03,1.91,1.92,1.87,,,
D1,21/08/10,Hoffenheim,Werder Bremen,4,1,H,4,1,H,10,10,7,2,24,16,5,5,1,2,0,0,2.88,3.4,2.38,2.7,3.3,2.45,2.7,3.3,2.5,2.5,3.3,2.5,2.8,3.4,2.4,2.65,3.25,2.4,2.7,3.4,2.5,2.88,3.4,2.4,2.62,3.25,2.6,2.8,3.3,2.38,33,2.88,2.74,3.5,3.32,2.67,2.48,25,1.62,1.59,2.39,2.27,25,0,2.01,1.95,1.93,1.82,,,
D1,21/08/10,M'gladbach,Nurnberg,1,1,D,1,1,D,12,10,5,5,15,18,6,5,1,1,0,0,1.91,3.4,4,1.9,3.3,3.95,1.9,3.4,3.9,2,3.3,3.3,1.91,3.5,4,1.85,3.25,4,1.91,3.4,4,1.91,3.4,4,1.91,3.25,4,1.85,3.4,4,34,2.02,1.93,3.54,3.37,4.2,3.92,31,1.96,1.9,1.95,1.85,17,0,1.46,1.39,3,2.79,,,
D1,22/08/10,Dortmund,Leverkusen,0,2,A,0,2,A,14,15,6,4,20,13,8,1,0,0,0,0,2.38,3.4,2.88,2.35,3.3,2.85,2.35,3.25,2.9,2.3,3.3,2.75,2.38,3.4,2.88,2.35,3.25,2.8,2.5,3.3,2.8,2.4,3.2,3,2.5,3.25,2.75,2.3,3.3,2.9,33,2.5,2.38,3.46,3.29,3.05,2.9,30,1.84,1.76,2.1,2.01,20,0,1.77,1.69,2.21,2.09,,,
D1,22/08/10,Mainz,Stuttgart,2,0,H,1,0,H,17,14,6,5,16,13,5,4,4,1,0,0,3.1,3.4,2.25,3.1,3.3,2.2,3.2,3.25,2.2,3,3.2,2.2,3,3.4,2.3,2.85,3.3,2.25,3.1,3.3,2.3,2.88,3.4,2.38,3.2,3.3,2.2,3,3.3,2.25,32,3.36,3.13,3.48,3.31,2.35,2.24,31,1.96,1.87,1.96,1.88,20,0,2.39,2.22,1.68,1.62,,,
D1,27/08/10,Kaiserslautern,Bayern Munich,2,0,H,2,0,H,11,20,2,3,24,13,7,7,0,1,1,0,7,4.33,1.44,6.5,4.2,1.45,6.25,4,1.5,5.3,3.9,1.53,7,4,1.5,6.5,4.33,1.4,7,4.4,1.44,7,4,1.5,5.5,4.4,1.5,6.5,4.2,1.44,32,7.5,6.67,4.51,4.19,1.53,1.48,27,1.75,1.64,2.3,2.19,16,1,2.09,2.04,1.87,1.83,,,
D1,28/08/10,Ein Frankfurt,Hamburg,1,3,A,1,0,H,12,14,7,4,12,12,4,6,2,1,0,0,3.1,3.5,2.2,3.1,3.3,2.2,3.1,3.5,2.15,2.8,3.2,2.3,3.1,3.3,2.25,3,3.3,2.15,2.9,3.3,2.25,3.25,3.5,2.1,3.12,3.25,2.25,3,3.3,2.25,34,3.49,3.16,3.66,3.34,2.3,2.19,29,1.78,1.71,2.25,2.08,21,0,2.52,2.28,1.67,1.59,,,
D1,28/08/10,Nurnberg,Freiburg,1,2,A,1,1,D,17,5,4,3,12,28,4,2,2,1,0,0,1.91,3.4,4,1.9,3.4,3.8,1.95,3.3,3.8,2,3.3,3.3,1.91,3.4,4,1.91,3.3,3.6,2,3.3,3.4,1.91,3.4,4,1.85,3.4,4,2,3.3,3.6,31,2.04,1.95,3.55,3.37,4.17,3.81,26,2.16,2.03,1.8,1.74,15,-0.5,2.04,1.99,1.92,1.87,,,
D1,28/08/10,Schalke 04,Hannover,1,2,A,0,1,A,15,11,5,4,10,22,15,1,2,2,0,0,1.33,4.75,10,1.33,4.75,8.5,1.33,4.75,9,1.35,4.5,7.3,1.33,5,9,1.29,4.5,10,1.35,4.6,7.5,1.33,5,10,1.4,4.6,7,1.3,5,9,33,1.43,1.35,5.2,4.64,10.7,8.85,28,1.76,1.68,2.23,2.12,14,-1.25,2.01,1.96,1.95,1.9,,,
D1,28/08/10,St Pauli,Hoffenheim,0,1,A,0,0,D,12,8,4,3,16,16,5,9,2,0,0,0,3.2,3.4,2.2,3.05,3.35,2.2,3.2,3.4,2.1,2.7,3.3,2.3,3.2,3.4,2.2,3.2,3.3,2.05,3,3.25,2.2,3,3.4,2.3,3,3.3,2.3,3.2,3.3,2.15,33,3.41,3.19,3.67,3.34,2.3,2.18,27,1.73,1.67,2.3,2.14,20,0,2.41,2.28,1.67,1.59,,,
D1,28/08/10,Werder Bremen,FC Koln,4,2,H,2,1,H,17,11,9,5,14,18,6,7,1,2,0,0,1.4,4.75,7,1.35,4.65,8,1.4,4.33,7.5,1.35,4.5,7.3,1.4,4.33,8,1.35,4.5,7.5,1.35,4.6,7.5,1.4,4.5,8,1.4,4.5,7,1.4,4.33,7.5,33,1.45,1.4,4.95,4.47,8.5,7.43,24,1.57,1.5,2.61,2.48,15,0,1.15,1.12,6.8,5.56,,,
D1,28/08/10,Wolfsburg,Mainz,3,4,A,3,1,H,8,13,4,4,11,19,5,5,3,3,0,0,1.57,4,5.5,1.6,3.8,5.2,1.6,3.75,5.25,1.65,3.5,4.6,1.57,4,5.5,1.55,3.75,5.25,1.6,3.75,5,1.57,4,5.75,1.57,3.8,5.5,1.62,3.6,5.5,33,1.65,1.58,4.32,3.83,6.23,5.56,23,1.61,1.54,2.55,2.37,15,0,1.27,1.21,4.56,4.01,,,
D1,29/08/10,Leverkusen,M'gladbach,3,6,A,1,3,A,12,16,6,10,12,11,4,8,1,1,0,0,1.36,4.75,8,1.4,4.5,7,1.4,4.33,7.5,1.45,3.9,6.5,1.4,4.33,8,1.35,4.5,7.5,1.35,4.6,7.5,1.4,4.5,8,1.36,4.5,8.5,1.4,4.33,7.5,34,1.45,1.38,5.09,4.47,9.23,7.97,21,1.6,1.55,2.48,2.34,14,0,1.13,1.1,7.2,6.03,,,
D1,29/08/10,Stuttgart,Dortmund,1,3,A,0,3,A,11,16,5,9,16,18,7,3,0,2,0,0,2.2,3.3,3.25,2.25,3.3,3,2.2,3.2,3.2,2.4,3.2,2.7,2.25,3.3,3.1,2.2,3.2,3,2.2,3.3,3,2.38,3.25,3,2.38,3.2,2.88,2.2,3.25,3.1,33,2.54,2.35,3.4,3.25,3.2,2.95,30,1.86,1.78,2.06,2,21,0,1.83,1.69,2.22,2.11,,,
D1,10/09/10,Hoffenheim,Schalke 04,2,0,H,1,0,H,23,14,8,5,18,16,3,6,1,1,0,0,2.4,3.3,2.88,2.4,3.3,2.75,2.4,3.3,2.8,2.5,3.3,2.5,2.4,3.4,2.8,2.45,3.2,2.65,2.38,3.2,2.8,2.4,3.4,2.88,2.38,3.4,3,2.5,3.3,2.8,28,2.46,2.38,3.5,3.33,3.14,2.92,25,1.83,1.76,2.14,2.03,19,0,1.77,1.72,2.24,2.1,,,
D1,11/09/10,Bayern Munich,Werder Bremen,0,0,D,0,0,D,14,13,7,3,14,13,11,4,0,0,0,0,1.57,4,5.5,1.53,4,5.6,1.55,4,5.5,1.6,3.6,5,1.62,3.75,5.5,1.6,3.6,5,1.6,3.8,4.8,1.5,4,6,1.53,4.2,6.5,1.62,3.8,5,29,1.62,1.56,4.45,3.97,6.6,5.64,18,1.45,1.43,2.85,2.69,14,-1,1.93,1.89,2.03,1.96,,,
D1,11/09/10,Dortmund,Wolfsburg,2,0,H,0,0,D,20,6,10,1,18,23,4,0,2,3,0,0,2.1,3.5,3.25,2.15,3.3,3.2,2.15,3.2,3.25,2.1,3.3,3.1,2.2,3.3,3.3,2.2,3.25,2.95,2.1,3.4,3.1,2,3.6,3.5,2.1,3.5,3.5,2.15,3.25,3.25,28,2.2,2.14,3.66,3.37,3.5,3.29,18,1.65,1.6,2.38,2.24,18,0,1.61,1.55,2.6,2.39,,,
D1,11/09/10,Freiburg,Stuttgart,2,1,H,0,1,A,19,18,5,8,20,17,6,7,1,1,0,0,3.4,3.4,2.1,3.3,3.3,2.1,3.4,3.25,2.1,2.9,3.3,2.2,3.3,3.3,2.2,3.1,3.3,2.1,3.1,3.3,2.15,3.2,3.4,2.2,3.5,3.5,2.1,3.3,3.3,2.1,29,3.57,3.34,3.57,3.34,2.2,2.13,26,1.91,1.83,2.05,1.95,17,0,2.52,2.41,1.6,1.54,,,
D1,11/09/10,Hamburg,Nurnberg,1,1,D,0,0,D,7,10,2,3,12,18,4,2,3,3,0,0,1.36,4.75,8.5,1.34,4.75,8,1.35,4.75,8,1.4,4.1,7,1.36,4.5,9,1.33,4.5,8,1.36,4.75,6.5,1.33,5,9,1.36,5,9,1.33,4.75,8.5,28,1.4,1.36,5.16,4.65,9.33,8.32,19,1.55,1.53,2.56,2.4,12,0,1.12,1.1,7,6.33,,,
D1,11/09/10,Hannover,Leverkusen,2,2,D,1,0,H,9,12,3,4,18,14,6,5,2,4,1,0,3.75,3.4,2,3.9,3.35,1.9,3.5,3.4,2,3.1,3.3,2.1,3.75,3.4,2,3.4,3.3,2,3.3,3.4,2,3.8,3.6,1.91,3.8,3.6,1.95,3.5,3.4,2,29,4,3.69,3.71,3.42,2.06,1.98,23,1.67,1.6,2.36,2.25,14,0.5,1.92,1.88,2.02,1.99,,,
D1,11/09/10,M'gladbach,Ein Frankfurt,0,4,A,0,2,A,16,11,5,6,18,12,9,6,3,2,0,0,2.1,3.4,3.4,2.1,3.3,3.3,2.1,3.3,3.3,2.1,3.2,3.2,2.1,3.4,3.4,2.1,3.25,3.2,2.1,3.4,3,2.1,3.4,3.4,2.05,3.5,3.5,2.15,3.3,3.2,30,2.16,2.11,3.61,3.36,3.62,3.36,26,1.8,1.71,2.22,2.09,14,-0.25,1.86,1.81,2.11,2.08,,,
D1,12/09/10,FC Koln,St Pauli,1,0,H,1,0,H,15,11,6,1,19,15,6,10,3,3,0,0,2.2,3.25,3.25,2.1,3.3,3.3,2.1,3.25,3.4,2.15,3.3,3,2.1,3.4,3.4,2.1,3.3,3.1,2.1,3.4,3.1,2.2,3.4,3.2,2.15,3.4,3.5,2.1,3.25,3.4,28,2.22,2.13,3.5,3.3,3.61,3.39,27,1.98,1.88,2,1.89,18,0,1.58,1.52,2.56,2.46,,,
D1,12/09/10,Mainz,Kaiserslautern,2,1,H,0,1,A,16,10,5,4,12,25,2,7,1,5,0,0,2.2,3.3,3.25,2.2,3.3,3.1,2.1,3.25,3.4,2.2,3.2,3,2.2,3.3,3.3,2.15,3.25,3.1,2.1,3.4,3.1,2.2,3.4,3.2,2.15,3.4,3.4,2.15,3.25,3.25,29,2.25,2.17,3.53,3.3,3.54,3.3,26,2.04,1.91,1.91,1.86,18,0,1.61,1.55,2.52,2.38,,,
D1,17/09/10,Ein Frankfurt,Freiburg,0,1,A,0,0,D,10,17,3,5,13,17,4,4,1,2,0,0,1.8,3.5,4.5,1.7,3.75,4.4,1.8,3.4,4.33,1.85,3.4,3.8,1.8,3.5,4.5,1.75,3.4,4.3,1.7,3.5,4.5,1.8,3.6,4.5,1.8,3.6,4.6,1.73,3.5,4.75,31,1.85,1.77,3.9,3.57,4.96,4.57,27,1.81,1.72,2.18,2.07,14,-0.75,2.06,2.01,1.93,1.87,,,
D1,18/09/10,Bayern Munich,FC Koln,0,0,D,0,0,D,21,8,4,2,10,20,10,1,0,1,0,0,1.22,6,12,1.2,6.25,11.5,1.22,6,11,1.25,5,10,1.22,6,12,1.22,5.5,10,1.22,6,13,1.25,6,11,1.22,6.5,13,1.25,5.5,10,31,1.25,1.23,7.17,5.95,13.7,11.5,21,1.5,1.43,2.8,2.68,11,-1.75,1.95,1.91,2.02,1.96,,,
D1,18/09/10,Kaiserslautern,Hoffenheim,2,2,D,0,1,A,16,6,5,4,17,16,9,3,1,0,0,0,2.8,3.4,2.4,2.75,3.3,2.4,2.8,3.3,2.4,2.5,3.3,2.5,2.8,3.4,2.4,2.65,3.3,2.4,2.9,3.4,2.38,2.88,3.4,2.38,2.88,3.4,2.4,2.8,3.25,2.4,31,3.01,2.84,3.47,3.31,2.51,2.4,28,1.94,1.83,2,1.93,22,0,2.2,2.09,1.79,1.73,,,
D1,18/09/10,Stuttgart,M'gladbach,7,0,H,2,0,H,24,7,12,2,10,15,8,4,0,2,0,0,1.8,3.5,4.5,1.75,3.5,4.5,1.85,3.5,4,1.75,3.5,4.1,1.8,3.5,4.5,1.8,3.3,4.2,1.85,3.6,4,1.8,3.6,4.33,1.8,3.75,4.4,1.8,3.4,4.33,31,1.86,1.81,3.83,3.52,4.56,4.28,25,1.69,1.64,2.3,2.18,13,-0.5,1.86,1.83,2.1,2.03,,,
D1,18/09/10,Werder Bremen,Mainz,0,2,A,0,0,D,12,11,4,7,11,10,5,6,1,1,0,0,1.44,4.33,7,1.45,4.2,6.5,1.5,4.33,5.5,1.45,4.2,6,1.44,4.33,7,1.45,4.2,6,1.5,4.33,6,1.53,4,6,1.5,4.5,6.5,1.5,4,6,30,1.53,1.48,4.62,4.2,7,6.34,21,1.5,1.42,2.8,2.7,12,-1,1.87,1.82,2.09,2.04,,,
D1,18/09/10,Wolfsburg,Hannover,2,0,H,0,0,D,12,9,6,1,13,17,3,5,2,2,0,0,1.53,4,6,1.55,3.9,5.6,1.55,4,5.5,1.6,3.6,5,1.57,3.75,6,1.5,3.8,6,1.57,4,5.5,1.5,4.33,6,1.53,4.4,6,1.53,4,5.5,31,1.57,1.54,4.49,4.1,6.25,5.69,21,1.45,1.41,3,2.76,14,-1,1.95,1.9,2.03,1.96,,,
D1,19/09/10,Leverkusen,Nurnberg,0,0,D,0,0,D,10,7,3,2,10,16,3,2,1,2,0,0,1.44,4.33,7,1.38,4.6,7.25,1.4,4.33,7.5,1.4,4.1,7,1.36,5,8,1.4,4.2,7,1.4,4.5,8,1.4,4.75,7.5,1.4,5,7.5,1.4,4.5,7,31,1.43,1.4,5.06,4.55,8.6,7.51,21,1.48,1.44,2.75,2.66,12,-1.25,1.97,1.94,1.98,1.94,,,
D1,19/09/10,Schalke 04,Dortmund,1,3,A,0,1,A,8,23,1,11,16,15,4,10,0,3,1,0,2.25,3.3,3.2,2.2,3.25,3.15,2.25,3.25,3.1,2.2,3.2,3,2.25,3.25,3.25,2.3,3.2,2.85,2.3,3.3,3.1,2.3,3.25,3.25,2.3,3.3,3.2,2.2,3.25,3.1,31,2.39,2.27,3.39,3.26,3.27,3.1,29,1.97,1.87,1.96,1.89,19,0,1.69,1.63,2.35,2.24,,,
D1,19/09/10,St Pauli,Hamburg,1,1,D,0,0,D,7,10,3,2,19,15,6,5,2,2,0,0,3.6,3.5,2,3.5,3.5,1.95,3.5,3.4,2,2.9,3.3,2.2,3.4,3.4,2.1,3.3,3.4,2,3.4,3.4,2.1,3.5,3.5,2.05,3.8,3.4,2,3.3,3.3,2.1,31,3.93,3.5,3.57,3.39,2.1,2.04,28,1.86,1.77,2.1,2.01,14,0.5,1.87,1.82,2.09,2.04,,,
D1,21/09/10,Hannover,Werder Bremen,4,1,H,1,1,D,14,12,8,2,21,18,5,2,2,3,0,0,3.6,3.5,2,3.6,3.3,2,3.5,3.4,2,3.1,3.3,2.1,3.75,3.4,2,3.4,3.3,2,3.75,3.4,2,3.25,3.6,2.1,3.4,3.6,2.1,3.5,3.5,1.95,33,3.77,3.53,3.76,3.5,2.1,2.01,21,1.6,1.53,2.6,2.36,16,0.5,1.9,1.84,2.06,2.02,,,
D1,21/09/10,Hoffenheim,Bayern Munich,1,2,A,1,0,H,11,12,3,6,12,15,3,8,1,2,0,0,3.6,3.5,2,3.6,3.3,2,3.5,3.4,2,3.3,3.3,2,3.75,3.4,2,3.25,3.25,2.05,3.75,3.4,2,3.4,3.4,2.1,3.6,3.5,2.05,3.3,3.3,2.1,33,4.2,3.63,3.71,3.39,2.1,2.02,27,1.93,1.75,2.1,2.02,16,0.5,1.91,1.85,2.04,2.01,,,
D1,21/09/10,Mainz,FC Koln,2,0,H,0,0,D,20,8,7,2,17,21,9,1,3,3,0,0,1.91,3.4,4,1.95,3.3,3.75,1.9,3.4,4,2,3.3,3.3,1.91,3.4,4,1.9,3.3,3.75,2,3.2,4,1.95,3.5,3.8,1.95,3.4,4.2,1.91,3.4,3.8,33,2,1.89,3.69,3.45,4.52,4,30,2.01,1.91,1.94,1.85,17,-0.5,1.94,1.89,2.05,1.96,,,
D1,22/09/10,Dortmund,Kaiserslautern,5,0,H,2,0,H,21,9,11,3,8,16,1,4,1,4,0,0,1.5,4,7,1.5,3.85,6.5,1.5,3.75,7,1.5,3.9,5.5,1.44,4.33,7,1.5,4,5.5,1.53,3.75,7,1.44,4.33,7,1.44,4.4,7,1.5,4,6,33,1.55,1.49,4.58,4.02,7.55,6.72,24,1.67,1.61,2.33,2.22,15,-1,1.87,1.84,2.09,2.03,,,
D1,22/09/10,Freiburg,Schalke 04,1,2,A,0,1,A,8,7,1,6,16,12,7,2,3,3,1,0,3.1,3.3,2.25,3.1,3.3,2.2,3.2,3.25,2.2,2.9,3.3,2.2,3.25,3.4,2.2,2.85,3.3,2.25,3.25,3.3,2.2,3,3.25,2.38,3.12,3.3,2.3,3.1,3.3,2.2,32,3.23,3.07,3.42,3.26,2.42,2.28,27,1.96,1.89,2,1.87,16,0.25,1.91,1.87,2.06,2,,,
D1,22/09/10,Hamburg,Wolfsburg,1,3,A,1,1,D,19,8,7,4,10,15,15,1,0,0,0,0,1.91,3.5,3.9,1.95,3.35,3.7,2,3.4,3.5,2,3.3,3.3,2,3.4,3.75,2,3.3,3.4,2,3.3,3.75,2.1,3.4,3.5,2,3.5,3.75,2.1,3.3,3.3,33,2.1,2.01,3.65,3.38,3.9,3.63,24,1.67,1.61,2.33,2.22,16,-0.5,2.08,2.03,1.88,1.84,,,
D1,22/09/10,Leverkusen,Ein Frankfurt,2,1,H,1,1,D,13,7,4,3,9,18,4,7,2,1,0,1,1.67,3.6,5.25,1.6,3.65,5.5,1.65,3.6,5.25,1.6,3.6,5,1.53,4,6,1.6,3.6,5,1.53,4,6,1.62,3.8,5.5,1.67,3.8,5,1.62,3.6,5.5,33,1.75,1.65,3.9,3.63,5.7,5.32,20,1.65,1.58,2.45,2.26,15,-0.75,1.98,1.92,2,1.94,,,
D1,22/09/10,M'gladbach,St Pauli,1,2,A,1,0,H,16,11,5,5,18,17,2,7,1,2,1,0,2,3.3,3.8,2.1,3.3,3.3,2,3.4,3.5,2,3.3,3.3,2,3.5,3.6,2.05,3.3,3.25,2,3.4,3.75,2.1,3.6,3.25,2,3.6,3.6,2,3.4,3.5,33,2.1,2.02,3.74,3.41,3.8,3.54,25,1.7,1.62,2.33,2.2,16,-0.5,2.08,2.04,1.87,1.83,,,
D1,22/09/10,Nurnberg,Stuttgart,2,1,H,1,0,H,11,9,3,2,17,17,0,5,3,3,1,0,3.1,3.3,2.3,3.2,3.2,2.2,3.2,3.25,2.2,3.1,3.3,2.1,3.2,3.4,2.2,3.1,3.2,2.15,3.5,3.3,2.1,3,3.4,2.3,3.12,3.3,2.25,3.1,3.3,2.2,33,3.4,3.14,3.48,3.3,2.37,2.23,29,1.92,1.83,2.02,1.93,17,0,2.33,2.24,1.68,1.6,,,
D1,24/09/10,FC Koln,Hoffenheim,1,1,D,1,0,H,13,13,6,4,16,20,8,9,3,1,0,0,3.25,3.3,2.2,3.3,3.3,2.1,3.25,3.25,2.15,2.75,3.3,2.3,3.2,3.3,2.25,3,3.3,2.15,3.2,3.25,2.25,3,3.4,2.3,3.4,3.4,2.2,3.25,3.3,2.2,31,3.45,3.24,3.45,3.32,2.3,2.2,29,2.07,1.95,1.88,1.81,18,0,2.49,2.31,1.67,1.57,,,
D1,25/09/10,Bayern Munich,Mainz,1,2,A,1,1,D,14,7,4,4,11,27,7,5,0,2,0,0,1.44,4.33,7,1.42,4.6,6.25,1.44,4.2,7,1.4,4.1,7,1.4,4.5,8,1.4,4.2,7,1.5,3.8,7.5,1.47,4,7.5,1.44,4.5,7.5,1.44,4.2,6.5,31,1.49,1.44,4.65,4.29,8,7.05,22,1.65,1.58,2.35,2.27,14,0,1.18,1.14,5.8,5.14,,,
D1,25/09/10,Ein Frankfurt,Nurnberg,2,0,H,1,0,H,12,15,4,1,17,14,7,5,4,1,0,0,2,3.4,3.75,2,3.3,3.6,2,3.3,3.6,2.1,3.3,3.1,2,3.4,3.75,1.91,3.3,3.6,2,3.4,3.75,2.05,3.4,3.6,2,3.4,3.8,2,3.3,3.6,31,2.1,2.01,3.55,3.37,3.94,3.65,29,1.88,1.78,2.05,1.98,15,0,1.5,1.46,2.75,2.57,,,
D1,25/09/10,Schalke 04,M'gladbach,2,2,D,0,2,A,22,11,8,6,18,23,11,2,1,4,0,1,1.53,3.8,6.5,1.45,4,7,1.55,3.75,6,1.45,3.9,6.5,1.53,4,6,1.45,4,6.25,1.57,3.6,6.5,1.44,4.33,7,1.57,4.2,6,1.53,3.75,6,31,1.57,1.52,4.4,3.95,7.03,6.33,27,1.75,1.7,2.2,2.09,14,-1,1.95,1.9,2.01,1.96,,,
D1,25/09/10,St Pauli,Dortmund,1,3,A,1,1,D,11,11,2,6,12,20,9,3,0,0,0,0,3.75,3.4,2,3.7,3.35,1.95,3.6,3.3,2,3.3,3.3,2,3.6,3.25,2.1,3.5,3.3,1.95,3.6,3.3,2.05,3.8,3.6,1.91,3.75,3.5,2,3.75,3.3,1.95,31,3.9,3.67,3.68,3.39,2.1,2,28,1.83,1.73,2.15,2.04,15,0,2.85,2.66,1.5,1.43,,,
D1,25/09/10,Stuttgart,Leverkusen,1,4,A,0,2,A,6,16,1,9,24,26,3,7,2,1,1,0,2.4,3.3,2.9,2.3,3.25,2.95,2.35,3.25,2.9,2.3,3.3,2.75,2.3,3.4,3,2.25,3.25,2.85,2.4,3.2,3,2.4,3.5,2.75,2.38,3.4,3,2.4,3.25,2.8,31,2.47,2.35,3.56,3.35,3.07,2.92,27,1.73,1.66,2.25,2.14,18,0,1.77,1.69,2.22,2.09,,,
D1,25/09/10,Werder Bremen,Hamburg,3,2,H,2,0,H,15,13,7,5,19,16,3,7,2,2,0,0,2.4,3.3,2.9,2.3,3.3,2.9,2.3,3.4,2.9,2.2,3.3,2.9,2.38,3.4,2.88,2.35,3.3,2.7,2.4,3.2,3,2.38,3.25,3,2.3,3.4,3.1,2.38,3.25,2.88,31,2.4,2.33,3.59,3.33,3.18,2.95,27,1.7,1.62,2.33,2.22,18,0,1.72,1.67,2.29,2.12,,,
D1,26/09/10,Kaiserslautern,Hannover,0,1,A,0,1,A,19,5,5,2,18,20,7,4,0,3,0,0,2.25,3.25,3.2,2.1,3.3,3.3,2.2,3.25,3.2,2.1,3.3,3.1,2.2,3.3,3.3,2.1,3.3,3.1,2.3,3.1,3.25,2.1,3.4,3.4,2.2,3.4,3.25,2.25,3.25,3,31,2.3,2.19,3.54,3.33,3.4,3.19,28,1.78,1.71,2.2,2.08,18,0,1.65,1.58,2.44,2.3,,,
D1,26/09/10,Wolfsburg,Freiburg,2,1,H,1,1,D,13,15,5,5,13,17,5,3,1,2,0,0,1.44,4.33,7,1.4,4.5,7,1.45,4.5,6,1.45,3.9,6.5,1.4,4.5,8,1.36,4.5,7,1.5,4.2,6.5,1.44,4.5,6.5,1.44,4.6,7,1.44,4.2,6.5,31,1.5,1.45,4.74,4.37,7.75,6.7,23,1.46,1.42,2.9,2.73,13,0,1.18,1.14,5.57,5.07,,,
D1,01/10/10,Hannover,St Pauli,0,1,A,0,1,A,7,10,2,4,15,16,3,3,2,2,1,0,2,3.4,3.6,2,3.3,3.6,2,3.4,3.5,2,3.3,3.3,2,3.4,3.75,2,3.3,3.4,2,3.4,3.3,2.1,3.5,3.4,2,3.5,3.75,2,3.4,3.6,33,2.11,2.04,3.6,3.42,3.76,3.56,28,1.83,1.71,2.2,2.08,16,0,1.53,1.48,2.62,2.52,,,
D1,02/10/10,Freiburg,FC Koln,3,2,H,2,1,H,13,12,4,5,10,19,5,4,1,4,0,0,2.25,3.3,3.2,2.3,3.3,2.9,2.25,3.2,3.1,2.3,3.2,2.8,2.25,3.3,3.2,2.25,3.3,2.85,2.25,3.3,2.9,2.2,3.25,3.25,2.3,3.25,3.3,2.25,3.25,3,33,2.33,2.26,3.4,3.28,3.39,3.12,27,2.17,2.07,1.78,1.72,18,0,1.66,1.61,2.42,2.24,,,
D1,02/10/10,Hamburg,Kaiserslautern,2,1,H,0,1,A,12,8,5,2,13,29,8,7,1,2,0,0,1.5,4,6.75,1.55,3.8,5.8,1.55,3.75,6,1.55,3.7,5.4,1.5,4,7,1.53,3.8,5.5,1.53,3.6,6,1.5,4,7,1.53,4,7,1.53,3.8,6,33,1.58,1.54,4.22,3.88,7,6.23,27,1.74,1.67,2.25,2.14,16,-1,2.01,1.96,1.95,1.9,,,
D1,02/10/10,Mainz,Hoffenheim,4,2,H,1,1,D,12,17,5,6,15,22,4,11,1,5,0,1,2.2,3.3,3.3,2.15,3.3,3.2,2.25,3.3,3,2.25,3.2,2.9,2.2,3.3,3.3,2.25,3.25,2.9,2.15,3.2,3.2,2.2,3.4,3.25,2.25,3.4,3.25,2.25,3.3,3,33,2.32,2.23,3.46,3.31,3.37,3.16,29,1.96,1.87,1.96,1.89,21,0,1.69,1.61,2.38,2.26,,,
D1,02/10/10,M'gladbach,Wolfsburg,1,1,D,0,1,A,26,11,8,2,9,15,5,3,2,2,0,0,3.5,3.4,2.05,3.45,3.3,2.05,3.4,3.25,2.1,2.9,3.3,2.2,3.5,3.3,2.1,3.25,3.3,2.05,3.2,3.3,2.1,3.25,3.6,2.1,3.4,3.6,2.1,3.3,3.3,2.1,33,3.5,3.32,3.77,3.42,2.19,2.11,20,1.53,1.49,2.6,2.48,18,0,2.51,2.4,1.59,1.53,,,
D1,02/10/10,Nurnberg,Schalke 04,2,1,H,0,0,D,10,6,4,2,11,22,5,5,1,3,0,1,3,3.4,2.3,3,3.3,2.25,3,3.25,2.3,3,3.2,2.2,3.2,3.3,2.25,2.75,3.3,2.3,2.9,3.3,2.25,3,3.25,2.38,3.2,3.3,2.3,2.88,3.25,2.38,33,3.31,3.04,3.46,3.29,2.4,2.3,29,2.02,1.92,1.93,1.85,20,0,2.27,2.16,1.72,1.67,,,
D1,03/10/10,Dortmund,Bayern Munich,2,0,H,0,0,D,13,9,3,2,17,17,1,8,0,3,0,0,2.55,3.3,2.7,2.55,3.35,2.55,2.5,3.4,2.6,2.4,3.3,2.65,2.6,3.4,2.6,2.55,3.25,2.55,2.5,3.2,2.6,2.38,3.4,2.88,2.5,3.5,2.75,2.5,3.25,2.7,33,2.65,2.53,3.55,3.35,2.88,2.67,25,1.7,1.61,2.33,2.25,25,0,1.9,1.84,2.04,1.96,,,
D1,03/10/10,Leverkusen,Werder Bremen,2,2,D,1,0,H,17,10,6,3,13,19,4,3,2,4,0,0,2.1,3.4,3.4,2,3.4,3.5,2.1,3.25,3.4,2.1,3.3,3.1,2,3.5,3.6,2,3.5,3.15,2.2,3.3,3,2.1,3.6,3.25,2.05,3.6,3.5,2.15,3.3,3.2,32,2.15,2.07,3.71,3.45,3.68,3.37,20,1.57,1.53,2.5,2.38,15,0,1.62,1.52,2.5,2.41,,,
D1,03/10/10,Stuttgart,Ein Frankfurt,1,2,A,0,1,A,13,12,5,3,16,15,6,3,2,4,1,0,1.91,3.5,3.9,1.85,3.4,4.05,1.9,3.4,4,1.85,3.4,3.8,1.91,3.4,4,1.9,3.3,3.75,1.91,3.4,3.6,1.95,3.5,3.75,1.91,3.5,4,2,3.4,3.5,33,2,1.92,3.62,3.44,4.33,3.88,26,1.74,1.66,2.25,2.15,16,-0.5,2,1.94,1.96,1.91,,,
D1,15/10/10,FC Koln,Dortmund,1,2,A,0,1,A,16,20,5,5,24,17,4,2,2,4,0,0,4.33,3.6,1.8,4.3,3.4,1.8,4.25,3.5,1.8,3.8,3.4,1.85,4.2,3.6,1.83,4,3.4,1.8,4.33,3.5,1.83,4.5,3.75,1.8,4.5,3.75,1.83,4.2,3.4,1.83,34,5.17,4.63,3.87,3.59,1.83,1.75,31,1.92,1.83,2.02,1.93,16,0.5,2.22,2.14,1.8,1.75,,,
D1,16/10/10,Bayern Munich,Hannover,3,0,H,1,0,H,15,7,8,1,9,18,5,3,3,1,0,0,1.4,4.5,7.5,1.44,4.75,7,1.4,4.5,7,1.4,4.1,7,1.36,4.5,9,1.33,4.6,7.5,1.4,4.5,8,1.4,4.33,9,1.4,4.6,9,1.4,4.33,7.5,33,1.45,1.39,5.05,4.53,9.09,7.88,25,1.71,1.61,2.4,2.24,13,-1.25,2.07,2.02,1.99,1.87,,,
D1,16/10/10,Mainz,Hamburg,0,1,A,0,0,D,13,12,5,4,14,14,7,4,1,3,0,0,2.25,3.4,3.1,2.25,3.4,3.2,2.3,3.3,3,2.4,3.2,2.7,2.25,3.3,3.2,2.2,3.3,2.9,2.3,3.2,3.1,2.25,3.4,3.2,2.3,3.4,3.2,2.3,3.25,3,32,2.35,2.27,3.45,3.32,3.3,3.07,30,1.95,1.86,1.98,1.91,19,0,1.69,1.63,2.35,2.22,,,
D1,16/10/10,Schalke 04,Stuttgart,2,2,D,1,1,D,16,10,5,6,16,13,7,3,0,3,0,0,2,3.4,3.75,2.05,3.4,3.75,2.05,3.3,3.5,1.9,3.3,3.7,2,3.4,3.75,1.95,3.3,3.5,2.05,3.4,3.5,2.05,3.4,3.6,2.05,3.5,3.6,2.05,3.3,3.5,32,2.12,2.03,3.54,3.37,3.83,3.57,26,1.76,1.68,2.2,2.12,15,-0.5,2.12,2.08,1.83,1.79,,,
D1,16/10/10,St Pauli,Nurnberg,3,2,H,1,0,H,14,14,7,6,14,18,6,6,2,3,0,0,2.25,3.2,3.4,2.15,3.3,3.2,2.2,3.25,3.2,2.2,3.3,2.9,2.25,3.25,3.25,2.2,3.2,3,2.3,3.3,3.1,2.1,3.33,3.5,2.25,3.3,3.3,2.3,3.25,3,31,2.34,2.23,3.41,3.27,3.4,3.19,27,2.16,2.03,1.8,1.74,19,0,1.68,1.6,2.38,2.27,,,
D1,16/10/10,Werder Bremen,Freiburg,2,1,H,1,0,H,21,13,6,3,13,19,11,0,0,0,0,0,1.53,4.33,5.5,1.5,4,6,1.55,3.75,6,1.5,3.8,5.7,1.53,4,6,1.5,4,5.5,1.57,3.8,6,1.53,4.33,6,1.5,4.33,6.5,1.5,4,6,34,1.57,1.51,4.53,4.12,6.9,6.11,20,1.48,1.44,2.75,2.64,15,-1,1.87,1.83,2.09,2.05,,,
D1,16/10/10,Wolfsburg,Leverkusen,2,3,A,1,0,H,9,16,5,5,14,15,5,7,1,5,0,0,2.3,3.4,3,2.35,3.35,2.8,2.35,3.5,2.75,2.3,3.3,2.75,2.3,3.3,3.1,2.25,3.3,2.85,2.3,3.4,3,2.25,3.6,3,2.38,3.6,2.88,2.3,3.3,2.9,33,2.4,2.31,3.71,3.42,3.1,2.93,20,1.5,1.45,2.75,2.59,19,0,1.78,1.68,2.27,2.14,,,
D1,17/10/10,Hoffenheim,M'gladbach,3,2,H,0,1,A,27,12,6,6,23,19,9,6,1,3,0,2,1.65,3.75,5.25,1.7,3.75,5.25,1.65,3.6,5.25,1.65,3.5,4.6,1.66,3.75,5,1.6,3.6,5,1.67,3.75,5,1.62,4,5.25,1.62,4,5.25,1.67,3.6,5,32,1.69,1.65,4.12,3.75,5.55,5.14,23,1.6,1.56,2.42,2.33,14,-1,2.15,2.11,1.8,1.78,,,
D1,17/10/10,Kaiserslautern,Ein Frankfurt,0,3,A,0,1,A,10,9,3,6,18,16,4,2,1,3,0,0,2.38,3.25,3,2.5,3.4,2.8,2.4,3.25,2.85,2.4,3.2,2.7,2.38,3.3,2.9,2.3,3.3,2.75,2.5,3.2,2.88,2.38,3.25,3,2.4,3.3,3,2.5,3.25,2.7,33,2.52,2.4,3.43,3.29,3.03,2.88,30,1.94,1.85,1.99,1.91,21,0,1.81,1.73,2.16,2.08,,,
D1,22/10/10,Hamburg,Bayern Munich,0,0,D,0,0,D,16,11,3,1,7,13,5,2,1,2,0,0,2.63,3.3,2.63,2.7,3.5,2.55,2.6,3.25,2.6,2.55,3.2,2.55,2.8,3.3,2.5,2.6,3.3,2.45,2.7,3.25,2.62,2.7,3.2,2.8,2.75,3.4,2.62,2.7,3.2,2.6,34,2.8,2.69,3.4,3.26,2.72,2.6,31,2.03,1.9,1.92,1.87,25,0,2,1.93,1.96,1.88,,,
D1,23/10/10,Ein Frankfurt,Schalke 04,0,0,D,0,0,D,17,5,1,2,11,19,8,5,2,1,0,0,2.8,3.25,2.5,2.65,3.4,2.45,2.65,3.25,2.55,2.65,3.3,2.4,2.8,3.3,2.5,2.6,3.2,2.5,2.8,3.3,2.5,2.75,3.4,2.5,2.75,3.4,2.62,2.6,3.2,2.6,33,2.89,2.71,3.47,3.29,2.65,2.54,29,1.83,1.75,2.12,2.04,25,0,2.03,1.94,1.91,1.85,,,
D1,23/10/10,Freiburg,Kaiserslautern,2,1,H,1,1,D,13,17,5,2,18,15,6,7,2,1,0,0,2.25,3.25,3.2,2.2,3.3,3.1,2.25,3.25,3.1,2.1,3.3,3.1,2.25,3.4,3.1,2.15,3.3,3,2.25,3.25,3.25,2.1,3.4,3.4,2.25,3.4,3.4,2.15,3.3,3.25,33,2.31,2.21,3.46,3.31,3.46,3.2,30,1.96,1.88,1.95,1.89,20,0,1.64,1.58,2.42,2.32,,,
D1,23/10/10,Hannover,FC Koln,2,1,H,2,0,H,8,9,4,2,15,18,3,11,1,1,0,0,2.1,3.25,3.5,2.1,3.3,3.3,2.1,3.25,3.4,2,3.3,3.3,2,3.4,3.75,2,3.3,3.4,2.1,3.4,3.4,2.1,3.4,3.4,2.1,3.5,3.75,2.1,3.3,3.3,33,2.16,2.09,3.53,3.33,3.75,3.45,30,1.95,1.88,1.98,1.88,16,-0.25,1.84,1.8,2.14,2.09,,,
D1,23/10/10,M'gladbach,Werder Bremen,1,4,A,0,2,A,17,14,9,7,16,19,3,3,2,2,0,0,3.3,3.5,2.1,3.35,3.4,2.05,3.3,3.6,2,2.9,3.3,2.2,3.5,3.6,2,3.3,3.4,2,3.4,3.6,2.05,3.25,3.8,2,3.5,3.8,2.1,3.3,3.3,2.1,33,3.51,3.37,3.91,3.51,2.12,2.06,22,1.5,1.44,2.85,2.65,20,0,2.55,2.46,1.59,1.52,,,
D1,23/10/10,Nurnberg,Wolfsburg,2,1,H,1,1,D,17,8,4,2,12,15,4,4,1,3,0,0,2.9,3.3,2.38,3.2,3.3,2.15,2.9,3.25,2.35,2.9,3.3,2.2,3,3.4,2.3,2.9,3.3,2.2,3,3.4,2.3,3,3.5,2.25,3.1,3.5,2.38,2.88,3.25,2.38,33,3.2,2.96,3.54,3.35,2.44,2.32,28,1.71,1.65,2.28,2.19,22,0,2.22,2.15,1.77,1.69,,,
D1,24/10/10,Dortmund,Hoffenheim,1,1,D,0,1,A,17,9,4,5,8,31,8,3,1,3,0,1,1.75,3.6,4.6,1.75,3.5,4.5,1.83,3.75,4.75,1.75,3.4,4.3,1.73,3.75,4.5,1.73,3.5,4.3,1.8,3.6,4.33,1.73,3.75,4.5,1.75,3.8,5,1.75,3.5,4.5,33,1.8,1.75,3.93,3.6,5,4.57,22,1.63,1.57,2.4,2.31,15,-0.75,2.01,1.97,1.94,1.9,,,
D1,24/10/10,Leverkusen,Mainz,0,1,A,0,0,D,16,10,2,4,16,20,9,3,0,1,0,0,1.8,3.75,4.2,1.85,3.45,3.95,1.83,3.4,4.25,1.85,3.4,3.8,1.8,3.6,4.33,1.75,3.4,4.2,1.85,3.6,4,1.91,3.6,3.75,1.83,3.8,4.4,1.8,3.5,4.2,33,1.86,1.82,3.89,3.56,4.53,4.24,23,1.64,1.57,2.4,2.29,14,-0.5,1.85,1.82,2.11,2.05,,,
D1,24/10/10,Stuttgart,St Pauli,2,0,H,1,0,H,15,17,7,5,16,19,5,4,3,2,0,0,1.67,3.75,5,1.7,3.6,4.6,1.67,3.6,5,1.65,3.5,4.6,1.67,3.75,5,1.62,3.6,5,1.7,3.75,4.8,1.73,3.75,4.5,1.67,4,4.75,1.67,3.6,5,33,1.73,1.67,4.07,3.72,5.35,4.98,22,1.6,1.56,2.51,2.32,15,-0.75,1.92,1.87,2.05,2.01,,,
D1,29/10/10,Bayern Munich,Freiburg,4,2,H,1,0,H,16,6,5,2,8,12,4,1,0,3,0,0,1.29,5,11,1.31,5.25,10.5,1.3,5,9,1.3,4.8,8.5,1.25,6,10,1.25,5,10,1.3,5,10,1.3,5.5,11,1.3,5.5,12,1.3,5,9,32,1.35,1.29,5.62,5.22,12,10.27,24,1.67,1.58,2.38,2.3,18,-1.5,2.05,1.98,1.94,1.9,,,
D1,30/10/10,FC Koln,Hamburg,3,2,H,2,2,D,8,11,3,4,21,22,6,3,2,1,0,0,3.7,3.4,2,3.3,3.5,2.15,3.5,3.4,2,3.3,3.2,2.05,3.75,3.4,2,3.25,3.3,2.05,3.6,3.3,2.05,3.4,3.5,2.1,3.8,3.5,2.05,3.6,3.3,2,31,3.89,3.55,3.6,3.4,2.1,2.04,29,2,1.91,1.92,1.85,15,0.5,1.88,1.85,2.07,2.03,,,
D1,30/10/10,Kaiserslautern,M'gladbach,3,0,H,0,0,D,14,13,5,3,22,15,9,4,2,1,0,0,2.1,3.4,3.4,2.05,3.4,3.35,2.15,3.3,3.2,2.2,3.2,3,2.1,3.5,3.3,2.05,3.3,3.25,2.1,3.4,3.4,2.05,3.6,3.4,2.15,3.5,3.5,2.1,3.3,3.3,31,2.2,2.11,3.62,3.41,3.57,3.34,26,1.73,1.65,2.38,2.19,18,0,1.59,1.53,2.61,2.45,,,
D1,30/10/10,Schalke 04,Leverkusen,0,1,A,0,0,D,7,11,4,3,21,10,5,5,1,0,0,0,2.5,3.3,2.75,2.45,3.5,2.8,2.5,3.2,2.75,2.4,3.2,2.7,2.38,3.3,2.5,2.45,3.25,2.6,2.5,3.2,2.8,2.5,3.4,2.8,2.5,3.5,2.88,2.5,3.25,2.7,31,2.53,2.45,3.6,3.34,2.93,2.78,26,1.76,1.7,2.2,2.11,22,0,2.45,1.81,2.14,2.06,,,
D1,30/10/10,St Pauli,Ein Frankfurt,1,3,A,1,1,D,14,8,3,4,22,18,6,4,2,2,1,0,2.5,3.25,2.8,2.5,3.4,2.6,2.5,3.3,2.65,2.5,3.2,2.6,2.25,3.3,2.62,2.45,3.25,2.6,2.5,3.3,2.75,2.4,3.4,2.88,2.6,3.5,2.75,2.5,3.25,2.7,31,2.64,2.5,3.5,3.31,2.88,2.73,28,1.86,1.79,2.1,1.99,22,0,1.89,1.83,2.05,1.98,,,
D1,30/10/10,Werder Bremen,Nurnberg,2,3,A,1,1,D,12,17,6,8,23,15,4,2,2,2,0,0,1.5,4.33,6,1.5,4,6,1.5,4,6,1.5,3.8,5.7,1.5,4.2,6.5,1.5,3.75,6,1.53,4,6,1.5,4.33,6.5,1.53,4.5,6.5,1.5,3.8,6.5,31,1.57,1.51,4.53,4.1,6.72,6.18,20,1.52,1.47,2.75,2.56,17,-1,1.96,1.92,2.01,1.94,,,
D1,30/10/10,Wolfsburg,Stuttgart,2,0,H,1,0,H,18,12,9,6,12,14,7,4,0,2,0,0,2.1,3.4,3.4,2.1,3.5,3.5,2.2,3.2,3.2,2.1,3.3,3.1,2.1,3.3,3.5,2.1,3.3,3.1,2.15,3.25,3.4,2.1,3.6,3.25,2.2,3.5,3.4,2.1,3.3,3.3,30,2.23,2.12,3.6,3.4,3.5,3.3,20,1.54,1.48,2.63,2.54,18,0,1.59,1.54,2.56,2.43,,,
D1,31/10/10,Hoffenheim,Hannover,4,0,H,1,0,H,18,5,7,2,10,15,4,2,1,1,0,1,1.62,3.7,5.5,1.6,3.7,5.4,1.62,3.8,5,1.65,3.5,4.6,1.62,3.6,5.5,1.6,3.6,5,1.62,3.8,5.5,1.67,3.8,5,1.67,4,5.25,1.62,3.8,5,31,1.69,1.63,4.1,3.79,5.59,5.27,27,1.74,1.67,2.25,2.15,17,-0.75,1.88,1.84,2.1,2.04,,,
D1,31/10/10,Mainz,Dortmund,0,2,A,0,1,A,11,17,4,8,13,25,5,8,1,0,0,0,2.75,3.3,2.5,2.9,3.3,2.45,2.9,3.2,2.4,2.6,3.2,2.5,2.75,3.25,2.2,2.7,3.25,2.35,2.8,3.4,2.4,2.75,3.4,2.6,2.88,3.4,2.6,2.8,3.25,2.4,31,3,2.81,3.53,3.31,2.6,2.45,28,1.9,1.79,2.06,1.99,23,0,2.15,2.08,1.8,1.76,,,
D1,05/11/10,Schalke 04,St Pauli,3,0,H,1,0,H,13,6,6,0,15,11,5,3,1,2,0,0,1.7,3.6,5,1.65,3.7,4.9,1.67,3.5,5.25,1.62,3.6,5,1.62,3.75,5.5,1.6,3.6,5,1.67,3.75,5,1.73,3.8,5,1.73,3.8,5.5,1.62,3.75,5,37,1.73,1.65,3.9,3.71,6.1,5.3,33,1.89,1.77,2.1,2.02,19,-0.75,1.95,1.87,2.05,2.01,,,
D1,06/11/10,Ein Frankfurt,Wolfsburg,3,1,H,2,0,H,15,13,8,7,18,25,3,4,1,2,0,0,2.38,3.4,2.88,2.4,3.4,2.7,2.4,3.4,2.75,2.5,3.3,2.5,2.4,3.3,2.88,2.4,3.3,2.6,2.4,3.4,2.8,2.38,3.6,2.75,2.5,3.6,2.88,2.3,3.3,2.88,37,2.54,2.42,3.68,3.4,2.88,2.77,25,1.67,1.53,2.5,2.41,26,0,1.87,1.8,2.08,2.01,,,
D1,06/11/10,Freiburg,Mainz,1,0,H,0,0,D,14,6,4,1,18,17,3,9,2,1,0,0,2.9,3.3,2.4,2.85,3.3,2.35,2.85,3.25,2.4,2.65,3.3,2.4,2.8,3.25,2.5,2.7,3.2,2.4,2.8,3.4,2.4,2.88,3.5,2.38,3,3.3,2.5,2.8,3.25,2.4,37,3.06,2.85,3.5,3.28,2.56,2.43,34,1.92,1.8,2.1,1.97,27,0,2.11,2.03,1.9,1.79,,,
D1,06/11/10,Hamburg,Hoffenheim,2,1,H,1,1,D,18,13,2,6,15,27,8,6,1,4,0,0,2.25,3.25,3.2,2.2,3.4,3,2.25,3.25,3.1,2.1,3.2,3.2,2.1,3.3,3.5,2.2,3.2,3,2.25,3.2,3.2,2.1,3.4,3.5,2.25,3.4,3.4,2.2,3.25,3.2,38,2.3,2.18,3.47,3.3,3.5,3.25,34,1.93,1.79,2.05,1.99,21,0,1.65,1.58,2.43,2.32,,,
D1,06/11/10,M'gladbach,Bayern Munich,3,3,D,1,2,A,9,16,4,6,14,8,2,9,1,0,0,0,5.5,4,1.57,5.8,3.8,1.55,6.25,4.4,1.62,5.4,3.7,1.55,6,3.6,1.61,5.5,3.75,1.53,5.5,4,1.57,6,4.33,1.53,6,4.33,1.57,5.5,3.75,1.57,37,6.08,5.7,4.4,3.93,1.6,1.56,25,1.67,1.53,2.55,2.42,16,1,1.94,1.89,2.02,1.98,,,
D1,06/11/10,Nurnberg,FC Koln,3,1,H,2,1,H,20,7,6,4,8,15,13,7,1,1,0,0,2,3.4,3.75,2,3.4,3.5,2,3.35,3.6,2,3.3,3.3,2,3.4,3.75,1.95,3.3,3.5,2,3.4,3.75,2,3.5,3.6,2,3.5,4,2,3.3,3.6,36,2.05,1.98,3.62,3.42,4.03,3.69,33,1.97,1.9,2,1.87,17,-0.5,2.03,1.98,1.94,1.89,,,
D1,07/11/10,Hannover,Dortmund,0,4,A,0,1,A,7,19,2,13,18,10,2,4,0,2,1,0,4.33,3.6,1.8,4.4,3.55,1.75,4.1,3.6,1.8,3.8,3.4,1.85,4.5,3.5,1.8,4.2,3.4,1.75,4.2,3.5,1.83,4.33,3.75,1.75,4.5,3.8,1.83,4.5,3.6,1.73,37,4.75,4.32,3.9,3.61,1.85,1.78,30,1.74,1.66,2.31,2.17,16,0.5,2.12,2.06,1.85,1.82,,,
D1,07/11/10,Leverkusen,Kaiserslautern,3,1,H,1,1,D,25,12,7,4,14,20,6,2,1,3,0,0,1.44,4.5,6.5,1.45,4.6,5.7,1.45,4.33,6.5,1.4,4.1,7,1.4,4.5,8,1.45,4,6.5,1.44,4.5,6.5,1.44,4.5,6.5,1.44,4.75,7.5,1.44,4.2,6.5,37,1.49,1.44,4.77,4.39,7.66,6.69,24,1.62,1.56,2.41,2.31,14,-1,1.78,1.72,2.23,2.17,,,
D1,07/11/10,Stuttgart,Werder Bremen,6,0,H,3,0,H,16,11,12,4,10,15,5,7,1,0,0,0,2.5,3.3,2.75,2.5,3.45,2.55,2.5,3.45,2.6,2.4,3.3,2.65,2.6,3.25,2.7,2.5,3.25,2.55,2.4,3.4,2.8,2.4,3.5,2.75,2.5,3.6,2.75,2.5,3.3,2.62,37,2.6,2.49,3.61,3.39,2.88,2.69,25,1.56,1.49,2.6,2.51,24,0,1.88,1.83,2.06,1.98,,,
D1,12/11/10,Dortmund,Hamburg,2,0,H,0,0,D,11,7,4,1,22,17,4,0,0,1,0,0,1.73,3.75,4.5,1.72,3.6,4.5,1.73,3.6,4.5,1.8,3.4,4,1.73,3.5,5,1.73,3.5,4.2,1.73,3.75,4.5,1.73,3.75,5,1.73,4,5,1.73,3.6,4.5,36,1.73,1.67,4,3.73,5.68,5.11,32,1.82,1.73,2.16,2.07,16,-0.75,1.9,1.86,2.07,2.02,,,
D1,13/11/10,FC Koln,M'gladbach,0,4,A,0,0,D,17,19,3,4,16,19,6,7,0,2,0,0,2.1,3.5,3.3,2.15,3.45,3.05,2.1,3.4,3.25,2.1,3.3,3.1,2.1,3.3,3.5,2.1,3.3,3.1,2.1,3.6,3.25,2.1,3.6,3.25,2.15,3.6,3.6,2.1,3.4,3.2,38,2.2,2.11,3.66,3.42,3.54,3.32,29,1.67,1.62,2.35,2.22,19,-0.25,1.9,1.85,2.1,2.03,,,
D1,13/11/10,Kaiserslautern,Stuttgart,3,3,D,0,2,A,16,12,5,7,17,18,3,4,3,2,0,0,3,3.4,2.3,2.85,3.4,2.3,2.9,3.3,2.3,2.9,3.3,2.2,3,3.25,2.38,2.75,3.4,2.25,3,3.4,2.3,3,3.5,2.25,3.1,3.6,2.3,2.88,3.25,2.3,37,3.25,3,3.63,3.39,2.38,2.28,31,1.8,1.69,2.21,2.11,22,0,2.36,2.18,1.7,1.66,,,
D1,13/11/10,Mainz,Hannover,0,1,A,0,1,A,12,12,2,5,14,22,3,7,0,1,0,1,1.73,3.5,5,1.7,3.5,4.8,1.7,3.6,4.75,1.75,3.4,4.3,1.73,3.5,5,1.7,3.5,4.5,1.73,3.75,4.5,1.67,3.75,5.25,1.67,3.8,5.5,1.7,3.6,4.75,38,1.75,1.71,3.84,3.59,5.51,4.93,35,1.96,1.84,2.05,1.93,18,-0.75,1.97,1.93,1.97,1.93,,,
D1,13/11/10,St Pauli,Leverkusen,0,1,A,0,0,D,8,23,1,8,22,16,1,3,3,4,0,0,3.4,3.4,2.1,3.2,3.4,2.1,3.4,3.5,2,3.7,3.3,1.9,3.5,3.3,2.1,3.2,3.3,2.05,3.4,3.6,2.05,3.5,3.6,2,3.6,3.6,2.1,3.5,3.4,2,37,3.75,3.47,3.71,3.42,2.11,2.05,30,1.79,1.71,2.2,2.09,18,0.25,2.12,2.07,1.86,1.82,,,
D1,13/11/10,Werder Bremen,Ein Frankfurt,0,0,D,0,0,D,18,13,7,1,14,9,10,3,1,1,0,0,1.91,3.6,3.75,1.9,3.5,3.7,1.9,3.5,3.75,1.85,3.5,3.7,1.91,3.4,4,1.9,3.4,3.6,1.85,4,3.75,2,3.8,3.6,1.91,3.8,4,1.83,3.75,3.75,38,2,1.91,3.85,3.59,4.35,3.77,25,1.5,1.44,2.75,2.65,17,-0.5,2.02,1.96,1.98,1.92,,,
D1,13/11/10,Wolfsburg,Schalke 04,2,2,D,2,1,H,17,13,4,5,12,20,7,7,2,3,1,0,2.25,3.5,3,2.3,3.45,2.8,2.25,3.3,3,2.3,3.3,2.75,2.25,3.25,3.2,2.25,3.25,2.85,2.3,3.6,2.8,2.2,3.6,3,2.3,3.6,3.1,2.25,3.3,3,37,2.38,2.27,3.61,3.4,3.2,3.01,29,1.67,1.62,2.35,2.23,22,0,1.71,1.64,2.29,2.21,,,
D1,14/11/10,Bayern Munich,Nurnberg,3,0,H,1,0,H,13,12,7,2,16,9,3,2,1,1,0,0,1.33,5,8.5,1.3,5.15,8.5,1.33,5,8,1.35,4.5,7.3,1.3,5,10,1.29,5,8.5,1.36,4.8,8.5,1.33,5,10,1.36,5.25,9,1.33,4.75,8.5,37,1.36,1.33,5.46,5,10,9.04,26,1.57,1.52,2.6,2.42,16,-1.5,2.05,2,1.89,1.85,,,
D1,14/11/10,Hoffenheim,Freiburg,0,1,A,0,0,D,12,10,7,3,16,20,3,6,0,1,0,0,1.62,3.75,5.5,1.55,3.75,5.9,1.6,3.75,5.25,1.6,3.6,5,1.57,3.75,6,1.55,3.75,5.25,1.62,4.2,5,1.62,3.9,6,1.62,4.2,6,1.57,3.8,5.5,37,1.64,1.58,4.25,3.83,6.37,5.75,29,1.64,1.57,2.42,2.32,16,-1,2.03,2,1.9,1.87,,,
D1,20/11/10,Ein Frankfurt,Hoffenheim,0,4,A,0,1,A,8,18,3,9,12,21,2,6,4,4,0,0,2.25,3.4,3.1,2.25,3.4,2.9,2.25,3.3,3,2.2,3.2,3,2.25,3.3,3.2,2.15,3.3,3,2.3,3.5,2.9,2.3,3.4,3.2,2.25,3.5,3.3,2.2,3.3,3.1,39,2.3,2.21,3.59,3.36,3.41,3.14,35,1.9,1.78,2.1,2.01,23,0,1.66,1.6,2.49,2.28,,,
D1,20/11/10,Freiburg,Dortmund,1,2,A,1,0,H,9,18,2,8,8,10,3,6,0,1,0,0,5.5,3.75,1.62,5.25,3.75,1.6,5.25,3.6,1.65,4.4,3.5,1.7,5,3.75,1.67,5.25,3.6,1.57,5.5,3.6,1.67,5.5,4,1.62,5.5,4,1.67,5,3.8,1.62,39,6.03,5.4,4.05,3.75,1.7,1.62,34,1.81,1.71,2.2,2.1,17,0.75,2.12,2.07,1.84,1.81,,,
D1,20/11/10,Hannover,Hamburg,3,2,H,1,1,D,14,11,5,4,18,20,6,4,2,4,0,0,2.88,3.4,2.38,2.8,3.35,2.35,3,3.3,2.25,2.7,3.25,2.35,3,3.4,2.3,2.9,3.3,2.2,2.9,3.5,2.3,3,3.5,2.38,3,3.5,2.4,3,3.25,2.3,38,3.13,2.95,3.54,3.34,2.4,2.33,35,1.83,1.77,2.13,2.02,24,0,2.25,2.15,1.77,1.69,,,
D1,20/11/10,Leverkusen,Bayern Munich,1,1,D,1,1,D,17,8,8,1,23,14,4,5,2,2,0,0,3,3.4,2.3,2.75,3.4,2.35,2.8,3.3,2.4,2.6,3.3,2.4,3,3.25,2.38,2.75,3.3,2.3,2.8,3.4,2.4,3,3.4,2.4,3,3.5,2.4,2.8,3.3,2.38,39,3.1,2.9,3.6,3.35,2.47,2.37,32,1.8,1.69,2.25,2.13,25,0,2.21,2.1,1.77,1.71,,,
D1,20/11/10,M'gladbach,Mainz,2,3,A,0,0,D,8,16,4,8,20,13,3,4,1,1,0,0,2.4,3.4,2.8,2.35,3.35,2.8,2.4,3.3,2.8,2.4,3.3,2.6,2.4,3.3,2.87,2.4,3.1,2.75,2.5,3.4,2.7,2.5,3.5,2.8,2.4,3.4,3.1,2.38,3.3,2.8,38,2.5,2.38,3.51,3.32,3.1,2.89,31,1.8,1.69,2.25,2.13,22,0,1.79,1.72,2.21,2.09,,,
D1,20/11/10,Nurnberg,Kaiserslautern,1,3,A,0,3,A,18,10,6,7,12,18,8,4,1,3,0,1,1.95,3.5,3.75,2,3.4,3.5,2,3.3,3.6,1.9,3.3,3.7,2,3.4,3.75,1.95,3.25,3.6,2,3.5,3.6,1.95,3.6,4,2,3.6,4,1.91,3.4,3.75,38,2,1.94,3.74,3.46,4.2,3.8,35,1.86,1.78,2.1,2,18,-0.5,1.98,1.95,1.98,1.91,,,
D1,20/11/10,Schalke 04,Werder Bremen,4,0,H,2,0,H,14,10,8,2,19,14,8,2,1,1,0,1,2.2,3.4,3.2,2.1,3.4,3.2,2.2,3.3,3.1,2.2,3.3,2.9,2.25,3.3,3.2,2.15,3.3,3,2.2,3.5,3.1,2.2,3.6,3.2,2.25,3.6,3.3,2.15,3.3,3.2,29,2.25,2.18,3.6,3.38,3.46,3.21,26,1.75,1.68,2.3,2.14,18,0,1.65,1.58,2.44,2.32,,,
D1,21/11/10,St Pauli,Wolfsburg,1,1,D,1,0,H,18,3,5,2,14,27,2,4,0,3,0,0,3.2,3.4,2.2,2.95,3.35,2.25,3,3.25,2.3,2.75,3.3,2.3,3,3.4,2.3,2.75,3.3,2.3,2.88,3.5,2.3,2.88,3.6,2.4,3.2,3.6,2.25,2.88,3.3,2.3,38,3.2,2.99,3.67,3.39,2.4,2.28,26,1.67,1.57,2.5,2.3,23,0,2.35,2.18,1.73,1.66,,,
D1,21/11/10,Stuttgart,FC Koln,0,1,A,0,0,D,20,18,5,8,16,15,10,9,4,3,0,0,1.53,4,6,1.5,4,6,1.5,4,6,1.55,3.7,5.4,1.57,3.75,6,1.45,4.2,5.75,1.55,4,6,1.53,4.5,6,1.53,4.33,6.5,1.5,4,6,39,1.57,1.51,4.58,4.1,7,6.21,26,1.62,1.58,2.4,2.27,17,-1,1.88,1.84,2.09,2.03,,,
D1,26/11/10,Mainz,Nurnberg,3,0,H,1,0,H,10,13,4,3,17,15,1,4,4,2,0,0,1.85,3.4,4.33,1.91,3.4,4.33,1.9,3.4,3.9,1.8,3.4,4,1.8,3.3,3.75,1.85,3.1,4.2,1.91,3.5,4,1.83,3.6,4.5,1.91,3.5,4.5,1.91,3.3,4,36,1.86,1.82,3.65,3.45,4.93,4.5,34,2.06,1.92,1.93,1.84,18,-0.5,1.85,1.82,2.13,2.04,,,
D1,27/11/10,Bayern Munich,Ein Frankfurt,4,1,H,1,1,D,25,8,8,4,11,11,15,7,1,0,0,0,1.36,4.75,8,1.44,4.75,7,1.35,4.75,8,1.4,4.1,7,1.33,4.33,7,1.36,4.3,7.5,1.36,4.5,9,1.4,4.5,9,1.36,5,9,1.36,4.5,8,37,1.4,1.35,5.47,4.77,10.32,8.84,29,1.6,1.55,2.63,2.36,18,-1.5,2.01,1.96,1.96,1.89,,,
D1,27/11/10,Dortmund,M'gladbach,4,1,H,1,1,D,22,8,8,4,15,13,7,1,1,1,0,0,1.29,5.5,9.5,1.3,5.15,8.5,1.3,5,9.5,1.35,4.5,7.3,1.25,5.5,12,1.29,5,8,1.3,5,10,1.3,5.5,10,1.3,6,11,1.33,4.5,9,39,1.33,1.29,6.11,5.21,12,9.86,26,1.5,1.41,3.1,2.74,19,-1.5,1.91,1.86,2.06,2,,,
D1,27/11/10,Hamburg,Stuttgart,4,2,H,3,1,H,15,14,8,3,9,16,6,7,2,3,0,1,2.1,3.3,3.5,2.1,3.5,3.5,2.05,3.4,3.4,2,3.3,3.3,1.91,3.25,3.4,2.05,3.25,3.25,2,3.5,3.5,2,3.4,3.75,2.1,3.5,3.75,2.05,3.3,3.4,37,2.13,2.06,3.65,3.38,3.75,3.5,31,1.8,1.65,2.4,2.18,18,-0.5,2.14,2.09,1.85,1.79,,,
D1,27/11/10,Hannover,Freiburg,3,0,H,1,0,H,12,13,8,2,18,15,7,4,0,1,0,0,2.25,3.2,3.25,2.1,3.3,3.3,2.2,3.2,3.2,2,3.4,3.2,2,3.2,3.2,2.2,3,3.2,2.3,3.1,3.2,2.2,3.5,3.2,2.3,3.3,3.4,2.1,3.4,3.2,39,2.36,2.21,3.5,3.25,3.45,3.22,34,2.04,1.84,2.1,1.92,24,0,1.69,1.6,2.38,2.28,,,
D1,27/11/10,Hoffenheim,Leverkusen,2,2,D,1,2,A,15,7,6,2,18,19,5,2,1,3,0,0,2.55,3.3,2.7,2.55,3.35,2.55,2.6,3.2,2.65,2.5,3.3,2.5,2.5,3.3,2.38,2.55,3.2,2.55,2.6,3.25,2.7,2.63,3.5,2.5,2.6,3.4,2.88,2.5,3.3,2.6,38,2.7,2.57,3.5,3.29,2.88,2.67,35,2.12,1.92,2,1.84,28,0,1.92,1.85,2.04,1.96,,,
D1,27/11/10,Kaiserslautern,Schalke 04,5,0,H,2,0,H,15,6,8,3,19,16,8,2,3,2,0,0,3.25,3.3,2.2,3.5,3.6,1.95,3.1,3.4,2.15,2.9,3.3,2.2,2.75,3.2,2.25,3.2,3.2,2.1,3.2,3.4,2.2,3,3.4,2.25,3.4,3.6,2.2,3,3.3,2.25,38,3.5,3.23,3.6,3.36,2.3,2.17,35,2.01,1.84,2.1,1.91,26,0,2.55,2.38,1.63,1.57,,,
D1,28/11/10,FC Koln,Wolfsburg,1,1,D,0,0,D,13,11,3,1,10,16,3,2,2,2,0,0,2.8,3.3,2.45,2.85,3.5,2.4,2.6,3.4,2.5,2.75,3.3,2.3,2.6,3.2,2.38,2.7,3.2,2.4,2.75,3.3,2.5,2.63,3.5,2.5,2.75,3.4,2.6,2.7,3.4,2.4,38,2.9,2.77,3.55,3.34,2.6,2.45,32,1.88,1.74,2.2,2.03,28,0,2.1,2.03,1.87,1.78,,,
D1,28/11/10,Werder Bremen,St Pauli,3,0,H,2,0,H,14,16,8,4,14,16,5,10,2,0,1,1,1.75,3.75,4.5,1.78,3.7,4.6,1.8,3.75,4,1.7,3.5,4.4,1.67,3.4,4.33,1.7,3.5,4.5,1.83,3.6,4.2,1.8,3.75,4.33,1.83,3.8,4.4,1.67,3.75,4.5,38,1.87,1.77,3.85,3.62,4.75,4.44,26,1.63,1.57,2.4,2.3,17,-0.5,1.87,1.83,2.08,2.04,,,
D1,03/12/10,St Pauli,Kaiserslautern,1,0,H,0,0,D,16,12,6,4,11,15,2,3,1,3,0,0,2.4,3.4,2.8,2.45,3.5,2.8,2.4,3.4,2.75,2.3,3.2,2.8,2.4,3.3,2.88,2.4,3.2,2.7,2.4,3.5,2.8,2.3,3.5,3.1,2.4,3.5,3,2.4,3.3,2.75,40,2.55,2.4,3.51,3.3,3.1,2.89,36,2.07,1.92,2.03,1.86,25,0,1.8,1.73,2.23,2.1,,,
D1,04/12/10,Ein Frankfurt,Mainz,2,1,H,1,1,D,15,10,4,2,21,27,2,5,0,2,0,0,2.2,3.2,3.4,2.15,3.25,3.25,2.2,3.2,3.2,2.3,3.2,2.8,2.2,3.3,3.25,2.2,3.1,3.1,2.2,3.3,3.3,2.3,3.4,3,2.25,3.3,3.5,2.2,3.25,3.1,39,2.3,2.22,3.4,3.25,3.5,3.24,36,2.06,1.94,1.95,1.84,24,0,1.63,1.57,2.47,2.34,,,
D1,04/12/10,Freiburg,Hamburg,1,0,H,1,0,H,10,12,4,6,16,15,8,4,1,0,0,0,3,3.4,2.3,3,3.3,2.25,3,3.2,2.3,2.6,3.2,2.5,3,3.4,2.3,2.9,3.1,2.3,3.1,3.4,2.25,2.75,3.5,2.38,3.4,3.3,2.3,3,3.25,2.3,39,3.4,3.1,3.5,3.27,2.38,2.28,36,1.87,1.79,2.11,1.99,26,0,2.44,2.27,1.65,1.62,,,
D1,04/12/10,M'gladbach,Hannover,1,2,A,1,0,H,15,12,3,4,11,17,1,3,2,1,1,0,2.25,3.4,3.1,2.2,3.4,3,2.2,3.3,3.1,2.3,3.3,2.75,2.25,3.3,3.2,2.2,3.2,3,2.2,3.6,3.1,2.2,3.6,3,2.25,3.6,3.2,2.2,3.4,3,39,2.3,2.22,3.69,3.4,3.37,3.1,26,1.67,1.6,2.4,2.24,23,0,1.66,1.61,2.4,2.27,,,
D1,04/12/10,Schalke 04,Bayern Munich,2,0,H,0,0,D,12,17,4,5,13,7,4,9,0,1,0,0,3.4,3.4,2.1,3.5,3.5,2.1,3.3,3.3,2.1,3,3.2,2.2,3.5,3.3,2.1,3.4,3.25,2,3.4,3.6,2.05,3.75,3.5,1.95,3.75,3.5,2.1,3.3,3.3,2.1,39,3.78,3.49,3.6,3.4,2.11,2.06,35,1.86,1.8,2.1,1.98,18,0,2.65,2.51,1.5,1.49,,,
D1,04/12/10,Stuttgart,Hoffenheim,1,1,D,1,1,D,19,11,5,7,18,19,4,2,3,2,0,1,2.2,3.5,3.1,2.05,3.6,3.2,2.15,3.3,3.25,2.2,3.3,2.9,2.2,3.3,3.25,2.1,3.2,3.2,2.15,3.5,3.25,2.2,3.6,3,2.25,3.6,3.3,2.15,3.4,3.1,39,2.26,2.16,3.65,3.42,3.4,3.21,33,1.73,1.65,2.3,2.19,24,0,1.67,1.58,2.45,2.32,,,
D1,04/12/10,Wolfsburg,Werder Bremen,0,0,D,0,0,D,11,15,4,7,19,16,2,7,3,1,0,0,2,3.6,3.5,2.05,3.5,3.6,2,3.6,3.3,2.1,3.4,3,2.1,3.3,3.5,1.95,3.3,3.5,2.05,3.8,3.25,1.91,3.75,3.6,2,3.75,3.75,2.05,3.4,3.4,39,2.1,2,3.84,3.51,3.75,3.53,26,1.55,1.5,2.6,2.51,18,-0.5,2.05,2.01,1.91,1.86,,,
D1,05/12/10,Leverkusen,FC Koln,3,2,H,1,1,D,11,14,5,5,9,19,5,0,1,1,0,0,1.4,4.5,8,1.4,4.5,7,1.4,4.33,7.5,1.4,4.1,7,1.4,4.5,8,1.35,4.2,8,1.44,4.5,7,1.44,4.33,7,1.4,5,8.5,1.4,4.33,7.5,39,1.46,1.41,4.9,4.41,9,7.72,26,1.75,1.64,2.3,2.17,18,-1.25,1.99,1.94,1.97,1.93,,,
D1,05/12/10,Nurnberg,Dortmund,0,2,A,0,1,A,7,16,1,7,13,17,3,6,2,2,0,0,4.5,3.75,1.73,5,3.6,1.75,5,3.5,1.7,4.6,3.5,1.65,5,3.75,1.67,5.5,3.6,1.55,4.75,4,1.67,5.5,3.8,1.62,5,4,1.73,4.75,3.6,1.7,38,5.5,5.04,4,3.65,1.75,1.69,34,1.75,1.68,2.38,2.15,18,0.75,2.02,1.98,1.94,1.9,,,
D1,10/12/10,Hannover,Stuttgart,2,1,H,1,0,H,16,22,8,3,15,18,5,3,2,3,0,0,2.4,3.4,2.8,2.4,3.5,2.85,2.4,3.4,2.75,2.3,3.3,2.75,2.5,3.25,2.8,2.4,3.2,2.7,2.38,3.5,2.8,2.38,3.6,2.8,2.5,3.6,2.75,2.4,3.5,2.7,39,2.71,2.56,3.62,3.42,2.8,2.63,33,1.73,1.66,2.3,2.19,30,0,2,1.91,2,1.91,,,
D1,11/12/10,Bayern Munich,St Pauli,3,0,H,1,0,H,22,9,10,1,13,21,13,4,0,1,0,1,1.2,6.5,13,1.22,6.75,12,1.2,6.5,11,1.2,5.5,12,1.22,6,12,1.18,6,12,1.2,6.5,13,1.22,6.5,15,1.2,7,19,1.2,6,13,38,1.23,1.19,7.5,6.35,18.5,14.13,24,1.49,1.44,2.8,2.64,16,-1.75,1.85,1.8,2.15,2.1,,,
D1,11/12/10,Dortmund,Werder Bremen,2,0,H,1,0,H,11,8,5,2,20,22,3,5,2,5,0,0,1.57,4.2,5.25,1.67,4,5,1.6,4,5,1.65,3.5,4.6,1.57,3.75,6,1.57,3.8,5,1.62,4.2,4.8,1.53,4.5,6,1.62,4.33,5.5,1.57,3.8,5.5,38,1.63,1.58,4.5,4.01,6,5.43,24,1.62,1.5,2.63,2.48,19,-1,2.09,2.04,1.87,1.83,,,
D1,11/12/10,FC Koln,Ein Frankfurt,1,0,H,0,0,D,10,14,5,3,20,14,7,6,5,3,0,0,2.38,3.4,2.88,2.45,3.4,2.65,2.4,3.4,2.75,2.5,3.2,2.6,2.4,3.3,2.88,2.4,3.25,2.65,2.5,3.4,2.7,2.38,3.5,2.88,2.4,3.4,3.1,2.4,3.3,2.75,38,2.5,2.42,3.5,3.33,3.1,2.82,34,1.97,1.87,2,1.9,26,0,1.8,1.72,2.25,2.12,,,
D1,11/12/10,Hamburg,Leverkusen,2,4,A,0,1,A,8,16,3,8,23,18,3,4,3,3,0,0,2.5,3.3,2.75,2.5,3.5,2.75,2.5,3.2,2.75,2.4,3.2,2.7,2.4,3.3,2.88,2.5,3.2,2.6,2.5,3.4,2.7,2.5,3.5,2.8,2.6,3.4,2.88,2.4,3.3,2.75,38,2.6,2.48,3.5,3.31,2.95,2.77,35,1.91,1.83,2.05,1.95,29,0,1.88,1.8,2.08,2.01,,,
D1,11/12/10,Hoffenheim,Nurnberg,1,1,D,0,0,D,19,11,4,4,18,23,11,5,1,3,0,0,1.62,3.8,5.5,1.55,3.8,5.8,1.65,3.75,5,1.6,3.6,5,1.62,3.6,6,1.5,3.8,5.75,1.62,3.75,5.5,1.57,4,6,1.67,3.8,6,1.57,3.8,5.5,38,1.69,1.61,4.05,3.77,6.25,5.54,33,1.84,1.74,2.2,2.06,17,-0.75,1.88,1.84,2.1,2.04,,,
D1,11/12/10,Kaiserslautern,Wolfsburg,0,0,D,0,0,D,18,5,2,0,15,16,5,0,1,3,0,0,2.5,3.3,2.75,2.35,3.4,2.75,2.5,3.2,2.75,2.5,3.2,2.6,2.4,3.3,2.88,2.4,3.2,2.7,2.45,3.4,2.75,2.38,3.5,2.88,2.5,3.5,2.88,2.4,3.25,2.8,38,2.56,2.45,3.53,3.32,2.95,2.79,31,1.8,1.72,2.19,2.08,29,0,1.89,1.8,2.1,2.01,,,
D1,12/12/10,Freiburg,M'gladbach,3,0,H,2,0,H,22,14,8,6,14,14,7,2,1,2,0,0,1.91,3.6,3.8,1.88,3.4,3.9,1.85,3.5,4,1.9,3.3,3.7,1.9,3.4,4,1.9,3.1,4,1.95,3.5,3.75,1.83,3.75,4,1.85,3.75,4.2,1.91,3.4,3.75,38,1.95,1.89,3.79,3.49,4.25,3.92,28,1.67,1.63,2.35,2.22,19,-0.5,1.94,1.91,2,1.95,,,
D1,12/12/10,Mainz,Schalke 04,0,1,A,0,1,A,7,10,4,2,11,20,1,10,3,2,0,0,2.5,3.3,2.75,2.6,3.5,2.65,2.5,3.2,2.75,2.55,3.2,2.55,2.5,3.3,2.75,2.45,3.1,2.7,2.55,3.3,2.7,2.4,3.5,2.8,2.6,3.4,2.88,2.5,3.25,2.7,38,2.64,2.53,3.5,3.27,2.9,2.72,35,2.09,1.99,1.87,1.79,29,0,1.9,1.83,2.06,1.98,,,
D1,17/12/10,M'gladbach,Hamburg,1,2,A,0,0,D,18,15,8,9,12,11,5,8,1,0,0,0,3.25,3.5,2.1,3.2,3.4,2.1,3.2,3.3,2.15,2.9,3.3,2.2,3.25,3.3,2.2,3,3.3,2.15,3,3.6,2.2,3,3.6,2.3,3.4,3.6,2.2,3.1,3.4,2.25,37,3.55,3.3,3.68,3.45,2.25,2.13,33,1.73,1.64,2.38,2.21,23,0,2.61,2.4,1.6,1.55,,,
D1,18/12/10,Ein Frankfurt,Dortmund,1,0,H,0,0,D,12,9,4,1,18,14,3,8,2,2,0,0,4.5,3.75,1.75,4.5,3.5,1.75,4.33,3.6,1.75,4,3.4,1.8,4.33,3.6,1.8,4.2,3.4,1.75,4.4,3.6,1.8,4.5,3.75,1.8,4.75,4,1.75,4.5,3.5,1.75,37,4.86,4.5,4,3.61,1.89,1.77,33,1.88,1.8,2.07,1.98,18,0.5,2.17,2.11,1.8,1.77,,,
D1,18/12/10,Nurnberg,Hannover,3,1,H,2,0,H,19,5,9,1,24,23,6,3,1,4,0,0,2.1,3.4,3.4,2.1,3.4,3.2,2.2,3.2,3.2,2.3,3.3,2.75,2.2,3.2,3.4,2.1,3.3,3.1,2.15,3.5,3.25,2.2,3.6,3.25,2.2,3.5,3.4,2.25,3.3,3,36,2.25,2.16,3.6,3.37,3.48,3.27,33,1.9,1.81,2.05,1.97,22,0,1.62,1.56,2.53,2.38,,,
D1,18/12/10,Schalke 04,FC Koln,3,0,H,1,0,H,16,6,6,1,10,13,6,6,0,1,0,0,1.44,4.2,7.5,1.45,4.1,6.75,1.45,4.1,7,1.45,3.9,6.5,1.5,4,7,1.45,4,6.5,1.5,4,7,1.53,4.5,6,1.44,4.5,8,1.44,4,7.5,36,1.5,1.46,4.65,4.14,8.67,7.37,34,1.95,1.84,2.1,1.94,16,-1,1.82,1.79,2.14,2.1,,,
D1,18/12/10,St Pauli,Mainz,2,4,A,1,3,A,14,20,6,7,21,18,11,8,2,1,0,0,2.6,3.2,2.75,2.5,3.35,2.6,2.5,3.25,2.75,2.5,3.3,2.5,2.5,3.3,2.8,2.4,3.1,2.75,2.5,3.2,2.88,2.6,3.5,2.75,2.6,3.4,2.88,2.4,3.25,2.8,37,2.63,2.51,3.5,3.25,2.93,2.78,33,2.18,2.07,1.8,1.73,28,0,1.86,1.79,2.12,2.03,,,
D1,18/12/10,Werder Bremen,Kaiserslautern,1,2,A,1,1,D,22,17,5,7,16,15,8,2,2,2,1,1,1.62,4,5,1.6,3.8,5.2,1.62,3.75,5.25,1.6,3.6,5,1.62,3.75,5.5,1.55,3.6,5.5,1.62,4.2,5,1.57,4.33,5.5,1.62,4,6,1.57,3.8,5.5,36,1.7,1.6,4.36,3.95,5.8,5.32,23,1.6,1.53,2.5,2.41,17,-1,2.09,2.04,1.87,1.83,,,
D1,18/12/10,Wolfsburg,Hoffenheim,2,2,D,0,2,A,13,15,5,7,22,15,4,3,2,1,0,0,2.1,3.5,3.3,2.1,3.4,3.2,2.15,3.3,3.2,2,3.3,3.3,2.2,3.3,3.3,2.05,3.25,3.25,2.2,3.5,3.1,2.25,3.6,3.2,2.2,3.6,3.3,2.2,3.25,3.1,37,2.25,2.14,3.65,3.41,3.43,3.27,31,1.75,1.68,2.21,2.14,21,0,1.64,1.56,2.47,2.36,,,
D1,19/12/10,Leverkusen,Freiburg,2,2,D,1,1,D,14,8,6,4,17,15,3,1,3,1,0,0,1.44,4.33,7,1.45,4.25,6.5,1.44,4.25,7,1.45,3.9,6.5,1.44,4.33,7,1.44,3.6,7.5,1.44,4.4,7,1.4,4.75,8.5,1.44,4.6,8,1.4,4.33,7.5,37,1.48,1.43,4.75,4.23,8.5,7.55,31,1.77,1.69,2.3,2.13,16,-1.25,2.07,2.01,1.9,1.87,,,
D1,19/12/10,Stuttgart,Bayern Munich,3,5,A,0,3,A,12,10,7,9,20,16,3,4,3,1,0,0,4,3.6,1.85,3.9,3.5,1.85,4.3,3.9,1.9,3.3,3.3,2,4,3.4,1.91,3.75,3.25,1.9,4,3.75,1.85,3.8,3.75,1.95,4.2,3.75,1.85,3.8,3.4,1.91,37,4.35,3.98,3.88,3.55,2.01,1.88,32,1.8,1.69,2.25,2.13,19,0.5,2.03,1.97,1.93,1.89,,,
D1,14/01/11,Leverkusen,Dortmund,1,3,A,0,0,D,12,11,3,5,11,18,6,7,2,1,0,0,2.38,3.4,2.88,2.4,3.5,2.9,2.4,3.3,2.8,2.3,3.3,2.75,2.38,3.4,2.88,2.35,3.2,2.75,2.25,3.4,3.1,2.3,3.5,3,2.4,3.5,3,2.4,3.25,2.8,35,2.51,2.39,3.5,3.33,3.1,2.95,34,1.86,1.79,2.1,2,25,0,1.78,1.72,2.21,2.12,,,
D1,15/01/11,Nurnberg,M'gladbach,0,1,A,0,1,A,17,6,4,3,16,29,6,3,1,3,0,0,2,3.5,3.6,2.1,3.4,3.2,2,3.4,3.5,1.8,3.4,4,1.91,3.6,3.75,1.91,3.4,3.6,1.95,3.5,3.75,1.91,3.6,3.8,2.05,3.6,3.75,2,3.4,3.5,36,2.1,2.02,3.62,3.42,3.81,3.63,30,1.71,1.64,2.4,2.2,19,-0.5,2.1,2.05,1.86,1.81,,,
D1,15/01/11,Schalke 04,Hamburg,0,1,A,0,0,D,10,9,1,3,26,12,7,5,3,3,0,0,2.1,3.4,3.4,2.1,3.5,3.5,2.1,3.2,3.5,2,3.3,3.3,2,3.4,3.75,2.05,3.2,3.3,1.95,3.5,3.75,1.91,3.6,3.8,2.15,3.4,3.6,2.15,3.25,3.3,36,2.2,2.09,3.5,3.36,3.8,3.47,34,1.95,1.87,2.01,1.91,23,0,1.58,1.5,2.66,2.52,,,
D1,15/01/11,St Pauli,Freiburg,2,2,D,1,0,H,11,9,6,7,15,20,5,3,1,1,0,0,2.3,3.3,3.1,2.35,3.4,2.75,2.3,3.25,3,2.3,3.3,2.75,2.38,3.4,2.88,2.3,3.2,2.85,2.38,3.3,2.9,2.3,3.6,2.88,2.38,3.4,3.2,2.3,3.25,3,35,2.42,2.31,3.6,3.32,3.22,3.03,34,2.08,1.97,1.95,1.81,25,0,1.74,1.67,2.3,2.19,,,
D1,15/01/11,Stuttgart,Mainz,1,0,H,0,0,D,7,16,2,4,20,14,6,7,1,2,0,0,1.95,3.4,3.8,1.95,3.4,3.6,1.95,3.4,3.75,1.9,3.4,3.5,2,3.4,3.75,1.95,3.2,3.6,1.95,3.5,3.75,2,3.6,3.5,2,3.5,4,1.91,3.4,3.75,35,2.03,1.95,3.61,3.43,4.15,3.82,34,1.91,1.8,2.07,1.98,19,-0.5,2.02,1.97,1.95,1.9,,,
D1,15/01/11,Werder Bremen,Hoffenheim,2,1,H,1,0,H,12,8,4,2,24,19,8,4,3,2,0,0,2,3.5,3.6,2.05,3.45,3.3,2,3.4,3.5,2,3.3,3.3,2,3.5,3.6,2.05,3.25,3.25,2,3.6,3.5,2.1,3.6,3.25,2.05,3.6,3.75,2,3.3,3.5,35,2.1,2.01,3.75,3.47,3.88,3.59,28,1.66,1.59,2.5,2.3,19,-0.5,2.05,2.01,1.9,1.85,,,
D1,15/01/11,Wolfsburg,Bayern Munich,1,1,D,0,1,A,10,14,4,6,16,16,5,9,2,2,0,0,5,3.6,1.7,4.75,4,1.7,4.5,3.75,1.7,4,3.4,1.8,4.5,3.75,1.73,4.75,3.5,1.65,5,3.5,1.73,5.25,3.75,1.67,5.25,4,1.7,4.5,3.6,1.73,36,5.47,4.91,4.04,3.72,1.73,1.69,24,1.67,1.6,2.45,2.26,18,0.75,2.05,2.01,1.91,1.87,,,
D1,16/01/11,Ein Frankfurt,Hannover,0,3,A,0,2,A,12,16,4,6,13,26,5,5,1,1,0,0,2,3.4,3.75,1.95,3.4,3.65,2,3.4,3.5,2,3.3,3.3,2,3.5,3.6,2,3.25,3.4,2,3.4,3.75,2.05,3.75,3.25,2.05,3.6,3.75,2,3.3,3.5,35,2.11,2.01,3.75,3.41,3.81,3.61,34,1.84,1.78,2.1,2,19,-0.5,2.08,2.04,1.87,1.83,,,
D1,16/01/11,Kaiserslautern,FC Koln,1,1,D,0,1,A,15,14,4,3,18,24,10,4,1,6,1,0,1.91,3.5,4.2,1.95,3.4,3.7,2,3.4,3.5,1.8,3.4,4,2,3.4,3.75,1.95,3.25,3.6,1.95,3.5,3.75,2,3.6,3.5,1.95,3.6,4,2,3.4,3.4,35,1.95,1.9,3.81,3.51,4.31,3.88,34,1.95,1.85,2.05,1.93,17,-0.5,1.93,1.9,2.02,1.97,,,
D1,21/01/11,Hamburg,Ein Frankfurt,1,0,H,0,0,D,9,6,4,1,13,15,6,4,0,0,0,0,1.53,4,6,1.53,3.95,5.75,1.6,3.75,5.5,1.7,3.5,4.4,1.62,3.75,5.5,1.6,3.4,5.5,1.57,4,5.5,1.62,4,5.5,1.57,4.33,6,1.62,3.8,5.5,33,1.62,1.54,4.49,4.07,6.61,5.93,32,1.7,1.66,2.35,2.19,21,-1,1.95,1.89,2.04,1.98,,,
D1,22/01/11,Bayern Munich,Kaiserslautern,5,1,H,1,0,H,19,13,9,6,8,11,6,5,0,3,0,0,1.22,6,12,1.2,6.5,10.75,1.2,6.25,12,1.2,5.5,12,1.2,6.5,13,1.18,6,11,1.25,5.5,13,1.2,6.5,15,1.25,6.5,13,1.2,6,12,33,1.27,1.22,6.5,6.11,15.5,12.23,23,1.48,1.43,2.8,2.69,17,-1.75,2.07,2.03,1.88,1.86,,,
D1,22/01/11,Dortmund,Stuttgart,1,1,D,1,0,H,18,7,7,3,9,8,8,6,0,2,0,0,1.5,4.33,6.5,1.5,4,6,1.5,4.33,5.5,1.5,3.9,5.5,1.53,4,6,1.5,3.8,5.75,1.5,4.33,6,1.5,4.5,6,1.5,4.75,6.5,1.53,4,5.5,33,1.53,1.49,4.91,4.26,7,6.26,23,1.6,1.54,2.57,2.37,16,-1,1.8,1.77,2.19,2.12,,,
D1,22/01/11,FC Koln,Werder Bremen,3,0,H,2,0,H,11,3,5,1,11,25,7,3,3,2,0,0,2.9,3.3,2.38,2.85,3.4,2.3,2.9,3.25,2.35,2.9,3.3,2.2,2.88,3.4,2.38,2.75,3.3,2.3,3,3.2,2.4,2.88,3.5,2.38,3.1,3.5,2.38,2.88,3.3,2.3,33,3.11,2.94,3.55,3.32,2.41,2.35,35,1.83,1.76,2.13,2.03,24,0,2.23,2.14,1.77,1.7,,,
D1,22/01/11,Freiburg,Nurnberg,1,1,D,1,0,H,6,11,2,2,21,13,4,5,0,1,0,0,2.38,3.2,3,2.2,3.25,3.15,2.25,3.3,3,2,3.3,3.3,2.2,3.3,3.3,2.2,3.2,3,2.4,3.2,3,2.2,3.5,3.2,2.4,3.4,3.12,2.15,3.3,3.2,34,2.44,2.29,3.5,3.28,3.3,3.07,34,2.05,1.96,1.91,1.82,22,0,1.75,1.66,2.38,2.2,,,
D1,22/01/11,Hannover,Schalke 04,0,1,A,0,1,A,11,11,4,4,11,21,4,5,1,2,0,0,2.9,3.3,2.38,2.85,3.3,2.35,3,3.5,2.5,2.5,3.3,2.5,2.88,3.3,2.4,2.7,3.2,2.4,3,3.2,2.4,2.88,3.5,2.38,3,3.5,2.4,2.8,3.3,2.38,33,3.07,2.89,3.5,3.34,2.49,2.38,35,1.9,1.82,2.04,1.95,24,0,2.21,2.1,1.78,1.72,,,
D1,22/01/11,Mainz,Wolfsburg,0,1,A,0,0,D,14,8,3,2,16,23,3,5,1,1,0,0,2.3,3.25,3.1,2.35,3.3,2.85,2.3,3.25,3,2.3,3.2,2.8,2.3,3.3,3.1,2.3,3.1,2.9,2.3,3.2,3.2,2.2,3.5,3.2,2.3,3.3,3.4,2.3,3.3,2.88,33,2.38,2.3,3.5,3.28,3.4,3.08,34,2.05,1.93,1.92,1.85,24,0,1.68,1.64,2.38,2.24,,,
D1,23/01/11,Hoffenheim,St Pauli,2,2,D,1,0,H,10,14,4,5,25,16,4,4,1,1,0,0,1.6,3.75,5.75,1.57,3.8,5.5,1.6,3.75,5.5,1.6,3.6,5,1.57,4,5.5,1.5,3.8,5.75,1.67,3.6,5.5,1.62,4,5.5,1.67,4,5.5,1.53,3.8,6,34,1.69,1.61,4.03,3.75,6,5.55,32,1.81,1.74,2.13,2.04,15,-0.75,1.9,1.86,2.05,2.01,,,
D1,23/01/11,M'gladbach,Leverkusen,1,3,A,0,2,A,16,8,6,4,19,15,3,1,1,1,0,0,4.2,3.75,1.8,3.8,3.45,1.9,3.75,3.5,1.9,3.7,3.3,1.9,3.75,3.6,1.91,3.6,3.4,1.9,4.2,3.6,1.8,4,3.8,1.83,4.2,3.8,1.85,3.75,3.5,1.91,33,4.22,3.97,3.9,3.57,1.91,1.87,24,1.65,1.58,2.35,2.27,19,0.5,2.05,1.99,1.9,1.87,,,
D1,28/01/11,Leverkusen,Hannover,2,0,H,2,0,H,11,9,6,3,18,12,5,3,0,0,0,0,1.53,4,6,1.53,3.9,5.8,1.53,4,5.75,1.55,3.7,5.4,1.53,4,6,1.5,3.8,5.75,1.53,4,6,1.57,4.25,5.5,1.53,4.33,6.5,1.53,4,6,39,1.57,1.51,4.39,4.11,7.07,6.34,29,1.63,1.57,2.45,2.31,23,-1,1.96,1.88,2.05,1.99,,,
D1,29/01/11,Kaiserslautern,Mainz,0,1,A,0,1,A,17,12,6,5,15,16,6,3,1,0,0,0,2.2,3.3,3.25,2.25,3.2,3.1,2.15,3.25,3.3,2.2,3.3,2.9,2.2,3.4,3.2,2.25,3.1,3,2.25,3.3,3.2,2.3,3.6,2.88,2.25,3.3,3.5,2.25,3.3,3,40,2.3,2.2,3.6,3.29,3.51,3.21,38,2.02,1.92,1.96,1.85,24,0,1.64,1.57,2.49,2.33,,,
D1,29/01/11,Nurnberg,Hamburg,2,0,H,0,0,D,17,7,7,1,18,20,6,3,1,2,0,1,3.3,3.5,2.1,3.25,3.25,2.15,3.4,3.25,2.1,2.8,3.2,2.3,3.1,3.4,2.25,3,3.3,2.15,3.3,3.4,2.15,3.25,3.7,2.1,3.5,3.5,2.15,3.1,3.4,2.15,39,3.6,3.26,3.7,3.37,2.28,2.15,38,2,1.9,2,1.86,24,0,2.61,2.41,1.6,1.54,,,
D1,29/01/11,Schalke 04,Hoffenheim,0,1,A,0,1,A,10,16,1,5,19,16,9,4,2,1,0,0,1.73,3.5,5,1.75,3.5,4.5,1.72,3.5,4.75,1.65,3.5,4.6,1.73,3.5,5,1.67,3.4,4.8,1.7,3.75,4.8,1.67,3.8,5,1.75,3.8,5,1.73,3.5,4.75,40,1.77,1.72,3.9,3.58,5.27,4.86,38,1.96,1.87,1.99,1.89,19,-0.75,2.02,1.97,1.94,1.91,,,
D1,29/01/11,St Pauli,FC Koln,3,0,H,2,0,H,30,3,10,2,16,16,11,2,0,4,0,0,2.3,3.3,3.1,2.3,3.4,2.85,2.3,3.25,3,2.3,3.2,2.8,2.25,3.4,3.1,2.25,3.2,2.9,2.3,3.4,3,2.15,3.5,3.25,2.3,3.4,3.3,2.3,3.25,3,40,2.34,2.27,3.5,3.3,3.33,3.08,37,2.06,1.98,1.87,1.8,24,0,1.69,1.63,2.35,2.24,,,
D1,29/01/11,Werder Bremen,Bayern Munich,1,3,A,0,0,D,9,17,4,6,21,18,7,4,2,2,1,0,4.75,4,1.67,4.7,3.8,1.65,4.75,3.75,1.67,4.3,3.4,1.75,4.5,3.75,1.73,4.5,3.5,1.7,4.75,4,1.67,4.5,3.8,1.73,5.25,3.8,1.7,4.5,3.6,1.73,39,5.53,4.92,4.12,3.77,1.73,1.67,27,1.62,1.53,2.55,2.39,19,0.75,2.08,2.04,1.93,1.85,,,
D1,29/01/11,Wolfsburg,Dortmund,0,3,A,0,2,A,9,17,2,8,18,12,4,3,2,2,0,0,4,3.75,1.83,4.2,3.45,1.8,4,3.5,1.85,3.3,3.3,2,4.2,3.6,1.83,3.75,3.25,1.9,4.2,3.6,1.83,4.5,3.75,1.75,4.4,3.75,1.85,3.75,3.4,1.91,40,4.75,4.22,3.82,3.58,1.94,1.81,36,1.78,1.7,2.25,2.1,20,0.5,2.13,2.05,1.85,1.81,,,
D1,30/01/11,Ein Frankfurt,M'gladbach,0,1,A,0,0,D,17,16,2,7,7,18,4,4,0,2,0,0,2,3.5,3.6,1.9,3.5,3.7,2.05,3.3,3.5,1.85,3.4,3.8,1.91,3.6,3.75,1.95,3.3,3.5,1.95,3.5,3.75,1.91,3.7,3.9,2.1,3.5,3.75,2,3.5,3.5,37,2.15,2,3.7,3.4,3.9,3.6,31,1.67,1.62,2.4,2.23,18,-0.5,2.12,2.07,1.85,1.81,,,
D1,30/01/11,Stuttgart,Freiburg,0,1,A,0,1,A,15,9,4,3,10,20,9,3,0,2,0,0,1.53,3.8,6.5,1.57,4,5.2,1.57,3.75,5.75,1.65,3.5,4.6,1.57,3.75,6,1.55,3.6,5.75,1.57,4,5.5,1.57,4.33,5.5,1.57,4.2,6.5,1.57,3.8,5.5,40,1.62,1.55,4.33,3.93,6.5,5.87,33,1.68,1.62,2.35,2.22,21,-1,2,1.95,1.98,1.92,,,
D1,04/02/11,Dortmund,Schalke 04,0,0,D,0,0,D,21,6,9,2,13,19,1,2,2,3,0,0,1.62,3.8,5.5,1.62,3.85,4.9,1.6,3.75,5.5,1.7,3.5,4.4,1.57,4,5.5,1.57,3.6,5.25,1.57,4,5.5,1.62,3.75,5.75,1.62,4,6,1.57,4,5.5,38,1.75,1.63,3.93,3.76,5.9,5.47,37,1.95,1.82,2.08,1.95,19,-0.75,1.91,1.86,2.08,2.02,,,
D1,05/02/11,FC Koln,Bayern Munich,3,2,H,0,2,A,17,12,6,4,19,17,5,7,0,2,0,0,7,4.33,1.44,6,4.2,1.48,6.5,4.25,1.45,5.7,3.8,1.5,6.5,4.5,1.44,7,4.2,1.4,6.5,4.2,1.5,6.5,4.33,1.5,7,4.6,1.5,6.5,4.2,1.44,38,7.14,6.67,4.57,4.21,1.53,1.47,25,1.62,1.54,2.45,2.35,18,1,2.13,2.08,1.85,1.8,,,
D1,05/02/11,Hannover,Wolfsburg,1,0,H,1,0,H,10,12,4,3,18,16,4,4,1,3,0,0,2.5,3.3,2.75,2.45,3.4,2.65,2.45,3.3,2.75,2.5,3.2,2.6,2.4,3.4,2.8,2.4,3.25,2.65,2.38,3.5,2.8,2.5,3.5,2.63,2.5,3.4,2.88,2.4,3.25,2.8,37,2.53,2.46,3.5,3.3,2.95,2.79,35,1.87,1.77,2.1,2.01,29,0,1.85,1.78,2.13,2.04,,,
D1,05/02/11,Hoffenheim,Kaiserslautern,3,2,H,2,0,H,17,24,8,7,17,24,4,7,1,2,1,0,1.8,3.6,4.33,1.78,3.5,4.3,1.8,3.5,4.25,1.8,3.4,4,1.8,3.5,4.5,1.7,3.4,4.6,1.8,3.5,4.5,1.67,3.8,5,1.83,3.75,4.6,1.8,3.5,4.2,37,1.85,1.79,3.84,3.56,5,4.39,35,1.85,1.76,2.11,2.01,20,-0.5,1.85,1.82,2.11,2.05,,,
D1,05/02/11,Mainz,Werder Bremen,1,1,D,1,0,H,10,9,5,3,19,24,6,3,1,4,0,0,2.4,3.4,2.8,2.35,3.4,2.75,2.35,3.25,2.9,2.3,3.3,2.75,2.3,3.4,3,2.4,3.1,2.8,2.25,3.5,3,2.2,3.6,3,2.4,3.4,3,2.3,3.3,2.88,37,2.44,2.36,3.6,3.36,3.07,2.89,36,1.91,1.81,2.06,1.96,26,0,1.78,1.71,2.2,2.12,,,
D1,05/02/11,M'gladbach,Stuttgart,2,3,A,2,0,H,12,9,5,3,19,14,5,3,1,2,1,0,2.88,3.3,2.4,2.55,3.45,2.5,2.8,3.3,2.4,2.5,3.3,2.5,2.8,3.4,2.4,2.7,3.2,2.4,2.9,3.5,2.3,2.75,3.4,2.5,2.88,3.5,2.5,2.8,3.25,2.4,37,2.92,2.79,3.57,3.32,2.55,2.46,33,1.7,1.61,2.4,2.24,29,0,2.12,2.04,1.84,1.78,,,
D1,05/02/11,Nurnberg,Leverkusen,1,0,H,0,0,D,9,11,3,0,25,19,3,2,1,3,1,0,3.4,3.4,2.1,3.5,3.4,2,3.4,3.25,2.1,3.1,3.3,2.1,3.6,3.5,2,3.5,3.2,2,3.5,3.4,2.05,3.5,3.6,2,3.6,3.5,2.1,3.5,3.3,2.05,37,3.79,3.5,3.6,3.37,2.13,2.06,36,1.9,1.8,2.1,1.97,19,0.5,1.84,1.8,2.13,2.08,,,
D1,06/02/11,Freiburg,Ein Frankfurt,0,0,D,0,0,D,12,12,0,3,14,21,5,6,0,2,0,0,2.1,3.4,3.4,2.15,3.4,3.1,2.1,3.25,3.4,2.1,3.3,3.1,2.1,3.4,3.4,2.15,3.2,3.1,2.2,3.5,3.1,2,3.6,3.5,2.15,3.5,3.5,2.15,3.25,3.25,37,2.2,2.13,3.6,3.36,3.59,3.33,36,1.88,1.78,2.05,1.99,22,0,1.59,1.53,2.56,2.43,,,
D1,12/02/11,Bayern Munich,Hoffenheim,4,0,H,2,0,H,17,14,11,4,5,17,8,3,0,4,0,0,1.33,5,9,1.38,4.7,7,1.35,4.75,8,1.4,4.1,7,1.36,5,7.5,1.33,4.5,8,1.36,5,8,1.36,4.5,8,1.36,5.25,9,1.36,4.5,8,39,1.39,1.36,5.38,4.73,9.43,8.29,25,1.55,1.5,2.6,2.48,17,-1.5,2.16,2.11,1.8,1.77,,,
D1,12/02/11,Ein Frankfurt,Leverkusen,0,3,A,0,2,A,12,12,3,6,25,15,1,6,3,1,0,0,3.75,3.4,2,3.2,3.4,2.1,3.5,3.4,2,3.3,3.3,2,3.6,3.5,2,3.4,3.3,2,3.5,3.4,2.05,3.5,3.6,2,3.8,3.5,2.05,3.6,3.3,2,39,3.87,3.57,3.6,3.36,2.1,2.04,35,1.95,1.84,2,1.94,20,0.5,1.86,1.81,2.11,2.02,,,
D1,12/02/11,Kaiserslautern,Dortmund,1,1,D,0,0,D,15,17,3,6,14,16,6,2,1,0,0,1,5.5,3.8,1.62,5,3.8,1.62,5,3.75,1.65,4.6,3.5,1.65,5.5,3.75,1.62,5,3.8,1.57,5,3.75,1.67,5.25,3.75,1.67,6,4,1.62,5.5,3.6,1.62,38,5.72,5.28,4.12,3.74,1.68,1.63,34,1.85,1.77,2.1,2.01,17,0.75,2.09,2.05,1.86,1.83,,,
D1,12/02/11,Schalke 04,Freiburg,1,0,H,0,0,D,20,3,7,1,7,22,12,0,2,2,0,0,1.67,3.75,5,1.65,3.7,4.9,1.67,3.6,5,1.65,3.5,4.6,1.67,3.75,5,1.6,3.6,5,1.7,3.75,4.8,1.57,3.75,5.5,1.7,3.8,5.5,1.67,3.5,5.25,39,1.76,1.68,3.8,3.58,5.5,5.11,36,2.02,1.91,1.95,1.86,18,-0.75,2.01,1.96,1.94,1.91,,,
D1,12/02/11,St Pauli,M'gladbach,3,1,H,1,1,D,23,7,9,2,14,15,9,1,1,1,0,1,2,3.5,3.6,2.1,3.45,3.15,2,3.4,3.5,2.1,3.3,3.1,2,3.6,3.5,1.95,3.3,3.5,2.05,3.4,3.5,1.91,3.6,3.8,2.05,3.6,3.75,2.05,3.3,3.4,38,2.1,2.02,3.7,3.39,3.8,3.57,33,1.72,1.65,2.29,2.19,18,-0.5,2.06,2.03,1.88,1.84,,,
D1,12/02/11,Stuttgart,Nurnberg,1,4,A,1,2,A,10,20,5,10,10,21,3,7,3,1,0,0,1.73,3.6,4.75,1.8,3.5,4.15,1.75,3.5,4.5,1.8,3.4,4,1.75,3.75,4.5,1.73,3.5,4.3,1.75,3.75,4.5,1.73,3.6,4.5,1.75,3.75,5,1.75,3.5,4.5,39,1.8,1.75,3.89,3.54,5.1,4.68,37,1.93,1.84,2.01,1.93,18,-0.75,2.03,1.99,1.93,1.89,,,
D1,12/02/11,Wolfsburg,Hamburg,0,1,A,0,1,A,8,9,1,4,25,15,5,5,4,1,0,0,2.5,3.3,2.75,2.45,3.3,2.7,2.45,3.3,2.75,2.4,3.2,2.7,2.5,3.4,2.7,2.4,3.2,2.7,2.38,3.3,2.9,2.25,3.5,3,2.5,3.5,2.88,2.5,3.2,2.75,39,2.58,2.45,3.51,3.3,3,2.78,37,1.95,1.85,2,1.92,30,0,1.86,1.79,2.11,2.03,,,
D1,13/02/11,FC Koln,Mainz,4,2,H,2,1,H,15,9,9,4,20,17,5,1,2,1,0,0,2.4,3.3,2.9,2.35,3.3,2.85,2.4,3.25,2.8,2.2,3.2,3,2.38,3.5,2.8,2.3,3.25,2.8,2.38,3.3,2.9,2.25,3.5,3,2.5,3.4,3,2.4,3.3,2.75,39,2.51,2.38,3.5,3.29,3.1,2.89,36,2.14,2.04,1.85,1.75,27,0,1.78,1.72,2.23,2.13,,,
D1,13/02/11,Werder Bremen,Hannover,1,1,D,0,1,A,13,6,5,4,18,21,11,3,0,3,0,0,1.73,3.75,4.5,1.75,3.6,4.3,1.75,3.75,4.25,1.8,3.4,4,1.8,3.6,4.33,1.73,3.5,4.3,1.7,4,4.5,1.8,3.6,4,1.75,4,5,1.8,3.5,4.2,39,1.8,1.74,4.02,3.65,5,4.51,31,1.7,1.64,2.29,2.19,16,-0.75,2.01,1.96,1.95,1.91,,,
D1,16/02/11,Hamburg,St Pauli,0,1,A,0,0,D,22,5,6,3,15,19,11,5,4,2,0,0,1.62,3.75,5.5,1.6,3.9,5,1.62,3.75,5.25,1.6,3.6,5,1.57,3.5,5,1.6,3.75,4.75,1.62,3.6,6,1.67,3.8,5,1.57,4.33,6,1.62,3.8,5,34,1.67,1.6,4.33,3.87,6.43,5.52,30,1.76,1.71,2.17,2.08,20,-1,2.05,1.99,1.93,1.88,,,
D1,18/02/11,Nurnberg,Ein Frankfurt,3,0,H,0,0,D,16,3,7,1,13,21,8,1,2,2,0,0,1.91,3.6,3.8,1.9,3.5,3.7,1.95,3.4,3.75,1.9,3.3,3.7,1.91,3.4,4,1.85,3.4,3.8,1.91,3.5,4,1.91,3.6,4,2,3.6,4,1.91,3.4,3.8,35,2.03,1.94,3.68,3.49,4.1,3.85,34,2.1,2.02,1.86,1.77,20,-0.5,2.03,1.99,1.93,1.89,,,
D1,19/02/11,Dortmund,St Pauli,2,0,H,1,0,H,25,3,12,1,16,14,8,1,1,2,0,0,1.25,5.5,12,1.3,5.3,8,1.3,5,9,1.3,4.8,8.5,1.3,5,10,1.29,4.8,9,1.3,5,11,1.29,5.5,10,1.33,5,12,1.3,5,9,36,1.35,1.3,5.75,5.12,12,9.7,25,1.65,1.58,2.35,2.27,20,-1.5,2.05,1.98,1.95,1.87,,,
D1,19/02/11,Freiburg,Wolfsburg,2,1,H,1,1,D,14,18,5,8,14,12,7,9,3,0,0,0,2.5,3.3,2.75,2.5,3.4,2.6,2.45,3.3,2.75,2.3,3.3,2.75,2.38,3.4,2.88,2.38,3.3,2.65,2.4,3.2,3,2.38,3.5,2.88,2.5,3.4,3,2.4,3.3,2.75,35,2.5,2.43,3.58,3.34,3.03,2.82,34,2.05,1.91,1.94,1.86,22,0,1.82,1.76,2.17,2.06,,,
D1,19/02/11,Hamburg,Werder Bremen,4,0,H,1,0,H,14,8,6,2,21,19,6,3,3,3,0,0,1.91,3.6,3.75,1.88,3.4,3.9,1.9,3.5,3.75,1.9,3.3,3.7,1.83,3.75,4,1.9,3.3,3.75,1.91,3.5,4,1.83,3.75,4,1.91,3.6,4.2,1.91,3.4,3.8,34,1.96,1.9,3.75,3.48,4.33,3.98,31,1.81,1.72,2.25,2.08,19,-0.5,1.96,1.92,1.98,1.95,,,
D1,19/02/11,Hannover,Kaiserslautern,3,0,H,2,0,H,12,10,5,4,12,14,7,6,1,1,0,0,2,3.5,3.6,2.05,3.5,3.25,2.05,3.4,3.4,1.8,3.4,4,2,3.4,3.75,1.95,3.25,3.6,2.1,3.3,3.5,1.91,3.6,4,2.15,3.5,3.6,2,3.3,3.6,36,2.18,2.06,3.6,3.35,4,3.57,34,1.86,1.78,2.2,2.01,16,-0.5,2.17,2.12,1.8,1.77,,,
D1,19/02/11,Hoffenheim,FC Koln,1,1,D,0,0,D,17,8,4,2,20,21,4,1,2,5,0,0,1.75,3.7,4.5,1.85,3.6,3.8,1.8,3.5,4.25,1.8,3.4,4,1.8,3.6,4.33,1.75,3.4,4.2,1.8,3.5,4.5,1.8,3.75,4.33,1.83,3.8,4.5,1.8,3.5,4.2,35,1.85,1.79,3.89,3.57,4.8,4.39,33,1.82,1.75,2.15,2.05,16,-0.5,1.85,1.81,2.11,2.07,,,
D1,19/02/11,Mainz,Bayern Munich,1,3,A,0,1,A,18,19,7,9,18,13,4,11,2,1,0,0,5,4,1.62,5,3.9,1.6,5,3.75,1.65,4.6,3.5,1.65,5,4,1.62,5,3.75,1.57,5,4,1.62,5,4,1.67,5.5,4,1.67,5,3.8,1.62,35,5.54,5.09,4.22,3.92,1.67,1.63,29,1.8,1.67,2.25,2.14,18,0.75,2.09,2.06,1.86,1.83,,,
D1,20/02/11,Leverkusen,Stuttgart,4,2,H,2,1,H,18,11,7,4,11,12,6,4,1,2,0,0,1.62,4,5,1.57,4,5.1,1.6,4,5,1.6,3.6,5,1.62,4,5,1.6,3.75,4.75,1.62,4,5,1.57,4,5.5,1.62,4.33,5.5,1.62,3.8,5,35,1.65,1.61,4.42,3.99,5.6,5.18,29,1.67,1.59,2.5,2.28,15,-1,2.07,2.03,1.88,1.84,,,
D1,20/02/11,M'gladbach,Schalke 04,2,1,H,2,1,H,13,4,7,1,19,17,3,0,0,0,0,0,3.4,3.4,2.1,3.1,3.55,2.1,3.5,3.4,2.1,3.3,3.3,2,3.25,3.5,2.1,3.1,3.3,2.1,3.5,3.3,2.1,3.75,3.6,1.95,3.6,3.5,2.1,3.3,3.3,2.1,34,3.75,3.43,3.61,3.39,2.15,2.1,31,1.87,1.78,2.2,2.01,21,0,2.63,2.5,1.55,1.51,,,
D1,25/02/11,Wolfsburg,M'gladbach,2,1,H,2,0,H,15,14,6,6,17,25,5,3,4,3,0,0,1.8,3.75,4.2,1.88,3.6,3.7,1.9,3.5,3.75,1.8,3.4,4,1.8,3.6,4.33,1.83,3.4,3.8,1.83,3.6,4.2,1.8,3.8,4.2,1.85,3.75,4.4,1.85,3.5,4,35,1.9,1.82,3.86,3.61,4.76,4.3,31,1.81,1.7,2.2,2.11,18,-0.5,1.86,1.8,2.16,2.08,,,
D1,26/02/11,Bayern Munich,Dortmund,1,3,A,1,2,A,14,16,4,5,10,11,10,4,2,3,0,0,1.73,3.6,4.75,1.83,3.6,3.9,1.83,3.6,4,1.8,3.4,4,1.83,3.6,4.2,1.73,3.5,4.3,1.83,3.6,4.2,1.83,3.75,4,1.8,4,4.6,1.83,3.5,4,35,1.85,1.8,4,3.62,4.75,4.32,30,1.73,1.67,2.25,2.13,17,-0.5,1.84,1.81,2.14,2.07,,,
D1,26/02/11,FC Koln,Freiburg,1,0,H,0,0,D,22,12,6,1,12,20,8,5,2,3,0,0,2.25,3.25,3.2,2.1,3.4,3.2,2.2,3.2,3.2,2.1,3.3,3.1,2.1,3.4,3.4,2.1,3.3,3.1,2.3,3.2,3.2,2.05,3.6,3.4,2.3,3.4,3.3,2.1,3.4,3.2,35,2.31,2.2,3.42,3.29,3.5,3.25,34,2.07,1.95,1.9,1.83,20,0,1.67,1.61,2.42,2.31,,,
D1,26/02/11,Hoffenheim,Mainz,1,2,A,0,1,A,13,10,4,7,18,23,6,4,1,0,0,0,2,3.4,3.75,2.05,3.3,3.5,2.05,3.4,3.4,2,3.3,3.3,2,3.5,3.6,2.05,3.2,3.3,2.1,3.3,3.5,2,3.6,3.6,2.05,3.5,3.6,2,3.4,3.5,35,2.13,2.04,3.61,3.4,3.75,3.55,34,2,1.89,1.99,1.89,16,-0.5,2.13,2.08,1.86,1.81,,,
D1,26/02/11,Kaiserslautern,Hamburg,1,1,D,1,0,H,16,16,8,5,17,10,4,3,3,0,0,0,3.1,3.4,2.25,2.9,3.4,2.25,2.9,3.3,2.35,2.75,3.3,2.3,3,3.4,2.3,2.75,3.2,2.35,3.2,3.2,2.3,3,3.5,2.25,3.12,3.5,2.38,2.88,3.3,2.3,36,3.2,3,3.55,3.33,2.39,2.33,35,1.98,1.88,2,1.89,23,0,2.31,2.18,1.74,1.69,,,
D1,26/02/11,Schalke 04,Nurnberg,1,1,D,0,1,A,16,16,8,4,13,17,10,3,1,3,0,0,1.83,3.5,4.33,1.83,3.5,4,1.85,3.25,4.33,1.75,3.4,4.3,1.8,3.5,4.5,1.75,3.4,4.3,1.91,3.3,4.2,1.8,3.5,4.5,1.91,3.6,4.5,1.83,3.5,4,35,1.91,1.83,3.72,3.45,4.63,4.34,34,2.05,1.94,1.92,1.84,19,-0.5,1.91,1.86,2.07,2.02,,,
D1,26/02/11,St Pauli,Hannover,0,1,A,0,0,D,7,8,1,5,20,21,3,5,0,2,0,0,2.3,3.5,2.88,2.4,3.4,2.7,2.35,3.3,2.9,2.4,3.2,2.7,2.38,3.5,2.8,2.3,3.2,2.85,2.4,3.3,2.9,2.3,3.6,2.88,2.3,3.6,3.12,2.25,3.4,2.88,36,2.4,2.31,3.6,3.37,3.22,2.98,33,1.97,1.88,1.96,1.89,23,0,1.71,1.67,2.33,2.21,,,
D1,27/02/11,Ein Frankfurt,Stuttgart,0,2,A,0,0,D,30,11,5,6,19,13,13,3,2,1,0,1,2.5,3.3,2.75,2.5,3.45,2.55,2.5,3.3,2.7,2.5,3.3,2.5,2.5,3.4,2.7,2.5,3.3,2.5,2.5,3.4,2.7,2.5,3.6,2.63,2.6,3.5,2.75,2.4,3.3,2.75,36,2.65,2.53,3.53,3.32,2.84,2.7,35,1.85,1.77,2.09,2.01,24,0,1.92,1.87,2.03,1.97,,,
D1,27/02/11,Werder Bremen,Leverkusen,2,2,D,0,1,A,9,17,6,6,19,11,2,6,2,1,0,1,3.1,3.4,2.25,2.75,3.55,2.3,3,3.3,2.25,2.6,3.3,2.4,3,3.5,2.25,2.9,3.3,2.2,3.2,3.2,2.3,3,3.75,2.2,3.25,3.6,2.25,3,3.3,2.25,36,3.23,3.06,3.6,3.38,2.32,2.26,30,1.7,1.64,2.3,2.19,22,0,2.36,2.26,1.71,1.64,,,
D1,04/03/11,Dortmund,FC Koln,1,0,H,1,0,H,24,7,8,1,19,18,10,3,0,3,0,0,1.33,5,9,1.3,5.3,8,1.3,5,9,1.33,4.6,7.8,1.3,5,10,1.29,4.8,9,1.29,5.5,10,1.33,5,10,1.3,5.5,11,1.3,5,9,37,1.34,1.3,5.78,5.21,11,9.71,25,1.65,1.58,2.36,2.26,23,-1.5,1.94,1.89,2.04,1.97,,,
D1,05/03/11,Ein Frankfurt,Kaiserslautern,0,0,D,0,0,D,6,9,0,2,10,22,2,5,4,3,0,0,2.3,3.4,3,2.15,3.4,3.1,2.3,3.2,3,2.1,3.3,3.1,2.25,3.4,3.1,2.15,3.3,3,2.38,3.25,3,2.38,3.4,2.88,2.4,3.4,3.12,2.3,3.3,2.9,40,2.38,2.28,3.44,3.28,3.28,3.09,37,2.11,2,1.9,1.78,24,0,1.7,1.64,2.35,2.22,,,
D1,05/03/11,Hannover,Bayern Munich,3,1,H,1,0,H,13,12,7,6,24,9,2,2,3,1,0,1,5,3.75,1.67,4.6,3.9,1.65,5,3.75,1.65,4.3,3.4,1.75,5,3.75,1.67,4.8,3.75,1.6,4.75,4,1.67,5.25,3.9,1.62,5,4,1.7,5.4,3.75,1.62,40,5.4,5.06,4.06,3.75,1.72,1.66,32,1.72,1.65,2.3,2.18,19,0.75,2.08,2.01,1.91,1.87,,,
D1,05/03/11,Leverkusen,Wolfsburg,3,0,H,3,0,H,14,9,9,1,19,15,7,2,0,4,0,0,1.57,4,5.5,1.6,3.9,5,1.6,3.75,5.5,1.6,3.6,5,1.57,3.75,6,1.55,3.75,5.25,1.62,4.2,5,1.62,3.8,5.5,1.62,4.2,6,1.53,3.8,6,40,1.65,1.59,4.23,3.89,6,5.58,32,1.67,1.62,2.38,2.22,18,-1,2.09,2.04,1.88,1.83,,,
D1,05/03/11,M'gladbach,Hoffenheim,2,0,H,0,0,D,13,9,6,0,17,30,8,4,1,4,0,0,2.6,3.4,2.6,2.5,3.55,2.5,2.5,3.4,2.6,2.5,3.3,2.5,2.62,3.3,2.6,2.5,3.3,2.55,2.62,3.6,2.5,2.63,3.4,2.63,2.62,3.5,2.75,2.5,3.3,2.62,40,2.7,2.59,3.6,3.33,2.75,2.62,33,1.74,1.67,2.3,2.15,28,0,1.98,1.9,1.96,1.92,,,
D1,05/03/11,Nurnberg,St Pauli,5,0,H,3,0,H,20,4,7,1,17,16,4,1,1,3,0,0,1.83,3.5,4.33,1.83,3.6,3.9,1.8,3.5,4.25,1.8,3.4,4,1.83,3.75,4,1.75,3.5,4.2,1.83,3.5,4.4,1.83,3.6,4.25,1.83,3.75,4.6,1.8,3.5,4.2,40,1.88,1.83,3.75,3.48,4.72,4.3,37,2.07,1.97,1.86,1.81,20,-0.5,1.88,1.85,2.07,2.02,,,
D1,05/03/11,Stuttgart,Schalke 04,1,0,H,1,0,H,22,14,5,3,12,18,5,5,1,2,0,1,2.1,3.4,3.4,2.2,3.5,3.2,2.1,3.3,3.4,2.1,3.3,3.1,2.2,3.4,3.2,2.05,3.3,3.2,2.05,3.4,3.6,2.05,3.6,3.4,2.1,3.5,3.6,2.15,3.3,3.25,39,2.15,2.09,3.61,3.38,3.7,3.43,36,2.07,1.95,1.9,1.83,22,0,1.57,1.5,2.7,2.48,,,
D1,06/03/11,Freiburg,Werder Bremen,1,3,A,0,1,A,9,16,1,7,19,21,3,4,3,6,0,0,2.38,3.4,2.88,2.65,3.5,2.6,2.5,3.3,2.7,2.5,3.3,2.5,2.38,3.5,2.8,2.4,3.3,2.6,2.4,3.5,2.8,2.38,3.5,2.88,2.5,3.5,2.88,2.4,3.3,2.75,40,2.55,2.44,3.59,3.35,2.92,2.8,37,1.88,1.78,2.06,2,25,0,1.83,1.77,2.13,2.05,,,
D1,06/03/11,Hamburg,Mainz,2,4,A,1,0,H,8,12,4,6,17,15,4,5,2,2,0,0,1.91,3.4,4,1.95,3.6,3.9,1.85,3.5,4,1.8,3.4,4,1.83,3.6,4.2,1.75,3.5,4.2,1.91,3.5,4,1.8,3.6,4.33,1.91,3.6,4.4,1.91,3.4,3.8,39,1.94,1.87,3.65,3.43,4.35,4.11,36,1.96,1.88,1.95,1.88,19,-0.5,1.94,1.9,2.01,1.97,,,
D1,11/03/11,FC Koln,Hannover,4,0,H,1,0,H,12,14,7,4,15,20,2,6,0,3,0,0,2.4,3.3,2.9,2.45,3.4,2.65,2.4,3.3,2.8,2.4,3.2,2.7,2.38,3.4,2.88,2.3,3.25,2.8,2.45,3.4,2.75,2.3,3.6,2.88,2.4,3.5,3,2.38,3.3,2.88,39,2.48,2.38,3.6,3.37,3.18,2.92,37,2.02,1.9,2,1.88,26,0,1.8,1.72,2.25,2.11,,,
D1,12/03/11,Bayern Munich,Hamburg,6,0,H,1,0,H,17,10,8,3,11,12,4,4,2,1,0,0,1.53,4,6,1.55,4.2,5,1.55,4,5.5,1.65,3.5,4.6,1.53,4,6,1.5,3.8,6,1.53,4,6,1.53,4,6,1.53,4.5,6.5,1.57,4,5.5,39,1.58,1.53,4.56,4.08,6.51,6.03,27,1.64,1.59,2.35,2.25,20,-1,1.95,1.88,2.04,1.99,,,
D1,12/03/11,Hoffenheim,Dortmund,1,0,H,0,0,D,11,16,4,3,21,15,2,5,2,1,0,0,4.75,3.6,1.73,4.5,3.75,1.7,4.5,3.5,1.75,3.8,3.4,1.85,4.5,3.75,1.73,4.3,3.5,1.73,4.5,3.5,1.8,4.33,3.75,1.8,5,3.8,1.75,4.2,3.5,1.8,39,5.05,4.67,3.95,3.63,1.8,1.74,35,1.9,1.82,2.05,1.95,19,0.5,2.23,2.14,1.78,1.7,,,
D1,12/03/11,Kaiserslautern,Freiburg,2,1,H,1,1,D,19,9,6,2,14,15,3,3,0,0,0,0,2.15,3.3,3.4,2.15,3.2,3.3,2.2,3.3,3.1,2.1,3.3,3.1,2.1,3.4,3.4,2.05,3.3,3.2,2.2,3.3,3.3,2.2,3.5,3.2,2.2,3.5,3.4,2.25,3.25,3.1,39,2.25,2.17,3.51,3.3,3.58,3.3,34,2.11,2,1.83,1.77,24,0,1.62,1.56,2.5,2.38,,,
D1,12/03/11,Schalke 04,Ein Frankfurt,2,1,H,1,0,H,9,7,5,5,17,19,6,3,1,3,0,0,1.67,3.5,5.5,1.65,3.65,5,1.7,3.5,5,1.65,3.5,4.6,1.67,3.5,5.5,1.65,3.5,4.75,1.7,3.6,5,1.62,3.9,5.25,1.7,3.75,5.25,1.67,3.6,5,39,1.75,1.68,3.9,3.61,5.6,5.19,33,2.19,2.08,1.76,1.71,20,-0.75,1.97,1.93,1.98,1.94,,,
D1,12/03/11,Werder Bremen,M'gladbach,1,1,D,1,0,H,18,12,5,3,12,9,9,7,3,0,0,0,1.67,3.75,5,1.65,3.9,4.6,1.7,3.6,4.75,1.6,3.6,5,1.67,4,4.75,1.65,3.75,4.5,1.7,3.6,5,1.67,4.2,4.5,1.67,4,5.25,1.7,3.6,4.75,38,1.72,1.67,4.24,3.83,5.16,4.9,24,1.58,1.54,2.5,2.37,17,-0.75,1.89,1.84,2.08,2.04,,,
D1,12/03/11,Wolfsburg,Nurnberg,1,2,A,1,1,D,12,8,5,4,19,28,2,5,2,3,0,0,2.2,3.4,3.2,2.2,3.45,2.95,2.15,3.3,3.15,2.1,3.2,3.2,2.2,3.4,3.2,2.1,3.3,3.1,2.2,3.3,3.3,2.1,3.5,3.25,2.15,3.6,3.4,2.25,3.3,3,39,2.25,2.17,3.61,3.37,3.5,3.26,37,1.96,1.87,2,1.9,24,0,1.63,1.57,2.5,2.35,,,
D1,13/03/11,Mainz,Leverkusen,0,1,A,0,0,D,5,14,1,3,25,15,6,4,3,3,0,0,3.25,3.3,2.2,2.9,3.4,2.25,3,3.3,2.25,2.7,3.2,2.4,3.2,3.4,2.2,3,3.3,2.15,3.3,3.3,2.2,3,3.5,2.25,3.4,3.4,2.25,3,3.3,2.25,39,3.36,3.17,3.5,3.32,2.34,2.22,37,1.93,1.84,2,1.94,24,0,2.44,2.3,1.66,1.59,,,
D1,13/03/11,St Pauli,Stuttgart,1,2,A,1,1,D,9,17,2,9,19,15,5,2,2,2,0,0,3.2,3.4,2.2,3.1,3.4,2.15,3,3.3,2.25,2.75,3.3,2.3,3,3.5,2.25,2.75,3.5,2.2,3.3,3.3,2.2,2.88,3.6,2.3,3.3,3.6,2.2,2.88,3.3,2.25,39,3.36,3.13,3.64,3.39,2.3,2.2,33,1.76,1.7,2.17,2.09,24,0,2.47,2.29,1.67,1.6,,,
D1,18/03/11,M'gladbach,Kaiserslautern,0,1,A,0,0,D,8,13,4,3,15,20,4,3,2,0,0,0,2.25,3.4,3.1,2.15,3.55,3,2.2,3.5,3,2.1,3.3,3.1,2.25,3.4,3.1,2.1,3.3,3.1,2.2,3.5,3.1,2.2,3.6,3.2,2.25,3.6,3.3,2.1,3.4,3.2,39,2.38,2.26,3.6,3.41,3.3,3.11,36,1.84,1.74,2.2,2.06,28,0,1.74,1.64,2.38,2.27,,,
D1,19/03/11,Dortmund,Mainz,1,1,D,1,0,H,15,9,3,3,13,14,7,2,1,1,0,0,1.4,4.33,8.5,1.45,4.5,5.9,1.44,4.25,7,1.47,3.9,6.4,1.4,4.5,7.5,1.4,4.2,7,1.4,4.5,8,1.44,4.75,6.5,1.44,4.75,8.5,1.4,4.5,7,41,1.46,1.42,4.82,4.46,8.5,7.41,37,1.88,1.75,2.12,2.04,22,-1.25,2.03,1.97,1.95,1.91,,,
D1,19/03/11,Ein Frankfurt,St Pauli,2,1,H,1,1,D,13,11,6,3,18,23,3,3,1,4,0,0,2,3.4,3.7,2,3.45,3.45,1.95,3.4,3.75,1.9,3.3,3.7,1.95,3.5,3.75,1.9,3.3,3.75,1.91,3.4,4,2,3.6,3.6,2.05,3.5,4,2,3.4,3.5,40,2.08,2,3.6,3.4,4,3.7,35,2.2,2.07,1.8,1.72,23,-0.5,2.08,2.03,1.91,1.85,,,
D1,19/03/11,Freiburg,Bayern Munich,1,2,A,1,1,D,12,11,4,6,14,18,5,6,2,0,0,0,6.5,4.1,1.5,5,4.2,1.55,5.75,4,1.53,5.4,3.9,1.52,6,4,1.53,5.5,4,1.5,6,4,1.55,6,4.33,1.5,6.5,4.4,1.53,6.5,4.33,1.44,40,6.5,6,4.51,4.15,1.57,1.53,25,1.62,1.55,2.45,2.34,24,1,2,1.96,1.95,1.91,,,
D1,19/03/11,Hamburg,FC Koln,6,2,H,4,0,H,21,9,7,3,14,20,2,1,1,2,0,0,1.7,3.6,4.75,1.78,3.65,4.1,1.75,3.6,4.33,1.8,3.4,4,1.8,3.6,4.33,1.73,3.5,4.2,1.75,3.75,4.5,1.73,3.8,4.5,1.8,3.8,4.75,1.8,3.6,4,41,1.83,1.77,3.95,3.66,4.75,4.42,36,1.83,1.77,2.12,2.01,22,-0.75,2.04,2,1.92,1.88,,,
D1,19/03/11,Hannover,Hoffenheim,2,0,H,1,0,H,9,12,3,2,14,21,4,4,0,1,0,0,2.25,3.4,3.1,2.2,3.4,3,2.2,3.25,3.2,2.1,3.3,3.1,2.2,3.4,3.2,2.2,3.3,2.9,2.1,3.5,3.3,2.05,3.6,3.4,2.3,3.4,3.3,2.2,3.3,3.1,40,2.3,2.23,3.6,3.34,3.4,3.17,38,1.99,1.87,2.05,1.92,26,0,1.69,1.62,2.38,2.28,,,
D1,19/03/11,Nurnberg,Werder Bremen,1,3,A,1,1,D,8,8,4,6,18,19,3,7,3,3,1,0,2.2,3.4,3.2,2.25,3.5,2.85,2.25,3.3,3,2.3,3.3,2.75,2.3,3.5,2.88,2.2,3.3,2.9,2.25,3.5,3,2.2,3.6,3.1,2.3,3.6,3.12,2.25,3.3,3,41,2.36,2.26,3.75,3.42,3.2,3.03,33,1.75,1.67,2.25,2.14,26,0,1.73,1.66,2.26,2.21,,,
D1,20/03/11,Leverkusen,Schalke 04,2,0,H,2,0,H,13,7,7,5,14,24,8,3,2,3,0,0,1.75,3.6,4.5,1.75,3.6,4.3,1.8,3.5,4.25,1.85,3.4,3.8,1.8,3.6,4.33,1.75,3.6,4,1.8,3.6,4.33,1.83,3.75,4,1.85,3.75,4.5,1.83,3.4,4.2,40,1.91,1.82,3.75,3.5,4.7,4.32,38,2.05,1.91,1.95,1.87,23,-0.5,1.91,1.86,2.05,2.01,,,
D1,20/03/11,Stuttgart,Wolfsburg,1,1,D,0,1,A,16,9,4,6,18,22,1,3,1,3,0,0,1.95,3.5,3.75,1.9,3.5,3.7,1.9,3.5,3.75,1.85,3.4,3.8,1.91,3.6,3.75,1.8,3.4,4,1.91,3.5,3.75,2,3.75,3.5,2.05,3.6,3.8,1.91,3.4,4,41,2.1,1.99,3.75,3.47,4,3.7,35,1.8,1.69,2.23,2.12,23,-0.5,2.08,2.03,1.91,1.84,,,
D1,01/04/11,St Pauli,Schalke 04,0,2,A,0,1,A,17,11,2,3,16,13,7,5,1,2,2,0,3.4,3.25,2.15,3.3,3.3,2.1,3.4,3.25,2.1,2.75,3.3,2.3,3,3.4,2.3,3,3.2,2.2,3.25,3.25,2.25,3.2,3.5,2.25,3.3,3.4,2.25,3.2,3.25,2.25,39,3.52,3.31,3.6,3.36,2.26,2.19,35,2.1,2.01,1.85,1.77,24,0.25,2.05,1.98,1.93,1.88,,,
D1,02/04/11,Bayern Munich,M'gladbach,1,0,H,0,0,D,16,7,5,2,11,16,7,4,2,1,0,0,1.17,7,15,1.18,7,11,1.2,6.5,11,1.17,5.8,13,1.17,7,15,1.18,5.75,12,1.17,7,15,1.18,7,15,1.2,7.5,15,1.18,6.5,13,40,1.21,1.19,7.65,6.74,16,13.79,26,1.37,1.34,3.4,3.07,21,-2,1.97,1.92,2,1.95,,,
D1,02/04/11,Dortmund,Hannover,4,1,H,0,0,D,21,7,10,3,8,10,4,6,1,2,0,0,1.4,4.5,8,1.44,4.4,6.25,1.4,4.5,7,1.45,3.9,6.5,1.4,4.75,7,1.45,4,6.5,1.44,4.33,7,1.44,4.33,7.5,1.44,4.75,7.5,1.4,4.33,7.5,40,1.47,1.42,4.9,4.42,8.25,7.57,36,1.83,1.74,2.16,2.05,21,-1.25,2,1.95,1.97,1.92,,,
D1,02/04/11,Hoffenheim,Hamburg,0,0,D,0,0,D,16,6,3,2,18,12,4,5,2,1,0,0,2.5,3.3,2.75,2.5,3.45,2.55,2.5,3.3,2.7,2.5,3.2,2.6,2.5,3.4,2.7,2.5,3.25,2.55,2.6,3.2,2.7,2.5,3.5,2.7,2.62,3.4,2.75,2.4,3.3,2.75,40,2.63,2.54,3.51,3.31,2.85,2.72,38,1.9,1.83,2.06,1.95,26,0,1.9,1.85,2.05,1.98,,,
D1,02/04/11,Kaiserslautern,Leverkusen,0,1,A,0,0,D,6,9,1,5,22,15,3,1,1,2,0,0,3.6,3.5,2,3.5,3.5,1.95,3.6,3.3,2,3.1,3.3,2.1,3.6,3.5,2,3.4,3.3,2,3.3,3.5,2.1,3.5,3.5,2.05,3.75,3.75,2.05,3.5,3.3,2.05,40,3.8,3.6,3.78,3.44,2.1,2.02,38,1.96,1.86,2,1.92,22,0.5,1.9,1.84,2.06,1.98,,,
D1,02/04/11,Mainz,Freiburg,1,1,D,0,1,A,12,7,3,1,15,22,5,1,1,3,0,0,1.85,3.6,4,1.85,3.4,4.05,1.85,3.5,4,1.75,3.4,4.3,1.83,3.6,4.2,1.8,3.4,4,1.83,3.6,4.2,1.8,3.8,4.25,1.85,3.6,4.4,1.83,3.4,4,40,1.91,1.86,3.8,3.49,4.6,4.18,38,2.1,1.98,1.9,1.81,22,-0.5,1.92,1.89,2.03,1.98,,,
D1,02/04/11,Werder Bremen,Stuttgart,1,1,D,1,1,D,27,6,8,2,12,23,12,3,1,3,0,0,2.2,3.4,3.2,2.15,3.6,2.95,2.2,3.5,3,2,3.3,3.3,2.1,3.6,3.25,2.15,3.3,3,2.25,3.5,3,2.1,3.6,3.25,2.25,3.6,3.2,2.1,3.4,3.2,40,2.31,2.22,3.7,3.45,3.3,3.12,29,1.64,1.58,2.5,2.3,24,0,1.68,1.63,2.35,2.25,,,
D1,03/04/11,FC Koln,Nurnberg,1,0,H,0,0,D,15,12,3,4,27,23,3,5,2,2,0,0,2.38,3.3,2.9,2.35,3.45,2.75,2.35,3.3,2.9,2.2,3.2,3,2.38,3.4,2.88,2.3,3.3,2.75,2.4,3.2,3,2.2,3.6,3,2.4,3.5,3.1,2.38,3.3,2.8,40,2.45,2.36,3.6,3.36,3.11,2.93,37,1.94,1.87,2.05,1.9,24,0,1.77,1.71,2.26,2.15,,,
D1,03/04/11,Wolfsburg,Ein Frankfurt,1,1,D,0,0,D,27,6,9,4,12,14,14,1,1,5,1,0,1.8,3.5,4.5,1.8,3.5,4.2,1.8,3.5,4.2,1.8,3.4,4,1.8,3.6,4.33,1.8,3.4,4,1.8,3.6,4.33,1.73,3.8,4.75,1.8,3.75,5,1.83,3.6,4,40,1.84,1.8,3.8,3.59,5,4.41,37,2.01,1.92,1.95,1.86,22,-0.5,1.84,1.8,2.12,2.07,,,
D1,08/04/11,Ein Frankfurt,Werder Bremen,1,1,D,0,0,D,14,19,8,6,25,21,8,6,3,3,0,0,2.8,3.4,2.4,2.65,3.4,2.45,2.75,3.4,2.4,2.6,3,2.6,2.75,3.5,2.4,2.6,3.3,2.45,2.7,3.4,2.5,2.75,3.5,2.5,2.88,3.6,2.5,2.8,3.3,2.5,38,2.94,2.81,3.62,3.42,2.6,2.45,37,1.95,1.82,2.05,1.97,25,0,2.16,2.07,1.82,1.77,,,
D1,09/04/11,Freiburg,Hoffenheim,3,2,H,1,2,A,14,15,5,9,12,20,6,4,1,5,1,0,2.6,3.25,2.7,2.5,3.35,2.6,2.6,3.25,2.6,2.3,3.2,2.8,2.5,3.4,2.7,2.5,3.25,2.55,2.5,3.3,2.75,2.5,3.4,2.8,2.62,3.4,2.75,2.5,3.25,2.7,40,2.7,2.57,3.5,3.31,2.8,2.7,38,2.08,2,1.91,1.79,27,0,1.93,1.87,2,1.95,,,
D1,09/04/11,Hamburg,Dortmund,1,1,D,1,0,H,8,15,4,7,21,13,2,4,0,1,1,0,3.1,3.5,2.2,3.05,3.45,2.15,3,3.4,2.25,2.75,3.3,2.3,3,3.6,2.2,2.9,3.3,2.2,3.1,3.4,2.25,3.1,3.6,2.2,3.3,3.5,2.25,3.1,3.3,2.2,40,3.3,3.13,3.64,3.42,2.3,2.22,38,1.86,1.77,2.15,2.03,22,0,2.4,2.3,1.68,1.6,,,
D1,09/04/11,Hannover,Mainz,2,0,H,1,0,H,21,9,9,4,14,14,15,4,1,3,0,1,2.2,3.3,3.25,2.1,3.4,3.2,2.2,3.25,3.2,2.1,3.2,3.2,2.1,3.4,3.4,2.15,3.3,3,2.15,3.4,3.3,2.05,3.5,3.5,2.25,3.5,3.4,2.15,3.3,3.2,40,2.25,2.16,3.56,3.36,3.53,3.31,38,2.02,1.97,1.92,1.82,22,0,1.62,1.55,2.51,2.38,,,
D1,09/04/11,Nurnberg,Bayern Munich,1,1,D,0,1,A,24,9,3,4,15,21,6,6,2,2,0,1,5.25,4,1.6,5,3.9,1.6,5,3.8,1.62,4.6,3.5,1.65,5,4,1.62,4.8,3.75,1.6,5.5,4,1.57,4.5,4.25,1.67,5.5,4.2,1.62,5.5,3.8,1.57,40,5.7,5.28,4.4,3.97,1.67,1.61,26,1.67,1.56,2.5,2.33,20,1,1.88,1.84,2.08,2.03,,,
D1,09/04/11,Schalke 04,Wolfsburg,1,0,H,0,0,D,13,6,4,1,16,17,5,5,1,3,0,0,2.2,3.4,3.2,2.1,3.4,3.25,2.1,3.25,3.4,2.2,3.3,2.9,2.1,3.4,3.4,2.15,3.3,3,2.1,3.4,3.4,2.05,3.5,3.5,2.2,3.4,3.5,2.1,3.3,3.3,40,2.25,2.16,3.55,3.38,3.6,3.32,38,1.95,1.87,2,1.91,22,0,1.61,1.55,2.55,2.41,,,
D1,09/04/11,Stuttgart,Kaiserslautern,2,4,A,2,1,H,8,15,3,5,20,18,4,4,1,2,0,0,1.73,3.75,4.5,1.75,3.6,4.3,1.8,3.5,4.25,1.7,3.5,4.4,1.8,3.6,4.33,1.75,3.4,4.3,1.75,3.75,4.33,1.83,3.75,4,1.8,3.8,4.6,1.8,3.5,4.2,40,1.83,1.78,3.95,3.63,5,4.46,37,1.83,1.76,2.12,2.03,20,-0.5,1.81,1.78,2.16,2.1,,,
D1,10/04/11,Leverkusen,St Pauli,2,1,H,0,0,D,19,6,5,1,15,22,4,1,1,3,0,0,1.2,6,15,1.2,6.3,11,1.22,6,11,1.25,5,10,1.2,6.5,13,1.18,5.75,12,1.2,6.5,13,1.25,6,12,1.22,6.5,15,1.2,6.5,11,38,1.25,1.22,7.16,6.24,15.81,12.54,26,1.53,1.49,2.6,2.51,18,-1.75,1.93,1.87,2.09,2.02,,,
D1,10/04/11,M'gladbach,FC Koln,5,1,H,3,0,H,19,8,10,4,13,19,4,6,1,2,0,0,2.25,3.4,3.1,2.2,3.4,3,2.2,3.3,3.1,2.3,3.2,2.8,2.25,3.5,3,2.2,3.3,2.9,2.2,3.4,3.2,2.25,3.6,3,2.2,3.6,3.3,2.2,3.3,3.1,40,2.26,2.2,3.68,3.42,3.45,3.18,38,1.85,1.77,2.1,2.02,23,0,1.66,1.6,2.38,2.31,,,
D1,15/04/11,Mainz,M'gladbach,1,0,H,0,0,D,10,11,2,3,17,11,6,4,1,1,0,1,1.91,3.6,3.75,1.95,3.55,3.5,1.9,3.5,3.75,1.9,3.3,3.7,1.91,3.6,3.75,1.85,3.4,3.8,1.91,3.4,4,1.85,3.75,4,2,3.75,3.8,1.95,3.5,3.75,37,2,1.93,3.82,3.59,4.2,3.87,34,1.83,1.73,2.2,2.09,18,-0.5,2,1.94,2,1.94,,,
D1,16/04/11,FC Koln,Stuttgart,1,3,A,0,0,D,13,22,4,11,26,19,2,7,6,2,0,0,2.5,3.4,2.7,2.45,3.45,2.6,2.5,3.2,2.75,2.4,3.2,2.7,2.4,3.4,2.8,2.45,3.25,2.6,2.5,3.3,2.75,2.3,3.6,2.88,2.5,3.5,2.88,2.5,3.25,2.75,38,2.6,2.46,3.6,3.35,3,2.79,33,1.8,1.71,2.2,2.09,24,0,1.84,1.8,2.12,2.03,,,
D1,16/04/11,Hamburg,Hannover,0,0,D,0,0,D,11,15,3,6,12,19,7,4,1,3,0,0,1.91,3.6,3.75,1.95,3.45,3.6,1.95,3.4,3.75,2,3.3,3.3,1.91,3.6,3.75,1.85,3.4,3.8,1.95,3.5,3.75,2,3.75,3.5,2,3.6,4,1.95,3.5,3.75,38,2.05,1.97,3.75,3.52,4.1,3.72,30,1.7,1.65,2.31,2.16,18,-0.5,2.02,1.98,1.93,1.9,,,
D1,16/04/11,Hoffenheim,Ein Frankfurt,1,0,H,0,0,D,16,13,4,5,20,9,3,8,3,3,0,0,2,3.5,3.6,2.05,3.4,3.35,2,3.4,3.5,2.2,3.2,3,2,3.5,3.6,2,3.2,3.5,1.95,3.5,3.75,2,3.5,3.6,2.05,3.5,3.8,2,3.4,3.6,38,2.15,2.03,3.62,3.4,3.85,3.61,33,2,1.93,1.94,1.85,15,-0.5,2.09,2.05,1.87,1.84,,,
D1,16/04/11,Kaiserslautern,Nurnberg,0,2,A,0,1,A,10,12,2,7,17,13,0,6,1,2,0,0,2.25,3.4,3.1,2.35,3.4,2.75,2.3,3.3,2.9,2.3,3.2,2.8,2.3,3.4,3,2.2,3.2,3,2.3,3.3,3.1,2.3,3.25,3.2,2.38,3.4,3.2,2.25,3.3,3.1,38,2.4,2.32,3.44,3.3,3.22,3.03,35,2.11,2,1.85,1.79,21,0,1.71,1.66,2.29,2.2,,,
D1,16/04/11,Werder Bremen,Schalke 04,1,1,D,0,0,D,15,14,5,6,12,24,8,3,0,3,0,0,2.1,3.4,3.4,2.1,3.4,3.2,2.1,3.25,3.4,2.1,3.3,3.1,2,3.5,3.6,2.1,3.3,3.1,2.1,3.3,3.5,2,3.5,3.6,2.1,3.5,3.6,2.05,3.3,3.5,38,2.2,2.11,3.61,3.38,3.64,3.37,32,1.88,1.78,2.11,2,20,0,1.58,1.53,2.63,2.44,,,
D1,16/04/11,Wolfsburg,St Pauli,2,2,D,1,0,H,9,19,3,8,14,12,4,7,2,2,0,0,1.5,4.2,6.5,1.5,4,6,1.5,4,6,1.5,3.9,5.5,1.5,4,7,1.5,3.75,6,1.5,4.33,6,1.5,4.25,6.5,1.5,4.4,7,1.5,4.2,6,38,1.56,1.5,4.41,4.1,7.55,6.58,35,1.82,1.76,2.12,2.02,20,-1,1.94,1.88,2.05,1.99,,,
D1,17/04/11,Bayern Munich,Leverkusen,5,1,H,4,0,H,5,7,4,3,15,12,3,2,1,1,0,0,1.83,3.75,4,1.9,3.6,3.6,1.95,3.4,3.75,1.8,3.4,4,1.83,3.75,4,1.83,3.4,3.8,1.83,3.75,4,1.83,3.8,4,1.95,3.8,4,1.83,3.6,4,38,2,1.89,3.84,3.62,4.11,3.89,29,1.65,1.61,2.38,2.25,17,-0.5,1.98,1.94,1.98,1.95,,,
D1,17/04/11,Dortmund,Freiburg,3,0,H,2,0,H,20,2,5,2,13,23,4,1,1,2,0,0,1.29,5.5,9.5,1.3,5.1,8.5,1.3,4.75,10,1.3,5,8,1.29,5.25,10,1.29,4.75,9,1.29,5,12,1.25,5.5,12,1.33,5.5,10.5,1.3,5,10,38,1.33,1.3,5.71,5.11,12,9.99,23,1.62,1.57,2.4,2.28,19,-1.5,1.95,1.92,2,1.95,,,
D1,21/04/11,Freiburg,Hannover,1,3,A,0,2,A,14,9,7,5,8,17,7,2,0,2,0,0,2.5,3.3,2.8,2.45,3.45,2.6,2.5,3.4,2.6,2.5,3.3,2.5,2.4,3.4,2.8,2.45,3.25,2.6,2.5,3.2,2.8,2.38,3.6,2.75,2.62,3.5,2.75,2.5,3.25,2.7,37,2.8,2.57,3.6,3.35,2.8,2.7,35,2.03,1.96,1.92,1.83,25,0,1.98,1.89,2.08,1.95,,,
D1,23/04/11,Ein Frankfurt,Bayern Munich,1,1,D,0,0,D,8,18,2,9,13,15,0,9,4,3,0,0,5.5,4.33,1.53,5.5,4.25,1.5,5.75,4,1.53,5.4,3.7,1.55,6,4,1.53,6.5,4,1.45,6.5,4,1.5,5.5,3.75,1.57,6.5,4.5,1.53,5.5,4,1.53,39,7.21,6.25,4.6,4.2,1.55,1.5,25,1.67,1.59,2.36,2.26,20,1,2.09,2.04,1.88,1.84,,,
D1,23/04/11,Leverkusen,Hoffenheim,2,1,H,1,1,D,15,9,4,3,14,16,7,2,0,1,0,0,1.53,4,6,1.5,4.25,5.5,1.55,4,5.5,1.55,3.8,5.2,1.53,4,6,1.45,4,6.5,1.57,3.8,6,1.57,3.75,6,1.53,4.5,6.5,1.57,3.8,5.5,39,1.6,1.53,4.61,4.08,7.2,6.15,27,1.67,1.63,2.4,2.17,21,-1,1.89,1.85,2.07,2.02,,,
D1,23/04/11,M'gladbach,Dortmund,1,0,H,1,0,H,7,21,2,8,7,13,3,11,0,0,0,0,5.25,4.2,1.57,4.75,4.05,1.6,5.5,3.75,1.6,4.6,3.5,1.65,5.5,4,1.57,5.5,4,1.5,5.5,3.75,1.62,5.5,4,1.57,5.5,4.33,1.62,5,4,1.6,39,6,5.42,4.41,3.98,1.7,1.59,24,1.63,1.56,2.45,2.3,18,1,1.92,1.87,2.05,2,,,
D1,23/04/11,Schalke 04,Kaiserslautern,0,1,A,0,1,A,11,9,2,3,10,19,6,3,0,3,0,0,2,3.4,3.75,1.9,3.5,3.7,2,3.4,3.5,1.9,3.3,3.7,1.91,3.4,4,2,3.25,3.4,2,3.2,4,1.87,3.5,4,2.05,3.5,3.8,1.95,3.5,3.5,39,2.15,2.02,3.6,3.4,4,3.68,36,2.03,1.9,1.96,1.88,20,-0.5,2.13,2.07,1.84,1.82,,,
D1,23/04/11,St Pauli,Werder Bremen,1,3,A,1,0,H,5,14,3,4,22,13,4,4,2,0,0,0,3.25,3.5,2.1,2.95,3.6,2.15,3.2,3.3,2.15,3.1,3.3,2.1,3.1,3.5,2.2,3,3.3,2.15,3.4,3.4,2.1,3,3.5,2.25,3.3,3.6,2.2,3.3,3.3,2.1,39,3.6,3.22,3.7,3.41,2.27,2.17,27,1.68,1.62,2.38,2.21,19,0.25,2.02,1.98,1.94,1.9,,,
D1,23/04/11,Stuttgart,Hamburg,3,0,H,1,0,H,14,11,6,4,9,12,3,6,2,0,0,0,2.1,3.4,3.4,2.05,3.45,3.3,2.1,3.4,3.25,2.1,3.3,3.1,2.1,3.4,3.4,2,3.25,3.4,2,3.5,3.5,2.1,3.5,3.25,2.05,3.75,3.6,2.05,3.4,3.3,39,2.1,2.06,3.75,3.5,3.7,3.44,35,1.77,1.71,2.2,2.1,17,-0.5,2.08,2.03,1.89,1.85,,,
D1,24/04/11,Nurnberg,Mainz,0,0,D,0,0,D,11,10,2,1,15,14,5,1,5,3,0,0,2.1,3.4,3.4,2.15,3.3,3.2,2.15,3.3,3.2,2.2,3.3,2.9,2.05,3.5,3.4,2.1,3.3,3.1,2.1,3.3,3.5,2.25,3.5,3,2.15,3.5,3.6,2.1,3.3,3.3,39,2.25,2.12,3.55,3.37,3.64,3.39,37,2,1.95,1.93,1.83,19,-0.25,1.89,1.85,2.07,2.03,,,
D1,24/04/11,Wolfsburg,FC Koln,4,1,H,2,1,H,18,14,9,4,18,17,7,2,0,0,0,0,1.67,4,4.75,1.62,3.8,5,1.67,3.75,4.75,1.7,3.5,4.4,1.67,3.75,5,1.6,3.8,4.75,1.7,3.6,5,1.67,3.75,5,1.67,4,5.5,1.67,4,4.33,39,1.7,1.65,4.2,3.85,5.52,5.09,27,1.7,1.66,2.33,2.13,17,-0.75,1.86,1.81,2.12,2.08,,,
D1,29/04/11,Kaiserslautern,St Pauli,2,0,H,1,0,H,17,15,5,6,19,15,5,3,0,1,0,0,1.8,3.6,4.33,1.85,3.7,3.7,1.85,3.5,4,1.85,3.6,3.5,1.83,3.75,4,1.85,3.5,3.6,1.8,3.75,4.2,1.83,3.9,4,1.83,3.8,4.4,1.83,3.5,4.2,39,1.9,1.7,4.2,3.83,5.3,4.79,27,1.73,1.63,2.3,2.2,19,-0.75,1.92,1.86,2.07,2.02,,,
D1,29/04/11,Werder Bremen,Wolfsburg,0,1,A,0,1,A,14,10,4,2,11,22,9,5,2,4,0,0,2.1,3.6,3.2,2,3.6,3.3,2.1,3.4,3.3,2,3.5,3.1,2.05,3.6,3.3,2,3.3,3.4,2.2,3.5,3.1,2.05,3.75,3.4,2.2,3.6,3.3,2.1,3.4,3.3,39,2.24,2.05,3.75,3.54,3.74,3.47,25,1.62,1.57,2.4,2.3,20,-0.25,1.86,1.78,2.2,2.11,,,
D1,30/04/11,Bayern Munich,Schalke 04,4,1,H,3,1,H,22,3,8,0,9,19,7,1,1,2,0,0,1.29,5.5,9.5,1.31,5.4,7.5,1.33,5,8,1.4,4.1,7,1.29,5.25,10,1.29,4.75,9,1.3,5.5,9,1.3,5.5,10,1.33,5.5,10.5,1.33,5,8.5,39,1.35,1.3,5.8,5.26,10.5,9.44,25,1.57,1.53,2.5,2.35,18,-1.5,1.93,1.87,2.04,2,,,
D1,30/04/11,Dortmund,Nurnberg,2,0,H,2,0,H,11,8,5,2,20,13,4,4,1,2,0,0,1.4,4.5,7.5,1.42,4.6,6.25,1.42,4.25,7.5,1.45,3.9,6.5,1.4,4.5,7.5,1.4,4.2,7,1.44,4.2,7.5,1.4,4.5,8,1.44,4.75,7.5,1.44,4.33,7,39,1.5,1.43,4.8,4.42,8.5,7.32,25,1.73,1.61,2.35,2.19,17,-1.25,2.06,2.01,1.91,1.87,,,
D1,30/04/11,FC Koln,Leverkusen,2,0,H,0,0,D,4,16,4,4,18,19,1,6,2,2,0,0,3.8,3.6,1.91,3.8,3.6,1.85,4,3.5,1.85,3.7,3.6,1.8,4,3.75,1.83,3.75,3.6,1.8,4,3.75,1.83,3.75,3.75,1.87,4.33,3.8,1.85,4,3.6,1.83,39,4.4,4.01,3.97,3.66,1.95,1.84,29,1.75,1.67,2.25,2.12,22,0.5,2.11,2.03,1.9,1.81,,,
D1,30/04/11,Hamburg,Freiburg,0,2,A,0,1,A,16,9,5,5,26,14,4,1,3,1,0,0,1.62,4,5,1.67,3.8,4.6,1.65,3.75,5,1.65,3.6,4.4,1.67,3.75,5,1.57,3.75,5,1.67,3.8,5,1.7,3.9,4.5,1.67,4.2,5,1.67,3.75,5,39,1.7,1.65,4.2,3.83,5.5,5.01,32,1.75,1.7,2.21,2.1,19,-0.75,1.88,1.85,2.08,2.04,,,
D1,30/04/11,Hannover,M'gladbach,0,1,A,0,0,D,10,15,2,4,9,9,7,2,2,0,0,0,1.8,3.6,4.33,1.75,3.85,4,1.75,3.5,4.5,1.7,3.6,4.2,1.73,3.75,4.5,1.75,3.5,4.2,1.75,3.75,4.5,1.67,4,4.75,1.75,4,4.75,1.75,3.6,4.5,39,1.85,1.76,4.07,3.69,4.76,4.44,25,1.7,1.59,2.38,2.24,18,-0.75,2.02,1.98,1.93,1.9,,,
D1,30/04/11,Hoffenheim,Stuttgart,1,2,A,1,0,H,14,14,5,4,19,14,3,4,2,2,0,0,2.8,3.4,2.38,2.7,3.4,2.4,2.8,3.25,2.45,2.55,3.4,2.4,2.8,3.5,2.38,2.75,3.3,2.3,2.75,3.3,2.5,2.5,3.5,2.63,2.88,3.5,2.5,2.8,3.3,2.4,39,3,2.75,3.58,3.35,2.63,2.47,30,1.8,1.72,2.16,2.06,26,0,2.06,2.01,1.88,1.83,,,
D1,30/04/11,Mainz,Ein Frankfurt,3,0,H,3,0,H,23,7,11,2,19,16,5,1,1,2,0,1,2,3.4,3.75,1.95,3.4,3.65,2,3.4,3.6,2,3.3,3.3,2,3.4,3.75,2,3.2,3.5,1.91,3.5,4,2,3.5,3.6,2,3.6,4,2.05,3.4,3.5,39,2.15,2.02,3.6,3.35,4,3.7,36,2.11,1.99,1.86,1.79,20,-0.5,2.06,2.02,1.89,1.85,,,
D1,07/05/11,Ein Frankfurt,FC Koln,0,2,A,0,1,A,11,10,0,7,10,18,2,3,3,3,0,0,2,3.4,3.75,2,3.5,3.4,2.05,3.4,3.4,2,3.5,3.1,2,3.5,3.6,1.91,3.3,3.6,2,3.4,3.6,2.1,3.4,3.5,2,3.6,3.8,2.1,3.4,3.3,41,2.15,2.05,3.59,3.41,3.8,3.53,37,1.91,1.83,2.02,1.96,20,-0.5,2.12,2.08,1.83,1.8,,,
D1,07/05/11,Leverkusen,Hamburg,1,1,D,0,1,A,13,11,3,5,13,20,5,3,1,3,0,0,1.44,4.33,7,1.42,4.6,6.25,1.44,4.33,6.5,1.4,4.5,6,1.44,4.33,7,1.4,4.2,7,1.44,4.2,7.5,1.4,4.75,7.5,1.44,4.75,6.5,1.44,4.5,6.5,41,1.46,1.43,5.05,4.39,8,7.08,24,1.57,1.49,2.65,2.49,20,-1.25,1.96,1.93,1.98,1.95,,,
D1,07/05/11,M'gladbach,Freiburg,2,0,H,0,0,D,10,6,5,3,20,15,3,9,2,1,0,1,1.57,4,5.5,1.62,4,4.7,1.6,3.75,5.5,1.6,3.8,4.5,1.62,4,5,1.53,4,5,1.6,3.8,5.5,1.57,4.2,5.5,1.62,4.2,6,1.57,4,5.5,41,1.65,1.6,4.24,3.92,6,5.43,25,1.62,1.58,2.35,2.28,19,-1,2.1,2.04,1.87,1.83,,,
D1,07/05/11,Nurnberg,Hoffenheim,1,2,A,1,1,D,11,15,5,4,15,20,9,4,0,2,0,0,1.8,3.6,4.33,1.72,3.8,4.2,1.8,3.6,4.1,1.75,3.5,4.1,1.73,3.75,4.5,1.65,3.6,4.6,1.8,3.5,4.5,1.73,3.75,4.75,1.83,3.8,4.5,1.73,3.75,4.33,41,1.83,1.77,3.93,3.65,4.75,4.39,30,1.78,1.69,2.25,2.1,20,-0.75,2.08,2.05,1.87,1.83,,,
D1,07/05/11,Schalke 04,Mainz,1,3,A,0,0,D,15,9,4,4,14,14,7,5,2,1,0,0,2.38,3.25,3,2.35,3.4,2.75,2.4,3.3,2.8,2.3,3.2,2.8,2.4,3.4,2.8,2.3,3.2,2.8,2.5,3.2,2.9,2.4,3.5,2.75,2.5,3.4,3,2.5,3.25,2.75,41,2.53,2.4,3.5,3.29,3.1,2.9,37,2.01,1.91,1.95,1.87,25,0,1.83,1.75,2.15,2.07,,,
D1,07/05/11,St Pauli,Bayern Munich,1,8,A,0,2,A,12,17,5,10,15,15,3,8,3,2,0,0,11,6.5,1.22,9.75,6.85,1.2,13,6,1.2,10,5,1.27,13,6.5,1.2,12,6,1.18,13,6.5,1.2,13,6.5,1.2,13,7,1.22,11,6.5,1.2,41,14,11.84,7.12,6.34,1.25,1.22,24,1.35,1.31,3.5,3.26,18,1.75,2.13,2.08,1.84,1.81,,,
D1,07/05/11,Stuttgart,Hannover,2,1,H,0,0,D,13,11,4,3,20,24,2,0,2,1,0,0,2.1,3.4,3.4,2.05,3.6,3.15,2,3.5,3.4,2,3.6,3,2,3.5,3.6,2,3.3,3.4,2.05,3.3,3.6,2,3.6,3.5,2.15,3.6,3.5,2.1,3.5,3.2,41,2.2,2.09,3.63,3.45,3.6,3.38,25,1.62,1.58,2.38,2.27,20,-0.25,1.88,1.83,2.09,2.05,,,
D1,07/05/11,Werder Bremen,Dortmund,2,0,H,1,0,H,11,12,4,2,11,9,2,10,2,0,0,0,2,3.6,3.5,2.05,3.45,3.3,2,3.4,3.5,2,3.3,3.3,2,3.6,3.5,2,3.5,3.2,2.1,3.3,3.5,1.95,3.75,3.6,2,3.75,3.6,2.05,3.5,3.4,41,2.14,2.04,3.78,3.52,3.75,3.44,25,1.62,1.57,2.5,2.3,17,-0.5,2.14,2.09,1.87,1.79,,,
D1,07/05/11,Wolfsburg,Kaiserslautern,1,2,A,1,2,A,21,3,3,2,18,22,10,3,0,1,0,0,1.44,4.33,7,1.45,4.5,6,1.5,4,6,1.4,4.5,6,1.44,4.33,7,1.4,4.2,7,1.44,4.33,7,1.44,4.33,7,1.5,4.6,7,1.5,4.2,6,41,1.5,1.46,4.7,4.31,7.5,6.65,25,1.6,1.56,2.4,2.31,20,-1,1.83,1.8,2.12,2.08,,,
D1,14/05/11,Bayern Munich,Stuttgart,2,1,H,1,1,D,10,10,5,5,17,21,6,4,2,2,0,0,1.29,5.5,10,1.3,5.75,7.25,1.3,5,9,1.3,5,8,1.3,5.5,9,1.29,5.5,7,1.3,5,10,1.25,6,10,1.25,6,10,1.3,5.5,8.5,38,1.3,1.28,6.6,5.71,10.5,9.2,23,1.33,1.29,3.75,3.46,18,-1.5,1.84,1.77,2.17,2.11,,,
D1,14/05/11,Dortmund,Ein Frankfurt,3,1,H,0,0,D,18,9,11,3,9,10,7,4,1,2,0,1,1.57,4.33,5,1.5,4.5,5.2,1.6,4,5,1.6,3.8,4.5,1.62,4,5,1.53,4,5,1.62,4.5,4.5,1.5,4.5,6,1.57,4.2,5.5,1.62,4,5,38,1.62,1.55,4.64,4.22,6.18,5.46,25,1.62,1.51,2.6,2.45,20,-1,1.95,1.84,2.12,2.03,,,
D1,14/05/11,FC Koln,Schalke 04,2,1,H,1,0,H,10,17,6,5,21,23,4,10,2,1,0,0,2.25,3.4,3.1,2.15,3.4,3.1,2.25,3.3,3,2.2,3.4,2.8,2.25,3.4,3.1,2.15,3.4,2.9,2.3,3.4,3,2.05,3.6,3.4,2.25,3.6,3,2.2,3.4,3.1,38,2.39,2.26,3.71,3.38,3.4,3.06,28,1.74,1.67,2.28,2.12,19,-0.25,2.06,2.01,1.9,1.87,,,
D1,14/05/11,Freiburg,Leverkusen,0,1,A,0,1,A,8,13,2,6,8,20,1,9,0,1,0,0,4.33,3.6,1.8,4.2,3.3,1.85,4,3.5,1.85,4,3,1.9,4,3.75,1.83,4.2,3.6,1.7,4,3.5,1.91,4,3.6,1.87,4.33,3.6,1.8,4.2,3.6,1.8,38,4.67,4.19,3.81,3.54,1.9,1.84,25,1.57,1.53,2.5,2.41,21,0.5,2.08,2.02,1.88,1.81,,,
D1,14/05/11,Hamburg,M'gladbach,1,1,D,0,1,A,16,9,4,3,8,10,7,5,1,2,0,0,2.88,3.5,2.3,2.8,3.6,2.25,2.8,3.5,2.3,2.9,3.5,2.1,2.8,3.75,2.25,2.7,3.6,2.2,2.75,3.3,2.5,2.63,3.75,2.4,2.75,3.6,2.4,2.8,3.5,2.3,37,2.95,2.76,3.75,3.5,2.65,2.39,25,1.6,1.53,2.53,2.42,21,0,2.1,2.03,1.97,1.81,,,
D1,14/05/11,Hannover,Nurnberg,3,1,H,1,1,D,20,9,5,2,22,23,5,4,2,2,0,0,2.05,3.5,3.4,2,3.4,3.5,2,3.5,3.4,1.9,3.4,3.6,2.05,3.5,3.4,1.95,3.5,3.3,2.1,3.4,3.4,1.95,3.75,3.6,2,3.6,3.5,2.05,3.5,3.4,38,2.1,2.04,3.77,3.51,3.64,3.44,25,1.64,1.57,2.38,2.31,19,-0.5,2.11,2.05,1.86,1.82,,,
D1,14/05/11,Hoffenheim,Wolfsburg,1,3,A,0,0,D,17,20,4,6,11,17,7,7,0,1,0,0,3.5,3.6,2,3.6,3.6,1.9,3.5,3.75,1.9,3.8,3.5,1.8,3.75,3.6,1.91,3.3,3.5,1.95,3.4,3.4,2.1,3.25,3.75,2.05,3.4,3.75,2,3.6,3.6,1.91,37,3.75,3.43,3.9,3.56,2.27,2.02,25,1.62,1.51,2.55,2.45,17,0.5,1.86,1.8,2.28,2.02,,,
D1,14/05/11,Kaiserslautern,Werder Bremen,3,2,H,3,1,H,12,17,4,7,14,10,4,8,0,2,0,0,2.3,3.5,2.88,2.15,3.45,3.05,2.25,3.3,3,2.2,3.4,2.8,2.25,3.6,2.9,2.1,3.4,3,2.3,3.4,3,2.2,3.75,3,2.25,3.5,3,2.3,3.4,2.88,38,2.3,2.21,3.75,3.43,3.47,3.11,25,1.53,1.46,2.75,2.59,19,-0.25,1.98,1.9,2.04,1.98,,,
D1,14/05/11,Mainz,St Pauli,2,1,H,0,1,A,19,14,7,4,11,13,7,3,0,2,0,0,1.36,5,7.5,1.33,5.25,7.25,1.35,5,7.5,1.35,4.5,7.3,1.36,5,7.5,1.33,4.8,7,1.36,4.8,8,1.36,5,8,1.33,5,8.5,1.36,4.5,8.5,38,1.38,1.36,5.45,4.93,8.8,7.97,25,1.53,1.45,2.82,2.62,17,-1.5,2.08,2.02,1.89,1.83,,,
