Div,Date,Time,HomeTeam,AwayTeam,FTHG,FTAG,FTR,HTHG,HTAG,HTR,Referee,HY,AY,HR,AR,B365H,B365D,B365A,BWH,BWD,BWA,IWH,IWD,IWA,PSH,PSD,PSA,WHH,WHD,WHA,VCH,VCD,VCA,MaxH,MaxD,MaxA,AvgH,AvgD,AvgA,B365>2.5,B365<2.5,P>2.5,P<2.5,Max>2.5,Max<2.5,Avg>2.5,Avg<2.5,AHh,B365AHH,B365AHA,PAHH,PAHA,MaxAHH,MaxAHA,AvgAHH,AvgAHA,B365CH,B365CD,B365CA,BWCH,BWCD,BWCA,IWCH,IWCD,IWCA,PSCH,PSCD,PSCA,WHCH,WHCD,WHCA,VCCH,VCCD,VCCA,MaxCH,MaxCD,MaxCA,AvgCH,AvgCD,AvgCA,B365C>2.5,B365C<2.5,PC>2.5,PC<2.5,MaxC>2.5,MaxC<2.5,AvgC>2.5,AvgC<2.5,AHCh,B365CAHH,B365CAHA,PCAHH,PCAHA,MaxCAHH,MaxCAHA,AvgCAHH,AvgCAHA
EC,03/10/2020,15:00,Altrincham,Weymouth,0,0,D,0,0,D,A Herczeg,2,1,0,0,1.85,3.4,4.33,1.83,3.5,3.9,1.9,3.45,3.7,1.89,3.87,4,1.85,3.5,3.75,1.87,3.5,4,1.93,3.87,4.33,1.87,3.55,3.76,1.8,2,1.78,2.04,1.9,2.04,1.81,1.95,-0.5,1.85,1.95,1.87,1.97,1.94,2.04,1.87,1.92,1.83,3.4,4.33,1.83,3.5,3.9,1.9,3.35,3.7,1.93,3.73,4.01,1.85,3.5,3.75,1.9,3.5,3.9,1.95,3.73,4.33,1.89,3.5,3.76,1.9,1.9,1.94,1.93,1.95,1.96,1.89,1.87,-0.5,1.88,1.93,1.93,1.95,1.94,1.95,1.9,1.9
EC,03/10/2020,15:00,Barnet,Eastleigh,1,5,A,1,1,D,A Dale,2,1,0,0,2.1,3.3,3.5,2.15,3.4,3,2.15,3.15,3.15,2.22,3.56,3.32,2,3.25,3.5,2.2,3.3,3.25,2.22,3.56,3.5,2.13,3.34,3.17,2,1.8,1.95,1.87,2.04,1.88,1.96,1.8,-0.25,1.88,1.93,1.89,1.94,1.91,1.97,1.87,1.92,2.45,3.2,2.87,2.4,3.2,2.75,2.35,3.2,2.7,2.53,3.52,2.83,2.15,3.25,3.2,2.5,3.3,2.7,2.53,3.52,2.87,2.4,3.31,2.74,2,1.8,1.99,1.88,2.04,1.88,1.95,1.81,0,1.83,1.98,1.84,2.06,1.88,2.1,1.8,2.03
EC,03/10/2020,15:00,Dover Athletic,Notts County,1,0,H,0,0,D,J Durkin,0,1,0,0,4.5,3.75,1.75,4.25,3.5,1.75,4.1,3.55,1.75,4.38,4,1.79,4,3.6,1.78,4.2,3.6,1.8,4.5,4,1.87,4.11,3.65,1.77,1.95,1.85,1.94,1.88,1.97,1.92,1.89,1.86,0.75,1.8,2,1.82,2.03,1.85,2.05,1.8,1.99,4.75,3.75,1.7,4.25,3.5,1.75,4.1,3.5,1.75,4.57,3.97,1.77,4.2,3.4,1.78,4.5,3.6,1.75,4.75,3.97,1.82,4.25,3.66,1.74,1.95,1.85,1.96,1.91,1.99,1.92,1.9,1.86,0.75,1.85,1.95,1.88,2.01,1.92,2.02,1.83,1.98
EC,03/10/2020,15:00,Halifax,Dag and Red,2,0,H,1,0,H,A Kitchen,1,2,0,0,2.5,3.25,2.75,2.6,3.1,2.6,2.45,3.1,2.7,2.66,3.56,2.65,2.5,3.2,2.62,2.55,3.1,2.63,2.75,3.3,2.75,2.5,3.18,2.64,2.1,1.7,2.11,1.73,2.2,1.73,2.1,1.68,0,1.83,1.98,1.96,1.88,1.9,2,1.85,1.94,2.9,3.3,2.37,2.85,3.1,2.4,2.8,3,2.4,3,3.27,2.54,2.6,3,2.7,2.8,3.1,2.38,3,3.3,2.54,2.81,3.17,2.41,2.15,1.66,2.19,1.69,2.21,1.72,2.13,1.67,0,2.05,1.75,2.1,1.78,2.1,1.83,2.05,1.77
EC,03/10/2020,15:00,Hartlepool,Aldershot,2,1,H,1,0,H,M Woods,0,0,0,0,1.75,3.5,4.75,1.72,3.4,4.6,1.83,3.35,4.1,1.87,3.64,4.43,1.78,3.4,4.2,1.83,3.5,4.2,1.87,3.7,4.75,1.8,3.5,4.13,1.95,1.85,1.96,1.86,1.96,1.94,1.89,1.86,-0.5,1.83,1.98,1.84,2,1.85,2.04,1.81,1.97,1.75,3.5,4.75,1.72,3.4,4.6,1.8,3.4,4,1.83,3.82,4.39,1.78,3.4,4.33,1.75,3.6,4.4,1.83,3.82,4.75,1.78,3.56,4.16,1.95,1.85,1.97,1.9,1.98,1.91,1.9,1.85,-0.75,2.02,1.77,2.1,1.79,2.1,1.82,2.05,1.77
EC,03/10/2020,15:00,Sutton,Maidenhead,3,0,H,2,0,H,S Gill,1,0,0,0,1.83,3.6,4.2,1.8,3.5,4.1,1.83,3.4,3.9,1.88,3.75,4.19,1.83,3.4,4,1.85,3.5,4.1,1.89,3.75,4.2,1.83,3.52,3.93,1.9,1.9,1.91,1.91,1.99,1.94,1.88,1.87,-0.5,1.85,1.95,1.86,1.98,1.89,1.98,1.85,1.94,1.83,3.6,4.2,1.83,3.5,3.9,1.9,3.3,3.85,1.92,3.63,4.22,1.83,3.4,4,1.85,3.5,4.1,1.92,3.63,4.22,1.86,3.46,3.92,1.9,1.9,2.08,1.79,2.08,1.9,2,1.77,-0.5,1.85,1.95,1.92,1.97,1.94,1.99,1.88,1.93
EC,03/10/2020,15:00,Torquay,Stockport,1,0,H,0,0,D,D Lamport,2,1,0,0,2.6,3.4,2.6,2.55,3.3,2.55,2.5,3.25,2.5,2.65,3.58,2.66,2.55,3.25,2.55,2.6,3.3,2.63,2.65,3.58,2.66,2.54,3.36,2.54,1.75,2.05,1.77,2.05,1.81,2.09,1.75,2.01,0,1.9,1.9,1.92,1.92,1.95,1.95,1.9,1.9,2.6,3.4,2.6,2.65,3.25,2.45,2.65,3.25,2.4,2.99,3.61,2.37,2.55,3.25,2.55,2.63,3.5,2.45,2.99,3.61,2.6,2.72,3.4,2.39,1.75,2.05,1.81,2.06,1.81,2.12,1.75,2.02,0,1.9,1.9,2.19,1.73,2.19,1.9,2.02,1.8
EC,03/10/2020,15:00,Woking,Solihull,2,1,H,0,1,A,S Jackson,3,2,0,0,2.87,3.25,2.4,2.6,3.1,2.6,2.65,3.05,2.5,2.76,3.29,2.72,2.75,3.1,2.45,2.8,3.13,2.55,2.87,3.3,2.72,2.68,3.17,2.53,2.1,1.7,2.15,1.7,2.15,1.76,2.09,1.7,0,2.02,1.77,1.93,1.9,2.04,1.93,1.97,1.83,3.3,3.3,2.15,3,3.2,2.25,3.1,3.1,2.2,3.41,3.42,2.23,2.7,3.1,2.55,3.25,3.4,2.15,3.41,3.42,2.28,3.17,3.25,2.19,2.1,1.7,2.16,1.74,2.16,1.76,2.1,1.7,0.25,1.98,1.83,1.97,1.92,2.05,1.97,1.91,1.89
EC,03/10/2020,15:00,Wrexham,Boreham Wood,2,1,H,1,0,H,G Rhodes,2,2,0,0,2,3.4,3.75,2,3.25,3.6,2.05,3.35,3.25,2.11,3.68,3.47,2,3.4,3.4,2.05,3.4,3.5,2.11,3.68,3.75,2.04,3.42,3.34,1.95,1.85,1.94,1.88,1.97,1.91,1.91,1.84,-0.25,1.77,2.02,1.81,2.04,1.83,2.07,1.79,2.01,2.15,3.3,3.4,2.1,3.3,3.2,2.2,3.1,3.1,2.28,3.52,3.21,2.05,3.3,3.4,2.15,3.3,3.3,2.3,3.52,3.4,2.18,3.3,3.12,2.07,1.72,2.12,1.76,2.19,1.8,2.06,1.72,-0.25,1.9,1.9,1.97,1.92,1.99,2.04,1.9,1.91
EC,03/10/2020,17:30,King’s Lynn,Yeovil,2,2,D,0,0,D,M Russell,0,3,0,0,3.4,3.25,2.15,3.3,3.5,2,3.3,3.35,2.05,3.53,3.74,2.07,3.3,3.4,2.05,3.3,3.4,2.1,3.53,3.74,2.15,3.3,3.45,2.04,1.85,1.95,1.87,1.95,1.91,1.99,1.84,1.91,0.25,1.88,1.93,2.07,1.77,2.07,1.93,1.99,1.81,3.6,3.3,2.05,3.3,3.5,2,3.15,3.25,2.1,3.38,3.62,2.16,3.2,3.4,2.05,3.3,3.4,2.1,3.6,3.62,2.2,3.2,3.41,2.1,1.9,1.9,1.94,1.93,1.95,1.96,1.88,1.88,0.25,1.98,1.83,2.02,1.88,2.04,1.88,1.97,1.84
EC,06/10/2020,19:45,Aldershot,Sutton,1,2,A,0,1,A,T Reeves,2,3,0,0,2.7,3.2,2.7,2.55,3.1,2.7,2.65,3,2.5,2.78,3.31,2.7,2.62,3.1,2.6,2.75,3.2,2.55,2.8,3.26,2.7,2.66,3.1,2.59,2.1,1.7,2.1,1.75,2.2,1.76,2.1,1.69,0,1.98,1.83,1.96,1.91,2.06,1.96,1.93,1.87,3.1,3.2,2.37,2.6,3.1,2.6,2.95,3.05,2.3,3.16,3.3,2.42,3,3,2.35,2.9,3.3,2.38,3.18,3.3,2.46,2.98,3.17,2.32,2,1.8,2.03,1.85,2.12,1.85,2,1.77,0.25,1.75,2.05,1.83,2.07,1.86,2.09,1.78,2.02
EC,06/10/2020,19:45,Bromley,Dover Athletic,4,1,H,1,0,H,L Wood,0,2,0,0,1.95,3.5,3.8,1.9,3.4,3.7,1.95,3.3,3.55,2,3.61,3.88,1.95,3.3,3.6,2,3.5,3.5,2.04,3.61,3.9,1.95,3.41,3.62,1.85,1.95,1.85,1.98,1.9,2.02,1.83,1.92,-0.5,1.98,1.83,1.99,1.88,2.04,1.9,1.97,1.83,1.95,3.5,3.8,1.83,3.5,3.9,1.9,3.4,3.6,1.92,3.81,3.98,1.88,3.4,3.75,1.93,3.6,3.7,2.02,3.81,3.98,1.91,3.51,3.67,1.75,2.05,1.79,2.09,1.85,2.11,1.76,2,-0.5,1.93,1.88,1.92,1.97,1.97,1.97,1.93,1.87
EC,06/10/2020,19:45,Chesterfield,Hartlepool,1,2,A,0,0,D,S Copeland,2,2,1,0,3.1,3.4,2.25,2.7,3.3,2.4,2.75,3.3,2.35,2.95,3.68,2.37,2.88,3.25,2.3,2.8,3.4,2.38,3.1,3.68,2.47,2.8,3.41,2.32,1.8,2,1.79,2.04,1.83,2.1,1.78,1.98,0.25,1.77,2.02,1.83,2.05,1.83,2.08,1.77,2.04,3.1,3.4,2.25,2.7,3.25,2.4,2.85,3.35,2.25,3.06,3.61,2.33,2.9,3.3,2.25,3,3.5,2.25,3.1,3.65,2.33,2.92,3.47,2.22,1.75,2.05,1.78,2.1,1.83,2.2,1.72,2.06,0.25,1.85,1.95,1.87,2.02,1.93,2.03,1.85,1.95
EC,06/10/2020,19:45,Dag and Red,Barnet,1,2,A,1,0,H,R Massey-Ellis,1,2,1,0,1.85,3.6,4,1.8,3.4,4.1,1.83,3.4,3.95,1.83,3.83,4.39,1.8,3.5,4,1.83,3.5,4.2,1.9,3.83,4.39,1.81,3.54,4.04,2,1.8,1.96,1.87,2,1.89,1.94,1.82,-0.5,1.83,1.98,1.82,2.06,1.86,2.06,1.81,1.98,1.8,3.75,4.2,1.8,3.4,4.1,1.8,3.4,4,1.83,3.83,4.36,1.8,3.5,4,1.83,3.5,4.2,1.9,3.83,4.38,1.8,3.55,4.06,1.95,1.85,1.93,1.93,1.98,1.93,1.91,1.84,-0.5,1.83,1.98,1.83,2.07,1.86,2.07,1.82,1.98
EC,06/10/2020,19:45,Eastleigh,Torquay,2,1,H,0,1,A,R Atkin,0,1,0,0,2.37,3.4,3,2.15,3.4,3,2.3,3.25,2.8,2.39,3.52,3.02,2.25,3.3,2.9,2.3,3.6,2.8,2.41,3.68,3.08,2.27,3.4,2.86,1.65,2.2,1.65,2.26,1.68,2.28,1.63,2.2,-0.25,2,1.8,2.06,1.83,2.08,1.85,2,1.8,2.37,3.4,2.87,2.4,3.3,2.7,2.3,3.25,2.8,2.38,3.66,2.94,2.3,3.4,2.8,2.3,3.6,2.8,2.42,3.7,3.08,2.29,3.45,2.8,1.6,2.3,1.65,2.31,1.66,2.32,1.62,2.22,-0.25,2.02,1.77,2.07,1.83,2.11,1.84,2.01,1.79
EC,06/10/2020,19:45,Maidenhead,King’s Lynn,2,3,A,1,1,D,R Whitton,2,0,0,0,2.7,3.5,2.45,2.55,3.3,2.55,2.6,3.2,2.45,2.73,3.68,2.53,2.62,3.2,2.5,2.6,3.4,2.55,2.78,2.79,2.55,2.62,3.4,2.45,1.85,1.95,1.83,2.01,1.96,2.01,1.84,1.91,0,1.93,1.88,2.01,1.86,2.04,1.96,1.96,1.86,3.1,3.5,2.2,2.55,3.3,2.55,2.85,3.3,2.25,3.09,3.72,2.27,2.9,3.4,2.2,2.9,3.4,2.3,3.14,3.76,2.3,2.92,3.45,2.21,1.75,2.05,1.8,2.07,1.87,2.09,1.77,1.99,0.25,1.88,1.93,1.91,1.98,1.94,2.03,1.85,1.95
EC,06/10/2020,19:45,Solihull,Wrexham,1,0,H,0,0,D,T Parsons,0,2,0,0,2.2,3.4,3.2,2.1,3.4,3.1,2.15,3.15,3.15,2.23,3.49,3.36,2.15,3.2,3.2,2.2,3.3,3.2,2.3,3.49,3.36,2.16,3.32,3.16,2.05,1.75,2.07,1.77,2.07,1.91,1.98,1.78,-0.25,1.88,1.93,1.91,1.96,1.94,2.01,1.88,1.92,2.15,3.4,3.3,2.1,3.4,3.1,2.15,3.1,3.15,2.2,3.47,3.43,2.15,3.2,3.25,2.2,3.3,3.2,2.34,3.47,3.43,2.18,3.31,3.13,2.05,1.75,2.09,1.79,2.11,1.84,2.01,1.76,-0.25,1.88,1.93,1.9,1.99,2.02,2.02,1.91,1.89
EC,06/10/2020,19:45,Stockport,Halifax,2,1,H,1,1,D,A Herczeg,1,3,0,0,1.72,3.75,4.5,1.83,3.4,4,1.77,3.4,4.1,1.78,3.81,4.75,1.8,3.5,4,1.8,3.6,4.2,1.85,3.82,4.75,1.77,3.57,4.21,1.8,2,1.75,2.09,1.9,2.09,1.79,1.97,-0.75,1.98,1.83,2,1.88,2.09,1.88,2,1.81,1.72,3.8,4.5,1.7,3.7,4.33,1.75,3.35,4.4,1.78,3.71,4.88,1.73,3.4,4.6,1.7,3.75,4.6,1.81,3.8,5.05,1.73,3.56,4.46,1.85,1.95,1.79,2.09,1.9,2.09,1.83,1.93,-0.75,1.95,1.85,2,1.88,2.02,1.98,1.95,1.85
EC,06/10/2020,19:45,Weymouth,Woking,0,1,A,0,1,A,D Lamport,3,1,0,0,2.7,3.3,2.55,2.7,3.2,2.45,2.6,3.05,2.5,2.76,3.32,2.71,2.7,3.1,2.5,2.7,3.3,2.5,2.76,3.4,2.72,2.66,3.18,2.54,2,1.8,1.97,1.86,2.02,1.87,1.96,1.8,0,1.98,1.83,1.95,1.92,2.04,1.92,1.95,1.85,2.7,3.3,2.55,2.7,3.2,2.45,2.6,3.05,2.5,2.8,3.35,2.65,2.7,3.1,2.5,2.75,3.3,2.5,2.8,3.42,2.65,2.68,3.17,2.53,2,1.8,1.97,1.9,2.02,1.9,1.95,1.81,0,1.98,1.83,2,1.88,2.03,1.89,1.96,1.84
EC,06/10/2020,19:45,Yeovil,Wealdstone,2,2,D,0,1,A,S Tallis,3,3,0,0,1.55,4,5.75,1.57,3.7,5.5,1.57,3.7,5.25,1.6,4.05,6.06,1.55,3.75,5.5,1.57,4,5.5,1.61,4.13,6.06,1.57,3.88,5.29,1.85,1.95,1.87,1.97,1.89,2.03,1.82,1.93,-1,2.02,1.77,2.09,1.8,2.09,1.85,2.02,1.79,1.5,4.2,6.5,1.57,3.7,5.5,1.53,3.8,5.75,1.52,4.36,6.62,1.5,3.8,6.5,1.53,4,6,1.56,4.36,6.62,1.52,4,5.72,1.8,2,1.85,2.02,1.87,2.02,1.81,1.95,-1,1.93,1.88,1.95,1.93,1.98,1.94,1.92,1.88
EC,07/10/2020,19:45,Notts County,Altrincham,3,1,H,2,0,H,D Middleton,0,1,0,0,1.4,4.5,8,1.36,4.4,7.75,1.43,4.2,6.5,1.42,4.81,7.99,1.38,4.33,7.5,1.4,4.5,7.5,1.44,4.81,8,1.4,4.44,6.91,1.72,2.07,1.69,2.16,1.75,2.17,1.7,2.08,-1.25,1.93,1.88,1.97,1.87,2,1.92,1.94,1.85,1.45,4.33,7,1.45,4.25,6,1.47,4.1,6,1.48,4.72,6.62,1.44,4.2,6.5,1.45,4.4,6.5,1.53,4.8,7,1.46,4.3,5.92,1.7,2.1,1.71,2.2,1.77,2.25,1.69,2.1,-1,1.77,2.02,1.79,2.1,1.89,2.11,1.78,2
EC,10/10/2020,15:00,Boreham Wood,Halifax,0,0,D,0,0,D,R Atkin,1,3,0,0,2,3.4,3.1,2,3.4,3.4,2.05,3.2,3.35,2.09,3.51,3.61,2,3.25,3.5,2.05,3.4,3.5,2.09,3.51,3.61,2.03,3.36,3.38,2.05,1.75,2.08,1.78,2.08,1.92,1.96,1.79,-0.25,1.8,2,1.81,2.08,1.84,2.08,1.78,2.02,1.72,3.5,4.2,1.67,3.9,4.2,1.8,3.45,3.95,1.93,3.68,4.04,2.05,3.3,3.4,1.75,3.6,4.6,1.93,3.9,4.6,1.78,3.58,4.06,2.07,1.72,2.16,1.74,2.16,1.79,2.05,1.72,-0.5,1.83,1.98,1.93,1.95,1.93,2.06,1.8,1.99
EC,10/10/2020,15:00,Bromley,Torquay,1,2,A,1,0,H,L Smith,1,3,0,0,2,3.25,3.4,2.1,3.4,3.1,2.05,3.45,3.2,2.04,3.84,3.45,2.15,3.5,3,2.1,3.5,3.2,2.19,3.84,3.45,2.05,3.52,3.21,1.72,2.07,1.75,2.12,1.79,2.12,1.72,2.05,-0.25,1.83,1.98,1.78,2.1,1.92,2.1,1.83,1.97,1.7,3.5,4.5,1.85,3.5,3.8,1.77,3.7,3.8,1.79,4.16,4.18,2.05,3.4,3.2,1.75,3.8,4.2,1.85,4.16,4.5,1.77,3.82,3.86,1.66,2.15,1.7,2.21,1.74,2.21,1.69,2.1,-0.75,2,1.8,2.05,1.85,2.08,1.86,2.01,1.79
EC,10/10/2020,15:00,Chesterfield,Woking,4,0,H,1,0,H,M Dicicco,0,3,0,0,2.3,3.3,2.62,2.3,3.5,2.7,2.3,3.35,2.65,2.44,3.8,2.73,2.25,3.5,2.8,2.3,3.4,2.88,2.51,3.8,2.91,2.35,3.47,2.68,1.85,1.95,1.88,1.98,1.9,2,1.83,1.92,0,1.77,2.02,1.83,2.05,1.87,2.11,1.79,2.01,2.55,3.25,2.45,2.6,3.5,2.4,2.55,3.3,2.45,2.69,3.76,2.53,2.4,3.4,2.62,2.6,3.4,2.55,2.74,3.76,2.58,2.59,3.44,2.45,1.85,1.95,1.85,2.02,1.89,2.02,1.82,1.93,0,1.93,1.88,2.01,1.88,2.06,1.94,1.96,1.85
EC,10/10/2020,15:00,Eastleigh,Altrincham,1,1,D,1,1,D,J Durkin,1,1,0,0,1.95,3.4,3.25,2.05,3.4,3.25,2.1,3.3,3.2,2.12,3.62,3.44,2.05,3.3,3.3,2,3.5,3.5,2.12,3.62,3.5,2.05,3.44,3.26,1.8,2,1.85,2.01,1.87,2.01,1.79,1.96,-0.25,1.75,2.05,1.83,2.04,1.86,2.05,1.8,1.99,1.85,3.4,3.6,1.9,3.5,3.6,1.9,3.45,3.5,1.93,3.83,3.88,2,3.4,3.4,1.93,3.7,3.6,1.97,3.83,3.88,1.9,3.59,3.55,1.72,2.07,1.71,2.21,1.77,2.21,1.69,2.1,-0.5,1.95,1.85,1.93,1.95,2,1.95,1.93,1.87
EC,10/10/2020,15:00,Maidenhead,Hartlepool,0,4,A,0,1,A,S Tallis,2,3,0,0,3.4,3.6,1.83,3.6,3.7,1.85,3.6,3.65,1.83,3.84,4.26,1.83,4,3.5,1.8,4.2,3.6,1.8,4.25,4.26,1.9,3.75,3.71,1.82,1.9,1.9,1.94,1.91,1.97,1.94,1.89,1.86,0.5,2,1.8,2.05,1.83,2.05,1.93,1.94,1.84,4.2,3.8,1.66,4.5,3.8,1.65,4.6,3.7,1.65,4.22,3.87,1.85,4,3.6,1.78,5,3.8,1.65,5,4.04,1.85,4.47,3.79,1.68,1.8,2,1.85,2.02,1.87,2.08,1.8,1.96,0.75,1.88,1.93,1.8,2.09,2.05,2.1,1.9,1.9
EC,10/10/2020,15:00,Notts County,Barnet,4,2,H,3,1,H,P Gibbons,1,3,0,0,1.61,3.5,4.75,1.65,3.7,4.75,1.73,3.4,4.6,1.75,3.54,5.28,1.63,3.7,4.8,1.67,3.8,4.8,1.78,3.92,5.28,1.69,3.61,4.63,1.72,2.07,1.81,2.04,1.81,2.14,1.73,2.03,-0.75,1.88,1.93,1.97,1.9,1.97,2.03,1.88,1.92,1.61,3.5,4.75,1.65,3.7,4.75,1.63,3.6,4.8,1.67,3.95,5.45,1.65,3.7,4.6,1.65,3.9,4.8,1.68,4,5.45,1.63,3.77,4.8,1.75,2.05,1.76,2.13,1.8,2.16,1.73,2.05,-0.75,1.83,1.98,1.85,2.05,1.9,2.05,1.83,1.98
EC,10/10/2020,15:00,Solihull,King’s Lynn,5,0,H,1,0,H,D Richardson,1,1,0,0,1.8,3.75,3.6,1.8,3.7,3.8,1.77,3.75,3.8,1.78,4.25,4.07,1.73,3.75,4.2,1.75,3.8,4.2,1.84,4.25,4.2,1.76,3.84,3.92,1.72,2.07,1.75,2.12,1.75,2.17,1.7,2.07,-0.75,2,1.8,2.01,1.86,2.09,1.86,2,1.8,1.85,3.6,3.6,1.9,3.7,3.4,1.97,3.4,3.35,1.94,3.89,3.78,1.78,3.6,4,1.95,3.6,3.5,2.09,3.89,3.78,1.95,3.58,3.44,1.75,2.05,1.78,2.11,1.78,2.16,1.73,2.04,-0.5,1.93,1.88,1.94,1.94,2.01,1.94,1.94,1.86
EC,10/10/2020,15:00,Stockport,Dover Athletic,3,0,H,0,0,D,P Marsden,0,1,0,0,1.57,4,4.75,,,,1.57,3.65,5.25,1.62,3.88,5.99,1.6,3.6,5.25,1.6,3.9,5.25,1.65,4,5.99,1.6,3.78,5.25,1.85,1.95,1.92,1.93,1.94,1.95,1.88,1.88,-0.75,1.77,2.02,1.81,2.08,1.84,2.11,1.79,2.03,1.5,4,5.5,1.5,3.9,6,1.5,3.9,5.75,1.57,4.18,6.24,1.63,3.5,5.25,1.5,4.1,6,1.57,4.35,6.35,1.51,4.06,5.68,1.8,2,1.81,2.06,1.88,2.06,1.78,1.98,-1,1.95,1.85,1.98,1.9,2.02,1.95,1.9,1.89
EC,10/10/2020,15:00,Weymouth,Sutton,0,1,A,0,0,D,S Simpson,2,1,0,0,2.87,3.25,2.2,2.9,3.2,2.3,3.15,3,2.2,3.49,3.23,2.26,3,3.2,2.25,3.1,3.3,2.25,3.49,3.4,2.28,3.11,3.19,2.22,2,1.8,2.04,1.83,2.04,1.86,1.96,1.79,0.25,1.88,1.93,1.95,1.92,1.95,1.99,1.86,1.93,3.4,3.4,1.9,3.1,3.2,2.2,3.55,3.35,1.95,3.66,3.78,2.01,2.9,3.2,2.3,3.5,3.4,1.95,3.8,3.82,2.2,3.46,3.42,1.99,2,1.8,2.02,1.85,2.03,1.87,1.96,1.8,0.25,2.15,1.68,2.16,1.75,2.19,1.9,2.03,1.78
EC,10/10/2020,15:00,Yeovil,Wrexham,0,1,A,0,1,A,S Jackson,3,2,0,0,2,3.4,3.3,2,3.4,3.4,2.1,3.15,3.25,2.18,3.42,3.46,2.05,3.2,3.4,2.1,3.3,3.5,2.18,3.44,3.5,2.07,3.3,3.33,1.95,1.85,2.04,1.83,2.04,1.9,1.95,1.81,-0.25,1.8,2,1.88,2,1.88,2.05,1.81,1.99,2.15,3.3,3,2.15,3.3,3.1,2.2,3.35,2.9,2.3,3.74,3.01,2.1,3.2,3.3,2.2,3.4,3.1,2.3,3.74,3.1,2.2,3.42,2.96,1.95,1.85,1.94,1.93,1.98,1.93,1.91,1.84,-0.25,1.95,1.85,2.01,1.88,2.01,1.92,1.94,1.86
EC,10/10/2020,17:20,Dag and Red,Wealdstone,1,0,H,0,0,D,E Swallow,2,3,0,0,1.85,3.6,3.6,1.9,3.6,3.5,2,3.5,3.2,2.06,3.87,3.38,1.85,3.6,3.7,1.9,3.6,3.75,2.06,3.87,3.75,1.96,3.64,3.34,1.7,2.1,1.65,2.29,1.73,2.29,1.64,2.17,-0.5,1.9,1.9,2.06,1.83,2.06,1.93,1.95,1.83,2.3,3.4,2.75,2.3,3.25,2.85,2.35,3.25,2.65,2.44,3.59,2.9,2,3.5,3.25,2.38,3.5,2.75,2.44,3.6,2.9,2.33,3.4,2.76,1.72,2.07,1.75,2.15,1.82,2.16,1.73,2.04,-0.25,2.08,1.73,2.11,1.8,2.11,1.81,2.05,1.77
EC,12/10/2020,19:45,Wrexham,Maidenhead,0,1,A,0,1,A,S Mather,1,2,0,0,1.44,4.33,7,1.44,4.2,6.5,1.43,4.2,6.75,1.44,4.58,7.84,1.4,4.2,7.5,1.4,4.5,7.5,1.5,4.6,7.84,1.42,4.33,6.75,1.75,2.05,1.77,2.12,1.81,2.14,1.75,2.02,-1.25,1.98,1.83,2.05,1.85,2.05,1.88,1.98,1.82,1.33,5,9,1.35,4.6,7.5,1.33,4.6,7.5,1.4,5.14,7.75,1.33,4.6,8,1.33,5,8.5,1.42,5.19,9.5,1.34,4.81,7.63,1.65,2.2,1.71,2.21,1.71,2.34,1.63,2.19,-1.25,1.85,1.95,1.96,1.93,1.96,2.1,1.82,1.98
EC,13/10/2020,19:45,Barnet,Weymouth,1,0,H,1,0,H,L Wood,0,1,0,0,1.8,3.6,4.33,1.78,3.5,4.2,1.85,3.4,3.8,1.9,3.7,4.07,1.83,3.4,4,1.83,3.6,4.1,1.92,3.7,4.33,1.84,3.51,3.9,1.95,1.85,2,1.85,2,1.92,1.92,1.84,-0.5,1.85,1.95,1.9,1.97,1.91,2.01,1.86,1.93,1.9,3.5,4,1.95,3.4,3.5,1.95,3.25,3.65,1.98,3.64,3.93,1.91,3.3,3.75,1.9,3.5,3.9,2,3.64,4,1.92,3.4,3.71,2.05,1.75,2.09,1.79,2.09,1.87,2,1.77,-0.5,1.93,1.88,1.98,1.91,1.99,1.93,1.93,1.87
EC,13/10/2020,19:45,Dover Athletic,Aldershot,0,5,A,0,3,A,A Dale,1,2,0,0,2.45,3.2,2.9,2.3,3.3,2.85,2.35,3.15,2.75,2.53,3.47,2.82,2.4,3.2,2.75,2.4,3.4,2.8,2.55,3.47,2.94,2.39,3.3,2.75,1.85,1.95,1.91,1.94,1.92,1.96,1.85,1.91,0,1.77,2.02,1.83,2.05,1.84,2.07,1.79,2.01,2.8,3.3,2.3,2.9,3.2,2.3,2.8,3.1,2.4,3.17,3.44,2.34,3,3.1,2.3,2.9,3.3,2.38,3.19,3.44,2.43,2.88,3.26,2.33,1.98,1.83,1.98,1.89,2.05,1.9,1.93,1.82,0.25,1.83,1.98,1.88,2.01,1.88,2.08,1.78,2.03
EC,13/10/2020,19:45,Halifax,Yeovil,1,1,D,1,0,H,G Rhodes,1,4,0,0,2.75,3.4,2.45,2.65,3.25,2.5,2.6,3.1,2.5,2.76,3.37,2.63,2.62,3.2,2.55,2.7,3.3,2.55,2.8,3.42,2.66,2.66,3.25,2.5,1.95,1.85,1.98,1.88,1.98,1.9,1.92,1.84,0,1.95,1.85,1.98,1.89,2.01,1.89,1.96,1.84,2.4,3.3,2.87,2.4,3.2,2.75,2.45,3.1,2.7,2.56,3.54,2.77,2.4,3.25,2.7,2.5,3.3,2.75,2.56,3.54,2.9,2.43,3.27,2.72,1.93,1.88,1.9,1.97,2,1.97,1.91,1.84,0,1.77,2.02,1.87,2.03,1.87,2.12,1.79,2.02
EC,13/10/2020,19:45,Hartlepool,Bromley,0,0,D,0,0,D,R Welch,1,1,0,0,1.8,3.5,4.5,1.85,3.4,3.9,1.85,3.5,3.7,1.87,3.91,3.99,1.83,3.6,3.8,1.85,3.6,4,1.91,3.91,4.5,1.84,3.61,3.79,1.8,2,1.81,2.05,1.86,2.08,1.77,1.99,-0.5,1.85,1.95,1.87,2,1.88,2,1.84,1.94,1.7,3.8,4,1.78,3.6,4,1.77,3.65,3.9,1.83,4.01,4.18,1.78,3.6,4,1.73,3.8,4.4,1.86,4.04,4.45,1.75,3.76,4.03,1.72,2.07,1.74,2.16,1.75,2.25,1.68,2.11,-0.75,2,1.8,2.09,1.8,2.09,1.9,1.97,1.83
EC,13/10/2020,19:45,King’s Lynn,Boreham Wood,0,3,A,0,2,A,E Swallow,2,0,1,0,3.3,3.25,2.2,3,3.3,2.2,3.05,3.35,2.15,3.25,3.73,2.16,3.1,3.4,2.1,3.13,3.5,2.15,3.3,3.73,2.26,3.08,3.43,2.14,1.8,2,1.87,1.99,1.88,2.06,1.82,1.94,0.25,1.93,1.88,1.99,1.88,1.99,1.92,1.92,1.86,3.6,3.3,2.1,3,3.3,2.2,3.1,3.3,2.15,3.32,3.61,2.19,3.1,3.3,2.15,3.2,3.6,2.1,3.6,3.61,2.25,3.1,3.42,2.13,1.75,2.05,1.79,2.08,1.83,2.08,1.77,1.98,0.25,1.95,1.85,1.99,1.9,2,1.93,1.93,1.86
EC,13/10/2020,19:45,Sutton,Notts County,0,1,A,0,0,D,M Russell,1,0,0,0,3,3.3,2.37,2.7,3.25,2.4,2.8,3.15,2.35,3.03,3.46,2.38,2.88,3.2,2.35,2.88,3.3,2.38,3.03,3.46,2.4,2.85,3.3,2.33,1.9,1.9,1.92,1.93,1.94,1.94,1.88,1.88,0.25,1.77,2.02,1.83,2.05,1.83,2.07,1.78,2.02,2.9,3.3,2.4,2.75,3.4,2.3,2.6,3.2,2.45,2.8,3.49,2.57,2.7,3.2,2.45,2.7,3.3,2.5,2.9,3.49,2.58,2.69,3.31,2.44,1.95,1.85,1.93,1.93,1.95,1.94,1.88,1.87,0,2,1.8,2.03,1.86,2.08,1.86,2,1.8
EC,13/10/2020,19:45,Torquay,Chesterfield,2,1,H,1,1,D,S Jackson,0,2,0,0,2.1,3.25,3.5,2.15,3.25,3.2,2.15,3.15,3.2,2.21,3.34,3.47,2.1,3.4,3.1,2.1,3.6,3.2,2.25,3.75,3.5,2.12,3.35,3.21,1.6,2.3,1.61,2.36,1.7,2.36,1.6,2.25,-0.25,1.85,1.95,1.89,1.97,1.9,2.01,1.84,1.95,1.9,3.6,3.8,2,3.3,3.5,1.95,3.45,3.4,1.97,3.86,3.71,1.91,3.5,3.6,2,3.7,3.4,2.03,3.86,4,1.96,3.5,3.47,1.65,2.2,1.63,2.35,1.67,2.38,1.61,2.23,-0.5,1.93,1.88,1.97,1.92,2.01,1.96,1.97,1.83
EC,13/10/2020,19:45,Wealdstone,Stockport,2,5,A,1,1,D,R Atkin,0,0,0,0,3.75,3.75,1.9,3.5,3.6,1.9,3.4,3.4,1.95,3.71,3.86,1.95,3.75,3.75,1.83,3.7,3.6,1.91,3.75,3.86,2.05,3.51,3.58,1.92,1.75,2.05,1.78,2.08,1.9,2.08,1.79,1.97,0.5,1.88,1.93,1.92,1.95,1.92,1.96,1.87,1.92,4.5,4,1.7,3.9,3.8,1.75,3.95,3.65,1.75,4.27,4.16,1.78,4,4,1.67,4.4,3.8,1.73,4.5,4.16,1.8,4.11,3.83,1.72,1.72,2.07,1.76,2.13,1.8,2.15,1.74,2.02,0.75,1.88,1.93,1.89,2,1.92,2.02,1.85,1.95
EC,13/10/2020,19:45,Woking,Dag and Red,2,0,H,2,0,H,T Reeves,2,3,0,0,3.6,3.5,2,3.4,3.4,2,3.1,3.2,2.15,3.25,3.5,2.24,3.2,3.25,2.15,3.3,3.4,2.1,3.6,3.51,2.27,3.17,3.36,2.13,1.85,1.95,1.9,1.95,1.91,1.98,1.84,1.92,0.25,1.98,1.83,1.93,1.93,2.04,1.93,1.92,1.86,2.3,3.5,2.9,2.25,3.2,3,2.3,3.05,2.95,2.34,3.36,3.23,2.25,3.1,3.1,2.25,3.25,3.13,2.5,3.5,3.24,2.28,3.22,2.98,2.07,1.72,2.11,1.78,2.11,1.81,2.03,1.73,-0.25,1.98,1.83,2.01,1.88,2.1,1.93,2,1.81
EC,17/10/2020,15:00,Dag and Red,Yeovil,0,0,D,0,0,D,D Middleton,0,3,0,1,3,3.25,2.37,2.85,3.25,2.3,2.75,3.15,2.35,2.95,3.46,2.44,2.8,3.2,2.38,2.75,3.25,2.5,3,3.46,2.5,2.8,3.3,2.36,1.95,1.85,1.93,1.92,1.99,1.92,1.89,1.87,0,2.02,1.77,2.13,1.76,2.13,1.83,2.08,1.77,4,3.4,1.9,3.5,3.4,1.95,3.3,3.35,2,3.67,3.82,2,2.9,3.2,2.3,3.6,3.5,1.95,4,3.82,2.24,3.42,3.47,1.99,1.9,1.9,1.88,1.99,1.97,1.99,1.86,1.89,0.25,1.98,1.83,2.18,1.74,2.18,1.86,2.05,1.77
EC,17/10/2020,15:00,Eastleigh,Aldershot,2,2,D,1,1,D,T Parsons,2,4,0,0,2,3.4,3.3,1.95,3.7,3.3,2.05,3.45,3.2,2.1,3.86,3.28,2.05,3.5,3.2,1.95,3.5,3.6,2.1,3.86,3.6,2.01,3.61,3.23,1.8,2,1.81,2.04,1.83,2.06,1.76,1.99,-0.5,1.95,1.85,2.09,1.78,2.09,1.87,2.01,1.79,2.1,3.4,3.1,2,3.6,3.2,2.15,3.4,2.95,2.18,3.82,3.18,1.95,3.6,3.3,2.15,3.4,3.2,2.18,3.93,3.2,2.11,3.53,3.05,1.9,1.9,1.93,1.93,1.95,1.97,1.86,1.89,-0.25,1.88,1.93,1.91,1.98,1.92,2,1.89,1.93
EC,17/10/2020,15:00,Notts County,Maidenhead,2,3,A,2,1,H,R Welch,1,2,0,0,1.4,4.5,6.5,1.4,4.5,6.5,1.37,4.4,7,1.38,5.01,8.27,1.35,4.4,8,1.4,4.5,7.5,1.4,5.01,8.27,1.38,4.64,7.08,1.66,2.15,1.67,2.25,1.71,2.25,1.64,2.18,-1.25,1.9,1.9,1.91,1.96,1.94,2,1.87,1.94,1.4,4.5,6,1.44,4.33,6.25,1.43,4.2,6,1.47,4.63,6.98,1.35,4.4,8.5,1.4,4.6,7,1.47,4.82,7,1.43,4.41,6.26,1.7,2.1,1.69,2.23,1.71,2.25,1.64,2.17,-1.25,2,1.8,2.04,1.85,2.06,1.88,1.99,1.82
EC,17/10/2020,15:00,Solihull,Boreham Wood,1,0,H,0,0,D,S Mather,0,2,1,0,2.15,3.2,3.2,2.3,3.1,3,2.3,3.05,3,2.4,3.29,3.15,2.3,3.1,3,2.2,3.25,3.2,2.4,3.34,3.2,2.25,3.2,3.06,2.07,1.72,2.12,1.75,2.12,1.78,2.05,1.73,-0.25,1.95,1.85,2.05,1.83,2.05,1.91,1.96,1.86,1.9,3.2,4,2,3.3,3.5,2,3.15,3.55,1.99,3.53,4.03,2.3,3.1,3,2.05,3.3,3.6,2.1,3.55,4.03,1.99,3.3,3.59,2.07,1.72,2.11,1.78,2.12,1.79,2.05,1.71,-0.5,1.9,1.9,1.99,1.9,2.12,1.98,1.99,1.82
EC,17/10/2020,15:00,Torquay,Dover Athletic,2,0,H,2,0,H,S Tallis,0,1,0,0,1.55,3.75,5.5,1.57,3.9,5,1.55,3.8,5.25,1.59,4.39,5.38,1.57,3.9,5,1.6,3.9,5.25,1.64,4.39,5.5,1.57,4,5.06,1.8,2,1.81,2.05,1.86,2.06,1.79,1.97,-0.75,1.75,2.05,1.76,2.12,1.88,2.13,1.78,2.06,1.45,4,6.5,1.45,4.1,6.25,1.5,3.95,5.75,1.5,4.71,6.29,1.55,3.75,5.5,1.5,4.2,6,1.54,4.81,6.5,1.49,4.23,5.63,1.72,2.07,1.75,2.14,1.88,2.14,1.75,2.02,-1,1.85,1.95,1.89,2,1.96,2.03,1.88,1.93
EC,17/10/2020,15:00,Wealdstone,Wrexham,4,3,H,2,2,D,M Russell,0,2,0,0,3.25,3.3,2.1,3.25,3.4,2.05,3.15,3.3,2.1,3.36,3.64,2.14,3.2,3.3,2.1,3.13,3.4,2.2,3.4,3.64,2.2,3.17,3.44,2.1,1.85,1.95,1.84,2.02,1.9,2.02,1.82,1.94,0.25,1.93,1.88,2.02,1.86,2.02,1.93,1.94,1.86,3.75,3.4,1.9,3.25,3.4,2.05,3.35,3.4,1.97,3.95,3.74,1.94,3.1,3.3,2.15,3.5,3.5,2,3.95,3.79,2.05,3.42,3.51,1.97,1.85,1.95,1.92,1.95,1.92,1.98,1.84,1.91,0.5,1.8,2,1.94,1.94,1.94,2.05,1.81,2
EC,17/10/2020,15:00,Weymouth,King’s Lynn,2,1,H,1,0,H,T Bishop,2,0,0,1,2.6,3.2,2.4,,,,2.65,3.25,2.45,,,,,,,2.75,3.25,2.5,2.72,3.44,2.49,2.64,3.25,2.43,2.6,3.2,,,3.44,2.49,3.25,2.43,0,2.3,3.4,,,1.91,1.8,1.91,1.8,2.8,3.3,2.3,2.8,3.3,2.3,2.7,3.25,2.35,2.87,3.61,2.45,,,,2.7,3.5,2.4,2.91,3.61,2.45,2.75,3.39,2.34,1.72,2.07,1.76,2.13,1.88,2.13,1.75,2.01,0.25,1.77,2.02,1.78,2.12,1.83,2.14,1.76,2.06
EC,17/10/2020,15:00,Woking,Halifax,0,0,D,0,0,D,A Quelch,3,3,0,0,2.3,3.4,2.8,2.3,3.4,2.8,2.25,3.3,2.85,2.27,3.68,3.06,2.25,3.3,2.9,2.38,3.3,2.88,2.38,3.68,3.06,2.24,3.41,2.9,1.9,1.9,1.93,1.92,1.95,1.93,1.89,1.87,-0.25,2.02,1.77,1.98,1.89,2.07,1.91,1.98,1.83,2.3,3.4,2.8,2.3,3.25,2.85,2.25,3.2,2.9,2.31,3.58,3.11,2.25,3.3,2.9,2.25,3.4,3,2.32,3.58,3.11,2.24,3.35,2.94,1.9,1.9,2.04,1.83,2.08,1.9,1.98,1.78,-0.25,2.02,1.77,2,1.88,2.02,1.93,1.96,1.85
EC,17/10/2020,17:20,Chesterfield,Stockport,1,2,A,1,1,D,A Miller,2,1,0,0,3.4,3.3,2,3.3,3.2,2.1,3.45,3.15,2.05,3.89,3.26,2.1,3.25,3.25,2.1,3.25,3.5,2.1,3.89,3.5,2.12,3.47,3.25,2.05,1.72,2.07,1.73,2.15,1.76,2.18,1.7,2.08,0.25,1.98,1.83,2.1,1.79,2.1,1.86,2.02,1.79,3.4,3.3,2,3.5,3.25,2,3.45,3.2,2,3.9,3.46,2.05,3.25,3.4,2.05,3.5,3.5,2,3.9,3.6,2.07,3.52,3.33,1.99,1.72,2.07,1.73,2.17,1.76,2.17,1.7,2.08,0.5,,,1.85,2.05,1.87,2.05,1.82,1.99
EC,20/10/2020,19:45,Wealdstone,Chesterfield,3,2,H,2,1,H,L Wood,2,2,0,0,2.4,3.6,2.7,2.4,3.5,2.6,2.4,3.35,2.6,2.52,3.65,2.72,2.45,3.3,2.62,2.38,3.6,2.7,2.52,3.65,2.75,2.39,3.51,2.63,1.65,2.2,1.67,2.25,1.7,2.27,1.64,2.17,0,1.83,1.98,1.87,2.02,1.87,2.08,1.81,2.01,2.8,3.6,2.3,2.7,3.5,2.3,2.6,3.4,2.35,2.78,3.82,2.43,2.45,3.3,2.62,2.7,3.7,2.3,2.8,3.83,2.43,2.67,3.56,2.33,1.57,2.35,1.56,2.52,1.6,2.53,1.54,2.36,0,2.05,1.75,2.09,1.82,2.09,1.86,2.04,1.77
EC,27/10/2020,19:00,Wrexham,Barnet,0,0,D,0,0,D,K Evans,3,3,0,0,1.7,3.6,4.2,1.7,3.7,4.4,1.67,3.6,4.6,1.7,4.07,4.94,1.7,3.4,4.8,1.73,3.7,4.6,1.74,4.07,4.95,1.69,3.71,4.47,1.85,1.95,1.88,2,1.89,2,1.83,1.92,-0.75,1.93,1.88,1.93,1.96,1.98,1.96,1.92,1.88,1.66,3.75,4.33,1.65,3.8,4.5,1.73,3.5,4.3,1.78,3.85,4.71,1.73,3.5,4.5,1.7,3.75,4.6,1.81,3.85,4.71,1.72,3.61,4.38,1.8,2,1.87,2,1.89,2,1.82,1.94,-0.75,1.93,1.88,2,1.88,2.05,1.93,1.95,1.86
EC,27/10/2020,19:45,Aldershot,Torquay,1,4,A,1,1,D,S Simpson,3,1,0,0,2.75,3.4,2.25,2.75,3.1,2.45,2.8,3.1,2.4,2.99,3.32,2.52,2.75,3.3,2.35,2.8,3.4,2.38,2.99,3.65,2.52,2.79,3.26,2.39,1.8,2,1.85,2.02,1.85,2.1,1.79,1.98,0.25,,,1.76,2.14,1.86,2.14,1.75,2.07,2.7,3.4,2.3,2.75,3.1,2.45,2.75,3.15,2.35,2.83,3.5,2.54,2.7,3.25,2.4,2.75,3.5,2.38,2.85,3.58,2.54,2.75,3.33,2.37,1.72,2.07,1.75,2.13,1.79,2.13,1.74,2.03,0,2.02,1.77,2.06,1.84,2.14,1.85,2.05,1.77
EC,27/10/2020,19:45,Boreham Wood,Woking,1,0,H,1,0,H,R Massey-Ellis,1,1,0,0,1.75,3.6,3.8,1.8,3.6,3.9,1.83,3.45,3.75,1.88,3.83,4.09,1.8,3.5,4,1.83,3.5,4.2,1.88,3.83,4.25,1.82,3.56,3.92,2,1.8,2.02,1.85,2.03,1.87,1.96,1.8,-0.5,1.85,1.95,1.88,2,1.91,2.02,1.84,1.95,1.75,3.6,3.8,1.8,3.6,3.9,1.8,3.55,3.85,1.84,3.91,4.22,1.83,3.5,3.8,1.83,3.6,4.1,1.9,3.91,4.22,1.81,3.63,3.89,1.95,1.85,2,1.87,2,1.91,1.92,1.83,-0.5,1.85,1.95,1.84,2.06,1.93,2.06,1.84,1.95
EC,27/10/2020,19:45,Bromley,Weymouth,3,2,H,1,1,D,S Tallis,0,2,0,0,1.66,3.75,4.33,1.75,3.6,4.1,1.67,3.6,4.5,1.69,4.09,4.97,1.67,3.7,4.5,1.7,3.75,4.6,1.75,4.09,4.97,1.69,3.74,4.46,1.85,1.95,1.85,2.03,1.91,2.03,1.81,1.94,-0.75,1.9,1.9,1.91,1.98,1.96,1.98,1.9,1.9,1.7,3.75,4.5,1.75,3.6,4.1,1.73,3.55,4.2,1.68,4.02,5.14,1.67,3.6,4.6,1.73,3.75,4.5,1.75,4.02,5.14,1.69,3.73,4.48,1.72,2.07,1.8,2.07,1.85,2.11,1.76,2,-0.75,1.88,1.93,1.88,2,1.99,2.01,1.91,1.9
EC,27/10/2020,19:45,Dover Athletic,Eastleigh,3,2,H,2,1,H,T Bishop,2,4,0,0,4.5,3.75,1.65,4.33,3.75,1.7,4.1,3.6,1.73,4.54,4.06,1.74,4.2,3.7,1.73,4.33,3.75,1.75,4.6,4.06,1.78,4.19,3.78,1.72,1.75,2.05,1.78,2.09,1.8,2.1,1.74,2.02,0.75,1.83,1.98,1.92,1.97,1.93,2.02,1.84,1.96,4.75,3.6,1.65,4.6,3.9,1.62,4.4,3.65,1.67,4.72,3.99,1.74,4.6,3.6,1.67,4.75,3.9,1.67,4.75,4,1.75,4.45,3.78,1.68,1.75,2.05,1.77,2.12,1.79,2.15,1.73,2.04,0.75,1.9,1.9,1.92,1.96,1.97,1.96,1.92,1.89
EC,27/10/2020,19:45,Hartlepool,Altrincham,1,1,D,1,0,H,A Miller,4,1,0,0,1.53,4,5,1.5,3.8,6.25,1.57,3.55,5.5,1.6,3.76,6.58,1.57,3.7,5.5,1.57,4,5.5,1.62,4.05,6.58,1.56,3.77,5.59,1.85,1.95,1.88,1.98,1.89,2.03,1.81,1.94,-1,2,1.8,2.09,1.81,2.14,1.84,2.02,1.8,1.55,4,5,1.57,3.75,5.25,1.57,3.7,5.25,1.59,3.97,6.35,1.57,3.75,5.25,1.6,3.9,5.25,1.61,4.1,6.35,1.57,3.85,5.34,1.8,2,1.86,2.01,1.87,2.03,1.81,1.95,-1,2.02,1.77,2.05,1.85,2.07,1.88,2.02,1.8
EC,27/10/2020,19:45,King’s Lynn,Wealdstone,2,3,A,0,1,A,A Herczeg,1,2,0,0,2.05,3.6,3.3,2.2,3.5,2.85,2.1,3.35,3.05,2.17,3.62,3.31,2.1,3.4,3.1,2.05,3.75,3.13,2.2,3.75,3.31,2.11,3.46,3.11,1.57,2.35,1.62,2.35,1.62,2.41,1.56,2.31,-0.25,1.85,1.95,1.89,2,1.89,2.05,1.85,1.95,2.1,3.6,3.2,2.05,3.6,3.1,2.1,3.5,3.05,2.14,3.83,3.26,2.05,3.5,3.2,2.15,3.75,3,2.16,3.88,3.3,2.08,3.59,3.1,1.53,2.4,1.56,2.5,1.57,2.51,1.52,2.4,-0.25,1.85,1.95,1.88,2.02,1.91,2.04,1.85,1.96
EC,27/10/2020,19:45,Maidenhead,Dag and Red,2,1,H,0,1,A,D Lamport,2,0,0,0,2.5,3.3,2.7,2.35,3.25,2.8,2.5,3.15,2.55,2.59,3.52,2.71,2.5,3.2,2.62,2.5,3.4,2.63,2.59,3.52,2.76,2.46,3.33,2.65,1.9,1.9,1.93,1.93,1.95,1.96,1.88,1.87,0,1.88,1.93,1.9,1.99,1.94,2.02,1.85,1.96,2.6,3.4,2.6,2.5,3.25,2.6,2.5,3.1,2.55,2.64,3.51,2.7,2.55,3.2,2.6,2.5,3.3,2.7,2.64,3.51,2.7,2.51,3.28,2.6,2,1.8,1.98,1.89,2.03,1.89,1.93,1.82,0,1.85,1.95,1.92,1.96,1.93,2.03,1.87,1.95
EC,27/10/2020,19:45,Stockport,Solihull,0,0,D,0,0,D,M Dicicco,4,1,0,0,2.15,3.2,3.2,2.2,3.2,3.1,2.25,3,3.15,2.26,3.23,3.48,2.15,3.1,3.3,2.25,3.3,3.1,2.26,3.4,3.48,2.2,3.14,3.21,2,1.8,2.02,1.85,2.05,1.85,1.98,1.78,-0.25,1.93,1.88,1.93,1.95,1.99,1.97,1.91,1.89,2.37,3.2,3,2.3,3.1,3,2.35,3.05,2.95,2.35,3.45,3.15,2.2,3.2,3.1,2.3,3.3,3,2.37,3.45,3.2,2.27,3.24,2.98,2,1.8,1.99,1.88,2.02,1.9,1.95,1.81,-0.25,1.95,1.85,2.02,1.87,2.04,1.89,1.98,1.83
EC,27/10/2020,19:45,Yeovil,Sutton,1,2,A,1,1,D,J Durkin,5,1,0,0,2.55,3.3,2.55,2.35,3.3,2.75,2.6,3,2.55,2.75,3.29,2.69,2.62,3.1,2.6,2.7,3.25,2.55,2.75,3.36,2.71,2.6,3.17,2.59,2.05,1.75,2.08,1.81,2.09,1.83,2,1.76,0,1.95,1.85,1.96,1.92,2.04,1.95,1.92,1.9,2.7,3.3,2.4,2.7,3.25,2.4,2.65,3.05,2.5,2.82,3.49,2.55,2.7,3.2,2.45,2.45,3.4,2.7,2.83,3.49,2.7,2.69,3.26,2.47,2,1.8,2.05,1.83,2.05,1.85,1.99,1.77,0,2.02,1.77,2.05,1.85,2.08,1.88,2.01,1.81
EC,31/10/2020,15:00,Bromley,Eastleigh,1,2,A,0,0,D,G Rhodes,1,1,0,0,2.37,3.4,2.9,2.3,3.4,2.8,2.35,3.3,2.7,2.48,3.59,2.8,2.3,3.3,2.88,2.3,3.5,2.9,2.48,3.59,2.9,2.33,3.43,2.77,1.75,2.05,1.79,2.06,1.82,2.09,1.75,2.01,-0.25,2,1.8,2.15,1.75,2.15,1.86,2.03,1.8,2.55,3.4,2.7,2.5,3.1,2.7,2.45,3.25,2.6,2.56,3.66,2.71,2.3,3.3,2.88,2.45,3.5,2.63,2.56,3.66,2.73,2.46,3.42,2.61,1.7,2.1,1.69,2.23,1.78,2.23,1.7,2.1,0,1.83,1.98,1.88,2,1.89,2.04,1.86,1.97
EC,31/10/2020,15:00,Dover Athletic,Altrincham,0,1,A,0,1,A,S Gill,3,0,0,0,2.6,3.25,2.7,2.3,3.4,2.75,2.5,3.15,2.55,2.64,3.5,2.67,2.38,3.5,2.7,2.5,3.25,2.75,2.64,3.5,2.8,2.48,3.32,2.64,2,1.8,2.03,1.83,2.04,1.84,1.97,1.79,0,1.88,1.93,1.93,1.94,1.96,2.03,1.88,1.93,3,3.3,2.3,2.8,3.25,2.35,2.8,3.05,2.4,2.98,3.42,2.47,2.38,3.5,2.7,2.88,3.3,2.4,3.05,3.42,2.48,2.83,3.25,2.37,2,1.8,2.05,1.83,2.06,1.85,1.98,1.79,0.25,1.77,2.02,1.79,2.12,1.85,2.12,1.75,2.08
EC,31/10/2020,15:00,King’s Lynn,Woking,3,2,H,1,2,A,P Gibbons,3,5,0,0,2.9,3.4,2.3,2.75,3.25,2.4,2.7,3.3,2.35,2.9,3.67,2.37,2.8,3.3,2.35,2.6,3.5,2.5,2.9,3.67,2.5,2.72,3.45,2.35,1.72,2.07,1.73,2.15,1.79,2.15,1.72,2.05,0.25,1.83,1.98,1.82,2.06,1.88,2.14,1.76,2.06,3.2,3.4,2.2,2.75,3.4,2.3,2.9,3.3,2.2,3.08,3.72,2.27,2.8,3.3,2.35,3,3.5,2.2,3.2,3.72,2.3,2.9,3.48,2.22,1.72,2.07,1.74,2.16,1.78,2.16,1.71,2.07,0.25,1.88,1.93,1.91,1.98,1.94,2,1.85,1.96
EC,31/10/2020,15:00,Maidenhead,Solihull,3,1,H,0,0,D,A Dale,1,4,1,0,4.75,3.6,1.72,4.1,3.5,1.78,4.1,3.45,1.77,4.57,3.75,1.79,4.6,3.4,1.73,4.5,3.75,1.73,4.75,3.78,1.82,4.26,3.6,1.75,1.8,2,1.87,1.99,1.89,2,1.82,1.94,0.75,1.85,1.95,1.85,2.03,1.88,2.04,1.83,1.98,4.33,3.5,1.8,4.1,3.5,1.78,3.9,3.3,1.85,4.36,3.64,1.88,4.6,3.4,1.73,4.1,3.6,1.83,4.36,3.7,1.89,4.01,3.52,1.82,1.85,1.95,1.92,1.95,1.92,2,1.85,1.91,0.5,1.98,1.83,2.01,1.88,2.02,1.89,1.97,1.83
EC,31/10/2020,15:00,Stockport,Weymouth,1,2,A,1,0,H,A Kitchen,0,1,0,0,1.44,4,9,1.4,4,8,1.43,4.1,6.75,1.43,4.17,9.65,1.4,4,8,1.44,4.2,7,1.46,4.45,9.65,1.42,4.13,7.35,1.85,1.95,1.85,2.01,1.92,2.01,1.82,1.94,-1.25,2.02,1.77,2.04,1.84,2.08,1.85,2.03,1.78,1.3,4.75,13,1.33,4.33,9,1.3,4.5,9,1.35,4.81,11.3,1.4,4,8,1.3,4.8,11,1.36,5.02,13,1.31,4.65,9.49,1.95,1.85,1.93,1.94,1.95,1.96,1.88,1.87,-1.5,2,1.8,2.07,1.83,2.08,1.86,2.02,1.79
EC,31/10/2020,15:00,Yeovil,Chesterfield,0,1,A,0,0,D,S Mather,1,1,0,0,1.85,3.6,4,1.8,3.5,4,1.9,3.3,3.85,1.92,3.47,4.31,1.88,3.4,3.75,1.83,3.75,3.9,1.95,3.8,4.31,1.86,3.46,3.89,1.65,2.2,1.68,2.22,1.71,2.23,1.67,2.13,-0.5,1.85,1.95,1.92,1.95,1.92,2.02,1.86,1.93,2,3.9,3.2,2.05,3.5,3.2,2,3.45,3.2,2.04,4.06,3.35,1.88,3.4,3.75,1.95,3.6,3.5,2.09,4.06,3.5,2,3.63,3.25,1.66,2.15,1.68,2.26,1.72,2.26,1.67,2.13,-0.5,2,1.8,2.04,1.85,2.05,1.87,2,1.8
EC,31/10/2020,17:20,Hartlepool,Torquay,0,5,A,0,3,A,T Parsons,2,1,0,0,2.2,3.4,3.2,2.25,3.25,2.95,2.2,3.35,2.9,2.22,3.73,3.12,2.2,3.5,2.88,2.2,3.4,3.1,2.25,3.75,3.2,2.18,3.49,2.95,1.75,2.05,1.78,2.08,1.82,2.11,1.74,2.02,-0.25,1.93,1.88,1.93,1.93,1.96,1.93,1.92,1.88,2.1,3.6,3.25,2.1,3.4,3.1,2.15,3.3,3.05,2.21,3.64,3.27,2.2,3.5,2.88,2.1,3.6,3.2,2.21,3.71,3.28,2.11,3.47,3.11,1.72,2.07,1.77,2.11,1.82,2.11,1.73,2.04,-0.25,1.88,1.93,1.92,1.97,1.92,2.05,1.86,1.95
EC,07/11/2020,15:00,Aldershot,Notts County,1,0,H,0,0,D,S Tallis,1,1,0,0,3.25,3.6,2.05,3.2,3.5,2.05,3.1,3.35,2.1,3.26,3.74,2.15,3.2,3.3,2.1,3.25,3.5,2.1,3.32,3.75,2.19,3.15,3.51,2.08,1.8,2,1.84,2.02,1.84,2.06,1.77,1.99,0.25,1.95,1.85,2,1.88,2.02,1.96,1.95,1.83,2.9,3.6,2.2,2.95,3.5,2.15,2.85,3.25,2.3,3.07,3.59,2.33,3.2,3.3,2.1,3.1,3.5,2.2,3.1,3.66,2.33,2.92,3.42,2.23,1.8,2,1.81,2.06,1.83,2.12,1.77,1.99,0.25,1.83,1.98,1.88,2.02,1.92,2.06,1.84,1.95
EC,07/11/2020,15:00,Wealdstone,Altrincham,1,0,H,0,0,D,E Swallow,1,1,0,0,2.3,3.6,2.87,2.25,3.5,2.75,2.35,3.45,2.6,2.38,3.76,2.75,2.3,3.5,2.7,2.38,3.5,2.75,2.39,3.76,2.87,2.32,3.54,2.68,1.7,2.1,1.71,2.13,1.76,2.2,1.69,2.09,0,1.75,2.05,1.81,2.09,1.81,2.1,1.77,2.04,2.37,3.4,2.87,2.25,3.5,2.75,2.35,3.25,2.7,2.42,3.81,2.8,2.3,3.5,2.7,2.38,3.5,2.75,2.43,3.9,2.87,2.34,3.49,2.7,1.7,2.1,1.69,2.23,1.73,2.23,1.68,2.11,0,1.77,2.02,1.81,2.1,1.84,2.12,1.78,2.05
EC,10/11/2020,19:00,Boreham Wood,Dag and Red,0,1,A,0,0,D,J Miles,3,2,0,0,1.65,3.5,4.75,1.72,3.5,4.5,1.75,3.3,4.4,1.78,3.76,4.84,1.73,3.4,4.6,1.7,3.6,4.8,1.79,3.76,5,1.72,3.53,4.52,2.05,1.75,2.07,1.78,2.09,1.84,2.01,1.75,-0.75,1.93,1.88,2.04,1.86,2.04,1.9,1.95,1.84,1.6,3.6,5.5,1.65,3.75,4.6,1.67,3.45,4.8,1.72,3.78,5.21,1.65,3.5,5,1.62,3.7,5.5,1.74,3.81,5.5,1.66,3.61,4.89,2.05,1.75,2.13,1.75,2.13,1.81,2.03,1.74,-0.75,1.85,1.95,1.96,1.93,1.96,2.03,1.87,1.92
EC,10/11/2020,19:45,Halifax,Wealdstone,0,1,A,0,0,D,P Marsden,1,3,2,0,2,3.4,3.3,2.1,3.3,3.2,2.1,3.2,3.2,2.15,3.49,3.47,2.1,3.3,3.2,2.1,3.4,3.3,2.15,3.6,3.48,2.09,3.37,3.23,1.8,2,1.8,2.05,1.87,2.07,1.78,1.98,-0.25,1.83,1.98,1.85,2.02,1.88,2.04,1.82,1.97,2,3.6,3.2,2,3.4,3.4,2.05,3.3,3.25,2.08,3.79,3.44,2.05,3.4,3.25,2.05,3.5,3.4,2.14,3.79,3.51,2.05,3.45,3.25,1.83,1.98,1.83,2.04,1.88,2.04,1.8,1.96,-0.25,1.77,2.02,1.82,2.08,1.85,2.14,1.8,2.01
EC,11/11/2020,19:45,Altrincham,Solihull,0,2,A,0,2,A,A Jackson,2,2,0,0,3.6,3.4,1.9,3.5,3.5,1.91,3.45,3.45,1.95,3.68,3.79,1.98,3.5,3.4,1.95,3.7,3.5,1.95,3.7,3.79,2.08,3.48,3.51,1.95,1.9,1.9,1.92,1.93,1.93,2,1.84,1.91,0.5,1.85,1.95,1.89,1.98,1.89,2,1.82,1.95,4,3.5,1.8,3.9,3.4,1.87,3.9,3.3,1.85,4.16,3.75,1.89,3.8,3.4,1.88,4,3.5,1.87,4.16,3.75,1.95,3.86,3.46,1.86,2,1.8,2.06,1.83,2.09,1.87,1.99,1.77,0.5,1.95,1.85,1.99,1.89,2.06,1.95,1.9,1.88
EC,14/11/2020,15:00,Altrincham,Aldershot,1,2,A,0,1,A,A Kitchen,0,1,0,0,3.25,3.5,2.1,3.1,3.4,2.1,3.05,3.4,2.1,3.28,3.91,2.09,3.1,3.5,2.1,3.1,3.4,2.2,3.3,3.91,2.2,3.14,3.55,2.08,1.95,1.85,1.92,1.93,2,1.94,1.88,1.88,0.25,1.88,1.93,2.05,1.83,2.05,1.93,1.95,1.82,3.25,3.5,2.1,3.1,3.4,2.1,3.1,3.2,2.15,3.3,3.73,2.16,3.2,3.5,2.05,3.4,3.3,2.1,3.5,3.73,2.17,3.19,3.45,2.08,2,1.8,2.12,1.76,2.12,1.86,2,1.77,0.25,1.98,1.83,2.01,1.88,2.01,1.89,1.97,1.83
EC,14/11/2020,15:00,Barnet,Bromley,1,3,A,0,2,A,M Woods,2,0,0,0,3.2,3.4,2.2,2.8,3.3,2.3,2.8,3.45,2.25,2.98,3.82,2.26,2.9,3.3,2.25,2.88,3.5,2.3,3.2,3.82,2.34,2.85,3.51,2.23,1.72,2.07,1.7,2.19,1.75,2.19,1.69,2.1,0.25,1.8,2,1.89,1.98,1.89,2.05,1.81,1.97,3,3.4,2.3,2.8,3.3,2.3,2.9,3.25,2.25,3.01,3.67,2.33,2.9,3.3,2.25,2.88,3.5,2.3,3.01,3.67,2.5,2.87,3.44,2.25,1.72,2.07,1.75,2.14,1.78,2.14,1.71,2.08,0.25,1.8,2,1.87,2.03,1.87,2.15,1.81,1.99
EC,14/11/2020,15:00,Chesterfield,Maidenhead,1,2,A,1,0,H,P Marsden,2,2,0,0,2.15,3.6,3.1,2.1,3.6,3,2.15,3.45,2.9,2.24,3.95,2.94,2.2,3.3,3,2.15,3.5,3.13,2.24,3.95,3.29,2.15,3.61,2.94,1.75,2.05,1.76,2.1,1.8,2.1,1.73,2.03,-0.25,1.88,1.93,1.97,1.9,1.97,1.97,1.89,1.9,2.2,3.6,3.1,2.05,3.8,2.95,2.15,3.45,2.9,2.16,4.01,3.11,2.2,3.3,3,2.2,3.5,3,2.24,4.01,3.11,2.13,3.65,2.95,1.7,2.1,1.73,2.17,1.75,2.2,1.68,2.12,-0.25,1.9,1.9,1.9,1.99,1.96,1.99,1.9,1.9
EC,14/11/2020,15:00,Sutton,King’s Lynn,5,1,H,1,0,H,A Quelch,2,2,0,0,1.61,4,5.25,1.65,4,4.25,1.57,3.95,4.6,1.61,4.39,5.13,1.57,3.9,5,1.62,4,5,1.65,4.39,5.25,1.59,4.07,4.74,1.61,2.25,1.62,2.34,1.67,2.34,1.62,2.22,-1,2.05,1.75,2.05,1.83,2.09,1.83,2,1.78,1.61,4.33,4.75,1.53,4.2,5,1.63,3.95,4.5,1.68,4.72,4.37,1.57,3.9,5,1.6,4.1,5,1.68,4.72,5,1.6,4.21,4.59,1.6,2.3,1.63,2.36,1.64,2.43,1.57,2.3,-0.75,1.77,2.02,1.86,2.03,1.86,2.13,1.78,2.03
EC,14/11/2020,15:00,Torquay,Boreham Wood,1,1,D,1,1,D,T Reeves,3,2,1,0,2,3.4,3.3,2.1,3.1,3.4,2.1,3.15,3.25,2.21,3.34,3.49,2.1,3.2,3.3,2.05,3.5,3.4,2.21,3.5,3.54,2.11,3.23,3.31,1.8,2,1.83,2.04,1.86,2.05,1.79,1.97,-0.25,1.83,1.98,1.89,1.98,1.9,2.05,1.83,1.96,2.1,3.4,3.1,2.2,3.2,3.1,2.2,3.15,3.05,2.24,3.53,3.28,2.1,3.2,3.3,2.2,3.4,3.13,2.35,3.58,3.5,2.17,3.27,3.14,1.95,1.85,1.95,1.92,1.97,1.96,1.9,1.86,-0.25,1.93,1.88,1.93,1.95,1.98,1.97,1.89,1.91
EC,14/11/2020,15:00,Woking,Yeovil,1,1,D,0,1,A,A Herczeg,3,2,0,0,2.7,3.4,2.5,2.7,3.2,2.45,2.7,3.1,2.45,2.85,3.34,2.57,2.75,3.1,2.45,2.75,3.3,2.5,2.85,3.4,2.57,2.73,3.22,2.46,1.98,1.83,2.18,1.71,2.18,1.83,2.05,1.73,0,1.95,1.85,2.04,1.84,2.13,1.86,2.01,1.8,2.8,3.4,2.4,2.7,3.2,2.45,2.75,2.95,2.45,2.88,3.36,2.58,2.75,3.1,2.45,2.8,3.2,2.5,2.88,3.4,2.6,2.75,3.21,2.45,2.1,1.7,2.18,1.72,2.2,1.8,2.11,1.69,0,2.02,1.77,2.06,1.84,2.06,1.87,2.02,1.8
EC,17/11/2020,19:00,Hartlepool,Wrexham,0,1,A,0,0,D,L Smith,0,3,0,0,2.62,3.4,2.62,2.5,3.25,2.6,2.45,3.05,2.7,2.57,3.43,2.84,2.5,3.1,2.7,2.5,3.3,2.7,2.62,3.44,2.84,2.47,3.25,2.69,1.9,1.9,1.97,1.9,1.97,1.97,1.88,1.87,0,1.83,1.98,1.85,2.05,1.91,2.05,1.84,1.98,2.5,3.4,2.75,2.5,3.25,2.6,2.45,3.05,2.7,2.53,3.44,2.88,2.38,3.2,2.8,2.5,3.3,2.7,2.54,3.47,2.9,2.42,3.27,2.74,1.95,1.85,2,1.88,2.04,1.93,1.9,1.85,0,1.8,2,1.82,2.08,1.85,2.09,1.8,2.02
EC,17/11/2020,19:00,Sutton,Dag and Red,1,1,D,1,0,H,M Russell,1,3,0,1,1.66,4,4.75,1.7,3.5,4.6,1.75,3.35,4.4,1.76,3.82,4.84,1.7,3.5,4.6,1.7,3.7,4.75,1.77,4,5,1.72,3.54,4.54,1.95,1.85,2.03,1.85,2.03,1.87,1.95,1.8,-0.75,1.95,1.85,1.99,1.89,2,1.9,1.97,1.83,1.72,3.8,4.5,1.72,3.5,4.4,1.77,3.35,4.3,1.77,3.75,4.91,1.73,3.4,4.6,1.73,3.7,4.6,1.79,3.8,4.91,1.73,3.56,4.45,1.95,1.85,2.02,1.85,2.04,1.91,1.93,1.83,-0.75,1.95,1.85,2,1.88,2.05,1.88,1.97,1.83
EC,17/11/2020,19:45,Aldershot,Maidenhead,0,0,D,0,0,D,D Middleton,2,2,1,0,1.9,4,3.6,1.9,3.7,3.4,1.95,3.5,3.35,1.99,4.13,3.46,1.91,3.7,3.4,2.05,3.9,3.13,2.05,4.15,3.63,1.93,3.76,3.36,1.75,2.05,1.75,2.12,1.78,2.2,1.71,2.08,-0.5,1.93,1.88,1.99,1.9,2,1.95,1.95,1.84,2,4,3.3,2,3.7,3.1,2.05,3.5,3.05,2.07,4.08,3.26,2,3.7,3.1,2.05,3.75,3.13,2.1,4.08,3.3,2.03,3.75,3.1,1.65,2.2,1.69,2.23,1.72,2.32,1.65,2.16,-0.25,1.75,2.05,1.83,2.07,1.86,2.07,1.8,2.01
EC,17/11/2020,19:45,Altrincham,Chesterfield,3,2,H,1,1,D,K Evans,0,2,0,0,2.87,3.5,2.3,2.7,3.4,2.35,2.8,3.15,2.35,2.96,3.53,2.4,2.75,3.25,2.38,2.8,3.4,2.38,3.02,3.53,2.48,2.78,3.36,2.35,1.8,2,1.88,1.98,1.89,2.06,1.82,1.94,0.25,1.77,2.02,1.82,2.08,1.84,2.18,1.75,2.07,2.87,3.5,2.3,2.7,3.4,2.35,2.8,3.15,2.35,2.96,3.57,2.41,2.9,3.2,2.3,2.8,3.4,2.4,3.02,3.57,2.43,2.81,3.35,2.32,1.85,1.95,1.88,1.99,1.92,2.06,1.83,1.93,0.25,1.75,2.05,1.82,2.09,1.82,2.12,1.77,2.04
EC,17/11/2020,19:45,Barnet,King’s Lynn,0,2,A,0,1,A,R Whitton,2,3,0,0,2.25,3.4,3.1,2.3,3.25,2.9,2.3,3.35,2.75,2.35,3.81,2.89,2.25,3.5,2.75,2.3,3.6,2.8,2.36,3.86,3.1,2.27,3.5,2.8,1.61,2.25,1.66,2.3,1.67,2.3,1.62,2.21,-0.25,2,1.8,2.05,1.84,2.06,1.86,1.99,1.8,2.2,3.4,3.2,2.1,3.6,2.95,2.2,3.5,2.85,2.23,3.82,3.1,2.15,3.4,3,2.15,3.75,3,2.27,3.93,3.2,2.15,3.63,2.91,1.53,2.4,1.53,2.58,1.6,2.59,1.51,2.43,-0.25,1.93,1.88,1.94,1.94,1.99,1.94,1.91,1.88
EC,17/11/2020,19:45,Bromley,Boreham Wood,1,1,D,1,1,D,L Collins,2,2,0,0,2.8,3.4,2.45,2.55,3.4,2.45,2.65,3.1,2.45,2.83,3.59,2.49,2.7,3.2,2.45,2.63,3.4,2.5,2.87,3.65,2.55,2.66,3.35,2.45,1.95,1.85,1.99,1.88,2,2,1.87,1.89,0,2,1.8,2.08,1.83,2.08,1.88,1.99,1.83,2.8,3.4,2.45,2.65,3.4,2.4,2.75,3.15,2.35,2.86,3.68,2.43,2.7,3.2,2.45,2.8,3.4,2.4,2.9,3.69,2.5,2.73,3.38,2.38,1.9,1.9,1.94,1.93,1.96,1.99,1.88,1.88,0,2.05,1.75,2.11,1.79,2.12,1.82,2.05,1.77
EC,17/11/2020,19:45,Dover Athletic,Woking,1,5,A,1,3,A,R Atkin,3,0,1,0,3.5,3.75,2,3.4,3.4,2,3.45,3.25,2,3.67,3.62,2.06,3.3,3.3,2.05,3.5,3.4,2.05,3.77,3.75,2.07,3.41,3.4,2.01,2,1.8,2.03,1.85,2.05,1.91,1.95,1.81,0.25,2.02,1.77,2.12,1.78,2.13,1.82,2.03,1.77,3.5,3.75,2,3.4,3.4,2,3.55,3.25,1.97,3.82,3.6,2.02,3.5,3.3,2,3.7,3.4,2,3.84,3.75,2.04,3.51,3.41,1.98,2,1.8,2.01,1.87,2.05,1.88,1.95,1.81,0.5,1.83,1.98,1.87,2.02,1.87,2.04,1.81,1.99
EC,17/11/2020,19:45,Eastleigh,Wealdstone,2,0,H,0,0,D,S Jackson,4,2,1,0,1.75,4,4.2,1.8,3.8,3.7,1.8,3.75,3.65,1.77,4.47,3.95,1.8,3.6,3.9,1.83,3.8,3.8,1.84,4.47,4.2,1.78,3.99,3.73,1.61,2.25,1.64,2.31,1.65,2.35,1.6,2.25,-0.5,1.83,1.98,1.76,2.12,1.87,2.12,1.8,1.99,1.8,4,3.8,1.8,3.8,3.7,1.9,3.6,3.5,1.93,4.05,3.68,1.85,3.7,3.6,1.83,3.8,3.8,1.97,4.2,3.8,1.85,3.83,3.56,1.6,2.3,1.65,2.31,1.65,2.35,1.59,2.25,-0.5,1.88,1.93,1.93,1.95,1.97,2.01,1.85,1.94
EC,17/11/2020,19:45,Halifax,Notts County,1,1,D,0,1,A,S Copeland,0,0,0,0,3.4,3.6,2,3.25,3.4,2.05,3.4,3.2,2.05,3.62,3.58,2.09,3.5,3.25,2,3.5,3.4,2.05,3.7,3.6,2.12,3.35,3.37,2.04,2.05,1.75,2.15,1.75,2.15,1.84,2.02,1.75,0.25,2.02,1.77,2.09,1.8,2.1,1.84,2.01,1.79,3.5,3.6,2,3.25,3.4,2.05,3.45,3.1,2.05,3.72,3.42,2.12,3.6,3.1,2.05,3.6,3.25,2.05,3.8,3.6,2.15,3.48,3.27,2.04,2.2,1.65,2.3,1.65,2.3,1.71,2.18,1.64,0.25,2.02,1.77,2.09,1.82,2.12,1.82,2.04,1.77
EC,21/11/2020,15:00,Boreham Wood,Altrincham,0,1,A,0,0,D,M Woods,2,2,0,0,1.61,3.8,5.5,1.65,3.8,4.5,1.63,3.55,5,1.65,3.91,5.53,1.62,3.7,5,1.62,3.8,5.25,1.68,3.92,5.53,1.63,3.71,4.98,2,1.8,2.08,1.78,2.08,1.88,1.97,1.79,-0.75,1.83,1.98,1.85,2.02,1.88,2.03,1.82,1.96,1.57,4,5.75,1.62,3.7,5,1.6,3.45,5.5,1.66,3.8,5.77,1.62,3.7,5,1.57,3.75,6,1.66,4,6,1.6,3.67,5.41,2.1,1.7,2.24,1.69,2.24,1.88,2.13,1.68,-0.75,1.75,2.05,1.88,2,1.88,2.1,1.79,2.01
EC,21/11/2020,15:00,Chesterfield,Notts County,2,3,A,1,1,D,D Richardson,1,1,0,0,3.3,3.4,2,3.25,3.5,2,3.4,3.35,1.97,3.6,3.66,2.04,3.4,3.4,2,3.5,3.6,1.95,3.6,3.68,2.04,3.38,3.5,1.98,1.72,2.07,1.78,2.08,1.78,2.14,1.73,2.04,0.5,1.8,2,1.84,2.04,1.86,2.04,1.81,1.97,4,3.5,1.8,3.6,3.5,1.9,3.55,3.45,1.9,3.9,3.87,1.93,3.4,3.4,2,3.7,3.7,1.9,4,3.87,2.02,3.6,3.61,1.89,1.7,2.1,1.76,2.12,1.76,2.18,1.69,2.11,0.5,1.9,1.9,1.96,1.93,1.98,1.95,1.88,1.91
EC,21/11/2020,15:00,Halifax,Torquay,1,2,A,0,1,A,S Mather,2,1,0,0,2.8,3.6,2.15,2.95,3.6,2.1,3.15,3.35,2.05,3.43,3.75,2.08,3.2,3.4,2.05,3.25,3.5,2.1,3.43,3.75,2.15,3.14,3.51,2.07,1.8,2,1.83,2.03,1.85,2.03,1.79,1.96,0.25,1.95,1.85,2.07,1.81,2.07,1.89,1.97,1.81,2.8,3.6,2.15,2.95,3.6,2.1,3.15,3.4,2.05,3.35,3.89,2.09,3.2,3.4,2.05,3.13,3.5,2.15,3.43,3.89,2.2,3.09,3.56,2.08,1.83,1.98,1.74,2.16,1.83,2.16,1.75,2.03,0.25,1.95,1.85,2.07,1.83,2.1,1.9,1.96,1.84
EC,21/11/2020,15:00,King’s Lynn,Dover Athletic,2,0,H,1,0,H,D Middleton,2,0,0,1,1.83,3.75,3.6,1.91,3.7,3.4,1.9,3.6,3.5,1.91,4.06,3.7,1.88,3.4,3.75,1.87,3.7,3.75,2,4.06,3.75,1.86,3.72,3.57,1.7,2.1,1.69,2.21,1.73,2.21,1.66,2.14,-0.5,1.88,1.93,1.91,1.96,1.92,1.97,1.86,1.91,1.83,3.75,3.6,1.8,3.75,3.75,1.9,3.5,3.65,1.88,4.02,3.92,1.88,3.4,3.75,1.83,3.75,3.9,2,4.02,4.01,1.84,3.71,3.67,1.66,2.15,1.68,2.26,1.75,2.29,1.64,2.18,-0.5,1.85,1.95,1.88,2.01,1.95,2.02,1.85,1.95
EC,21/11/2020,15:00,Maidenhead,Bromley,2,2,D,1,0,H,R Atkin,3,3,0,0,2.9,3.6,2.1,2.95,3.6,2.1,2.95,3.4,2.15,3.06,3.78,2.23,3.1,3.4,2.1,3.2,3.6,2.1,3.2,3.78,2.23,2.99,3.56,2.13,1.7,2.1,1.71,2.17,1.77,2.17,1.69,2.09,0.25,1.95,1.85,1.92,1.95,2,1.95,1.93,1.85,2.9,3.6,2.1,3.1,3.6,2.05,3.15,3.4,2.05,3.38,3.91,2.07,3.1,3.4,2.1,3.1,3.6,2.15,3.45,3.91,2.15,3.13,3.59,2.06,1.7,2.1,1.7,2.21,1.73,2.21,1.67,2.13,0.25,1.95,1.85,2.08,1.81,2.08,1.91,1.98,1.82
EC,21/11/2020,15:00,Woking,Barnet,4,1,H,2,0,H,S Gill,0,0,1,0,2.1,3.4,3.1,1.91,3.7,3.4,1.97,3.45,3.35,1.97,3.87,3.65,2.05,3.4,3.25,2.1,3.4,3.3,2.1,3.87,3.65,1.97,3.56,3.37,1.85,1.95,1.8,2.05,1.89,2.05,1.79,1.96,-0.25,1.8,2,1.72,2.19,1.85,2.19,1.75,2.06,2,3.4,3.3,2.1,3.4,3.1,2.05,3.2,3.35,2.08,3.69,3.54,2.05,3.4,3.25,2.05,3.5,3.4,2.1,3.69,3.61,2.02,3.43,3.35,1.95,1.85,2.02,1.85,2.06,1.96,1.94,1.82,-0.25,1.8,2,1.8,2.09,1.83,2.1,1.77,2.04
EC,21/11/2020,15:00,Wrexham,Aldershot,1,0,H,0,0,D,G Rhodes,2,2,0,0,1.8,3.6,3.75,1.83,3.7,3.7,1.9,3.4,3.6,1.95,3.84,3.73,1.88,3.3,3.9,1.9,3.5,3.9,1.95,3.84,4.05,1.87,3.55,3.69,2.1,1.7,2.11,1.76,2.15,1.78,2.06,1.71,-0.5,1.9,1.9,1.95,1.92,1.95,1.97,1.87,1.9,1.95,3.5,3.3,2,3.4,3.4,2.1,3.05,3.4,2.17,3.42,3.55,1.88,3.3,3.9,2.05,3.3,3.6,2.18,3.5,4.05,2.06,3.28,3.4,2.15,1.66,2.25,1.68,2.25,1.75,2.15,1.66,-0.25,1.8,2,1.87,2.03,1.87,2.06,1.81,1.99
EC,21/11/2020,15:00,Yeovil,Hartlepool,1,3,A,1,3,A,A Quelch,3,4,0,0,2.45,3.6,2.5,2.5,3.4,2.5,2.45,3.25,2.55,2.54,3.69,2.67,2.6,3.2,2.55,2.45,3.4,2.7,2.62,3.69,2.7,2.47,3.41,2.58,1.9,1.9,1.9,1.95,1.93,1.95,1.87,1.88,0,1.85,1.95,1.88,1.99,1.94,2.02,1.85,1.94,2.3,3.6,2.75,2.25,3.5,2.8,2.35,3.25,2.7,2.43,3.86,2.76,2.6,3.2,2.55,2.3,3.4,2.9,2.51,3.86,2.92,2.31,3.48,2.75,1.9,1.9,1.9,1.97,1.95,1.99,1.87,1.89,-0.25,2,1.8,2.12,1.78,2.12,1.86,2.03,1.78
EC,21/11/2020,17:20,Wealdstone,Sutton,3,3,D,0,2,A,T Reeves,4,2,0,0,3.6,3.5,1.85,3.6,3.75,1.83,3.5,3.6,1.9,3.71,4.12,1.89,3.6,3.4,1.95,3.6,3.6,1.95,3.82,4.12,1.99,3.55,3.74,1.86,1.75,2.05,1.74,2.13,1.78,2.14,1.72,2.04,0.5,,,1.98,1.89,1.98,1.99,1.89,1.86,3.8,3.75,1.7,4.25,4,1.65,4,3.65,1.75,4.32,4.09,1.79,3.6,3.4,1.95,4.33,3.75,1.75,4.46,4.22,1.83,4.11,3.8,1.72,1.72,2.07,1.74,2.16,1.78,2.18,1.7,2.07,0.75,1.83,1.98,1.87,2.02,1.95,2.03,1.85,1.94
EC,24/11/2020,19:00,Altrincham,Bromley,0,1,A,0,1,A,J Miles,2,1,1,1,3.25,3.4,2.25,3,3.3,2.2,3,3.25,2.2,3.19,3.56,2.28,3,3.3,2.2,3,3.4,2.25,3.25,3.6,2.32,3.01,3.37,2.2,1.85,1.95,1.88,1.99,1.91,2.03,1.82,1.95,0.25,1.85,1.95,1.92,1.97,1.93,2.02,1.86,1.93,3.25,3.4,2.25,3,3.3,2.2,3,3.2,2.2,3.19,3.58,2.27,3.1,3.2,2.2,3.1,3.4,2.2,3.25,3.58,2.32,3.02,3.35,2.21,1.85,1.95,1.93,1.93,1.94,1.97,1.86,1.89,0.25,1.88,1.93,1.92,1.97,1.92,2,1.86,1.93
EC,24/11/2020,19:00,Barnet,Hartlepool,0,0,D,0,0,D,D Middleton,2,1,0,0,3.8,3.75,1.9,3.7,3.5,1.87,3.6,3.4,1.9,3.78,3.84,1.96,3.6,3.5,1.91,3.6,3.6,1.95,3.88,3.84,1.96,3.61,3.58,1.91,1.8,2,1.82,2.05,1.83,2.11,1.77,2,0.5,1.88,1.93,1.93,1.96,1.98,1.99,1.87,1.93,4.33,4,1.75,3.7,3.5,1.87,3.75,3.5,1.83,4.09,3.93,1.86,3.7,3.6,1.85,4.1,3.75,1.8,4.33,4,1.9,3.84,3.69,1.82,1.72,2.07,1.76,2.13,1.8,2.13,1.74,2.04,0.75,1.8,2,1.78,2.12,1.86,2.13,1.76,2.06
EC,24/11/2020,19:00,Wrexham,Sutton,4,0,H,2,0,H,S Copeland,1,0,0,0,2.8,3.4,2.5,2.8,3,2.5,2.7,2.95,2.5,2.84,3.32,2.63,2.75,3.1,2.5,2.7,3.25,2.55,2.86,3.4,2.63,2.73,3.15,2.5,2.15,1.66,2.28,1.67,2.28,1.73,2.16,1.65,0,1.98,1.83,2.02,1.87,2.07,1.91,1.98,1.84,2.8,3.4,2.5,2.8,3,2.5,2.75,3,2.45,2.87,3.28,2.63,2.75,3.1,2.5,2.8,3.2,2.5,2.87,3.4,2.64,2.74,3.13,2.49,2.15,1.66,2.4,1.61,2.4,1.73,2.17,1.64,0,2,1.8,2.03,1.86,2.09,1.88,1.99,1.83
EC,27/11/2020,19:45,Notts County,Wealdstone,3,0,H,2,0,H,A Jackson,3,2,0,0,1.57,3.75,5.5,1.53,3.8,5.75,1.57,3.8,4.9,1.61,4.33,5.44,1.55,3.8,5.5,1.57,4.1,5.25,1.63,4.33,5.75,1.57,4,5.07,1.65,2.2,1.64,2.34,1.71,2.34,1.64,2.18,-1,2,1.8,2.02,1.87,2.06,1.87,2,1.81,1.57,3.75,5.5,1.57,4,5,1.6,3.85,4.7,1.65,4.2,5.24,1.55,3.8,5.5,1.57,4.1,5.25,1.66,4.35,5.69,1.58,3.98,4.93,1.61,2.25,1.64,2.33,1.71,2.35,1.62,2.21,-1,2.02,1.77,2.08,1.83,2.08,1.92,2.01,1.8
EC,28/11/2020,15:00,Altrincham,Maidenhead,2,0,H,0,0,D,S Copeland,1,0,0,0,2.37,3.5,2.62,2.35,3.4,2.7,2.4,3.15,2.65,2.53,3.48,2.81,2.45,3.2,2.7,2.45,3.4,2.7,2.55,3.5,2.82,2.42,3.32,2.69,1.9,1.9,1.91,1.94,1.93,1.94,1.87,1.88,0,1.8,2,1.83,2.04,1.86,2.05,1.82,2.01,2.5,3.5,2.5,2.55,3.25,2.55,2.6,3.05,2.55,2.76,3.43,2.64,2.45,3.2,2.7,2.6,3.3,2.63,2.8,3.5,2.7,2.58,3.25,2.56,2,1.8,2.03,1.85,2.07,1.91,1.94,1.82,0,1.95,1.85,1.99,1.9,2.01,1.94,1.93,1.89
EC,28/11/2020,15:00,Bromley,Wrexham,1,1,D,1,0,H,P Marsden,1,2,0,0,2.55,3.4,2.45,2.6,3.4,2.45,2.5,3.25,2.55,2.54,3.63,2.71,2.62,3.2,2.5,2.6,3.3,2.63,2.6,3.63,2.71,2.52,3.35,2.58,2,1.8,2,1.85,2.03,1.86,1.97,1.79,0,1.88,1.93,1.87,2,1.92,2,1.88,1.93,2.62,3.4,2.4,2.6,3.4,2.45,2.55,3.15,2.5,2.71,3.67,2.55,2.62,3.1,2.6,2.7,3.3,2.5,2.74,3.67,2.61,2.61,3.35,2.47,1.95,1.85,1.95,1.92,2.02,1.94,1.92,1.83,0,1.93,1.88,2,1.88,2,1.96,1.94,1.87
EC,28/11/2020,15:00,Sutton,Halifax,1,0,H,1,0,H,L Wood,1,3,0,0,1.7,3.5,4.5,1.7,3.75,4.25,1.73,3.55,4.2,1.74,3.97,4.69,1.73,3.6,4.2,1.75,3.7,4.4,1.79,3.97,4.69,1.73,3.69,4.24,1.85,1.95,1.85,2,1.94,2.01,1.83,1.93,-0.75,1.98,1.83,1.96,1.91,2.02,1.92,1.98,1.84,1.72,3.5,4.5,1.72,3.75,4.2,1.77,3.35,4.3,1.78,3.79,4.76,1.73,3.6,4.2,1.75,3.6,4.5,1.82,3.84,5,1.74,3.56,4.35,2.05,1.75,2.07,1.81,2.07,1.92,1.97,1.79,-0.75,2,1.8,2.03,1.87,2.05,1.87,1.99,1.82
EC,28/11/2020,15:00,Weymouth,Chesterfield,1,2,A,1,1,D,L Collins,3,3,0,0,2.6,3.5,2.37,2.7,3.4,2.35,2.6,3.25,2.45,2.76,3.57,2.52,2.7,3.25,2.45,2.75,3.4,2.45,2.79,3.57,2.52,2.65,3.38,2.41,1.9,1.9,1.93,1.92,1.96,1.94,1.88,1.87,0,1.98,1.83,2.03,1.85,2.07,1.86,2.02,1.82,3.1,3.6,2.05,2.7,3.4,2.35,3.25,3.4,2.05,3.41,3.78,2.1,2.6,3.3,2.5,2.7,3.4,2.45,3.46,3.78,2.45,2.98,3.49,2.17,1.8,2,1.78,2.1,1.87,2.1,1.78,1.99,0.25,2,1.8,2.07,1.83,2.07,2.04,1.89,1.91
EC,01/12/2020,19:00,Chesterfield,Aldershot,0,0,D,0,0,D,A Herczeg,0,1,0,1,2.2,3.5,2.87,2.3,3.5,2.7,2.25,3.25,2.95,2.26,3.56,3.17,2.2,3.3,3,2.3,3.5,2.9,2.3,3.64,3.17,2.22,3.43,2.92,1.7,2.1,1.76,2.1,1.78,2.19,1.7,2.08,-0.25,1.95,1.85,1.95,1.91,2.06,1.92,1.95,1.84,1.95,3.5,3.25,2.15,3.6,2.9,2.05,3.35,3.2,2.14,3.74,3.34,2.05,3.4,3.2,2.1,3.6,3.2,2.15,3.74,3.38,2.07,3.52,3.17,1.66,2.15,1.69,2.23,1.73,2.23,1.67,2.13,-0.25,1.83,1.98,1.87,2.03,1.88,2.04,1.83,1.98
EC,01/12/2020,19:45,King’s Lynn,Bromley,1,4,A,0,3,A,R Massey-Ellis,1,3,0,0,3.2,3.5,2.05,3.1,3.4,2.1,2.9,3.5,2.15,3.06,4.08,2.14,2.9,3.4,2.2,3,3.7,2.15,3.2,4.08,2.2,2.93,3.67,2.12,1.53,2.4,1.55,2.51,1.58,2.51,1.53,2.38,0.25,1.93,1.88,1.98,1.89,1.98,1.96,1.89,1.89,3.6,3.4,2,3.4,3.5,1.95,3.15,3.45,2.05,3.56,3.76,2.05,3.2,3.5,2.05,3.25,3.8,2,3.6,3.84,2.13,3.26,3.59,2,1.53,2.4,1.55,2.53,1.58,2.55,1.52,2.42,0.25,2.05,1.75,2.12,1.78,2.14,1.8,2.05,1.75
EC,01/12/2020,19:45,Solihull,Hartlepool,2,0,H,0,0,D,T Parsons,2,2,0,1,2.25,3.3,2.9,2.25,3.3,2.9,2.25,3.1,2.95,2.26,3.57,3.16,2.2,3.3,3,2.3,3.3,3,2.31,3.57,3.16,2.24,3.31,2.99,2.05,1.75,2.07,1.81,2.08,1.88,1.98,1.78,-0.25,1.98,1.83,1.95,1.91,2.03,1.91,1.96,1.84,2.1,3.4,3.1,2.1,3.4,3.1,2.15,3.2,3.15,2.2,3.66,3.28,2.1,3.3,3.2,2.2,3.4,3.13,2.28,3.66,3.32,2.16,3.36,3.09,2,1.8,2.01,1.87,2.08,1.88,1.96,1.8,-0.25,1.9,1.9,1.91,1.98,1.99,1.98,1.91,1.88
EC,01/12/2020,19:45,Wealdstone,Torquay,1,2,A,1,0,H,L Wood,2,3,0,0,5.5,3.75,1.55,5,4,1.57,4.5,3.95,1.6,4.88,4.45,1.63,4.75,4,1.6,5,4.1,1.6,5.5,4.48,1.74,4.69,4.09,1.6,1.57,2.35,1.58,2.43,1.62,2.43,1.56,2.31,1,1.77,2.02,1.83,2.05,1.86,2.21,1.78,2.02,6,3.8,1.5,5.25,4.1,1.53,4.7,4.2,1.53,5.11,4.63,1.6,4.8,4.2,1.55,5.25,4.4,1.53,6,4.63,1.66,4.85,4.32,1.55,1.44,2.7,1.43,2.89,1.5,2.89,1.43,2.66,1,1.9,1.9,1.94,1.94,1.99,2.05,1.9,1.89
EC,01/12/2020,19:45,Woking,Sutton,0,1,A,0,1,A,L Collins,4,1,0,1,3.25,3.25,2.15,3.2,3.2,2.15,3.05,3.05,2.25,3.3,3.31,2.31,3.1,3.1,2.25,3,3.3,2.3,3.32,3.38,2.31,3.07,3.22,2.23,2.05,1.75,2.09,1.77,2.09,1.83,2,1.76,0.25,1.88,1.93,1.89,1.97,1.94,2.04,1.83,1.96,3.25,3.25,2.15,3.2,3.2,2.15,3.05,3.1,2.25,3.29,3.39,2.3,3.2,3.1,2.2,3.1,3.3,2.25,3.34,3.43,2.3,3.08,3.24,2.22,2.07,1.72,2.12,1.76,2.14,1.85,2.02,1.76,0.25,1.88,1.93,1.92,1.97,1.95,1.98,1.86,1.94
EC,01/12/2020,19:45,Wrexham,Altrincham,0,1,A,0,1,A,D Richardson,1,1,0,0,1.61,3.6,5,1.6,3.75,5,1.7,3.4,4.8,1.71,3.65,5.41,1.67,3.4,5,1.67,3.6,5.25,1.73,3.75,5.41,1.67,3.56,4.91,2.07,1.72,2.14,1.74,2.14,1.78,2.06,1.72,-0.75,1.9,1.9,1.94,1.93,1.95,1.96,1.9,1.89,1.75,3.4,4.33,1.7,3.4,4.75,1.8,3.25,4.4,1.83,3.55,4.8,1.78,3.3,4.4,1.75,3.5,4.75,1.84,3.67,5.19,1.76,3.41,4.51,2.07,1.72,2.17,1.74,2.17,1.78,2.07,1.71,-0.75,2.02,1.77,2.09,1.8,2.09,1.85,2.02,1.79
EC,01/12/2020,19:45,Yeovil,Eastleigh,1,3,A,0,2,A,S Gill,2,3,0,0,2.37,3.5,2.8,2.2,3.5,2.85,2.35,3.2,2.75,2.42,3.73,2.79,2.3,3.4,2.75,2.4,3.4,2.8,2.45,3.73,2.85,2.34,3.43,2.74,1.85,1.95,1.88,1.97,1.89,2,1.83,1.93,-0.25,2,1.8,2.1,1.78,2.14,1.84,2.06,1.75,2.4,3.5,2.75,2.35,3.6,2.6,2.35,3.2,2.75,2.44,3.63,2.88,2.3,3.4,2.75,2.4,3.4,2.8,2.44,3.66,2.92,2.33,3.42,2.76,1.85,1.95,1.86,2.02,1.91,2.02,1.83,1.93,-0.25,2.05,1.75,2.11,1.8,2.11,1.83,2.05,1.76
EC,02/12/2020,19:00,Dag and Red,Notts County,0,0,D,0,0,D,T Bishop,2,1,0,0,3.75,3.4,1.9,3.3,3.5,2,3.4,3.4,1.95,3.62,3.81,1.99,3.6,3.4,1.95,3.75,3.5,1.93,3.78,3.81,2,3.48,3.52,1.94,1.85,1.95,1.91,1.94,1.93,1.98,1.86,1.88,0.5,1.88,1.93,1.88,1.99,1.93,2,1.83,1.94,4.75,3.5,1.75,3.6,3.7,1.83,4.1,3.5,1.77,4.75,3.82,1.78,3.8,3.5,1.85,4.4,3.7,1.75,4.75,3.82,1.9,4.08,3.59,1.79,1.85,1.95,1.92,1.95,1.92,1.98,1.86,1.9,0.75,1.8,2,1.87,2.02,1.89,2.18,1.76,2.05
EC,02/12/2020,19:45,Halifax,Barnet,5,2,H,3,0,H,S Simpson,0,2,0,0,2.2,3.4,2.9,2.15,3.4,3,2.25,3.3,2.85,2.28,3.59,3,2.2,3.3,3,2.25,3.4,3,2.3,3.6,3.1,2.21,3.42,2.91,1.9,1.9,1.9,1.94,1.95,1.99,1.86,1.88,-0.25,1.98,1.83,2.01,1.87,2.01,1.87,1.95,1.82,2.05,3.5,3.25,2.1,3.4,3.1,2.15,3.1,3.25,2.21,3.48,3.4,2.1,3.2,3.3,2.15,3.3,3.3,2.29,3.5,3.43,2.14,3.3,3.19,2.07,1.72,2.09,1.78,2.15,1.85,2.02,1.75,-0.25,1.85,1.95,1.91,1.98,1.96,1.99,1.87,1.92
EC,05/12/2020,15:00,Aldershot,Dag and Red,2,1,H,2,0,H,M Woods,0,1,0,0,2.1,3.6,3.2,2.1,3.4,3.1,2.15,3.25,3.1,2.21,3.55,3.28,2.15,3.3,3.1,2.15,3.4,3.2,2.21,3.6,3.36,2.13,3.38,3.12,1.95,1.85,2.03,1.83,2.03,1.94,1.93,1.82,-0.25,1.88,1.93,1.91,1.96,1.92,1.99,1.88,1.91,2.37,3.6,2.75,2.25,3.2,3,2.4,3,2.8,2.53,3.43,2.89,2.15,3.25,3.2,2.3,3.3,3,2.53,3.6,3,2.37,3.25,2.83,2.15,1.66,2.21,1.7,2.21,1.82,2.06,1.72,-0.25,2.02,1.77,2.17,1.75,2.17,1.85,2.04,1.77
EC,05/12/2020,15:00,Barnet,Wealdstone,0,0,D,0,0,D,M Russell,2,1,0,0,2.3,3.5,2.9,2.2,3.5,2.85,2.3,3.25,2.75,2.42,3.51,2.94,2.3,3.4,2.8,2.25,3.5,2.9,2.42,3.62,2.97,2.29,3.43,2.8,1.65,2.2,1.72,2.16,1.74,2.25,1.66,2.14,-0.25,1.98,1.83,2.09,1.8,2.09,1.88,2,1.81,2.15,3.5,3.2,2.15,3.6,2.9,2.1,3.5,2.95,2.17,3.87,3.18,2.25,3.3,2.9,2.15,3.7,3,2.25,3.93,3.2,2.12,3.64,2.95,1.57,2.35,1.67,2.27,1.67,2.4,1.56,2.31,-0.25,1.88,1.93,1.9,1.99,2,2,1.9,1.89
EC,05/12/2020,15:00,Bromley,Stockport,0,2,A,0,1,A,J Durkin,3,2,0,0,2.75,3.5,2.45,2.65,3.4,2.4,2.55,3.35,2.4,2.72,3.67,2.51,2.5,3.4,2.5,2.7,3.4,2.45,2.75,3.67,2.55,2.6,3.46,2.43,1.7,2.1,1.71,2.18,1.74,2.2,1.68,2.11,0,1.98,1.83,2.02,1.85,2.02,1.89,1.97,1.84,2.9,3.5,2.3,2.65,3.4,2.4,2.8,3.15,2.35,2.97,3.52,2.43,2.62,3.4,2.4,2.88,3.4,2.3,3.04,3.52,2.43,2.8,3.33,2.34,1.85,1.95,1.9,1.97,1.93,2.1,1.82,1.92,0.25,1.77,2.02,1.81,2.1,1.84,2.11,1.77,2.04
EC,05/12/2020,15:00,Eastleigh,Maidenhead,0,1,A,0,0,D,K Evans,3,4,0,1,1.83,3.6,4.2,1.8,3.7,3.75,1.85,3.6,3.55,1.9,3.92,3.85,1.83,3.6,3.8,1.85,3.75,3.8,1.9,3.97,4.2,1.84,3.71,3.67,1.7,2.1,1.76,2.11,1.78,2.23,1.69,2.1,-0.5,,,1.9,1.97,1.9,1.99,1.85,1.93,1.8,3.6,4.33,1.72,3.9,4,1.85,3.4,3.85,1.83,3.94,4.26,1.83,3.6,3.8,1.83,3.6,4.1,1.89,3.94,4.33,1.79,3.63,4,1.85,1.95,1.88,2,1.93,2.01,1.81,1.94,-0.5,1.8,2,1.83,2.08,1.88,2.08,1.81,1.99
EC,05/12/2020,15:00,Hartlepool,Boreham Wood,1,2,A,1,1,D,P Gibbons,1,1,0,0,2.8,3.6,2.3,2.6,3.6,2.35,2.6,3.35,2.35,2.72,3.74,2.47,2.88,3.5,2.2,2.8,3.4,2.4,2.84,3.8,2.49,2.67,3.49,2.36,1.9,1.9,1.93,1.92,1.93,1.97,1.85,1.89,0,2.05,1.75,2.03,1.85,2.14,1.87,2.04,1.77,2.5,3.6,2.5,2.6,3.5,2.4,2.55,3,2.6,2.73,3.34,2.72,2.8,3.2,2.38,2.7,3.25,2.55,2.84,3.6,2.72,2.61,3.23,2.54,2,1.8,2.08,1.81,2.08,1.83,1.99,1.76,0,1.9,1.9,1.95,1.93,2.11,1.94,1.94,1.87
EC,05/12/2020,15:00,Notts County,Woking,1,0,H,0,0,D,L Smith,2,2,0,0,1.61,4,5,1.6,3.8,5,1.63,3.7,4.7,1.66,4.04,5.18,1.53,3.9,5.5,1.62,3.8,5.25,1.69,4.06,5.25,1.62,3.85,4.84,1.8,2,1.84,2.02,1.84,2.05,1.77,1.98,-0.75,1.77,2.02,1.85,2.02,1.89,2.07,1.8,1.99,1.8,4,4,1.7,3.75,4.2,1.8,3.45,4,1.92,3.62,4.21,1.63,3.7,4.8,1.75,3.7,4.4,1.92,4,4.4,1.8,3.58,4.02,1.9,1.9,1.95,1.92,1.95,1.99,1.85,1.9,-0.5,1.85,1.95,1.92,1.97,1.92,2.05,1.82,1.98
EC,05/12/2020,15:00,Sutton,Solihull,4,1,H,2,0,H,D Middleton,2,3,0,0,2.45,3.5,2.7,2.4,3.4,2.65,2.4,3.25,2.65,2.48,3.55,2.83,2.45,3.3,2.62,2.45,3.3,2.8,2.5,3.56,2.87,2.4,3.35,2.7,2,1.8,2.03,1.83,2.04,1.9,1.95,1.8,0,1.77,2.02,1.81,2.07,1.83,2.1,1.78,2.03,2.25,3.5,3,2.25,3.5,2.75,2.3,3.05,3,2.36,3.48,3.1,2.4,3.25,2.7,2.25,3.25,3.13,2.36,3.55,3.23,2.24,3.3,2.99,2.15,1.66,2.23,1.69,2.23,1.8,2.06,1.72,-0.25,1.98,1.83,2.03,1.86,2.03,1.93,1.96,1.84
EC,05/12/2020,15:00,Torquay,Wrexham,3,1,H,2,1,H,S Simpson,1,1,0,0,2,3.5,3.5,2,3.4,3.4,2.1,3.25,3.15,2.2,3.53,3.31,2,3.4,3.4,2.1,3.4,3.4,2.2,3.53,3.5,2.08,3.39,3.25,1.9,1.9,1.97,1.88,1.97,2,1.88,1.87,-0.25,1.83,1.98,1.91,1.96,1.91,2.05,1.82,1.98,1.95,3.5,3.6,2,3.4,3.4,1.97,3.25,3.5,1.98,3.67,3.88,2.05,3.25,3.4,1.95,3.5,3.7,2.05,3.67,3.88,1.97,3.43,3.5,1.75,2.05,1.81,2.06,1.91,2.06,1.8,1.95,-0.5,1.95,1.85,1.98,1.9,2.04,1.9,1.98,1.81
EC,05/12/2020,17:20,Weymouth,Halifax,1,5,A,0,2,A,A Quelch,1,2,0,0,2.87,3.5,2.3,2.7,3.25,2.4,2.85,3.05,2.4,3.06,3.3,2.44,2.7,3.1,2.5,3,3.2,2.38,3.1,3.5,2.45,2.86,3.2,2.37,2.1,1.7,2.12,1.72,2.14,1.77,2.07,1.7,0.25,1.77,2.02,1.8,2.09,1.81,2.09,1.76,2.04,3,3.5,2.2,2.95,3.4,2.2,3.2,2.95,2.2,3.33,3.34,2.31,2.9,3.1,2.35,3.3,3.2,2.2,3.33,3.5,2.32,3.13,3.18,2.21,2.2,1.65,2.3,1.66,2.3,1.69,2.21,1.62,0.25,1.88,1.93,1.92,1.97,1.93,1.98,1.87,1.92
EC,08/12/2020,19:00,Hartlepool,King’s Lynn,2,0,H,1,0,H,R Welch,1,1,0,0,1.65,4,4.75,1.65,3.8,4.5,1.73,3.65,4.2,1.75,4.13,4.51,1.63,3.8,4.6,1.67,4,4.5,1.76,4.13,4.75,1.7,3.84,4.25,1.65,2.2,1.68,2.25,1.75,2.25,1.65,2.15,-0.75,1.9,1.9,1.97,1.92,1.97,1.97,1.91,1.89,1.65,4,4.75,1.7,3.8,4.2,1.6,3.9,4.6,1.59,4.47,5.41,1.67,3.8,4.33,1.67,4,4.5,1.74,4.47,5.41,1.65,3.97,4.45,1.57,2.35,1.59,2.44,1.63,2.44,1.57,2.29,-0.75,1.83,1.98,1.74,2.18,1.94,2.18,1.85,1.95
EC,08/12/2020,19:00,Sutton,Chesterfield,0,1,A,0,1,A,S Jackson,2,6,0,0,1.83,3.6,4.2,1.78,3.6,4,1.85,3.35,3.85,1.9,3.64,4.27,1.78,3.5,4.2,1.8,3.7,4.1,1.9,3.75,4.27,1.82,3.56,3.96,1.85,1.95,1.87,2,1.9,2.11,1.79,1.97,-0.5,1.88,1.93,1.88,2,1.93,2.06,1.82,1.97,1.8,3.6,4.33,1.78,3.6,4,1.83,3.45,3.85,1.8,3.97,4.38,1.83,3.5,3.9,1.8,3.7,4.1,1.84,3.97,4.38,1.79,3.66,4,1.7,2.1,1.73,2.17,1.78,2.17,1.71,2.07,-0.75,2,1.8,2.04,1.85,2.09,1.86,2.03,1.78
EC,08/12/2020,19:45,Aldershot,Halifax,1,3,A,1,0,H,A Jackson,3,2,0,0,2.5,3.3,2.75,2.45,3.2,2.7,2.5,3,2.7,2.61,3.37,2.84,2.5,3.1,2.7,2.5,3.3,2.75,2.61,3.37,2.86,2.47,3.21,2.72,2.05,1.75,2.07,1.79,2.07,1.83,2,1.76,0,1.83,1.98,1.86,2.03,1.9,2.04,1.82,1.99,2.75,3.3,2.5,2.6,3.2,2.55,2.65,3,2.5,2.82,3.36,2.63,2.7,3.1,2.5,2.7,3.3,2.5,2.82,3.36,2.64,2.66,3.21,2.51,2,1.8,2.08,1.79,2.08,1.84,1.98,1.78,0,1.98,1.83,2.01,1.88,2.06,1.89,1.96,1.84
EC,08/12/2020,19:45,Barnet,Stockport,1,2,A,0,1,A,A Dale,2,2,1,0,5,4,1.61,4,3.9,1.72,4.5,3.75,1.65,4.97,4.29,1.66,4.2,3.75,1.7,4.5,3.9,1.7,5.17,4.29,1.72,4.56,3.94,1.64,1.72,2.07,1.76,2.13,1.77,2.18,1.7,2.07,0.75,1.98,1.83,2.06,1.84,2.06,1.93,1.97,1.83,5,4,1.61,4.75,3.9,1.6,4.4,3.75,1.67,5.25,4.1,1.66,4.6,3.75,1.65,5,4,1.62,5.17,4.2,1.67,4.55,3.93,1.63,1.66,2.15,1.74,2.16,1.72,2.27,1.65,2.15,0.75,2,1.8,2.07,1.83,2.03,1.9,1.97,1.83
EC,08/12/2020,19:45,Bromley,Yeovil,1,2,A,0,2,A,D Middleton,0,2,0,0,2.1,3.5,3.25,2.1,3.4,3.1,2.1,3.3,3.2,2.19,3.6,3.34,2,3.4,3.4,1.95,3.5,3.5,2.21,3.6,3.5,2.08,3.43,3.21,1.8,2,1.85,2.02,1.89,2.04,1.81,1.94,-0.25,1.88,1.93,1.89,1.99,1.95,2.03,1.84,1.96,2,3.6,3.5,2,3.5,3.25,2,3.4,3.3,2.06,3.79,3.51,2.05,3.3,3.3,1.95,3.6,3.6,2.08,3.79,3.6,2,3.51,3.33,1.75,2.05,1.8,2.07,1.87,2.1,1.78,1.96,-0.5,2.02,1.77,2.06,1.84,2.08,1.84,2.02,1.78
EC,08/12/2020,19:45,Notts County,Boreham Wood,0,1,A,0,0,D,E Swallow,3,0,0,0,2.15,3.5,3.2,2.1,3.4,3.1,2.2,3.15,3.05,2.22,3.72,3.18,2.15,3.3,3.1,2.15,3.4,3.25,2.25,3.72,3.4,2.15,3.37,3.1,2,1.8,2.07,1.79,2.18,1.85,2,1.76,-0.25,1.88,1.93,1.93,1.95,1.97,2.03,1.88,1.92,2.05,3.5,3.4,2.15,3.25,3.2,2.1,3.1,3.35,2.16,3.59,3.41,2.1,3.1,3.4,2.1,3.3,3.4,2.2,3.59,3.46,2.09,3.3,3.31,2.15,1.66,2.25,1.68,2.32,1.75,2.14,1.66,-0.25,1.8,2,1.88,2.02,1.89,2.05,1.81,2
EC,08/12/2020,19:45,Torquay,Maidenhead,2,1,H,1,0,H,A Quelch,1,1,0,0,1.53,4.2,6.5,1.48,4,6,1.43,4.2,6.25,1.45,4.82,7.03,1.5,4,5.8,1.45,4.33,6.5,1.53,4.82,7.03,1.44,4.38,6.16,1.7,2.1,1.69,2.23,1.72,2.23,1.67,2.13,-1.25,2.02,1.77,2.06,1.84,2.09,1.84,2.02,1.78,1.45,4.33,7,1.36,4.75,6.75,1.4,4.4,6.75,1.43,5.02,7.23,1.44,4.2,6.5,1.4,4.6,7,1.52,5.07,7.24,1.4,4.61,6.49,1.61,2.25,1.67,2.28,1.69,2.3,1.63,2.2,-1.25,1.9,1.9,1.96,1.93,1.99,1.94,1.93,1.87
EC,08/12/2020,19:45,Weymouth,Dag and Red,2,3,A,1,2,A,R Whitton,1,3,1,0,2.9,3.25,2.45,2.85,3.1,2.4,2.85,2.95,2.4,3.05,3.25,2.52,2.88,3.1,2.38,2.9,3.25,2.4,3.05,3.3,2.52,2.87,3.14,2.4,2.1,1.7,2.18,1.71,2.2,1.76,2.1,1.69,0.25,1.73,2.08,1.78,2.14,1.79,2.14,1.75,2.07,2.9,3.25,2.45,2.85,3.1,2.4,2.85,2.95,2.4,3.03,3.29,2.51,2.88,3.1,2.4,2.9,3.2,2.4,3.03,3.3,2.54,2.85,3.13,2.42,2.1,1.7,2.17,1.73,2.2,1.75,2.1,1.68,0,2.08,1.73,2.14,1.76,2.14,1.8,2.07,1.75
EC,12/12/2020,15:00,Boreham Wood,Aldershot,3,2,H,2,1,H,R Massey-Ellis,2,1,0,0,1.8,3.75,4.5,1.85,3.4,3.9,1.83,3.35,3.95,1.86,3.7,4.28,1.78,3.4,4.2,1.83,3.4,4.33,1.9,3.75,4.5,1.83,3.47,3.98,2.1,1.7,2.16,1.72,2.2,1.73,2.12,1.67,-0.5,1.83,1.98,1.86,2.01,1.9,2.03,1.84,1.93,1.72,3.75,4.5,1.72,3.6,4.33,1.83,3.2,4.3,1.85,3.52,4.69,1.85,3.2,4.2,1.8,3.5,4.4,1.86,3.75,4.75,1.79,3.43,4.27,2.05,1.75,2.1,1.78,2.2,1.82,2.06,1.72,-0.75,2.05,1.75,2.13,1.77,2.13,1.81,2.05,1.76
EC,12/12/2020,15:00,Chesterfield,Barnet,6,0,H,1,0,H,L Smith,0,1,0,0,1.7,3.8,4.75,1.8,3.9,3.6,1.73,3.75,3.9,1.75,4.27,4.22,1.88,3.7,3.5,1.7,3.9,4.4,1.84,4.4,4.75,1.73,3.94,3.95,1.66,2.15,1.68,2.23,1.7,2.25,1.65,2.16,-0.75,1.93,1.88,1.98,1.88,1.98,1.92,1.93,1.84,1.66,3.8,5,1.57,4.25,4.6,1.67,3.75,4.4,1.69,4.24,4.74,1.73,3.6,4.2,1.62,4,5,1.71,4.51,5.15,1.64,3.95,4.54,1.7,2.1,1.69,2.23,1.71,2.26,1.66,2.15,-0.75,1.85,1.95,1.91,1.98,1.91,2.12,1.83,1.97
EC,12/12/2020,15:00,Dag and Red,Altrincham,0,1,A,0,1,A,M Dicicco,2,4,0,0,2.37,3.4,2.87,2.35,3.3,2.75,2.35,3.2,2.75,2.48,3.59,2.8,2.3,3.25,2.88,2.38,3.2,3,2.53,3.59,3.05,2.36,3.32,2.77,2.1,1.7,2.16,1.72,2.19,1.75,2.11,1.68,-0.25,2.05,1.75,2.14,1.75,2.17,1.85,2.05,1.75,2.37,3.4,2.87,2.35,3.3,2.75,2.35,3.05,2.9,2.51,3.43,2.92,2.38,3.2,2.8,2.38,3.2,3,2.51,3.47,3.1,2.34,3.22,2.88,2.15,1.66,2.27,1.67,2.27,1.71,2.16,1.64,-0.25,2.08,1.73,2.14,1.76,2.14,1.85,2.04,1.77
EC,12/12/2020,15:00,King’s Lynn,Torquay,0,0,D,0,0,D,J Miles,1,1,0,1,4.75,4,1.66,4.4,3.7,1.7,4,3.6,1.75,4.28,3.93,1.81,4,3.7,1.75,4.1,4,1.73,4.75,4.1,1.83,4.09,3.77,1.74,1.5,2.5,1.5,2.61,1.53,2.61,1.48,2.49,0.75,1.85,1.95,1.85,2.02,1.92,2.02,1.83,1.94,4.75,4,1.66,4.2,3.6,1.75,3.95,3.75,1.73,4.07,4.2,1.81,4,3.75,1.73,4.1,4,1.73,4.75,4.25,1.81,4.06,3.89,1.72,1.57,2.35,1.58,2.45,1.58,2.56,1.51,2.41,0.75,1.83,1.98,1.86,2.04,1.93,2.04,1.87,1.93
EC,12/12/2020,15:00,Wealdstone,Weymouth,2,1,H,1,1,D,G Rhodes,1,1,0,0,2,3.6,3.4,2.05,3.5,3.2,2.05,3.4,3.2,2.1,3.72,3.38,2.05,3.4,3.2,2.1,3.6,3.2,2.1,3.72,3.42,2.04,3.52,3.22,1.7,2.1,1.75,2.12,1.77,2.2,1.68,2.1,-0.25,1.83,1.98,1.83,2.05,1.86,2.07,1.8,1.99,2.25,3.5,2.9,2.25,3.5,2.75,2.25,3.25,2.85,2.29,3.67,3.09,2.05,3.4,3.25,2.3,3.4,2.9,2.33,3.68,3.13,2.24,3.44,2.87,1.7,2.1,1.72,2.18,1.76,2.2,1.68,2.11,-0.25,1.98,1.83,1.99,1.9,2.08,1.91,1.98,1.82
EC,12/12/2020,15:00,Woking,Hartlepool,3,0,H,2,0,H,S Tallis,1,2,1,0,2.7,3.4,2.5,2.7,3.4,2.35,2.7,3.15,2.4,2.83,3.46,2.52,2.7,3.2,2.45,2.7,3.3,2.55,2.86,3.46,2.55,2.69,3.3,2.43,1.95,1.85,1.97,1.88,2.02,1.9,1.92,1.83,0,1.98,1.83,2.06,1.83,2.06,1.92,1.97,1.83,2.6,3.4,2.7,2.7,3.25,2.4,2.55,3,2.6,2.75,3.23,2.78,2.7,3.2,2.45,2.63,3.25,2.63,2.75,3.4,2.78,2.62,3.18,2.57,2.1,1.7,2.2,1.71,2.2,1.82,2.02,1.75,0,1.9,1.9,1.93,1.95,1.97,1.97,1.92,1.89
EC,12/12/2020,17:20,Solihull,Bromley,0,1,A,0,1,A,D Richardson,2,2,0,0,2,3.6,3.4,2.05,3.5,3.2,2.15,3.3,3.1,2.21,3.61,3.24,2.1,3.3,3.2,2.15,3.4,3.25,2.25,3.61,3.4,2.11,3.42,3.14,1.8,2,1.85,2.01,1.86,2.03,1.79,1.97,-0.25,1.85,1.95,1.92,1.95,1.94,2,1.86,1.94,2.15,3.6,3.1,2.15,3.5,2.95,2.2,3.15,3.1,2.21,3.57,3.32,2.2,3.3,3,2.2,3.4,3.1,2.24,3.6,3.32,2.16,3.36,3.09,1.95,1.85,1.96,1.91,2,1.98,1.88,1.86,-0.25,1.88,1.93,1.91,1.97,1.99,1.99,1.89,1.91
EC,15/12/2020,19:45,Notts County,Stockport,1,0,H,1,0,H,M Woods,1,3,0,0,2.55,3.3,2.5,2.35,3.4,2.7,2.6,3.1,2.5,2.76,3.54,2.58,2.5,3.25,2.6,2.6,3.4,2.55,2.76,3.54,2.7,2.53,3.31,2.56,1.9,1.9,1.91,1.96,1.93,2,1.84,1.9,0,1.95,1.85,2.01,1.88,2.03,1.99,1.89,1.91,2.5,3.3,2.55,2.65,3.4,2.4,2.55,3.1,2.55,2.63,3.53,2.7,2.55,3.25,2.55,2.55,3.4,2.6,2.65,3.53,2.7,2.54,3.31,2.54,1.85,1.95,1.9,1.96,1.92,2,1.84,1.91,0,1.88,1.93,1.92,1.97,1.95,1.98,1.9,1.9
EC,15/12/2020,19:45,Solihull,Halifax,2,1,H,1,1,D,E Swallow,3,3,0,0,1.85,3.4,3.75,1.83,3.7,3.7,1.97,3.4,3.4,1.98,3.92,3.57,1.95,3.4,3.6,1.93,3.5,3.8,1.99,3.92,3.8,1.92,3.56,3.51,1.95,1.85,1.96,1.9,2,1.92,1.9,1.85,-0.5,1.95,1.85,1.99,1.9,2,1.94,1.93,1.85,2.05,3.4,3.25,2.2,3.5,2.85,2.15,3.2,3.1,2.19,3.58,3.37,2.15,3.2,3.2,2.15,3.4,3.2,2.24,3.58,3.37,2.13,3.37,3.12,2.05,1.75,2.1,1.78,2.1,1.88,1.95,1.8,-0.25,1.85,1.95,1.89,2,1.94,2.03,1.87,1.92
EC,15/12/2020,19:45,Torquay,Dag and Red,0,1,A,0,1,A,S Tallis,0,0,0,1,1.57,4.2,4.5,1.62,3.7,5,1.63,3.6,4.8,1.67,3.83,5.52,1.63,3.7,4.8,1.62,4,5,1.68,4.2,5.52,1.63,3.78,4.8,1.7,2.1,1.74,2.13,1.77,2.17,1.69,2.09,-0.75,1.83,1.98,1.86,2.03,1.89,2.05,1.82,1.97,1.57,4.2,4.5,1.62,3.7,5,1.6,3.7,4.9,1.63,4.07,5.6,1.6,3.75,5,1.6,4,5.25,1.65,4.2,5.6,1.59,3.87,4.97,1.7,2.1,1.75,2.14,1.82,2.15,1.71,2.07,-1,2.05,1.75,2.09,1.82,2.09,1.83,2.03,1.78
EC,15/12/2020,19:45,Weymouth,Wrexham,2,3,A,2,0,H,J Miles,1,1,1,0,4.2,3.5,1.75,3.8,3.3,1.9,3.9,3.35,1.83,4.29,3.63,1.88,4,3.4,1.83,4.1,3.5,1.83,4.29,3.63,1.9,3.95,3.47,1.83,2,1.8,2.02,1.85,2.03,1.89,1.95,1.81,0.5,1.98,1.83,2,1.88,2,1.89,1.94,1.84,4.5,3.6,1.7,4.1,3.3,1.83,4.1,3.45,1.77,4.66,3.99,1.75,4.2,3.4,1.78,4.4,3.6,1.75,4.66,3.99,1.88,4.12,3.53,1.79,1.95,1.85,1.92,1.95,2,1.95,1.91,1.84,0.75,1.8,2,1.91,1.98,1.91,2.14,1.75,2.05
EC,22/12/2020,18:00,Hartlepool,Stockport,4,0,H,1,0,H,P Marsden,1,0,0,2,2.8,3.5,2.37,2.75,3.3,2.35,2.8,3.05,2.4,2.93,3.34,2.55,2.75,3.2,2.4,2.8,3.3,2.45,2.93,3.5,2.55,2.78,3.24,2.41,1.95,1.85,1.94,1.93,1.99,1.94,1.9,1.86,0,2.02,1.77,2.09,1.82,2.13,1.82,2.04,1.79,3.4,3.3,2.1,3,3.2,2.25,3.05,3,2.25,3.76,3.35,2.13,3.25,3.2,2.15,3,3.3,2.3,3.76,3.44,2.43,3.18,3.2,2.2,2,1.8,2.01,1.86,2.07,1.86,1.98,1.79,0.25,2.02,1.77,2.08,1.83,2.11,2.04,1.9,1.91
EC,22/12/2020,19:00,Halifax,Eastleigh,3,1,H,2,0,H,T Parsons,4,2,0,0,2.25,3.5,3,2.25,3.4,2.85,2.25,3.2,2.9,2.37,3.48,3.04,2.3,3.2,2.9,2.3,3.4,2.9,2.43,3.52,3.07,2.28,3.37,2.87,1.8,2,1.82,2.04,1.89,2.06,1.8,1.97,-0.25,1.98,1.83,2.05,1.84,2.1,1.89,2.01,1.8,2.45,3.5,2.75,2.4,3.5,2.6,2.5,3.25,2.55,2.64,3.67,2.62,2.45,3.4,2.6,2.45,3.5,2.63,2.64,3.67,3.09,2.45,3.44,2.61,1.72,2.07,1.76,2.13,1.78,2.16,1.71,2.07,0,1.9,1.9,1.95,1.93,1.95,2.29,1.85,1.97
EC,26/12/2020,15:00,Aldershot,Woking,3,0,H,3,0,H,E Swallow,2,2,0,0,2.5,3.5,2.62,2.35,3.3,2.75,2.5,3.15,2.6,2.64,3.45,2.7,2.5,3.2,2.62,2.4,3.3,2.7,2.64,3.5,2.8,2.49,3.29,2.64,1.95,1.85,1.99,1.87,1.99,1.92,1.91,1.84,0,1.83,1.98,1.92,1.95,1.92,2.05,1.83,1.97,2.87,3.3,2.3,2.8,3.25,2.35,2.85,3,2.4,2.98,3.39,2.49,2.88,3.1,2.4,2.9,3.25,2.4,2.98,3.4,2.54,2.84,3.19,2.4,2.1,1.7,2.16,1.74,2.16,1.86,2.07,1.71,0.25,1.75,2.05,1.78,2.13,1.83,2.17,1.75,2.09
EC,26/12/2020,15:00,Altrincham,Stockport,1,1,D,1,0,H,G Rhodes,4,1,0,0,4,3.75,1.83,3.9,3.6,1.8,3.6,3.4,1.9,3.81,3.73,1.96,3.75,3.4,1.88,3.9,3.4,1.85,4,3.75,1.96,3.73,3.51,1.88,1.95,1.85,1.93,1.92,2,1.92,1.91,1.85,0.5,1.9,1.9,1.91,1.96,2,1.96,1.9,1.87,4.2,3.6,1.83,3.9,3.6,1.8,3.95,3.25,1.9,4.41,3.71,1.85,4.2,3.4,1.8,4.2,3.5,1.85,4.44,3.73,1.95,4.02,3.44,1.84,2.05,1.75,2.07,1.8,2.14,1.81,2.06,1.72,0.5,1.98,1.83,2.04,1.85,2.06,1.94,1.93,1.86
EC,26/12/2020,15:00,Eastleigh,Weymouth,0,0,D,0,0,D,S Jackson,1,1,0,0,1.75,3.75,4.5,1.72,3.6,4.25,1.8,3.3,4.3,1.83,3.47,4.83,1.75,3.6,4.2,1.8,3.6,4,1.87,3.86,4.86,1.78,3.49,4.29,1.72,2.07,1.78,2.08,1.78,2.15,1.72,2.05,-0.75,2,1.8,2.07,1.8,2.07,1.84,2.01,1.79,1.66,4,4.75,1.67,3.6,4.75,1.67,3.7,4.5,1.68,4.05,5.1,1.63,3.7,4.8,1.7,3.8,4.75,1.77,4.11,5.1,1.66,3.76,4.66,1.65,2.2,1.67,2.27,1.76,2.27,1.65,2.16,-0.75,1.83,1.98,1.87,2.02,1.91,2.08,1.85,1.95
EC,26/12/2020,15:00,Hartlepool,Halifax,3,1,H,1,1,D,A Kitchen,0,0,0,1,2,3.6,3.5,1.95,3.5,3.4,2.05,3.25,3.25,2.13,3.6,3.41,2.05,3.25,3.4,2,3.3,3.6,2.14,3.6,3.6,2.05,3.39,3.32,2,1.8,2,1.85,2.01,1.87,1.94,1.82,-0.25,1.73,2.08,1.85,2.03,1.86,2.08,1.78,1.99,2.5,3.6,2.5,2.55,3.4,2.45,2.55,3.1,2.5,2.65,3.45,2.74,2.55,3.2,2.6,2.6,3.4,2.55,2.7,3.6,2.76,2.58,3.31,2.53,1.85,1.95,1.92,1.95,1.92,1.98,1.85,1.91,0,1.88,1.93,1.91,1.98,2.05,2,1.93,1.88
EC,26/12/2020,15:00,Maidenhead,Wealdstone,4,0,H,2,0,H,S Gill,1,1,0,0,2.25,3.5,2.9,2.25,3.4,2.85,2.3,3.45,2.6,2.48,3.83,2.67,2.38,3.4,2.7,2.3,3.5,2.7,2.48,3.83,2.9,2.34,3.55,2.66,1.65,2.2,1.61,2.36,1.67,2.36,1.6,2.25,-0.25,2,1.8,2.16,1.74,2.16,1.82,2.07,1.76,2.37,3.6,2.7,2.3,3.6,2.65,2.35,3.35,2.65,2.41,4.01,2.7,2.35,3.6,2.6,2.38,3.6,2.7,2.45,4.01,2.75,2.33,3.63,2.64,1.57,2.35,1.58,2.46,1.67,2.46,1.57,2.31,0,1.8,2,1.84,2.06,1.85,2.08,1.79,2.03
EC,26/12/2020,15:00,Torquay,Yeovil,6,1,H,4,0,H,M Russell,2,4,0,0,1.8,3.6,4.2,1.78,3.5,4.1,1.8,3.55,3.85,1.83,4.05,4.04,1.8,3.5,4,1.8,3.5,4,1.86,4.05,4.2,1.8,3.69,3.89,1.85,1.95,1.85,2,1.9,2,1.83,1.93,-0.5,1.8,2,1.83,2.05,1.86,2.06,1.81,1.97,1.95,3.5,3.6,1.85,3.5,3.8,1.97,3.3,3.45,2.03,3.73,3.67,1.95,3.4,3.5,1.95,3.6,3.6,2.03,3.73,3.84,1.94,3.49,3.55,1.8,2,1.79,2.08,1.89,2.12,1.79,1.97,-0.5,1.95,1.85,2.03,1.87,2.03,1.89,1.95,1.84
EC,26/12/2020,17:20,Dover Athletic,Dag and Red,0,1,A,0,0,D,J Durkin,3,4,1,0,3.5,3.75,1.95,,,,3.65,3.2,1.95,3.97,3.55,1.97,3.5,3.3,2,3.5,3.4,1.95,4.01,3.75,2.14,3.63,3.38,1.95,2,1.8,2.04,1.82,2.04,1.86,1.98,1.79,0.5,1.83,1.98,1.9,1.97,1.91,2.05,1.81,1.97,3.75,3.5,2,3.5,3.3,2,3.55,3.15,2,3.82,3.52,2.05,3.5,3.25,2,3.6,3.4,2,3.9,3.56,2.15,3.56,3.33,1.99,2,1.8,1.98,1.89,2.06,1.9,1.96,1.81,0.25,2.08,1.73,2.14,1.76,2.15,1.84,2.07,1.74
EC,28/12/2020,12:30,Woking,Eastleigh,0,0,D,0,0,D,T Reeves,2,1,0,0,2.3,3.5,2.75,,,,2.45,3.15,2.65,2.52,3.54,2.78,2.45,3.2,2.7,2.45,3.4,2.75,2.53,3.54,2.92,2.42,3.34,2.7,1.9,1.9,1.85,2,2,2,1.88,1.88,0,1.8,2,1.84,2.04,1.87,2.06,1.8,2,2.05,3.5,3.2,2.1,3.4,3.1,2.15,3.2,3.1,2.22,3.52,3.35,2.1,3.3,3.2,2.1,3.4,3.3,2.3,3.53,3.36,2.14,3.35,3.14,2,1.8,2.04,1.83,2.05,1.9,1.94,1.82,-0.25,1.88,1.93,1.92,1.97,1.98,2.04,1.88,1.92
EC,28/12/2020,15:00,Halifax,Altrincham,3,2,H,2,1,H,R Welch,3,3,0,0,1.9,3.5,3.8,,,,1.95,3.3,3.6,1.98,3.74,3.74,1.91,3.4,3.7,1.87,3.4,4.1,2,3.77,4.1,1.93,3.46,3.64,2.1,1.7,2,1.85,2.11,1.85,2,1.77,-0.5,1.9,1.9,1.98,1.89,2,1.95,1.92,1.86,1.75,3.75,4.2,1.72,3.6,4.33,1.77,3.45,4.1,1.82,3.93,4.31,1.78,3.5,4.2,1.85,3.75,3.8,1.85,3.95,4.5,1.77,3.65,4.12,2.07,1.72,2.07,1.82,2.13,1.85,2.03,1.75,-0.5,1.77,2.02,1.82,2.08,1.86,2.09,1.78,2
EC,28/12/2020,15:00,Notts County,Hartlepool,0,1,A,0,1,A,S Mather,1,2,1,0,2.1,3.4,3.4,,,,2.1,3.4,3.05,2.17,3.83,3.14,2.15,3.2,3.2,2.15,3.4,3.25,2.21,3.83,3.4,2.11,3.49,3.13,1.88,1.93,1.85,2.01,1.92,2.01,1.84,1.92,-0.25,1.85,1.95,1.9,1.97,1.93,2,1.85,1.95,1.75,3.75,4.33,1.78,3.6,4,1.77,3.5,4,1.81,3.92,4.35,1.78,3.6,4,1.8,3.6,4.33,1.85,3.92,4.39,1.78,3.65,4.06,1.8,2,1.83,2.05,1.92,2.05,1.82,1.94,-0.75,2.02,1.77,2.06,1.84,2.11,1.85,2.04,1.77
EC,28/12/2020,15:00,Stockport,Wrexham,2,0,H,2,0,H,S Copeland,0,1,0,0,2,3.4,3.75,,,,2.05,3.2,3.4,2.07,3.53,3.66,2,3.25,3.5,2.05,3.4,3.5,2.07,3.53,3.75,2.01,3.39,3.46,1.98,1.83,2.03,1.83,2.03,1.86,1.97,1.79,-0.5,2.02,1.77,2.07,1.81,2.07,1.83,2.01,1.78,1.9,3.6,3.75,1.83,3.6,3.8,1.95,3.35,3.6,1.9,3.99,3.88,1.85,3.6,3.7,1.95,3.75,3.4,1.95,3.99,4.08,1.89,3.59,3.63,1.95,1.85,1.97,1.9,2.05,1.91,1.94,1.82,-0.5,1.88,1.93,1.9,1.99,1.96,1.99,1.9,1.9
EC,28/12/2020,15:00,Weymouth,Torquay,3,4,A,1,2,A,J Durkin,2,2,0,0,4.75,4,1.65,,,,4.3,3.7,1.7,4.62,4.09,1.72,4.6,3.7,1.65,4.8,4,1.65,5,4.16,1.72,4.51,3.9,1.66,1.65,2.2,1.66,2.26,1.71,2.32,1.64,2.18,0.75,1.95,1.85,1.95,1.92,2.04,1.92,1.96,1.84,6.5,4.25,1.44,6,4.33,1.44,6.25,4.3,1.43,7.19,4.91,1.44,6.5,4.5,1.4,6.5,4.5,1.44,7.29,4.98,1.44,6.34,4.54,1.41,1.61,2.25,1.63,2.36,1.63,2.45,1.58,2.29,1.25,1.83,1.98,1.91,1.98,1.95,2.04,1.85,1.96
EC,28/12/2020,15:00,Yeovil,Aldershot,3,0,H,1,0,H,A Dale,2,0,1,1,1.95,3.4,3.5,,,,2,3.25,3.4,2.06,3.56,3.67,2.05,3.3,3.3,2.05,3.4,3.4,2.13,3.56,3.82,2.02,3.4,3.42,1.95,1.85,1.97,1.88,2.01,1.9,1.93,1.83,-0.5,2.05,1.75,2.06,1.83,2.08,1.83,2.02,1.77,2.2,3.5,2.75,2.25,3.5,2.8,2.35,3.25,2.75,2.45,3.66,2.85,2.3,3.4,2.75,2.4,3.4,2.8,2.46,3.73,2.87,2.32,3.45,2.75,1.8,2,1.84,2.04,1.88,2.09,1.78,1.97,-0.25,1.98,1.83,2.11,1.79,2.11,1.83,2.04,1.78
EC,02/01/2021,15:00,Chesterfield,Solihull,1,0,H,1,0,H,P Marsden,2,3,1,0,2.4,3.6,2.7,,,,2.45,3.3,2.55,2.53,3.69,2.68,2.5,3.25,2.62,2.45,3.4,2.7,2.53,3.7,2.7,2.44,3.46,2.6,1.85,1.95,1.84,2.02,1.91,2.02,1.8,1.95,0,1.83,1.98,1.88,2,1.9,2,1.84,1.96,2.3,3.6,2.75,2.3,3.5,2.7,2.3,3.25,2.8,2.36,3.74,2.93,2.35,3.25,2.8,2.4,3.4,2.8,2.45,3.74,2.97,2.32,3.45,2.77,1.8,2,1.83,2.05,1.87,2.08,1.77,1.99,-0.25,2,1.8,2.05,1.84,2.14,1.87,2.06,1.77
EC,02/01/2021,15:00,Stockport,Altrincham,2,2,D,1,0,H,S Mather,1,0,0,0,1.44,4.5,6.5,,,,1.53,3.85,5.25,1.56,4.33,5.76,1.52,3.9,5.8,1.5,4.2,6,1.59,4.5,6.5,1.53,4.07,5.48,1.8,2,1.85,2.01,1.86,2.04,1.8,1.96,-1,1.93,1.88,2.03,1.85,2.03,1.95,1.93,1.86,1.45,4.5,7,1.45,4.33,5.75,1.45,3.95,6.25,1.51,4.44,6.59,1.44,4.2,6.5,1.44,4.2,7,1.52,4.69,7,1.46,4.25,6.19,1.8,2,1.85,2.03,1.89,2.03,1.81,1.94,-1,1.8,2,1.86,2.03,1.9,2.11,1.79,2.02
EC,02/01/2021,15:00,Weymouth,Eastleigh,1,1,D,0,1,A,L Wood,2,1,0,0,3.5,3.6,2,,,,3.25,3.45,2,3.52,3.88,2.01,3.25,3.5,2,3.25,3.5,2.1,3.56,3.88,2.17,3.28,3.6,2.01,1.75,2.05,1.74,2.13,1.78,2.13,1.73,2.03,0.25,2,1.8,2.14,1.75,2.14,1.89,2.02,1.78,4.75,4.2,1.6,4.6,4.1,1.6,4.6,3.8,1.63,5.2,4.25,1.64,4.6,3.8,1.63,4.4,3.9,1.65,5.2,4.52,1.85,4.52,4.02,1.63,1.61,2.25,1.62,2.38,1.7,2.38,1.6,2.25,0.75,2,1.8,2.1,1.79,2.1,1.96,1.98,1.83
EC,02/01/2021,15:00,Woking,Aldershot,0,1,A,0,0,D,P Gibbons,2,3,0,0,2.05,3.5,3.5,,,,2.1,3.3,3.2,2.11,3.6,3.47,2.05,3.3,3.3,2.1,3.4,3.4,2.13,3.6,3.5,2.06,3.41,3.31,2,1.8,2.03,1.83,2.03,1.89,1.96,1.8,-0.25,1.8,2,1.83,2.05,1.85,2.05,1.79,2,2.1,3.5,3.3,2.1,3.3,3.2,2.2,3.15,3.1,2.24,3.45,3.36,2.15,3.2,3.2,2.05,3.13,3.25,2.25,3.51,3.42,2.14,3.31,3.19,2.05,1.75,2.11,1.78,2.11,1.84,1.99,1.77,-0.25,1.88,1.93,1.93,1.96,1.94,2.01,1.86,1.94
EC,02/01/2021,15:00,Yeovil,Torquay,2,1,H,0,0,D,D Lamport,3,1,0,0,3.3,3.4,2.1,,,,3.15,3.35,2.05,3.43,3.68,2.1,3.2,3.3,2.1,3.13,3.5,2.15,3.43,3.78,2.19,3.18,3.47,2.09,1.72,2.07,1.71,2.17,1.84,2.22,1.71,2.07,0.25,1.98,1.83,2.06,1.83,2.09,1.92,1.95,1.84,3.6,3.9,1.9,3.5,3.7,1.87,3.4,3.55,1.95,3.64,4.11,1.93,3.5,3.5,1.95,3.6,3.4,1.83,3.65,4.11,1.98,3.44,3.75,1.9,1.61,2.25,1.65,2.32,1.7,2.32,1.62,2.22,0.5,1.9,1.9,1.95,1.93,1.99,1.99,1.87,1.93
EC,02/01/2021,17:20,Barnet,Boreham Wood,0,3,A,0,3,A,M Woods,1,1,1,0,4,3.4,1.9,,,,3.55,3.3,1.95,3.88,3.66,1.96,3.7,3.25,1.95,3.7,3.5,1.95,4,3.66,2.02,3.67,3.46,1.92,1.85,1.95,1.83,2.03,1.91,2.03,1.83,1.93,0.5,1.85,1.95,1.91,1.96,1.93,1.99,1.86,1.91,4.2,3.5,1.85,3.9,3.3,1.87,3.8,3.3,1.9,4.06,3.6,1.95,3.6,3.3,1.95,3.7,3.5,1.95,4.2,3.6,1.98,3.79,3.4,1.9,1.95,1.85,1.98,1.89,1.99,1.92,1.91,1.84,0.5,1.88,1.93,1.93,1.95,1.93,1.99,1.87,1.92
EC,05/01/2021,19:45,Solihull,Chesterfield,2,1,H,0,1,A,T Bishop,3,3,0,0,2.45,3.5,2.7,2.4,3.4,2.65,2.4,3.1,2.7,2.52,3.52,2.79,2.4,3.4,2.62,2.45,3.4,2.75,2.54,3.68,2.8,2.39,3.38,2.7,1.9,1.9,1.92,1.93,1.96,1.98,1.86,1.89,0,1.45,2.67,1.84,2.04,1.84,2.1,1.78,2.02,2.8,3.5,2.45,2.6,3.25,2.5,2.6,3.1,2.5,2.69,3.47,2.68,2.62,3.3,2.45,2.7,3.3,2.5,2.8,3.62,2.68,2.61,3.3,2.51,1.95,1.85,1.98,1.89,2.02,1.92,1.92,1.84,0,1.95,1.85,1.94,1.94,2.03,1.94,1.95,1.86
EC,05/01/2021,19:45,Weymouth,Yeovil,0,3,A,0,2,A,S Gill,1,2,1,0,4,3.8,1.8,3.7,3.6,1.83,3.85,3.55,1.8,3.97,4.1,1.83,3.7,3.6,1.85,3.8,3.5,1.93,4,4.1,1.93,3.8,3.71,1.82,1.75,2.05,1.81,2.04,1.85,2.08,1.77,1.99,0.5,2.02,1.77,2.05,1.83,2.08,1.9,1.97,1.82,6,4.5,1.5,4.75,4.1,1.57,5.25,4,1.53,5.39,4.6,1.57,5.25,4.2,1.52,5.25,4,1.55,6,4.74,1.65,5.13,4.22,1.54,1.65,2.2,1.64,2.33,1.69,2.39,1.6,2.25,1,1.93,1.88,1.94,1.94,2.03,2.09,1.89,1.91
EC,09/01/2021,15:00,Hartlepool,Wealdstone,3,1,H,1,0,H,A Herczeg,1,3,0,0,1.61,3.8,5.5,,,,1.65,3.7,4.6,1.67,4.05,5.06,1.63,3.7,4.8,1.65,4,4.8,1.69,4.25,5.5,1.64,3.89,4.65,1.65,2.2,1.68,2.24,1.69,2.27,1.64,2.19,-0.75,1.8,2,1.86,2.01,1.88,2.06,1.82,1.97,1.53,4.33,6,1.6,3.7,5.25,1.53,3.95,5,1.56,4.54,5.62,1.55,3.8,5.5,1.55,4.2,5.25,1.67,4.72,6,1.54,4.15,5.16,1.65,2.2,1.65,2.31,1.67,2.32,1.63,2.21,-1,1.93,1.88,1.98,1.91,2.18,1.94,1.95,1.85
EC,09/01/2021,15:00,King’s Lynn,Halifax,1,1,D,1,0,H,G Rhodes,1,1,0,0,3.1,3.5,2.2,,,,2.8,3.4,2.25,2.96,3.8,2.28,2.88,3.3,2.3,2.8,3.5,2.38,3.1,3.85,2.38,2.84,3.53,2.25,1.72,2.07,1.71,2.18,1.75,2.18,1.69,2.1,0.25,1.83,1.98,1.88,2,1.92,2.07,1.81,1.98,3.5,3.9,2,3.1,3.9,1.95,3.25,3.5,1.97,3.4,3.98,2.04,3.4,3.4,2,3.25,3.6,2.05,3.5,3.98,2.37,3.24,3.69,1.99,1.66,2.15,1.69,2.23,1.72,2.23,1.66,2.15,0.25,2.02,1.77,2.1,1.79,2.14,1.97,2.03,1.78
EC,09/01/2021,15:00,Sutton,Altrincham,2,2,D,2,1,H,R Massey-Ellis,3,2,0,0,1.75,3.6,4.5,,,,1.95,3.25,3.7,1.76,3.61,4.81,1.83,3.2,4.4,1.87,3.4,3.8,1.96,3.61,5.35,1.82,3.48,4.28,1.95,1.85,1.92,1.9,2.01,1.93,1.91,1.87,-0.5,1.9,1.9,1.75,2.1,1.98,2.1,1.83,1.96,1.75,4,4,1.78,3.7,3.9,1.85,3.45,3.7,1.92,4.1,3.7,1.78,3.4,4.33,1.8,3.5,4.4,1.92,4.1,5.55,1.81,3.65,3.94,2,1.8,2.04,1.83,2.07,1.92,1.94,1.82,-0.5,1.8,2,1.92,1.96,1.92,2.34,1.78,2.01
EC,12/01/2021,19:45,Dover Athletic,Boreham Wood,1,1,D,0,1,A,R Whitton,1,3,0,1,7.5,4.33,1.36,,,,7.25,4.2,1.37,8.35,4.73,1.39,8,4.2,1.38,6.5,4,1.5,8.35,4.73,1.44,7.42,4.38,1.38,1.85,1.95,1.83,2.01,1.97,2.04,1.84,1.92,1.25,1.88,1.93,1.95,1.9,1.96,2.02,1.86,1.94,7.5,4.33,1.36,,,,7.25,4.2,1.37,8.35,4.73,1.39,8,4.2,1.38,6.5,4,1.5,8.35,4.73,1.44,7.42,4.38,1.38,1.85,1.95,1.83,2.01,1.97,2.04,1.84,1.92,1.25,1.88,1.93,1.95,1.9,1.96,2.02,1.86,1.94
EC,16/01/2021,15:00,Wrexham,Dover Athletic,3,1,H,1,1,D,P Gibbons,4,3,0,0,1.4,4.5,7,,,,1.45,4.1,6,1.45,4.61,6.1,1.4,4.2,7.5,1.4,4.5,7.5,1.48,4.75,7.5,1.43,4.49,6.33,1.72,2.07,1.74,2.06,1.79,2.12,1.72,2.05,-1.25,1.98,1.83,2.09,1.73,2.12,1.86,2.01,1.78,1.53,4,5.75,1.5,4.1,5.5,1.53,3.8,5.5,1.53,4.35,6.04,1.52,3.9,5.8,1.53,4,6,1.56,4.36,6.04,1.52,4.03,5.61,1.85,1.95,1.89,1.94,1.92,2,1.85,1.91,-1,1.93,1.88,1.93,1.93,2.04,1.94,1.93,1.87
EC,19/01/2021,19:00,Dag and Red,Stockport,0,2,A,0,0,D,A Dale,0,1,0,0,4.33,3.6,1.72,4,3.4,1.83,4.1,3.3,1.83,4.25,3.64,1.84,4.6,3.4,1.73,4.2,3.5,1.83,4.6,3.67,1.91,4.2,3.46,1.8,2.05,1.75,2.06,1.77,2.16,1.81,2.03,1.73,0.5,1.98,1.83,2.01,1.85,2.07,1.94,1.97,1.82,5.5,3.8,1.57,4.75,3.7,1.65,5.5,3.65,1.55,5.58,4.27,1.57,5.5,4,1.52,6,3.9,1.55,6.2,4.27,1.74,5.33,3.87,1.57,2.05,1.75,2.03,1.82,2.08,1.89,1.99,1.77,0.75,2.08,1.73,2.16,1.72,2.16,1.83,2.07,1.75
EC,19/01/2021,19:00,Eastleigh,King’s Lynn,0,1,A,0,1,A,D Lamport,2,1,0,0,1.9,3.5,3.6,1.95,3.5,3.4,1.95,3.45,3.35,1.97,3.93,3.51,1.85,3.6,3.7,1.9,3.5,3.3,2.01,3.93,3.74,1.93,3.63,3.44,1.66,2.15,1.68,2.22,1.71,2.27,1.64,2.17,-0.5,1.93,1.88,1.97,1.88,2.02,1.92,1.93,1.85,1.85,3.5,3.75,1.87,3.6,3.6,1.95,3.4,3.55,1.9,3.88,3.78,1.85,3.6,3.7,1.87,3.4,3.4,1.96,3.88,4,1.89,3.56,3.63,1.8,2,1.8,2.03,1.83,2.1,1.77,1.99,-0.5,1.93,1.88,1.9,1.94,1.99,1.94,1.91,1.88
