Div,Date,Time,HomeTeam,AwayTeam,FTHG,FTAG,FTR,HTHG,HTAG,HTR,Referee,HS,AS,HST,AST,HF,AF,HC,AC,HY,AY,HR,AR,B365H,B365D,B365A,BWH,BWD,BWA,IWH,IWD,IWA,PSH,PSD,PSA,WHH,WHD,WHA,VCH,VCD,VCA,MaxH,MaxD,MaxA,AvgH,AvgD,AvgA,B365>2.5,B365<2.5,P>2.5,P<2.5,Max>2.5,Max<2.5,Avg>2.5,Avg<2.5,AHh,B365AHH,B365AHA,PAHH,PAHA,MaxAHH,MaxAHA,AvgAHH,AvgAHA,B365CH,B365CD,B365CA,BWCH,BWCD,BWCA,IWCH,IWCD,IWCA,PSCH,PSCD,PSCA,WHCH,WHCD,WHCA,VCCH,VCCD,VCCA,MaxCH,MaxCD,MaxCA,AvgCH,AvgCD,AvgCA,B365C>2.5,B365C<2.5,PC>2.5,PC<2.5,MaxC>2.5,MaxC<2.5,AvgC>2.5,AvgC<2.5,AHCh,B365CAHH,B365CAHA,PCAHH,PCAHA,MaxCAHH,MaxCAHA,AvgCAHH,AvgCAHA
E0,12/09/2020,12:30,Fulham,Arsenal,0,3,A,0,1,A,C Kavanagh,5,13,2,6,12,12,2,3,2,2,0,0,6,4.33,1.53,5.5,4.25,1.57,6,3.9,1.57,6.16,4.51,1.56,6.5,4.2,1.53,6.5,4.2,1.55,6.55,4.55,1.6,5.94,4.34,1.55,1.72,2.1,1.8,2.13,1.84,2.18,1.76,2.1,1,1.93,1.97,1.96,1.96,2,1.99,1.93,1.95,5,4,1.66,5.5,4,1.62,5.25,3.9,1.67,5.48,3.98,1.69,5.5,3.8,1.65,5.5,3.9,1.67,5.75,4.2,1.71,5.36,3.93,1.67,2,1.8,2.06,1.86,2.1,1.92,2,1.84,0.75,2.01,1.89,2.02,1.91,2.13,1.92,2.02,1.87
E0,12/09/2020,15:00,Crystal Palace,Southampton,1,0,H,1,0,H,Jj Moss,5,9,3,5,14,11,7,3,2,1,0,0,3.1,3.25,2.37,3,3.2,2.45,3.15,2.95,2.4,3.32,3.29,2.4,3.2,3.2,2.35,3.2,3.2,2.4,3.36,3.36,2.5,3.18,3.22,2.39,2.2,1.66,2.34,1.68,2.36,1.73,2.24,1.67,0.25,1.85,2.05,1.88,2.05,1.88,2.07,1.84,2.03,3,3.25,2.4,3,3.3,2.4,3.05,2.9,2.45,3.09,3.27,2.54,3.1,3.1,2.45,3.1,3.25,2.45,3.25,3.33,2.55,3.08,3.22,2.47,2.2,1.66,2.26,1.72,2.27,1.78,2.18,1.7,0.25,1.78,2.13,1.79,2.17,1.85,2.18,1.79,2.12
E0,12/09/2020,17:30,Liverpool,Leeds,4,3,H,3,2,H,M Oliver,22,6,6,3,9,6,9,0,1,0,0,0,1.28,6,9.5,1.26,6.25,10.5,1.35,5,8.5,1.31,6.25,9.92,1.27,6,10,1.3,5.75,10.5,1.35,6.5,10.75,1.3,5.96,9.68,1.53,2.5,1.56,2.6,1.56,2.68,1.52,2.53,-1.5,1.95,1.95,1.97,1.95,2,2.08,1.9,1.97,1.25,6,11,1.25,6.25,11,1.3,6,9,1.28,6.34,11.38,1.25,6,12,1.29,6,11.5,1.3,6.75,12.27,1.28,6.16,10.63,1.5,2.62,1.51,2.76,1.53,2.82,1.5,2.62,-1.5,1.85,2.05,1.85,2.08,1.9,2.16,1.84,2.04
E0,12/09/2020,20:00,West Ham,Newcastle,0,2,A,0,0,D,S Attwell,15,15,3,2,13,7,8,7,2,2,0,0,2.15,3.4,3.4,2.15,3.4,3.4,2.15,3.15,3.4,2.18,3.61,3.5,2.15,3.5,3.4,2.15,3.4,3.6,2.24,3.7,3.6,2.15,3.48,3.42,1.9,1.9,2,1.91,2.05,1.95,1.97,1.86,-0.5,2.07,1.72,2.17,1.78,2.17,1.81,2.12,1.75,1.95,3.6,3.75,1.95,3.7,3.75,2.05,3.25,3.75,2.04,3.59,3.92,2,3.5,3.8,2,3.5,3.9,2.07,3.78,3.99,2.01,3.57,3.79,1.9,1.9,2,1.92,2,2.05,1.91,1.92,-0.5,2.03,1.87,2.04,1.88,2.09,1.91,2.02,1.86
E0,13/09/2020,14:00,West Brom,Leicester,0,3,A,0,0,D,A Taylor,7,13,1,7,12,9,2,5,1,1,0,0,3.8,3.6,1.95,3.7,3.6,2,3.85,3.2,2,4,3.59,2,3.8,3.6,1.95,4,3.5,1.95,4,3.82,2.04,3.87,3.57,1.97,1.9,1.9,2,1.91,2.02,2.03,1.92,1.9,0.5,1.91,1.99,1.92,2,1.93,2.02,1.88,1.97,3.25,3.4,2.2,3.3,3.4,2.2,3.35,3,2.3,3.38,3.38,2.32,3.3,3.3,2.25,3.3,3.3,2.3,3.55,3.5,2.38,3.32,3.33,2.28,2.2,1.66,2.23,1.74,2.28,1.82,2.15,1.73,0.25,1.92,1.98,1.93,1.99,1.95,2.01,1.91,1.97
E0,13/09/2020,16:30,Tottenham,Everton,0,1,A,0,0,D,M Atkinson,9,15,5,4,15,7,5,3,1,0,0,0,1.83,3.6,4.33,1.85,3.6,4.33,1.95,3.25,4.1,1.94,3.57,4.3,1.88,3.5,4.33,1.87,3.5,4.33,1.98,3.68,4.5,1.9,3.55,4.2,1.9,1.9,2.01,1.9,2.04,1.95,1.94,1.88,-0.5,1.91,1.99,1.93,1.99,1.93,2.02,1.9,1.96,2,3.4,3.8,2,3.4,3.9,2.05,3.1,3.75,2.09,3.5,3.88,2.05,3.3,3.8,2.1,3.4,3.75,2.16,3.5,4.05,2.07,3.39,3.79,2,1.8,2.08,1.85,2.15,1.92,2.05,1.79,-0.5,2.09,1.81,2.09,1.85,2.16,1.86,2.08,1.81
E0,14/09/2020,20:15,Brighton,Chelsea,1,3,A,0,1,A,C Pawson,13,10,3,5,8,13,4,3,1,0,0,0,5,4.33,1.61,5,4.1,1.65,5,3.7,1.67,5.36,4.34,1.65,5.25,4,1.65,5.25,3.9,1.65,5.36,4.35,1.71,5.12,4.13,1.65,1.72,2.1,1.79,2.14,1.84,2.18,1.76,2.08,0.75,2.06,1.84,2.11,1.83,2.11,1.88,2.05,1.82,5.75,4.4,1.53,5.75,4.25,1.55,5.5,4.2,1.6,6.07,4.46,1.57,6,4.2,1.55,6,4.2,1.57,6.4,4.7,1.6,5.91,4.35,1.56,1.72,2.1,1.71,2.27,1.8,2.27,1.71,2.17,1,1.93,1.97,1.94,1.98,2.02,2.02,1.93,1.95
E0,14/09/2020,18:00,Sheffield United,Wolves,0,2,A,0,2,A,M Dean,9,11,2,4,13,7,12,5,2,1,0,0,3.25,3.1,2.37,3.4,3.1,2.3,3.35,2.7,2.45,3.41,3.03,2.46,3.3,3.1,2.38,3.4,3,2.38,3.46,3.24,2.52,3.36,3,2.41,2.62,1.5,2.84,1.48,2.88,1.53,2.68,1.48,0.25,1.86,2.04,1.85,2.06,1.88,2.07,1.84,2.02,3.2,2.9,2.55,3.2,2.9,2.55,3.2,2.6,2.65,3.28,2.9,2.68,3.25,2.8,2.6,3.3,2.88,2.55,3.5,2.97,2.77,3.23,2.86,2.62,3.2,1.36,3.15,1.41,3.2,1.44,3.01,1.39,0.25,1.7,2.1,1.74,2.23,1.86,2.28,1.74,2.18
E0,19/09/2020,12:30,Everton,West Brom,5,2,H,2,1,H,M Dean,17,6,7,4,9,11,11,1,1,0,0,1,1.5,4.2,6.5,1.55,4.2,6,1.55,4,6,1.55,4.33,6.46,1.52,4.2,6.5,1.5,4.2,7,1.59,4.5,7,1.54,4.25,6.3,1.87,2.03,1.87,2.05,1.9,2.13,1.81,2.03,-1,1.91,1.99,1.97,1.96,1.99,2.04,1.91,1.97,1.57,4,6,1.57,4,6,1.6,3.8,6.25,1.61,4.12,6.41,1.55,3.9,6.5,1.6,3.9,6.5,1.66,4.23,6.85,1.59,4.03,6.15,1.9,1.9,2.03,1.89,2.07,1.94,1.98,1.85,-1,2.09,1.81,2.14,1.82,2.15,1.9,2.06,1.83
E0,19/09/2020,15:00,Leeds,Fulham,4,3,H,2,1,H,A Taylor,10,14,7,6,13,18,5,3,1,2,0,0,1.61,3.9,5.75,1.62,4,5.5,1.65,3.7,5.5,1.65,4.05,5.61,1.63,3.9,5.5,1.62,3.9,6,1.7,4.15,6,1.64,3.97,5.5,1.97,1.93,1.96,1.96,1.99,2,1.93,1.91,-0.75,1.81,2.09,1.85,2.08,1.86,2.14,1.82,2.07,1.66,3.8,5.25,1.67,4,5,1.75,3.55,4.9,1.75,3.91,5.12,1.7,3.7,5.25,1.73,3.7,5.25,1.8,4,5.7,1.73,3.81,5.05,2.01,1.89,2.03,1.89,2.04,2.05,1.96,1.88,-0.75,1.97,1.93,1.99,1.94,2.01,2.03,1.95,1.93
E0,19/09/2020,17:30,Man United,Crystal Palace,1,3,A,0,1,A,M Atkinson,13,14,4,5,13,10,9,3,2,1,0,0,1.3,5.5,9.5,1.33,5.25,9.25,1.35,5,9,1.3,5.88,9.8,1.3,5.5,10,1.33,5.25,10,1.36,6.1,11,1.32,5.57,9.56,1.66,2.2,1.67,2.29,1.74,2.31,1.66,2.24,-1.5,2,1.9,1.98,1.92,2.08,1.97,1.98,1.89,1.36,5,8,1.36,5,8.5,1.37,5.25,8,1.38,5.18,9.33,1.35,5,9,1.36,5,9.5,1.42,5.4,10,1.37,5.07,8.7,1.66,2.2,1.71,2.27,1.76,2.37,1.68,2.22,-1.25,1.86,2.04,1.9,2.04,1.91,2.08,1.86,2.02
E0,19/09/2020,20:00,Arsenal,West Ham,2,1,H,1,1,D,M Oliver,7,14,3,3,11,13,7,5,0,1,0,0,1.53,4.5,5.5,1.53,4.33,6,1.55,4.2,5.75,1.54,4.58,6.09,1.52,4.4,6,1.55,4.33,6,1.57,4.75,6.55,1.53,4.51,5.91,1.66,2.2,1.66,2.36,1.7,2.41,1.64,2.3,-1,1.89,2.01,1.93,2,1.94,2.05,1.87,2,1.45,4.5,7,1.5,4.5,6.25,1.6,4.3,5.25,1.53,4.53,6.81,1.47,4.4,7,1.53,4.33,6.5,1.6,4.8,7.16,1.51,4.46,6.48,1.66,2.2,1.66,2.36,1.76,2.37,1.67,2.24,-1,1.82,2.08,1.87,2.07,1.96,2.1,1.85,2.02
E0,20/09/2020,12:00,Southampton,Tottenham,2,5,A,1,1,D,D Coote,14,9,7,6,16,18,3,2,4,3,0,0,3,3.3,2.37,3.1,3.25,2.4,3.05,3.15,2.4,3.12,3.39,2.41,3.1,3.3,2.35,3.13,3.3,2.38,3.25,3.5,2.44,3.1,3.35,2.37,2.02,1.88,1.99,1.93,2.06,1.96,1.97,1.87,0.25,1.86,2.04,1.85,2.08,1.89,2.08,1.85,2.03,3.3,3.4,2.2,3.3,3.3,2.25,3.3,3.15,2.25,3.45,3.46,2.27,3.4,3.3,2.2,3.3,3.4,2.25,3.58,3.52,2.32,3.34,3.37,2.25,2.02,1.88,2.02,1.91,2.07,1.92,1.97,1.86,0.25,1.97,1.96,1.98,1.95,2,1.99,1.94,1.94
E0,20/09/2020,14:00,Newcastle,Brighton,0,3,A,0,2,A,K Friend,6,13,0,6,16,15,7,1,3,0,0,1,2.6,3.1,2.87,2.75,3.1,2.75,2.65,2.9,2.85,2.66,3.22,2.91,2.7,3.2,2.75,2.63,3.1,2.88,2.82,3.35,2.91,2.68,3.15,2.82,2.37,1.57,2.43,1.63,2.5,1.66,2.38,1.59,0,1.88,2.02,1.88,2.05,1.97,2.05,1.88,1.99,2.5,3.25,2.9,2.6,3.2,2.85,2.65,2.9,2.85,2.7,3.21,2.96,2.6,3.1,2.9,2.6,3.2,2.9,2.77,3.31,3.15,2.64,3.17,2.88,2.2,1.66,2.27,1.71,2.34,1.76,2.21,1.68,0,1.87,2.06,1.88,2.06,1.93,2.09,1.86,2.02
E0,20/09/2020,16:30,Chelsea,Liverpool,0,2,A,0,0,D,P Tierney,5,18,3,6,10,6,1,11,0,0,1,0,3.1,3.6,2.2,3.1,3.7,2.2,3.1,3.5,2.2,3.2,3.85,2.19,3.2,3.6,2.2,3.2,3.7,2.15,3.32,3.88,2.26,3.15,3.72,2.18,1.61,2.3,1.62,2.44,1.68,2.46,1.61,2.35,0.25,1.97,1.93,2,1.93,2,1.98,1.96,1.91,3.4,3.9,2,3.4,3.7,2.05,3.35,3.75,2.05,3.32,3.89,2.17,3.4,3.7,2.05,3.4,3.75,2.1,3.65,3.98,2.17,3.39,3.82,2.07,1.61,2.3,1.67,2.36,1.68,2.47,1.62,2.34,0.25,2.07,1.86,2.04,1.89,2.19,1.89,2.08,1.81
E0,20/09/2020,19:00,Leicester,Burnley,4,2,H,1,1,D,L Mason,14,16,6,5,11,13,15,4,1,2,0,0,1.61,4,5.5,1.6,4,5.75,1.63,3.7,5.75,1.63,4.13,5.79,1.62,3.9,5.8,1.6,3.9,6,1.69,4.15,6.05,1.63,3.98,5.64,1.9,1.9,2.01,1.91,2.03,1.96,1.95,1.88,-0.75,1.81,2.09,1.81,2.13,1.87,2.16,1.8,2.09,1.5,4.33,6.5,1.53,4,6.75,1.57,3.9,6,1.55,4.36,6.74,1.53,4,6.5,1.57,4,6.5,1.64,4.46,7.12,1.56,4.19,6.26,1.9,2,1.92,2.01,1.98,2.05,1.88,1.95,-1,1.98,1.95,1.96,1.97,2.08,1.99,1.97,1.91
E0,21/09/2020,18:00,Aston Villa,Sheffield United,1,0,H,0,0,D,G Scott,18,4,2,1,12,13,10,4,3,1,0,1,2.7,3.1,2.75,2.7,3.2,2.7,2.7,2.95,2.75,2.77,3.22,2.78,2.7,3.2,2.7,2.7,3.13,2.8,2.81,3.4,2.85,2.71,3.19,2.75,2.2,1.66,2.34,1.67,2.38,1.75,2.25,1.66,0,1.91,1.99,1.96,1.97,1.99,2.02,1.91,1.95,2.45,3.2,3.1,2.4,3.2,3.1,2.5,3.1,3.1,2.46,3.19,3.35,2.4,3.1,3.2,2.45,3.2,3.13,2.6,3.3,3.35,2.46,3.16,3.16,2.2,1.66,2.33,1.68,2.36,1.76,2.23,1.67,-0.25,2.1,1.83,2.08,1.86,2.14,1.87,2.09,1.81
E0,21/09/2020,20:15,Wolves,Man City,1,3,A,0,2,A,A Marriner,10,14,1,9,6,8,4,6,0,3,0,0,6.5,4.33,1.5,6.5,4.5,1.48,5.75,4,1.57,6.27,4.35,1.56,6.5,4.2,1.53,6.5,4.33,1.5,6.55,4.55,1.59,6.11,4.35,1.54,1.72,2.1,1.76,2.19,1.77,2.29,1.7,2.18,1,1.97,1.93,1.96,1.97,2.04,1.99,1.96,1.91,7,4.5,1.44,7,4.5,1.45,7,4.6,1.45,6.7,4.55,1.53,7,4.4,1.47,6.5,4.6,1.5,7.6,5.04,1.55,6.81,4.5,1.49,1.8,2,1.83,2.1,1.85,2.16,1.78,2.07,1.25,1.72,2.07,1.76,2.2,1.85,2.21,1.77,2.12
E0,26/09/2020,12:30,Brighton,Man United,2,3,A,1,1,D,C Kavanagh,18,7,5,3,18,16,7,1,4,2,0,0,4.75,3.75,1.72,5,3.7,1.72,4.7,3.55,1.77,5.1,3.82,1.78,5,3.7,1.73,4.8,3.75,1.73,5.3,3.92,1.81,4.83,3.75,1.75,1.9,1.9,1.88,2.05,1.92,2.07,1.86,1.97,0.75,1.91,1.99,1.93,2.01,1.93,2.03,1.89,1.98,5.25,4,1.61,5.5,4,1.62,5.25,3.85,1.63,5.58,4.36,1.63,5.25,4.2,1.6,5.5,4.1,1.6,5.85,4.6,1.69,5.37,4.15,1.62,1.66,2.2,1.7,2.29,1.82,2.37,1.7,2.19,1,1.87,2.03,1.87,2.07,1.91,2.17,1.83,2.06
E0,26/09/2020,15:00,Crystal Palace,Everton,1,2,A,1,2,A,K Friend,8,10,1,5,16,15,7,6,3,1,0,0,3.75,3.25,2.1,3.8,3.3,2.05,3.65,3.1,2.15,3.72,3.44,2.17,3.7,3.25,2.1,3.75,3.25,2.1,3.9,3.44,2.2,3.69,3.32,2.12,2.1,1.72,2.18,1.76,2.26,1.76,2.16,1.71,0.25,2.07,1.83,2.08,1.86,2.12,1.87,2.07,1.82,3.5,3.3,2.15,3.5,3.3,2.15,3.4,3.05,2.25,3.58,3.34,2.27,3.6,3.25,2.15,3.4,3.3,2.2,3.86,3.5,2.28,3.49,3.31,2.2,2,1.8,2.05,1.88,2.21,1.94,2.01,1.82,0.25,1.99,1.91,2,1.93,2.14,1.95,1.99,1.89
E0,26/09/2020,17:30,West Brom,Chelsea,3,3,D,3,0,H,J Moss,9,22,3,10,8,16,3,9,1,3,0,0,9,4.75,1.36,8.5,4.5,1.4,8,4.7,1.4,8.55,5.33,1.39,8.5,4.8,1.38,9,5,1.36,9,5.35,1.42,8.24,5.02,1.38,1.66,2.2,1.65,2.39,1.68,2.4,1.64,2.28,1.25,2.07,1.83,2.07,1.87,2.08,1.89,2.03,1.85,6.5,4.75,1.44,7,4.6,1.45,6,4.6,1.5,6.96,5.03,1.47,7,4.6,1.44,7,4.6,1.44,7.4,5.03,1.5,6.71,4.76,1.46,1.53,2.5,1.56,2.59,1.6,2.59,1.55,2.46,1.25,1.89,2.01,1.9,2.03,2.01,2.11,1.88,2.01
E0,26/09/2020,20:00,Burnley,Southampton,0,1,A,0,1,A,A Marriner,10,5,2,1,8,10,8,2,1,0,0,0,3.2,3.3,2.3,3.2,3.3,2.3,3.3,3,2.3,3.41,3.31,2.36,3.3,3.2,2.3,3.25,3.25,2.3,3.41,3.38,2.4,3.3,3.25,2.31,2.1,1.72,2.12,1.81,2.16,1.81,2.09,1.75,0.25,1.91,1.99,1.93,2.01,1.96,2.02,1.9,1.97,3.3,3.4,2.2,3.2,3.25,2.3,3.25,3.35,2.3,3.37,3.47,2.3,3.3,3.3,2.25,3.25,3.4,2.25,3.37,3.5,2.38,3.26,3.39,2.27,1.9,1.9,1.97,1.95,2.02,2.05,1.93,1.89,0.25,1.95,1.95,1.95,1.98,1.98,2.01,1.92,1.96
E0,27/09/2020,12:00,Sheffield United,Leeds,0,1,A,0,0,D,P Tierney,14,17,4,9,18,4,5,7,2,1,0,0,2.7,3.3,2.62,2.7,3.4,2.6,2.75,3.15,2.6,2.83,3.5,2.63,2.7,3.3,2.62,2.75,3.3,2.6,2.83,3.5,2.75,2.72,3.37,2.63,1.9,1.9,2.01,1.91,2.1,1.91,2,1.83,0,2.01,1.89,2.04,1.89,2.05,1.94,1.98,1.89,2.8,3.4,2.5,2.7,3.4,2.6,2.95,3.05,2.5,3.09,3.44,2.47,3,3.3,2.4,2.9,3.25,2.5,3.1,3.49,2.62,2.95,3.34,2.47,2,1.8,2.11,1.81,2.16,1.93,2.05,1.79,0.25,1.81,2.09,1.83,2.12,1.85,2.2,1.79,2.11
E0,27/09/2020,14:00,Tottenham,Newcastle,1,1,D,1,0,H,P Bankes,23,6,12,1,15,9,10,4,1,4,0,0,1.45,4.5,7,1.48,4.4,6.75,1.5,4.2,6.75,1.49,4.67,7.38,1.47,4.33,7.5,1.44,4.5,7.5,1.51,4.75,7.8,1.47,4.5,6.95,1.72,2.1,1.78,2.16,1.82,2.17,1.75,2.1,-1.25,2.07,1.83,2.13,1.83,2.13,1.86,2.07,1.81,1.4,4.8,8,1.45,4.5,7,1.43,4.5,7.5,1.42,5.05,8.16,1.4,4.75,8,1.4,4.75,8.5,1.45,5.21,8.5,1.41,4.82,7.75,1.66,2.2,1.71,2.26,1.74,2.37,1.69,2.2,-1.25,1.93,1.97,1.95,1.97,2,2,1.94,1.94
E0,27/09/2020,16:30,Man City,Leicester,2,5,A,1,1,D,M Oliver,16,7,5,7,13,8,3,4,1,3,0,0,1.28,6,9.5,1.3,6,9,1.3,5.75,9,1.31,6.19,10.09,1.27,5.8,11,1.29,5.75,10,1.32,6.35,11.5,1.29,5.93,9.68,1.4,3,1.43,3.03,1.44,3.1,1.41,2.9,-1.75,2.05,1.85,2.07,1.87,2.07,1.94,2.01,1.86,1.28,5.75,9.5,1.3,6,8.75,1.33,5.5,9,1.32,5.9,9.96,1.3,5.8,9.5,1.29,5.75,10,1.36,6.29,10.02,1.31,5.83,9.22,1.44,2.75,1.48,2.8,1.49,2.96,1.44,2.77,-1.5,1.91,1.99,1.93,2,1.95,2.06,1.88,2
E0,27/09/2020,19:00,West Ham,Wolves,4,0,H,1,0,H,M Atkinson,15,11,7,2,7,11,1,3,0,1,0,0,3.6,3.5,2.05,3.8,3.4,2.05,3.8,3.15,2.1,3.87,3.5,2.1,3.7,3.4,2.05,3.7,3.2,2.15,3.87,3.56,2.15,3.74,3.38,2.07,2.1,1.72,2.18,1.77,2.21,1.8,2.13,1.73,0.5,1.83,2.07,1.85,2.1,1.87,2.16,1.81,2.07,3.3,3.3,2.25,3.3,3.3,2.25,3.35,3.05,2.3,3.43,3.35,2.33,3.3,3.2,2.3,3.4,3.2,2.25,3.55,3.39,2.35,3.36,3.26,2.28,2.2,1.66,2.27,1.71,2.27,1.76,2.18,1.69,0.25,1.92,1.98,1.94,1.99,1.98,2.02,1.93,1.95
E0,28/09/2020,17:45,Fulham,Aston Villa,0,3,A,0,2,A,S Attwell,16,12,3,5,18,14,5,3,6,3,0,0,2.9,3.25,2.5,2.85,3.25,2.55,2.95,3.05,2.5,2.98,3.32,2.54,2.9,3.25,2.5,2.88,3.25,2.55,3,3.44,2.62,2.92,3.26,2.52,2,1.8,2.16,1.78,2.16,1.82,2.07,1.76,0,2.08,1.82,2.13,1.81,2.13,1.86,2.07,1.8,3,3.4,2.37,3,3.4,2.35,2.95,3.35,2.45,3.04,3.49,2.48,3.1,3.3,2.38,3,3.3,2.4,3.22,3.5,2.51,3.01,3.38,2.41,1.9,1.9,2.01,1.91,2.01,2.05,1.95,1.87,0.25,1.8,2.1,1.83,2.13,1.91,2.14,1.81,2.08
E0,28/09/2020,20:00,Liverpool,Arsenal,3,1,H,2,1,H,C Pawson,21,4,8,3,11,7,7,3,2,2,0,0,1.45,4.75,6.5,1.5,4.75,5.75,1.5,4.4,6,1.5,4.76,6.53,1.47,4.6,6.5,1.45,4.6,6.5,1.54,5,6.95,1.49,4.68,6.3,1.53,2.5,1.57,2.57,1.57,2.6,1.54,2.48,-1,1.75,2.05,1.81,2.13,1.87,2.16,1.78,2.1,1.44,5.25,6,1.45,5.25,5.75,1.53,4.9,5.5,1.5,5.25,5.95,1.47,4.8,6,1.45,5,6,1.53,5.35,6.35,1.49,5.03,5.83,1.4,3,1.42,3.07,1.44,3.23,1.4,2.95,-1.25,2.07,1.83,2.06,1.87,2.13,1.89,2.05,1.84
E0,03/10/2020,12:30,Chelsea,Crystal Palace,4,0,H,0,0,D,M Oliver,17,4,6,0,17,13,8,5,2,0,0,0,1.4,4.75,8,1.42,4.75,7.5,1.47,4.5,6.75,1.43,4.86,7.79,1.42,4.6,8,1.4,4.75,8,1.47,5,8,1.43,4.77,7.39,1.61,2.3,1.63,2.41,1.67,2.41,1.62,2.33,-1.25,1.99,1.94,2.01,1.92,2.01,1.98,1.96,1.92,1.5,4.33,6.5,1.5,4.33,6.5,1.6,3.95,5.75,1.56,4.31,6.67,1.52,4.2,6.5,1.53,4.2,6.5,1.6,4.6,7.12,1.53,4.28,6.41,1.72,2.1,1.81,2.11,1.83,2.19,1.76,2.08,-1,1.93,2,1.95,1.97,1.95,2.08,1.9,1.98
E0,03/10/2020,15:00,Everton,Brighton,4,2,H,2,1,H,S Hooper,11,11,6,3,13,14,3,10,0,1,0,0,1.72,3.75,4.8,1.75,3.6,5,1.73,3.75,5,1.78,3.82,4.82,1.75,3.6,5,1.73,3.8,4.8,1.81,3.85,5.1,1.76,3.73,4.79,1.8,2,1.83,2.09,1.88,2.12,1.83,2,-0.75,2,1.93,2.03,1.89,2.06,1.96,1.99,1.89,1.75,3.75,4.75,1.78,3.7,4.5,1.75,3.75,4.8,1.81,3.86,4.78,1.75,3.6,5,1.8,3.75,4.5,1.83,3.9,5.19,1.79,3.76,4.61,1.72,2.1,1.74,2.23,1.77,2.26,1.71,2.15,-0.75,2.07,1.86,2.07,1.88,2.09,1.97,2.03,1.86
E0,03/10/2020,17:30,Leeds,Man City,1,1,D,0,1,A,M Dean,12,23,7,2,11,12,7,10,2,1,0,0,7.5,5.25,1.36,7,5.25,1.4,7,5,1.4,7.98,5.31,1.37,8,5,1.38,7.5,5.5,1.36,8.4,5.7,1.42,7.45,5.34,1.38,1.36,3.2,1.39,3.17,1.4,3.4,1.37,3.11,1.5,1.88,2.05,1.88,2.03,1.93,2.08,1.87,2.01,8,7.5,1.25,8,6.5,1.3,9,6,1.3,8.85,7.49,1.28,8.5,6.5,1.29,9,6.5,1.29,9.3,7.66,1.33,8.59,6.64,1.29,1.3,3.5,1.33,3.57,1.36,3.66,1.32,3.39,1.75,1.98,1.95,1.99,1.93,2.03,2.02,1.91,1.96
E0,03/10/2020,20:00,Newcastle,Burnley,3,1,H,1,0,H,D Coote,10,7,5,3,13,17,3,4,2,3,0,0,2.4,3.2,3.1,2.45,3.1,3.1,2.5,2.95,3.05,2.51,3.2,3.12,2.45,3.1,3.1,2.4,3.13,3.2,2.55,3.28,3.2,2.47,3.15,3.08,2.3,1.61,2.35,1.67,2.4,1.68,2.31,1.62,-0.25,2.08,1.85,2.14,1.8,2.16,1.87,2.1,1.8,2.37,3.25,3.1,2.4,3.2,3.1,2.45,3.05,3.05,2.45,3.38,3.17,2.35,3.2,3.2,2.4,3.25,3.1,2.5,3.4,3.32,2.4,3.27,3.12,2.1,1.72,2.11,1.81,2.16,1.83,2.08,1.76,-0.25,2.07,1.86,2.1,1.85,2.12,1.87,2.07,1.83
E0,04/10/2020,12:00,Leicester,West Ham,0,3,A,0,2,A,A Madley,4,14,0,6,11,8,6,4,2,2,0,0,1.61,4.2,5.25,1.65,4.1,5,1.73,3.8,4.6,1.7,4.16,4.94,1.7,4,4.8,1.65,4.1,5,1.73,4.3,5.25,1.68,4.12,4.86,1.66,2.2,1.68,2.31,1.72,2.31,1.66,2.23,-0.75,1.88,2.05,1.92,2.01,1.92,2.08,1.86,2.01,1.75,4,4.2,1.85,3.75,4.2,1.9,3.65,3.9,1.87,3.88,4.38,1.8,3.8,4.33,1.8,3.9,4.2,1.9,4.25,4.59,1.82,3.89,4.21,1.57,2.37,1.63,2.43,1.63,2.55,1.59,2.38,-0.75,2.05,1.75,2.12,1.82,2.12,1.96,2.06,1.83
E0,04/10/2020,12:00,Southampton,West Brom,2,0,H,1,0,H,C Kavanagh,13,5,7,2,19,10,5,1,2,1,0,0,1.72,3.8,4.75,1.72,3.9,4.75,1.77,3.6,4.5,1.78,3.91,4.71,1.75,3.8,4.6,1.73,3.8,4.75,1.82,4.02,4.8,1.76,3.86,4.58,1.8,2,1.81,2.11,1.88,2.11,1.8,2.02,-0.75,2,1.93,2.03,1.9,2.04,1.97,1.99,1.89,1.85,3.75,4,1.85,3.7,4.1,1.9,3.5,4.1,1.88,3.88,4.34,1.83,3.7,4.33,1.8,3.75,4.4,1.92,3.88,4.5,1.85,3.75,4.21,1.72,2.1,1.8,2.13,1.82,2.17,1.77,2.07,-0.5,1.85,2.08,1.88,2.06,1.89,2.09,1.85,2.03
E0,04/10/2020,14:00,Arsenal,Sheffield United,2,1,H,0,0,D,L Mason,6,6,5,2,3,9,2,4,0,1,0,0,1.57,4,6,1.55,4.1,6.25,1.6,3.8,6,1.56,4.17,6.73,1.55,4,6.5,1.55,4,6.5,1.6,4.3,6.75,1.56,4.09,6.25,1.9,1.9,1.94,1.98,2.02,1.98,1.93,1.89,-1,2.03,1.9,2.05,1.88,2.05,1.92,2,1.87,1.5,4.2,7,1.48,4.33,7,1.55,4,6,1.5,4.46,7.41,1.47,4.2,7.5,1.5,4.33,7,1.55,4.7,7.5,1.5,4.36,6.94,1.72,2.1,1.78,2.14,1.86,2.23,1.77,2.07,-1,1.83,2.1,1.85,2.09,1.89,2.21,1.83,2.06
E0,04/10/2020,14:00,Wolves,Fulham,1,0,H,0,0,D,D England,14,10,5,2,15,8,6,2,1,1,0,0,1.5,4,7.5,1.5,4,7.25,1.53,3.8,7,1.51,4.2,7.63,1.52,3.9,7.5,1.5,4,7.5,1.56,4.28,7.78,1.51,4.07,7.19,2.1,1.72,2.19,1.75,2.19,1.79,2.12,1.73,-1,1.94,1.99,1.97,1.96,1.97,2.01,1.91,1.96,1.75,3.4,5.25,1.83,3.3,5,1.8,3.25,5,1.82,3.64,5.08,1.75,3.4,5.5,1.75,3.5,5.25,1.83,3.79,5.72,1.79,3.49,5.1,2.3,1.61,2.36,1.67,2.36,1.78,2.26,1.65,-0.75,2.08,1.85,2.1,1.85,2.12,1.86,2.05,1.83
E0,04/10/2020,16:30,Man United,Tottenham,1,6,A,1,4,A,A Taylor,5,22,2,8,14,10,2,4,2,1,1,0,1.85,3.8,4,1.91,3.7,3.9,1.95,3.45,3.95,1.93,3.76,4.09,1.91,3.7,3.9,1.9,3.6,4.1,1.97,3.96,4.15,1.92,3.71,3.97,1.72,2.1,1.78,2.15,1.87,2.16,1.79,2.04,-0.5,1.95,1.98,1.93,2,1.97,2,1.92,1.96,2,3.7,3.6,1.95,3.6,3.8,2.1,3.4,3.45,2.12,3.7,3.6,2.1,3.5,3.5,2.05,3.6,3.5,2.18,3.76,3.8,2.08,3.62,3.52,1.72,2.1,1.75,2.2,1.81,2.26,1.73,2.12,-0.25,1.77,2.02,1.84,2.11,1.85,2.14,1.8,2.08
E0,04/10/2020,19:15,Aston Villa,Liverpool,7,2,H,4,1,H,M Atkinson,18,14,11,8,7,10,2,7,2,1,0,0,10,5.5,1.3,9.75,5.5,1.3,8.25,5,1.35,10.05,5.4,1.33,9,5.25,1.33,10,5.5,1.3,10.25,5.7,1.38,9.35,5.41,1.33,1.53,2.5,1.54,2.62,1.58,2.66,1.53,2.5,1.5,1.95,1.98,1.93,1.98,1.98,2.01,1.93,1.95,6.5,4.8,1.44,6.5,4.75,1.45,6,4.8,1.5,6.76,5.1,1.47,7,4.6,1.44,6.5,4.8,1.44,7.6,5.16,1.5,6.65,4.89,1.45,1.44,2.75,1.45,2.92,1.49,3,1.44,2.79,1.25,1.94,1.99,1.93,2,2.03,2.01,1.93,1.95
E0,17/10/2020,12:30,Everton,Liverpool,2,2,D,1,1,D,M Oliver,11,22,5,8,15,9,2,5,3,2,1,0,3.75,4.2,1.83,3.8,4.1,1.83,3.9,3.8,1.83,4.04,4.2,1.87,4,3.9,1.83,3.75,4,1.87,4.15,4.21,1.91,3.91,4.08,1.85,1.53,2.5,1.55,2.63,1.6,2.65,1.53,2.53,0.75,1.75,2.05,1.83,2.1,1.85,2.14,1.8,2.08,4.2,4.2,1.72,4.1,4.1,1.78,3.85,4,1.85,4.22,4.24,1.83,4.2,4,1.78,3.9,4.2,1.8,4.57,4.41,1.85,4.12,4.17,1.79,1.5,2.62,1.53,2.68,1.54,2.84,1.49,2.63,0.75,1.86,2.04,1.88,2.05,1.9,2.07,1.87,2.02
E0,17/10/2020,15:00,Chelsea,Southampton,3,3,D,2,1,H,P Bankes,11,13,5,6,11,9,6,2,1,1,0,0,1.45,4.75,6.5,1.5,4.6,6,1.57,4.2,5.75,1.56,4.53,6.14,1.53,4.33,6,1.5,4.5,6,1.58,4.8,6.5,1.53,4.56,5.92,1.57,2.37,1.62,2.44,1.64,2.55,1.58,2.4,-1,1.88,2.02,1.92,2.01,1.94,2.06,1.87,2.01,1.53,4.6,5.5,1.57,4.4,5.25,1.6,4.4,5.25,1.62,4.53,5.39,1.57,4.33,5.5,1.55,4.33,5.75,1.62,4.7,5.96,1.58,4.47,5.38,1.53,2.5,1.55,2.61,1.6,2.69,1.53,2.51,-1,2,1.9,2.06,1.88,2.08,1.98,1.97,1.91
E0,17/10/2020,17:30,Man City,Arsenal,1,0,H,1,0,H,C Kavanagh,13,11,5,3,15,10,6,6,4,1,0,0,1.44,5,6.5,1.48,4.75,6,1.5,4.5,5.75,1.51,4.87,6.36,1.47,4.75,6,1.5,4.75,6,1.53,5.1,6.55,1.49,4.85,6.09,1.44,2.75,1.45,2.93,1.46,2.95,1.43,2.8,-1.25,2.06,1.84,2.08,1.85,2.09,1.9,2.03,1.85,1.5,4.75,5.5,1.53,4.75,5.5,1.55,4.6,5.25,1.55,4.81,5.76,1.53,4.6,5.5,1.5,4.75,5.75,1.6,5,6.4,1.53,4.73,5.63,1.44,2.75,1.5,2.75,1.53,2.91,1.47,2.7,-1,1.86,2.04,1.88,2.05,1.9,2.1,1.85,2.03
E0,17/10/2020,20:00,Newcastle,Man United,1,4,A,1,1,D,C Pawson,7,28,4,14,9,12,0,7,1,1,0,0,4.75,4,1.66,4.75,4.2,1.65,4.7,3.75,1.73,4.87,4.18,1.74,4.75,4,1.7,5,3.9,1.67,5,4.3,1.76,4.78,4.08,1.7,1.72,2.1,1.75,2.21,1.8,2.23,1.74,2.11,0.75,1.98,1.92,1.99,1.94,2.05,1.94,1.98,1.89,4.5,4.2,1.7,4.4,4.1,1.72,4.5,3.75,1.73,4.77,4.21,1.74,4.75,4,1.7,4.8,3.9,1.7,4.92,4.4,1.76,4.62,4.11,1.72,1.66,2.2,1.71,2.27,1.75,2.37,1.67,2.23,0.75,1.97,1.93,1.98,1.95,2.07,1.97,1.97,1.91
E0,18/10/2020,12:00,Sheffield United,Fulham,1,1,D,0,0,D,A Marriner,10,15,6,6,5,9,2,5,0,2,0,0,2.1,3.3,3.7,2.05,3.4,3.7,2.15,3.1,3.7,2.15,3.4,3.84,2.1,3.25,3.75,2.05,3.25,3.9,2.17,3.45,3.95,2.11,3.32,3.74,2.2,1.66,2.31,1.69,2.33,1.71,2.25,1.65,-0.25,1.75,2.05,1.84,2.11,1.85,2.14,1.8,2.08,2.25,3.2,3.5,2.25,3.25,3.4,2.3,2.95,3.4,2.4,3.16,3.48,2.25,3.1,3.5,2.2,3.2,3.5,2.42,3.31,3.74,2.29,3.16,3.46,2.3,1.61,2.34,1.67,2.36,1.7,2.27,1.65,-0.25,2,1.9,2.03,1.9,2.04,2.03,1.96,1.93
E0,18/10/2020,14:00,Crystal Palace,Brighton,1,1,D,1,0,H,S Attwell,1,20,1,3,13,12,2,5,3,2,0,1,2.62,3.3,2.7,2.6,3.3,2.75,2.65,3,2.8,2.73,3.34,2.83,2.62,3.25,2.75,2.7,3.13,2.75,2.8,3.42,2.88,2.68,3.25,2.76,2.2,1.66,2.23,1.74,2.3,1.76,2.19,1.69,0,1.91,1.99,1.93,2,1.93,2.03,1.9,1.97,3,3.25,2.4,3,3.2,2.5,3.05,3,2.5,3.27,3.25,2.47,3.1,3.1,2.45,3.1,3.13,2.45,3.29,3.44,2.52,3.1,3.2,2.45,2.2,1.66,2.26,1.72,2.29,1.81,2.18,1.69,0.25,1.82,2.08,1.85,2.09,1.85,2.14,1.81,2.09
E0,18/10/2020,16:30,Tottenham,West Ham,3,3,D,3,0,H,P Tierney,11,13,6,4,13,12,3,7,0,5,0,0,1.57,4.33,5.5,1.57,4.25,5.5,1.63,3.95,5,1.64,4.21,5.63,1.62,4,5.5,1.6,4.2,5.25,1.67,4.35,5.75,1.62,4.19,5.34,1.57,2.37,1.61,2.47,1.65,2.47,1.59,2.37,-1,2.07,1.83,2.11,1.83,2.12,1.87,2.06,1.83,1.6,4.2,5.5,1.62,4.1,5.25,1.65,4.2,4.9,1.65,4.17,5.61,1.62,4,5.5,1.6,4.2,5.25,1.69,4.4,5.66,1.63,4.16,5.36,1.57,2.37,1.64,2.39,1.69,2.47,1.61,2.34,-0.75,1.77,2.14,1.82,2.12,1.83,2.17,1.79,2.11
E0,18/10/2020,19:15,Leicester,Aston Villa,0,1,A,0,0,D,J Moss,11,10,5,4,18,18,2,7,4,3,0,0,1.83,3.8,4.1,1.83,3.9,4,1.9,3.6,3.85,1.93,3.89,4.1,1.88,3.7,4,1.85,3.8,4,1.96,4,4.23,1.89,3.82,3.97,1.66,2.2,1.67,2.35,1.69,2.4,1.63,2.3,-0.5,1.89,2.01,1.93,2.01,1.95,2.05,1.9,1.99,2.35,3.6,2.87,2.3,3.6,3,2.4,3.35,2.85,2.48,3.62,2.95,2.35,3.4,3,2.38,3.6,2.88,2.48,3.68,3.12,2.38,3.57,2.93,1.61,2.3,1.68,2.32,1.68,2.47,1.64,2.28,-0.25,2.09,1.81,2.14,1.82,2.14,1.87,2.07,1.83
E0,19/10/2020,17:30,West Brom,Burnley,0,0,D,0,0,D,A Taylor,13,9,6,4,15,17,8,2,2,2,0,0,2.45,3.3,2.9,2.45,3.3,2.95,2.5,3.05,2.95,2.54,3.37,3.05,2.45,3.3,3,2.45,3.2,3,2.58,3.5,3.1,2.49,3.3,2.97,2.1,1.72,2.16,1.78,2.21,1.8,2.12,1.73,-0.25,2.08,1.73,2.16,1.79,2.19,1.83,2.12,1.78,2.55,3.25,2.9,2.45,3.3,2.95,2.55,3.05,2.9,2.73,3.25,2.9,2.6,3.25,2.8,2.5,3.3,2.88,2.75,3.47,3.01,2.58,3.27,2.87,2.01,1.89,2.01,1.91,2.08,1.98,1.99,1.84,0,1.87,2.03,1.91,2.03,1.91,2.13,1.85,2.03
E0,19/10/2020,20:00,Leeds,Wolves,0,1,A,0,0,D,D Coote,13,7,2,3,13,12,8,3,2,1,0,0,2.5,3.3,2.87,2.5,3.2,3,2.5,3,2.95,2.55,3.31,3.07,2.45,3.25,3,2.5,3.25,2.9,2.58,3.44,3.1,2.5,3.26,2.97,2.1,1.72,2.2,1.76,2.21,1.79,2.13,1.72,-0.25,2.08,1.73,2.17,1.79,2.17,1.82,2.13,1.77,2.4,3.4,2.9,2.45,3.4,2.85,2.45,3.1,2.95,2.61,3.35,2.96,2.45,3.25,3,2.45,3.3,3,2.62,3.48,3.11,2.47,3.35,2.94,2.04,1.86,2.06,1.87,2.06,1.94,1.98,1.85,-0.25,2.08,1.73,2.22,1.75,2.22,1.84,2.14,1.77
E0,23/10/2020,20:00,Aston Villa,Leeds,0,3,A,0,0,D,P Tierney,12,27,4,9,14,17,6,5,2,2,0,0,2.05,3.75,3.3,2.15,3.6,3.25,2.1,3.5,3.3,2.13,3.83,3.44,2.1,3.7,3.3,2.1,3.7,3.3,2.16,3.9,3.47,2.11,3.75,3.33,1.57,2.37,1.62,2.45,1.65,2.47,1.61,2.36,-0.25,1.86,2.07,1.86,2.08,1.88,2.09,1.84,2.05,1.85,4,3.8,1.9,3.9,3.75,1.9,3.7,3.75,1.93,4.12,3.88,1.95,3.9,3.6,1.87,3.9,3.9,2.01,4.15,3.92,1.91,3.99,3.73,1.5,2.62,1.51,2.72,1.58,2.72,1.52,2.53,-0.5,1.9,2.03,1.93,2.01,1.95,2.05,1.9,1.98
E0,24/10/2020,12:30,West Ham,Man City,1,1,D,1,0,H,A Taylor,6,14,2,7,14,6,2,10,2,0,0,0,8,5.25,1.36,7.25,5,1.4,6.5,4.8,1.43,7.51,5.3,1.42,7.5,5,1.4,7.5,5,1.4,8,5.55,1.44,7.2,5.16,1.41,1.4,3,1.44,2.98,1.45,3,1.42,2.89,1.5,1.73,2.08,1.79,2.14,1.85,2.16,1.79,2.09,6.5,5.25,1.4,6.75,5,1.42,6,4.6,1.47,6.97,5.13,1.45,7,5,1.42,7,5,1.4,7.3,5.4,1.48,6.63,5.07,1.44,1.4,3,1.45,2.93,1.49,3.23,1.42,2.89,1.25,1.96,1.97,1.93,1.99,1.98,2.04,1.94,1.95
E0,24/10/2020,15:00,Fulham,Crystal Palace,1,2,A,0,1,A,G Scott,16,14,3,10,11,11,4,4,0,1,1,0,2.75,3.1,2.7,2.7,3.1,2.8,2.75,2.95,2.75,2.8,3.21,2.86,2.7,3.2,2.75,2.75,3.13,2.75,2.83,3.34,2.86,2.74,3.14,2.77,2.3,1.61,2.36,1.66,2.37,1.71,2.27,1.65,0,1.93,2,1.94,1.99,1.99,2.03,1.92,1.95,2.5,3.2,2.9,2.6,3.2,2.8,2.6,2.9,2.95,2.66,3.14,3.08,2.55,3.2,2.9,2.55,3.13,3,2.68,3.32,3.1,2.58,3.15,2.96,2.3,1.61,2.37,1.66,2.39,1.71,2.27,1.64,0,1.83,2.1,1.83,2.12,1.86,2.14,1.81,2.08
E0,24/10/2020,17:30,Man United,Chelsea,0,0,D,0,0,D,M Atkinson,14,6,4,1,8,6,9,6,3,1,0,0,2.37,3.6,2.8,2.35,3.6,2.9,2.4,3.35,2.9,2.45,3.65,2.97,2.35,3.6,2.88,2.4,3.6,2.8,2.45,3.84,3.02,2.38,3.59,2.9,1.61,2.3,1.63,2.42,1.69,2.43,1.62,2.32,-0.25,2.09,1.84,2.12,1.83,2.12,1.87,2.07,1.82,2.55,3.5,2.62,2.55,3.4,2.75,2.55,3.25,2.75,2.69,3.46,2.79,2.6,3.4,2.7,2.55,3.5,2.7,2.74,3.73,2.85,2.6,3.46,2.72,1.72,2.1,1.78,2.16,1.8,2.26,1.7,2.17,0,1.93,2,1.93,2,1.98,2.05,1.9,1.98
E0,24/10/2020,20:00,Liverpool,Sheffield United,2,1,H,1,1,D,M Dean,17,13,5,2,7,15,7,3,0,3,0,0,1.22,6.5,12,1.25,6.25,11.5,1.27,6,11,1.25,6.66,12.96,1.25,6,12,1.25,6,13,1.29,6.75,13,1.25,6.36,11.55,1.5,2.62,1.5,2.73,1.51,2.76,1.49,2.61,-1.75,1.95,1.98,1.94,1.97,1.97,1.99,1.93,1.95,1.2,7.5,12,1.2,7.25,13,1.25,7,10,1.22,7.45,13.55,1.2,7,15,1.2,7,13,1.25,7.86,15.25,1.21,7.24,12.71,1.33,3.4,1.34,3.42,1.37,3.72,1.34,3.28,-2,2.01,1.92,2,1.91,2.02,2.03,1.96,1.92
E0,25/10/2020,14:00,Southampton,Everton,2,0,H,2,0,H,K Friend,12,6,6,2,11,11,4,5,1,2,0,1,2.75,3.4,2.55,2.8,3.5,2.45,2.75,3.25,2.55,2.84,3.58,2.58,2.75,3.4,2.55,2.75,3.5,2.5,2.88,3.58,2.62,2.78,3.47,2.54,1.8,2,1.81,2.11,1.84,2.12,1.79,2.05,0,2.05,1.88,2.07,1.88,2.07,1.91,2.02,1.86,3,3.6,2.25,2.95,3.6,2.3,3.05,3.3,2.3,3.08,3.56,2.41,3,3.5,2.3,3.1,3.5,2.25,3.27,3.69,2.42,3.05,3.53,2.32,1.72,2.1,1.77,2.18,1.78,2.26,1.74,2.12,0.25,1.88,2.05,1.86,2.08,1.92,2.09,1.87,2.02
E0,25/10/2020,16:30,Wolves,Newcastle,1,1,D,0,0,D,L Mason,16,5,3,2,10,10,2,3,0,1,0,0,1.75,3.5,5.25,1.75,3.5,5.25,1.8,3.3,5,1.79,3.59,5.48,1.75,3.5,5.25,1.75,3.5,5.25,1.85,3.64,5.52,1.78,3.49,5.16,2.2,1.66,2.31,1.69,2.34,1.71,2.25,1.66,-0.75,2.06,1.87,2.05,1.88,2.12,1.9,2.04,1.85,1.8,3.5,4.75,1.8,3.4,5,1.9,3.15,4.7,1.86,3.52,5.01,1.8,3.4,5,1.8,3.4,5,1.9,3.57,5.15,1.83,3.42,4.89,2.3,1.61,2.34,1.68,2.38,1.71,2.29,1.64,-0.5,1.84,2.09,1.86,2.08,1.87,2.11,1.84,2.04
E0,25/10/2020,19:15,Arsenal,Leicester,0,1,A,0,0,D,C Pawson,12,6,4,2,13,9,9,3,3,5,0,0,1.9,3.75,3.8,1.91,3.8,3.8,1.95,3.5,3.85,1.95,3.83,4.06,1.91,3.7,3.9,1.91,3.7,3.9,1.98,3.9,4.1,1.93,3.74,3.92,1.72,2.1,1.78,2.16,1.82,2.2,1.74,2.12,-0.5,1.96,1.97,1.95,1.98,1.97,2.01,1.93,1.95,1.9,3.6,4,1.95,3.4,4.1,1.95,3.35,3.95,2,3.57,4.17,1.95,3.4,4.2,1.95,3.5,4,2.01,3.75,4.34,1.94,3.54,4.07,1.9,1.9,1.96,1.96,2,2.05,1.9,1.93,-0.5,1.99,1.94,2.01,1.93,2.01,1.98,1.96,1.92
E0,26/10/2020,17:30,Brighton,West Brom,1,1,D,1,0,H,J Moss,5,9,3,3,14,7,6,2,2,0,0,0,1.7,4,4.75,1.75,3.9,4.5,1.75,3.6,4.6,1.78,4.08,4.7,1.75,3.8,4.6,1.73,3.8,4.8,1.8,4.15,4.8,1.75,3.93,4.61,1.8,2,1.88,2.05,1.89,2.07,1.83,2,-0.75,2,1.93,2.02,1.92,2.02,1.93,1.98,1.91,1.66,3.9,5,1.72,3.9,4.75,1.67,3.65,5.25,1.67,4.3,5.26,1.67,3.8,5.25,1.65,3.9,5.25,1.72,4.3,5.5,1.67,3.99,5.15,1.9,1.9,1.96,1.96,1.98,2.05,1.9,1.93,-0.75,1.87,2.06,1.87,2.07,1.95,2.09,1.87,2.02
E0,26/10/2020,20:00,Burnley,Tottenham,0,1,A,0,0,D,M Oliver,13,9,4,3,9,7,4,5,2,0,0,0,5.75,4,1.6,5.5,4,1.62,5.5,3.75,1.65,5.63,4.15,1.66,5.8,3.9,1.6,6,3.9,1.6,6,4.22,1.68,5.49,4.02,1.63,1.9,1.9,1.88,2.05,1.91,2.08,1.84,1.98,1,1.75,2.05,1.81,2.13,1.82,2.16,1.79,2.1,5.75,4.33,1.53,5.75,4.33,1.55,5.5,4.3,1.6,5.59,4.41,1.61,5.8,4.2,1.57,5.75,4.2,1.57,6.54,4.57,1.64,5.7,4.33,1.58,1.72,2.1,1.76,2.18,1.78,2.26,1.71,2.15,1,1.89,2.04,1.88,2.04,2.04,2.08,1.89,1.99
E0,30/10/2020,20:00,Wolves,Crystal Palace,2,0,H,2,0,H,M Atkinson,15,11,5,2,13,4,7,6,0,2,0,1,2,3.2,4.33,2.05,3.1,4.2,2.1,3.2,3.95,2.07,3.21,4.41,2.05,3,4.33,2.05,3.1,4.2,2.1,3.21,4.53,2.05,3.13,4.27,2.75,1.44,2.78,1.51,2.8,1.56,2.67,1.48,-0.5,2.06,1.84,2.07,1.87,2.09,1.87,2.06,1.83,2,3.2,4.2,2,3.2,4.25,2.1,3.15,3.9,2.12,3.14,4.34,2.05,3.1,4.2,2.1,3,4.1,2.13,3.26,4.56,2.07,3.12,4.22,2.62,1.5,2.77,1.51,2.77,1.56,2.64,1.49,-0.5,2.11,1.79,2.12,1.83,2.14,1.84,2.1,1.8
E0,31/10/2020,12:30,Sheffield United,Man City,0,1,A,0,1,A,M Oliver,5,16,1,8,14,6,2,5,0,0,0,0,9.5,6,1.28,9.5,5.75,1.3,8.75,5.25,1.33,9.8,5.91,1.33,9.5,5.5,1.32,10,5.75,1.29,10.5,6.1,1.35,9.43,5.76,1.31,1.5,2.62,1.54,2.64,1.54,2.72,1.51,2.58,1.5,1.98,1.92,1.98,1.94,2.01,1.98,1.97,1.9,9.5,6,1.28,11.5,6,1.26,10,6,1.3,10.63,6.25,1.3,13,5.8,1.25,11.5,6,1.25,13,6.5,1.32,10.42,6.04,1.28,1.53,2.5,1.57,2.57,1.6,2.72,1.55,2.47,1.5,2.05,1.85,2.06,1.88,2.09,1.91,2.04,1.85
E0,31/10/2020,15:00,Burnley,Chelsea,0,3,A,0,1,A,D Coote,5,14,0,9,10,15,3,4,1,0,0,0,6,4.5,1.5,6.25,4.5,1.5,5.75,4.1,1.57,6.32,4.39,1.56,6,4.33,1.53,6.5,4.33,1.5,6.5,4.69,1.59,6.05,4.37,1.54,1.66,2.2,1.71,2.25,1.73,2.41,1.66,2.23,1,2,1.9,1.99,1.93,2.08,1.95,1.98,1.89,5.5,4.33,1.57,5.5,4.25,1.57,5.5,4.2,1.6,5.59,4.29,1.63,5.5,4.2,1.6,5.75,4.2,1.57,6.22,4.42,1.65,5.6,4.23,1.6,1.9,1.9,1.87,2.06,1.91,2.1,1.81,2.02,1,1.83,2.07,1.84,2.1,1.94,2.12,1.84,2.04
E0,31/10/2020,17:30,Liverpool,West Ham,2,1,H,1,1,D,K Friend,9,4,5,3,13,14,1,2,0,1,0,0,1.36,5.25,7.5,1.36,5.25,7.75,1.43,5,6.5,1.4,5.32,8.03,1.38,5,8,1.36,5.25,7.5,1.43,5.6,8.1,1.39,5.26,7.43,1.4,3,1.41,3.12,1.43,3.13,1.4,2.95,-1.5,2.02,1.77,2.12,1.81,2.13,1.87,2.05,1.82,1.4,5,7,1.4,5.25,6.75,1.37,5.5,7.5,1.44,5.3,7.1,1.42,5,7,1.4,5,7.5,1.46,5.5,7.54,1.42,5.15,6.96,1.44,2.75,1.45,2.94,1.45,3.05,1.42,2.85,-1.25,1.91,1.99,1.93,2,1.94,2.04,1.9,1.99
E0,01/11/2020,12:00,Aston Villa,Southampton,3,4,A,0,3,A,D England,19,9,10,4,12,17,11,1,1,2,0,0,2.45,3.5,2.8,2.35,3.6,2.85,2.5,3.35,2.75,2.53,3.72,2.81,2.5,3.5,2.75,2.4,3.6,2.8,2.6,3.84,2.85,2.46,3.6,2.78,1.66,2.2,1.66,2.37,1.69,2.38,1.65,2.27,0,1.83,2.07,1.87,2.07,1.87,2.09,1.83,2.05,2.6,3.5,2.62,2.5,3.6,2.7,2.55,3.5,2.7,2.69,3.56,2.73,2.6,3.5,2.62,2.5,3.6,2.7,2.7,3.7,2.8,2.57,3.55,2.69,1.66,2.2,1.7,2.29,1.71,2.37,1.66,2.24,0,1.93,1.97,1.95,1.98,1.97,2.04,1.89,1.98
E0,01/11/2020,14:00,Newcastle,Everton,2,1,H,0,0,D,S Attwell,11,15,4,4,9,10,5,4,2,4,0,0,3.7,3.4,2.05,3.75,3.4,2.05,3.55,3.3,2.1,3.82,3.56,2.09,3.7,3.4,2.05,3.5,3.5,2.05,4,3.59,2.15,3.71,3.47,2.06,1.8,2,1.86,2.07,1.88,2.08,1.82,2.01,0.25,2.05,1.75,2.15,1.8,2.17,1.83,2.12,1.77,3.3,3.3,2.25,3.3,3.3,2.25,3.15,3.35,2.3,3.34,3.43,2.33,3.4,3.25,2.25,3.3,3.3,2.25,3.62,3.5,2.34,3.34,3.33,2.27,2,1.8,2.12,1.81,2.14,1.92,2.04,1.8,0.25,1.95,1.95,1.93,2,1.99,2.03,1.93,1.95
E0,01/11/2020,16:30,Man United,Arsenal,0,1,A,0,0,D,M Dean,8,7,2,2,12,12,6,3,3,3,0,0,2,3.6,3.6,2,3.7,3.6,2.05,3.45,3.55,2.05,3.78,3.73,2.05,3.6,3.6,2.05,3.6,3.5,2.1,3.85,3.76,2.04,3.66,3.58,1.72,2.1,1.76,2.19,1.81,2.22,1.74,2.12,-0.5,2.05,1.85,2.05,1.88,2.09,1.9,2.04,1.84,1.95,3.6,3.8,1.95,3.6,3.9,2,3.5,3.8,2.02,3.65,3.97,2,3.5,3.8,1.95,3.5,4,2.06,3.75,4,1.99,3.59,3.87,1.9,1.9,1.96,1.96,1.99,2.1,1.88,1.95,-0.5,2,1.9,2.03,1.9,2.05,1.92,2,1.88
E0,01/11/2020,19:15,Tottenham,Brighton,2,1,H,1,0,H,G Scott,9,6,3,2,14,13,4,5,2,1,0,0,1.61,4,5.5,1.62,4.25,5,1.65,3.9,5,1.65,4.26,5.54,1.63,4,5.25,1.62,4.2,5.25,1.67,4.3,5.75,1.63,4.17,5.29,1.66,2.2,1.68,2.32,1.71,2.35,1.65,2.26,-1,2.02,1.77,2.15,1.8,2.16,1.84,2.09,1.8,1.55,4.33,6,1.57,4.25,5.5,1.6,4.2,5.75,1.61,4.36,5.77,1.57,4,6,1.57,4.2,5.75,1.63,4.45,6.39,1.59,4.29,5.62,1.66,2.2,1.68,2.32,1.72,2.37,1.65,2.27,-1,2.06,1.84,2.11,1.84,2.13,1.99,2.02,1.86
E0,02/11/2020,17:30,Fulham,West Brom,2,0,H,2,0,H,S Hooper,13,10,6,1,13,11,5,2,3,2,0,0,2.4,3.3,3,2.4,3.3,3,2.45,3.1,3,2.47,3.4,3.13,2.4,3.3,3,2.45,3.25,3,2.56,3.5,3.17,2.44,3.32,3.01,2,1.8,2.13,1.8,2.14,1.85,2.06,1.78,-0.25,2.1,1.8,2.11,1.84,2.15,1.86,2.1,1.8,2.4,3.3,3,2.45,3.3,2.95,2.4,3.05,3.1,2.48,3.32,3.19,2.4,3.2,3.1,2.4,3.25,3.1,2.48,3.45,3.22,2.41,3.27,3.09,2.05,1.85,2.05,1.88,2.11,1.92,2.02,1.81,-0.25,2.06,1.84,2.11,1.84,2.12,1.87,2.08,1.82
E0,02/11/2020,20:00,Leeds,Leicester,1,4,A,0,2,A,A Marriner,11,10,4,8,9,5,10,3,1,1,0,0,2.5,3.6,2.62,2.6,3.6,2.6,2.55,3.3,2.7,2.59,3.65,2.79,2.55,3.5,2.7,2.63,3.5,2.63,2.66,3.72,2.82,2.56,3.56,2.68,1.72,2.1,1.76,2.19,1.81,2.19,1.75,2.1,0,1.93,1.97,1.89,2.04,1.98,2.05,1.9,1.97,2.4,3.7,2.75,2.4,3.6,2.8,2.4,3.35,2.85,2.42,3.71,2.97,2.45,3.5,2.8,2.4,3.6,2.8,2.58,3.83,2.98,2.41,3.63,2.84,1.61,2.3,1.64,2.4,1.66,2.47,1.61,2.33,-0.25,2.1,1.8,2.1,1.85,2.17,1.87,2.1,1.81
E0,06/11/2020,17:30,Brighton,Burnley,0,0,D,0,0,D,M Dean,19,4,3,1,11,5,5,3,1,0,0,0,1.85,3.5,4.33,1.9,3.5,4.25,1.9,3.5,4.3,1.93,3.51,4.63,1.88,3.4,4.4,1.83,3.5,4.6,1.94,3.65,4.71,1.9,3.48,4.42,2.1,1.72,2.18,1.77,2.2,1.8,2.11,1.74,-0.5,1.9,2.03,1.93,2.01,1.96,2.05,1.89,1.99,1.9,3.4,4.2,1.9,3.5,4.25,1.95,3.35,4.2,1.99,3.42,4.45,1.91,3.3,4.4,2,3.25,4.1,2.69,3.5,4.53,1.98,3.39,4.19,2.2,1.66,2.3,1.7,2.32,1.94,2.19,1.69,-0.5,2,1.93,1.99,1.94,2.04,1.96,1.98,1.9
E0,06/11/2020,20:00,Southampton,Newcastle,2,0,H,1,0,H,P Bankes,15,4,8,2,12,11,8,3,1,2,0,0,2,3.6,3.7,2,3.5,3.75,2.05,3.6,3.5,2.08,3.62,3.8,2,3.6,3.7,2,3.6,3.7,2.1,3.76,3.84,2.04,3.58,3.7,1.8,2,1.87,2.06,1.88,2.08,1.83,2,-0.5,2.06,1.87,2.08,1.86,2.08,1.9,2.03,1.84,2.1,3.5,3.4,2.15,3.4,3.4,2.15,3.5,3.45,2.2,3.47,3.59,2.15,3.4,3.4,2.15,3.4,3.4,2.28,3.65,3.91,2.16,3.43,3.46,1.9,1.9,2.01,1.92,2.03,2.05,1.93,1.89,-0.25,1.91,2.02,1.89,2.04,1.94,2.05,1.88,2
E0,07/11/2020,12:30,Everton,Man United,1,3,A,1,2,A,P Tierney,7,13,1,5,12,19,5,2,4,2,0,0,2.9,3.5,2.37,2.85,3.5,2.4,2.9,3.3,2.4,2.98,3.65,2.44,2.9,3.5,2.4,2.9,3.5,2.38,3.04,3.65,2.51,2.91,3.52,2.42,1.72,2.1,1.8,2.13,1.84,2.18,1.76,2.08,0.25,1.84,2.09,1.83,2.12,1.84,2.13,1.81,2.08,3.25,3.6,2.15,3.1,3.5,2.25,3.05,3.6,2.3,3.33,3.68,2.23,3.1,3.5,2.25,3.1,3.5,2.25,3.55,3.86,2.38,3.18,3.61,2.22,1.72,2.1,1.78,2.16,1.8,2.32,1.72,2.15,0.25,2,1.93,2,1.93,2.04,1.99,1.96,1.92
E0,07/11/2020,15:00,Crystal Palace,Leeds,4,1,H,3,1,H,C Kavanagh,10,9,6,3,9,1,3,6,0,2,0,0,2.87,3.4,2.45,2.9,3.4,2.45,2.9,3.15,2.5,2.99,3.48,2.52,2.9,3.3,2.5,3,3.3,2.45,3.01,3.49,2.58,2.92,3.37,2.47,1.9,1.9,1.97,1.95,2.05,1.96,1.94,1.88,0,2.13,1.81,2.15,1.81,2.15,1.83,2.11,1.78,2.8,3.5,2.45,2.8,3.4,2.5,2.85,3.2,2.5,2.89,3.57,2.54,2.8,3.4,2.5,2.8,3.4,2.5,3.04,3.61,2.6,2.84,3.43,2.49,1.8,2,1.86,2.07,1.91,2.15,1.83,1.99,0,2.06,1.87,2.1,1.85,2.15,1.87,2.07,1.82
E0,07/11/2020,17:30,Chelsea,Sheffield United,4,1,H,2,1,H,J Moss,20,6,9,3,5,14,6,7,0,2,0,0,1.36,5,8.5,1.4,4.75,7.75,1.4,4.9,8.25,1.41,5.06,8.48,1.38,4.75,8.5,1.36,4.8,9,1.44,5.2,9,1.39,4.93,8.23,1.72,2.1,1.74,2.21,1.76,2.28,1.69,2.19,-1.25,1.95,1.98,1.97,1.95,1.99,2.02,1.9,1.97,1.36,5,8,1.4,4.75,7.75,1.35,5,9.5,1.39,5.16,8.7,1.36,4.75,9.5,1.33,5,8.5,1.43,5.25,9.8,1.38,4.95,8.63,1.72,2.1,1.78,2.15,1.85,2.26,1.75,2.09,-1.25,1.86,2.07,1.89,2.04,1.91,2.11,1.86,2.03
E0,07/11/2020,20:00,West Ham,Fulham,1,0,H,0,0,D,R Jones,16,13,7,3,10,9,9,5,2,2,0,0,1.83,3.75,4.2,1.85,3.75,4.1,1.83,3.55,4.3,1.85,3.98,4.34,1.8,3.75,4.33,1.8,3.7,4.5,1.88,4,4.5,1.83,3.82,4.23,1.8,2,1.85,2.09,1.88,2.09,1.82,2,-0.75,2.02,1.77,2.12,1.81,2.14,1.84,2.09,1.79,1.83,3.8,4,1.8,3.8,4.33,1.9,3.5,4.1,1.9,3.96,4.12,1.83,3.75,4.2,1.83,3.7,4.33,1.91,4,4.38,1.85,3.79,4.2,1.8,2,1.9,2.02,1.92,2.15,1.83,1.99,-0.5,1.86,2.07,1.9,2.03,1.9,2.09,1.86,2.03
E0,08/11/2020,12:00,West Brom,Tottenham,0,1,A,0,0,D,A Madley,12,19,2,5,17,12,9,6,1,0,0,0,7,4.33,1.45,6,4.2,1.55,6.25,4.3,1.53,6.58,4.45,1.54,6.5,4.33,1.5,7,4.4,1.5,7,4.58,1.56,6.38,4.38,1.52,1.72,2.1,1.71,2.26,1.75,2.26,1.7,2.17,1,2.07,1.86,2.04,1.89,2.08,1.91,2.02,1.85,6,4.6,1.5,6.5,4.75,1.45,7,4.7,1.45,6.88,4.71,1.5,7,4.4,1.47,7,4.5,1.45,7,4.85,1.57,6.41,4.6,1.49,1.66,2.2,1.69,2.3,1.7,2.37,1.65,2.25,1,2.15,1.79,2.12,1.81,2.16,1.84,2.09,1.8
E0,08/11/2020,14:00,Leicester,Wolves,1,0,H,1,0,H,A Taylor,10,7,3,2,12,8,6,3,2,3,0,0,2.3,3.2,3.25,2.25,3.2,3.4,2.4,2.9,3.25,2.47,3.17,3.35,2.38,3.2,3.2,2.38,3.13,3.25,2.5,3.34,3.45,2.38,3.14,3.28,2.3,1.61,2.42,1.63,2.45,1.66,2.34,1.6,-0.25,2.06,1.87,2.09,1.86,2.09,1.9,2.03,1.85,2.25,3.2,3.3,2.25,3.2,3.4,2.35,3.15,3.3,2.47,3.17,3.35,2.35,3.1,3.3,2.38,3.13,3.25,2.47,3.29,3.65,2.36,3.14,3.32,2.3,1.61,2.38,1.66,2.42,1.72,2.31,1.62,-0.25,2.05,1.88,2.09,1.85,2.09,1.92,2.02,1.86
E0,08/11/2020,16:30,Man City,Liverpool,1,1,D,1,1,D,C Pawson,7,10,2,3,19,11,1,2,3,1,0,0,1.95,4.2,3.4,1.95,4,3.5,2,3.8,3.4,2,4.2,3.56,2,3.9,3.4,2,3.9,3.4,2.05,4.33,3.59,1.99,4.03,3.42,1.44,2.75,1.45,2.89,1.49,2.94,1.44,2.79,-0.5,2.02,1.91,2,1.93,2.05,1.95,2,1.88,1.9,4.2,3.5,1.9,4,3.7,1.95,3.9,3.6,1.95,4.17,3.78,1.88,4.2,3.6,1.9,4.1,3.6,1.99,4.49,3.9,1.92,4.14,3.62,1.4,3,1.42,3.08,1.45,3.22,1.41,2.9,-0.5,1.95,1.98,1.95,1.99,1.96,2.01,1.92,1.95
E0,08/11/2020,19:15,Arsenal,Aston Villa,0,3,A,0,1,A,M Atkinson,13,15,2,6,11,13,3,8,0,0,0,0,1.65,4.1,5,1.7,4,4.75,1.73,3.75,4.7,1.7,4.11,5.27,1.7,3.8,5,1.67,4,5,1.75,4.2,5.27,1.7,3.97,4.92,1.66,2.2,1.69,2.3,1.74,2.34,1.68,2.22,-0.75,1.9,2.03,1.9,2.03,1.95,2.04,1.89,1.99,1.61,4.4,4.75,1.65,4.33,4.6,1.65,4.2,5,1.66,4.58,4.95,1.62,4.2,5.25,1.62,4.2,5.25,1.69,4.58,5.55,1.65,4.31,4.91,1.57,2.37,1.61,2.47,1.68,2.55,1.6,2.36,-0.75,1.85,2.08,1.85,2.1,1.86,2.15,1.83,2.07
E0,21/11/2020,12:30,Newcastle,Chelsea,0,2,A,0,1,A,C Pawson,8,14,1,3,11,12,7,4,2,0,0,0,6.5,4.75,1.45,6,4.6,1.5,5.75,4.6,1.5,6.74,4.61,1.52,6.5,4.33,1.5,7,4.5,1.45,7,4.75,1.54,6.39,4.54,1.5,1.66,2.2,1.7,2.27,1.73,2.38,1.66,2.24,1,2.1,1.83,2.1,1.84,2.16,1.86,2.08,1.81,7,4.75,1.44,7,4.75,1.44,7,4.6,1.45,7.33,4.94,1.46,7,4.4,1.47,7.5,4.5,1.44,8,5.1,1.5,7.07,4.75,1.45,1.66,2.2,1.71,2.25,1.72,2.31,1.68,2.2,1.25,1.92,2.01,1.9,2.03,1.94,2.05,1.88,2
E0,21/11/2020,15:00,Aston Villa,Brighton,1,2,A,0,1,A,M Oliver,15,7,4,3,5,18,12,3,2,1,0,1,2.15,3.6,3.2,2.15,3.6,3.25,2.2,3.6,3.05,2.24,3.69,3.28,2.2,3.6,3.2,2.15,3.5,3.3,2.27,3.78,3.34,2.19,3.61,3.21,1.72,2.1,1.77,2.15,1.8,2.18,1.75,2.09,-0.25,1.92,2.01,1.94,1.98,1.94,2.04,1.9,1.98,2.3,3.5,3,2.25,3.5,3.1,2.3,3.55,3,2.4,3.51,3.12,2.25,3.5,3.1,2.25,3.6,3.1,2.4,3.73,3.45,2.28,3.52,3.11,1.66,2.2,1.7,2.26,1.76,2.37,1.69,2.18,-0.25,2.04,1.89,2.07,1.86,2.08,1.92,2.01,1.88
E0,21/11/2020,17:30,Tottenham,Man City,2,0,H,1,0,H,M Dean,4,22,2,5,13,19,0,10,2,2,0,0,4,4,1.8,4.1,3.8,1.83,3.95,4,1.8,4.24,4.21,1.82,4.2,3.9,1.8,4.2,3.9,1.8,4.35,4.21,1.88,4.1,4.03,1.81,1.57,2.37,1.63,2.43,1.67,2.49,1.6,2.37,0.75,1.85,2.08,1.88,2.05,1.89,2.11,1.83,2.05,4.2,4,1.75,4.2,4.1,1.75,3.8,4,1.83,4.3,4.21,1.81,4.2,4,1.8,4.1,4,1.8,4.6,4.35,1.86,4.12,4.09,1.8,1.57,2.37,1.58,2.51,1.64,2.55,1.57,2.43,0.75,1.88,2.05,1.89,2.03,1.91,2.08,1.85,2.03
E0,21/11/2020,20:00,Man United,West Brom,1,0,H,0,0,D,D Coote,17,7,7,2,12,17,8,2,1,1,0,0,1.3,5.5,9.5,1.3,5.5,9.75,1.35,5.5,7.5,1.34,5.5,10.03,1.32,5.25,9.5,1.33,5,10,1.38,5.75,10.5,1.34,5.34,9.21,1.66,2.2,1.66,2.35,1.7,2.38,1.64,2.28,-1.5,2.06,1.87,2.09,1.85,2.11,1.93,2.02,1.85,1.3,5.75,9,1.3,5.75,9,1.35,5.5,7.5,1.33,5.76,9.79,1.32,5.5,9,1.3,5.5,10,1.36,6.05,10,1.32,5.61,9.13,1.57,2.37,1.61,2.46,1.61,2.58,1.56,2.43,-1.5,1.98,1.95,1.99,1.93,2.01,1.96,1.95,1.92
E0,22/11/2020,12:00,Fulham,Everton,2,3,A,1,3,A,A Madley,14,9,6,7,14,10,2,5,2,0,0,0,3.9,3.9,1.85,4,3.8,1.85,3.7,3.75,1.9,4.06,3.86,1.93,4,3.7,1.88,4.1,3.7,1.87,4.12,3.96,1.96,3.93,3.79,1.9,1.72,2.1,1.81,2.1,1.82,2.17,1.75,2.1,0.5,2,1.93,1.99,1.93,2.02,1.96,1.96,1.91,4.2,3.8,1.8,4.2,3.75,1.85,3.8,3.7,1.9,4.24,3.89,1.88,4.4,3.6,1.83,4.2,3.7,1.85,4.68,3.95,1.9,4.21,3.78,1.85,1.9,1.9,1.95,1.95,1.97,2.05,1.87,1.95,0.5,2.06,1.87,2.04,1.88,2.08,1.9,2.03,1.85
E0,22/11/2020,14:00,Sheffield United,West Ham,0,1,A,0,0,D,M Atkinson,9,15,5,3,7,6,2,6,0,0,0,0,3,3.25,2.4,3,3.3,2.4,3.05,3,2.45,3.2,3.3,2.48,3,3.3,2.4,3,3.2,2.45,3.2,3.46,2.53,3.06,3.26,2.43,2.1,1.72,2.12,1.79,2.25,1.81,2.11,1.74,0.25,1.82,2.11,1.83,2.1,1.85,2.16,1.8,2.08,3.1,3.2,2.4,3,3.25,2.45,3.05,3.15,2.4,3.09,3.25,2.56,3.2,3.1,2.4,3,3.2,2.45,3.37,3.3,2.61,3.09,3.2,2.46,2.2,1.66,2.21,1.74,2.24,1.76,2.15,1.71,0.25,1.7,2.1,1.78,2.16,1.86,2.21,1.78,2.11
E0,22/11/2020,16:30,Leeds,Arsenal,0,0,D,0,0,D,A Taylor,25,9,4,2,9,8,5,3,3,0,0,1,3,3.75,2.2,3.1,3.75,2.15,3.05,3.65,2.2,3.18,3.84,2.25,3.2,3.6,2.2,3.13,3.6,2.2,3.28,3.84,2.3,3.13,3.7,2.21,1.66,2.2,1.67,2.33,1.72,2.38,1.66,2.24,0.25,1.98,1.95,1.97,1.95,1.99,1.97,1.95,1.92,3.4,3.8,2,3.4,3.75,2.05,3.3,3.6,2,3.58,3.89,2.06,3.4,3.7,2.05,3.5,3.6,2.05,3.67,3.95,2.14,3.48,3.78,2.04,1.66,2.2,1.69,2.27,1.77,2.37,1.67,2.23,0.5,1.88,2.05,1.88,2.06,1.9,2.08,1.85,2.04
E0,22/11/2020,19:15,Liverpool,Leicester,3,0,H,2,0,H,C Kavanagh,24,11,13,4,15,6,10,3,0,2,0,0,1.85,4,3.8,1.91,3.8,3.75,1.9,3.8,3.75,1.88,4.08,3.84,1.88,3.8,3.9,1.9,3.8,3.9,1.99,4.15,4.1,1.9,3.92,3.82,1.57,2.37,1.57,2.48,1.64,2.55,1.59,2.39,-0.5,1.92,2.01,1.88,2,1.96,2.06,1.89,1.98,1.75,4,4.33,1.7,4.1,4.6,1.8,3.9,4.1,1.82,4.12,4.32,1.78,4,4.2,1.75,4,4.33,1.84,4.4,4.6,1.78,4.05,4.31,1.61,2.3,1.63,2.41,1.66,2.55,1.58,2.4,-0.75,2.05,1.88,2.05,1.88,2.08,1.93,2.01,1.88
E0,23/11/2020,17:30,Burnley,Crystal Palace,1,0,H,1,0,H,K Friend,10,15,4,5,13,9,4,7,2,0,0,0,2.75,3.1,2.75,2.75,3.1,2.75,2.8,2.8,2.8,2.89,3.06,2.89,2.7,3.1,2.8,2.75,3.1,2.75,2.9,3.24,2.95,2.79,3.06,2.8,2.5,1.53,2.56,1.58,2.58,1.64,2.44,1.56,0,1.97,1.96,1.97,1.96,1.99,1.98,1.93,1.94,2.6,3.1,2.9,2.6,3.1,2.9,2.6,3.1,2.85,2.68,3.16,3.01,2.7,3,2.88,2.63,3.13,2.88,2.8,3.2,3.02,2.65,3.1,2.91,2.2,1.66,2.28,1.69,2.38,1.72,2.26,1.65,0,1.86,2.07,1.85,2.09,1.88,2.11,1.84,2.04
E0,23/11/2020,20:00,Wolves,Southampton,1,1,D,0,0,D,A Marriner,20,7,9,2,14,13,7,4,2,0,0,0,2.3,3.25,3.25,2.3,3.25,3.2,2.3,3,3.25,2.34,3.34,3.41,2.35,3.2,3.25,2.38,3.2,3.2,2.38,3.42,3.5,2.32,3.25,3.27,2.2,1.66,2.32,1.68,2.33,1.77,2.23,1.67,-0.25,2.03,1.9,2,1.93,2.06,1.95,1.99,1.88,2.3,3.25,3.25,2.3,3.2,3.3,2.35,3.2,3.1,2.4,3.32,3.28,2.3,3.1,3.4,2.3,3.13,3.4,2.45,3.32,3.55,2.34,3.19,3.3,2.3,1.61,2.39,1.64,2.41,1.7,2.33,1.61,-0.25,2.03,1.9,2.05,1.88,2.06,1.91,2,1.88
E0,27/11/2020,20:00,Crystal Palace,Newcastle,0,2,A,0,0,D,G Scott,12,14,3,7,9,10,7,3,2,2,0,0,2.05,3.25,3.75,2.15,3.2,3.7,2.15,3.2,3.55,2.18,3.3,3.84,2.15,3.1,3.75,2.15,3.13,3.8,2.23,3.3,3.9,2.15,3.21,3.74,2.37,1.57,2.42,1.62,2.45,1.66,2.34,1.61,-0.25,1.84,2.06,1.85,2.08,1.88,2.09,1.83,2.04,2.1,3.2,3.75,2.1,3.2,3.8,2.2,3.2,3.5,2.18,3.22,3.96,2.15,3.1,3.8,2.15,3.2,3.8,2.22,3.29,3.96,2.16,3.18,3.77,2.3,1.61,2.35,1.66,2.44,1.7,2.33,1.61,-0.25,1.82,2.08,1.85,2.09,1.86,2.12,1.83,2.05
E0,28/11/2020,12:30,Brighton,Liverpool,1,1,D,0,0,D,S Attwell,11,6,3,2,9,13,4,3,2,1,0,0,5.5,4.2,1.57,5.5,4,1.62,4.9,4.1,1.63,5.42,4.25,1.65,5.5,4,1.62,5.5,4.33,1.57,5.75,4.4,1.68,5.32,4.19,1.62,1.57,2.37,1.58,2.51,1.62,2.51,1.58,2.4,1,1.83,2.07,1.81,2.12,1.92,2.14,1.83,2.04,5,4.2,1.61,4.75,4.25,1.65,4.4,4.1,1.7,4.96,4.29,1.69,5,4,1.67,5,4.1,1.65,5.13,4.42,1.72,4.81,4.19,1.68,1.57,2.37,1.57,2.55,1.61,2.55,1.56,2.44,0.75,2.03,1.87,2.05,1.88,2.07,1.9,2.02,1.86
E0,28/11/2020,15:00,Man City,Burnley,5,0,H,3,0,H,L Mason,19,9,6,1,12,4,6,4,0,0,0,0,1.16,7.5,16,1.18,7.5,15,1.17,7.5,14,1.18,8.3,14.98,1.17,7.5,17,1.14,8,19,1.19,8.5,21,1.17,7.84,16.81,1.44,2.75,1.45,2.84,1.49,2.88,1.45,2.74,-2.25,2.06,1.84,2.07,1.83,2.11,1.9,2.04,1.82,1.12,10,17,1.12,9.5,18.5,1.15,7.5,18,1.13,11.08,19.55,1.11,9.5,21,1.11,10,21,1.15,11.78,30,1.12,9.99,20.57,1.33,3.4,1.33,3.46,1.4,3.49,1.34,3.23,-2.5,1.98,1.92,1.97,1.93,2.04,1.96,1.97,1.89
E0,28/11/2020,17:30,Everton,Leeds,0,1,A,0,0,D,C Kavanagh,15,23,8,7,8,14,4,2,1,2,0,0,1.95,3.8,3.6,1.95,3.7,3.7,2,3.75,3.4,2.07,3.76,3.64,2.05,3.6,3.5,2,3.7,3.6,2.1,3.99,3.77,2.02,3.72,3.57,1.61,2.3,1.63,2.4,1.67,2.4,1.62,2.31,-0.5,2.06,1.84,2.07,1.86,2.08,1.91,2.02,1.85,2.2,3.75,3,2.3,3.6,2.95,2.25,3.5,3.05,2.35,3.66,3.09,2.25,3.6,3.1,2.3,3.6,3,2.38,3.84,3.23,2.29,3.64,3.01,1.61,2.3,1.65,2.37,1.65,2.5,1.59,2.38,-0.25,2.03,1.87,2.04,1.89,2.06,1.91,2.01,1.87
E0,28/11/2020,20:00,West Brom,Sheffield United,1,0,H,1,0,H,M Dean,17,21,6,5,10,9,14,9,2,3,0,0,2.6,3.2,2.8,2.55,3.1,2.95,2.55,3.2,2.8,2.66,3.22,2.99,2.6,3.2,2.8,2.6,3.13,2.9,2.72,3.34,3.03,2.6,3.17,2.9,2.3,1.61,2.36,1.65,2.38,1.68,2.28,1.63,0,1.84,2.06,1.85,2.08,1.87,2.09,1.84,2.03,2.6,3.2,2.8,2.65,3.1,2.85,2.65,3.15,2.75,2.67,3.17,3.02,2.62,3.1,2.88,2.63,3.1,2.88,2.72,3.27,3.06,2.64,3.13,2.89,2.3,1.61,2.38,1.64,2.43,1.7,2.31,1.62,0,1.83,2.07,1.85,2.09,1.92,2.1,1.85,2.03
E0,29/11/2020,14:00,Southampton,Man United,2,3,A,2,0,H,J Moss,10,15,5,6,12,12,5,9,1,0,0,0,4,3.5,1.95,3.8,3.6,1.95,3.65,3.5,2,3.94,3.66,2.02,3.9,3.4,2,3.75,3.5,2,4.06,3.68,2.07,3.8,3.57,2,1.8,2,1.8,2.11,1.93,2.11,1.81,2.01,0.5,1.89,2.01,1.91,2.02,1.93,2.05,1.86,2,3.8,3.6,1.95,3.75,3.7,1.95,3.65,3.6,1.97,3.92,3.86,1.96,4,3.6,1.91,3.9,3.6,1.93,4.18,3.86,2,3.83,3.72,1.95,1.72,2.1,1.76,2.18,1.8,2.26,1.73,2.12,0.5,1.95,1.95,1.96,1.96,1.98,2.02,1.92,1.96
E0,29/11/2020,16:30,Chelsea,Tottenham,0,0,D,0,0,D,P Tierney,13,5,3,1,20,9,3,3,4,2,0,0,2.05,3.5,3.6,2.1,3.5,3.5,2.1,3.5,3.35,2.14,3.51,3.69,2.1,3.5,3.5,2.05,3.6,3.5,2.19,3.83,3.69,2.1,3.52,3.53,1.72,2.1,1.79,2.13,1.85,2.17,1.76,2.08,-0.25,1.8,2.1,1.84,2.1,1.87,2.13,1.81,2.06,1.95,3.6,3.75,1.95,3.7,3.75,2.15,3.45,3.4,2,3.75,3.89,2.05,3.5,3.6,2,3.6,3.6,2.15,3.8,4.05,2.01,3.65,3.71,1.72,2.1,1.72,2.23,1.81,2.26,1.72,2.14,-0.5,2.02,1.88,2,1.93,2.05,1.93,2.02,1.86
E0,29/11/2020,19:15,Arsenal,Wolves,1,2,A,1,2,A,M Oliver,13,11,2,5,13,13,8,4,3,4,0,0,2.05,3.4,3.75,2.05,3.4,3.8,2.1,3.25,3.6,2.18,3.33,3.81,2.1,3.25,3.7,2.15,3.13,3.75,2.22,3.45,3.81,2.13,3.28,3.72,2.3,1.61,2.44,1.61,2.44,1.73,2.31,1.62,-0.25,1.84,2.06,1.85,2.08,1.87,2.14,1.81,2.05,2.05,3.25,3.8,2,3.3,4,2.1,3.3,3.6,2.14,3.33,3.91,2.05,3.25,3.9,2.1,3.2,3.8,2.18,3.44,4.25,2.09,3.28,3.85,2.2,1.66,2.34,1.66,2.35,1.76,2.26,1.65,-0.25,1.81,2.09,1.83,2.11,1.85,2.16,1.8,2.1
E0,30/11/2020,17:30,Leicester,Fulham,1,2,A,0,2,A,S Hooper,16,10,3,5,9,21,6,5,0,2,0,0,1.5,4.33,6.5,1.53,4.1,6.5,1.53,4.3,6,1.54,4.53,6.44,1.52,4.2,6.5,1.5,4.33,6.5,1.58,4.53,6.55,1.54,4.35,6.15,1.72,2.1,1.72,2.23,1.81,2.23,1.73,2.12,-1,1.92,1.98,1.95,1.97,1.97,2.02,1.9,1.95,1.55,4.2,6,1.6,4.1,5.5,1.6,4.1,5.25,1.68,4.1,5.34,1.57,4,6,1.67,3.9,5.25,1.68,4.3,6.49,1.63,4.09,5.44,1.8,2,1.8,2.11,1.81,2.26,1.74,2.1,-1,2.08,1.73,2.19,1.76,2.23,1.92,2.09,1.8
E0,30/11/2020,20:00,West Ham,Aston Villa,2,1,H,1,1,D,P Bankes,6,16,2,6,20,7,3,7,1,1,0,0,2.25,3.6,3,2.25,3.5,3.1,2.3,3.5,2.95,2.36,3.64,3.09,2.3,3.5,3,2.3,3.5,3,2.38,3.8,3.1,2.32,3.57,3.01,1.72,2.1,1.73,2.22,1.77,2.29,1.71,2.15,-0.25,2.01,1.89,2.05,1.88,2.05,1.94,2.01,1.86,2.3,3.5,3,2.3,3.5,3,2.35,3.4,3,2.37,3.56,3.12,2.35,3.4,3,2.3,3.5,3,2.42,3.6,3.2,2.34,3.49,3.03,1.72,2.1,1.75,2.19,1.81,2.26,1.72,2.14,-0.25,2.03,1.87,2.05,1.88,2.07,1.9,2.02,1.86
E0,05/12/2020,12:30,Burnley,Everton,1,1,D,1,1,D,A Taylor,8,13,3,6,6,9,8,4,0,0,0,0,4,3.5,1.9,4.1,3.5,1.91,4.1,3.4,1.95,4.14,3.58,1.99,4,3.5,1.95,4.1,3.5,1.93,4.2,3.64,2.04,4.02,3.5,1.97,2,1.8,2.06,1.85,2.1,1.87,2.01,1.81,0.5,1.95,1.98,1.93,1.99,1.97,2.04,1.91,1.95,3.6,3.6,2,3.8,3.5,2,3.75,3.4,2.05,3.68,3.63,2.1,3.75,3.5,2,3.75,3.4,2.05,4.19,3.68,2.14,3.73,3.51,2.04,1.9,1.9,1.94,1.96,2.07,1.97,1.97,1.84,0.5,1.82,2.11,1.84,2.1,1.87,2.12,1.82,2.05
E0,05/12/2020,15:00,Man City,Fulham,2,0,H,2,0,H,J Moss,16,6,6,1,7,6,9,3,0,0,0,0,1.1,11,19,1.11,10,21,1.12,9,18,1.13,10.23,23.63,1.11,9,23,1.1,10,26,1.15,11,26,1.12,9.74,21.84,1.3,3.5,1.31,3.62,1.33,3.8,1.3,3.48,-2.5,2.02,1.91,2.01,1.9,2.04,1.98,1.96,1.9,1.1,11,19,1.11,10,19.5,1.12,9,18,1.13,9.9,22.91,1.11,9,23,1.1,10.5,23,1.15,12.1,29,1.12,10.05,20.63,1.33,3.4,1.32,3.52,1.37,3.7,1.32,3.37,-2.5,2.05,1.88,2.05,1.83,2.12,1.92,2,1.86
E0,05/12/2020,17:30,West Ham,Man United,1,3,A,1,0,H,A Marriner,19,15,6,6,9,10,5,4,0,0,0,0,3.6,3.6,2,3.6,3.5,2.05,3.7,3.45,2,3.75,3.69,2.06,3.6,3.4,2.1,3.6,3.6,2,3.76,3.86,2.12,3.62,3.57,2.05,1.72,2.1,1.75,2.18,1.8,2.19,1.74,2.11,0.5,1.86,2.07,1.87,2.06,1.88,2.1,1.83,2.04,3.3,3.5,2.15,3.3,3.5,2.15,3.25,3.45,2.15,3.52,3.53,2.2,3.4,3.4,2.15,3.3,3.5,2.15,3.63,3.57,2.25,3.37,3.49,2.17,1.8,2,1.83,2.07,1.85,2.15,1.8,2.03,0.25,2.03,1.9,2.03,1.89,2.06,1.92,1.99,1.88
E0,05/12/2020,20:00,Chelsea,Leeds,3,1,H,1,1,D,K Friend,23,8,11,3,12,9,8,4,0,2,0,0,1.5,4.5,6,1.53,4.4,5.75,1.55,4.4,5.5,1.56,4.54,6.19,1.53,4.33,6,1.5,4.6,6,1.58,4.74,6.2,1.54,4.5,5.82,1.5,2.62,1.49,2.76,1.57,2.77,1.5,2.59,-1,1.89,2.04,1.91,2.02,1.92,2.08,1.86,2,1.44,5,6,1.45,5,6.25,1.47,4.7,6.25,1.48,5.15,6.34,1.44,4.8,6.5,1.45,4.8,6.5,1.5,5.31,6.65,1.47,4.92,6.25,1.44,2.75,1.46,2.85,1.47,2.96,1.44,2.79,-1.25,2.07,1.86,2.06,1.87,2.08,1.97,2.01,1.87
E0,06/12/2020,12:00,West Brom,Crystal Palace,1,5,A,1,1,D,P Tierney,9,18,4,6,10,16,4,6,2,2,1,0,2.87,3.2,2.55,2.8,3.2,2.6,2.85,3.1,2.55,2.98,3.3,2.61,2.88,3.2,2.55,2.88,3.13,2.6,3.02,3.34,2.65,2.9,3.21,2.58,2.2,1.66,2.25,1.71,2.3,1.72,2.21,1.67,0,2.08,1.85,2.1,1.84,2.13,1.88,2.03,1.83,2.87,3.25,2.5,3,3.2,2.45,2.85,3.2,2.5,3.14,3.4,2.44,3,3.2,2.45,3,3.3,2.45,3.14,3.48,2.6,3.01,3.29,2.46,2,1.8,2.03,1.88,2.16,1.89,2.03,1.8,0.25,1.83,2.1,1.85,2.09,1.88,2.14,1.81,2.08
E0,06/12/2020,14:15,Sheffield United,Leicester,1,2,A,1,1,D,S Attwell,4,13,1,4,13,6,6,5,1,3,0,0,3.8,3.5,1.95,3.8,3.5,2,4,3.5,1.9,4.02,3.54,2.04,3.8,3.5,2,3.9,3.4,2,4.02,3.68,2.08,3.86,3.49,2.01,2,1.8,2.07,1.85,2.07,1.88,2.01,1.82,0.5,1.89,2.04,1.89,2.04,1.91,2.07,1.87,2,4,3.5,1.95,4,3.5,1.95,3.95,3.45,1.95,4.14,3.67,1.96,4.2,3.4,1.95,4.1,3.4,1.95,4.34,3.68,2,4.04,3.52,1.96,2,1.8,2.04,1.87,2.09,1.92,2.01,1.81,0.5,1.96,1.97,1.96,1.96,1.98,2,1.91,1.96
E0,06/12/2020,16:30,Tottenham,Arsenal,2,0,H,2,0,H,M Atkinson,6,11,3,2,16,12,3,9,1,2,0,0,1.95,3.6,3.8,1.95,3.6,3.8,2,3.5,3.7,2.07,3.56,3.87,2,3.5,3.8,1.95,3.5,3.9,2.1,3.7,4,2.01,3.54,3.79,1.9,1.9,1.96,1.94,1.99,2,1.92,1.9,-0.5,2.05,1.88,2.07,1.86,2.08,1.94,2,1.86,2.15,3.5,3.4,2.15,3.4,3.4,2.15,3.45,3.35,2.3,3.54,3.29,2.15,3.4,3.4,2.15,3.4,3.4,2.31,3.66,3.56,2.19,3.47,3.36,1.9,1.9,1.92,1.99,1.94,2.06,1.88,1.94,-0.25,1.95,1.98,1.98,1.94,1.98,2.02,1.89,1.99
E0,06/12/2020,19:15,Liverpool,Wolves,4,0,H,1,0,H,C Pawson,11,9,6,3,8,14,4,6,1,1,0,0,1.5,4.33,6.5,1.5,4.2,7,1.55,4,6.25,1.54,4.25,7.17,1.5,4.2,7,1.5,4.33,6.5,1.57,4.48,7.17,1.52,4.25,6.59,1.72,2.1,1.79,2.12,1.83,2.18,1.75,2.1,-1,1.92,2.01,1.92,2.01,1.93,2.06,1.87,1.99,1.57,4.2,5.5,1.6,4.4,5,1.57,4.2,5.75,1.61,4.44,5.64,1.57,4.2,5.8,1.55,4.33,5.75,1.62,4.5,6.1,1.58,4.31,5.57,1.61,2.3,1.66,2.35,1.7,2.47,1.63,2.28,-1,2.01,1.92,2,1.92,2.02,2.03,1.96,1.9
E0,07/12/2020,20:00,Brighton,Southampton,1,2,A,1,1,D,D Coote,12,10,4,3,12,12,4,3,3,3,0,0,2.45,3.4,2.9,2.55,3.4,2.75,2.65,3.25,2.7,2.56,3.46,2.93,2.5,3.3,2.88,2.5,3.3,2.88,2.65,3.58,2.96,2.52,3.36,2.86,1.9,1.9,1.95,1.95,2.04,1.95,1.94,1.88,0,1.84,2.09,1.83,2.11,1.86,2.11,1.82,2.04,2.4,3.4,2.9,2.45,3.4,2.9,2.5,3.35,2.8,2.51,3.42,3.02,2.4,3.3,3,2.4,3.4,3,2.55,3.48,3.1,2.44,3.38,2.96,1.9,1.9,1.96,1.94,2,2.05,1.9,1.91,-0.25,2.11,1.82,2.15,1.8,2.18,1.84,2.1,1.8
E0,11/12/2020,20:00,Leeds,West Ham,1,2,A,1,1,D,M Oliver,13,19,7,8,12,10,5,6,1,2,0,0,2.15,3.7,3.1,2.2,3.6,3.1,2.15,3.6,3.15,2.22,3.71,3.3,2.2,3.5,3.25,2.15,3.75,3.13,2.25,3.8,3.35,2.18,3.67,3.2,1.57,2.37,1.59,2.5,1.64,2.53,1.58,2.4,-0.25,1.94,1.99,1.93,1.99,1.95,2.01,1.9,1.97,2.05,3.75,3.3,2.1,3.75,3.25,2.15,3.65,3.2,2.19,3.78,3.32,2.1,3.7,3.25,2.1,3.8,3.2,2.22,3.85,3.39,2.14,3.75,3.23,1.53,2.5,1.54,2.64,1.57,2.69,1.52,2.53,-0.25,1.91,2.02,1.91,2.02,1.94,2.04,1.88,1.99
E0,12/12/2020,12:30,Wolves,Aston Villa,0,1,A,0,0,D,M Dean,16,13,7,2,23,15,5,8,2,5,0,0,2.25,3.25,3.25,2.35,3.3,3.1,2.35,3.05,3.15,2.4,3.32,3.28,2.35,3.2,3.2,2.3,3.3,3.2,2.44,3.43,3.32,2.34,3.27,3.21,2,1.8,2.08,1.84,2.13,1.85,2.05,1.79,-0.25,2.03,1.9,2.05,1.88,2.06,1.94,2,1.88,2.5,3.25,2.87,2.55,3.2,2.9,2.55,3.2,2.8,2.59,3.31,2.99,2.55,3.2,2.9,2.55,3.3,2.8,2.66,3.34,3,2.56,3.23,2.9,1.9,1.9,2,1.9,2.1,2.05,1.97,1.85,0,1.83,2.1,1.83,2.11,1.87,2.14,1.81,2.05
E0,12/12/2020,15:00,Newcastle,West Brom,2,1,H,1,0,H,D England,12,13,7,3,9,12,4,3,2,3,0,0,2.45,3.2,3,2.45,3.2,3,2.4,3.05,2.95,2.62,3.32,2.95,2.5,3.25,2.9,2.45,3.2,3,2.63,3.42,3.33,2.51,3.25,2.95,2.2,1.66,2.27,1.7,2.28,1.76,2.19,1.69,0,1.83,2.1,1.85,2.09,1.85,2.16,1.8,2.09,2.4,3.25,3,2.45,3.25,3,2.4,3.05,2.95,2.47,3.24,3.24,2.4,3.2,3.1,2.45,3.25,3,2.51,3.45,3.26,2.45,3.22,3.08,2,1.8,2.13,1.79,2.2,1.83,2.08,1.76,-0.25,2.11,1.82,2.1,1.84,2.16,1.85,2.09,1.8
E0,12/12/2020,17:30,Man United,Man City,0,0,D,0,0,D,C Kavanagh,11,9,2,2,13,6,4,3,1,1,0,0,4.33,4.2,1.72,4.2,4.2,1.75,4.4,3.85,1.73,4.49,4.32,1.75,4.5,4,1.73,4.75,4,1.7,4.75,4.35,1.79,4.39,4.16,1.74,1.61,2.3,1.65,2.35,1.71,2.39,1.65,2.27,0.75,1.96,1.97,1.95,1.97,1.97,1.99,1.93,1.94,4.5,4.33,1.66,4.5,4.2,1.7,4.3,3.9,1.75,4.68,4.29,1.73,4.5,4,1.73,4.6,3.8,1.75,4.8,4.43,1.77,4.57,4.17,1.71,1.61,2.3,1.67,2.33,1.74,2.47,1.64,2.28,0.75,1.99,1.94,1.99,1.93,2.02,1.95,1.97,1.91
E0,12/12/2020,20:00,Everton,Chelsea,1,0,H,1,0,H,J Moss,9,10,4,3,10,11,6,6,2,3,0,0,4.33,4.2,1.7,4.25,4.1,1.75,4.4,3.8,1.73,4.52,4.28,1.76,4.33,4,1.75,4.5,4,1.73,4.57,4.4,1.8,4.36,4.12,1.75,1.61,2.3,1.64,2.39,1.67,2.45,1.6,2.34,0.75,1.95,1.98,1.94,1.98,1.96,1.98,1.91,1.95,4.5,4.33,1.66,4.5,4.33,1.67,4.7,4,1.67,4.99,4.19,1.71,4.75,4.2,1.67,5,4.1,1.65,5.02,4.43,1.72,4.77,4.22,1.68,1.72,2.1,1.75,2.18,1.8,2.37,1.67,2.22,0.75,2.05,1.88,2.03,1.9,2.1,1.91,2.03,1.85
E0,13/12/2020,12:00,Southampton,Sheffield United,3,0,H,1,0,H,A Madley,16,3,6,0,8,14,8,4,0,1,0,0,1.7,3.75,5,1.7,3.8,5,1.73,3.5,4.9,1.73,4.01,5.07,1.7,3.8,5,1.7,3.7,5.25,1.76,4.01,5.25,1.72,3.83,4.95,2.01,1.89,2.01,1.89,2.07,1.92,1.99,1.83,-0.75,1.97,1.96,1.97,1.94,1.98,1.97,1.94,1.93,1.61,3.8,5.25,1.65,3.9,5.25,1.63,3.95,5.25,1.65,4.11,5.75,1.63,3.9,5.5,1.6,4,5.75,1.68,4.25,5.81,1.64,4.03,5.45,1.8,2,1.86,2.05,1.9,2.15,1.82,2.01,-1,2.02,1.77,2.17,1.78,2.2,1.91,2.11,1.78
E0,13/12/2020,14:15,Crystal Palace,Tottenham,1,1,D,0,1,A,K Friend,16,14,5,6,15,11,4,7,1,1,0,0,4.5,3.9,1.72,4.75,3.7,1.75,4.6,3.5,1.77,4.92,3.83,1.79,4.75,3.7,1.75,4.8,3.7,1.75,4.92,3.94,1.82,4.71,3.75,1.76,1.9,1.9,1.96,1.94,1.97,1.99,1.9,1.91,0.75,1.9,2.03,1.9,2.03,1.94,2.03,1.88,1.98,4,3.8,1.85,4.1,3.8,1.83,4,3.7,1.85,4.33,3.93,1.85,4.2,3.7,1.83,4.5,3.7,1.8,4.6,3.93,1.91,4.21,3.77,1.85,1.8,2,1.86,2.05,1.91,2.11,1.84,1.97,0.5,2.07,1.86,2.08,1.85,2.11,1.88,2.03,1.84
E0,13/12/2020,16:30,Fulham,Liverpool,1,1,D,1,0,H,A Marriner,10,12,5,6,9,5,6,8,3,1,0,0,9,5.5,1.3,8.5,5.5,1.33,8,5.25,1.33,8.67,5.98,1.34,8.5,5.5,1.33,8,5.25,1.36,9.3,6,1.37,8.44,5.66,1.34,1.4,3,1.44,2.95,1.44,3.05,1.42,2.84,1.5,1.99,1.94,1.99,1.93,2.01,1.96,1.96,1.9,8,5.5,1.33,7.75,5.5,1.35,7.5,5.5,1.35,8.51,5.36,1.38,8.5,5.25,1.35,8.5,5,1.36,9.3,5.8,1.4,8.24,5.43,1.35,1.53,2.5,1.52,2.66,1.53,2.82,1.49,2.63,1.5,1.9,2.03,1.91,2.01,1.97,2.06,1.89,1.97
E0,13/12/2020,19:15,Arsenal,Burnley,0,1,A,0,0,D,G Scott,18,10,6,2,5,11,13,4,2,1,1,0,1.53,4.2,6.25,1.55,4.1,6.25,1.55,3.95,6.5,1.54,4.33,6.84,1.53,4.2,6.5,1.53,4.1,6.5,1.58,4.48,7,1.54,4.22,6.42,1.9,1.9,1.95,1.95,1.97,1.98,1.9,1.92,-1,1.97,1.96,1.97,1.95,2,2.01,1.92,1.94,1.4,4.75,8,1.42,4.75,7.25,1.47,4.4,6.75,1.49,4.82,6.88,1.42,4.5,8,1.44,4.5,7.5,1.52,4.83,8.65,1.46,4.62,7.17,1.72,2.1,1.74,2.21,1.79,2.26,1.72,2.13,-1.25,2.07,1.86,2.09,1.85,2.13,1.92,2.04,1.84
E0,13/12/2020,19:15,Leicester,Brighton,3,0,H,3,0,H,M Atkinson,15,12,6,4,9,11,9,5,2,1,0,0,2,3.5,3.8,2,3.4,3.9,2,3.45,3.75,2.06,3.56,3.91,2,3.5,3.75,2,3.5,3.8,2.11,3.72,3.93,2.03,3.49,3.76,1.9,1.9,1.94,1.96,1.99,1.98,1.91,1.91,-0.5,2.06,1.87,2.06,1.88,2.08,1.89,2.02,1.84,2,3.5,3.75,1.95,3.6,3.9,2.05,3.5,3.55,2.12,3.55,3.72,2,3.5,3.8,2.05,3.5,3.6,2.13,3.7,4.07,2.04,3.52,3.7,1.8,2,1.88,2.03,1.92,2.15,1.83,1.99,-0.5,2.1,1.83,2.12,1.83,2.13,1.88,2.05,1.82
E0,15/12/2020,18:00,Wolves,Chelsea,2,1,H,0,0,D,S Attwell,12,13,4,3,12,12,5,6,2,2,0,0,5.25,3.8,1.66,5,3.8,1.7,5.5,3.5,1.7,5.59,3.9,1.7,5.5,3.7,1.67,5.75,3.7,1.65,5.8,4.05,1.74,5.44,3.79,1.68,2,1.8,2.1,1.81,2.2,1.87,2.06,1.78,0.75,2.03,1.9,2.01,1.91,2.05,1.92,1.99,1.88,5.25,3.8,1.66,5.25,3.8,1.67,5.25,3.5,1.7,5.79,3.86,1.68,5.5,3.6,1.7,5.5,3.7,1.67,5.79,4.06,1.76,5.37,3.74,1.69,2.1,1.72,2.14,1.78,2.21,1.83,2.1,1.75,0.75,1.98,1.95,2.03,1.9,2.03,1.96,1.96,1.91
E0,15/12/2020,20:00,Man City,West Brom,1,1,D,1,1,D,P Bankes,26,5,7,1,5,8,13,2,2,3,0,0,1.09,11,21,1.1,10.5,23,1.1,9.5,24,1.11,9.75,23.03,1.11,9,26,1.08,11,29,1.16,11.75,29,1.12,9.96,22.77,1.36,3.2,1.33,3.32,1.37,3.5,1.35,3.22,-2.5,2.02,1.91,2,1.85,2.03,1.95,1.96,1.89,1.1,11,21,1.1,10.5,21,1.1,9.5,24,1.09,12.6,29.4,1.08,11,26,1.08,11.5,26,1.11,13,29.4,1.1,11.01,24.73,1.28,3.75,1.28,3.83,1.34,3.88,1.29,3.55,-2.5,1.84,2.09,1.82,2.06,1.91,2.11,1.83,2.04
E0,16/12/2020,18:00,Arsenal,Southampton,1,1,D,0,1,A,P Tierney,9,13,4,3,13,13,2,7,1,3,1,0,2.25,3.5,3.1,2.2,3.5,3.2,2.25,3.25,3.15,2.27,3.55,3.32,2.25,3.4,3.2,2.2,3.5,3.2,2.33,3.68,3.32,2.25,3.47,3.19,1.8,2,1.83,2.07,1.86,2.1,1.8,2.03,-0.25,1.97,1.96,1.96,1.96,2,1.97,1.94,1.93,2.1,3.5,3.4,2.15,3.5,3.3,2.2,3.35,3.35,2.17,3.58,3.55,2.2,3.4,3.3,2.15,3.5,3.3,2.23,3.61,3.55,2.16,3.5,3.37,1.72,2.1,1.81,2.11,1.82,2.15,1.77,2.06,-0.25,1.87,2.06,1.87,2.06,1.9,2.07,1.87,2
E0,16/12/2020,18:00,Leeds,Newcastle,5,2,H,1,1,D,S Hooper,25,10,10,4,10,13,7,4,3,1,0,0,1.75,4,4.33,1.75,3.8,4.6,1.77,3.6,4.4,1.78,4.07,4.6,1.75,3.8,4.6,1.75,3.8,4.5,1.83,4.1,4.7,1.76,3.89,4.49,1.72,2.1,1.72,2.23,1.82,2.23,1.74,2.1,-0.75,2.02,1.88,2.03,1.9,2.06,1.93,1.99,1.87,1.55,4.33,5.75,1.62,4.25,5,1.6,4.1,5.25,1.6,4.54,5.6,1.6,4.2,5.25,1.6,4.33,4.5,1.64,4.55,5.9,1.58,4.39,5.36,1.53,2.5,1.57,2.56,1.59,2.56,1.55,2.46,-1,1.95,1.95,1.96,1.96,2.02,1.98,1.95,1.9
E0,16/12/2020,18:00,Leicester,Everton,0,2,A,0,1,A,L Mason,14,11,2,6,12,9,4,6,2,3,0,0,2.15,3.6,3.25,2.2,3.6,3.1,2.2,3.3,3.2,2.23,3.62,3.37,2.2,3.5,3.2,2.2,3.6,3.13,2.26,3.78,3.37,2.2,3.55,3.22,1.72,2.1,1.71,2.24,1.75,2.26,1.69,2.17,-0.25,1.93,2,1.93,2,1.96,2.02,1.91,1.96,2.1,3.4,3.5,2.15,3.4,3.4,2.15,3.35,3.3,2.16,3.55,3.58,2.1,3.4,3.6,2.1,3.6,3.4,2.2,3.87,3.75,2.13,3.51,3.45,1.72,2.1,1.75,2.18,1.75,2.26,1.7,2.16,-0.25,1.86,2.07,1.87,2.07,1.9,2.11,1.84,2.03
E0,16/12/2020,20:00,Fulham,Brighton,0,0,D,0,0,D,R Jones,9,9,4,4,15,11,1,8,1,0,0,0,2.87,3.3,2.5,2.9,3.3,2.5,2.9,3.05,2.5,3,3.4,2.53,2.9,3.25,2.5,2.9,3.3,2.5,3.06,3.45,2.64,2.9,3.28,2.51,2,1.8,2.09,1.81,2.17,1.85,2.05,1.77,0,2.13,1.81,2.15,1.81,2.15,1.85,2.07,1.79,3,3.2,2.5,2.9,3.3,2.5,2.85,3.05,2.55,3.04,3.31,2.56,2.9,3.2,2.55,2.88,3.25,2.55,3.04,3.44,2.65,2.89,3.28,2.54,2,1.8,2.1,1.81,2.1,1.92,2.02,1.8,0,2.15,1.79,2.15,1.8,2.17,1.85,2.07,1.8
E0,16/12/2020,20:00,Liverpool,Tottenham,2,1,H,1,1,D,A Taylor,17,8,11,2,8,9,7,4,0,2,0,0,1.75,3.8,4.5,1.78,3.75,4.5,1.8,3.65,4.3,1.81,3.9,4.64,1.78,3.75,4.5,1.75,3.9,4.4,1.85,4.03,4.72,1.79,3.84,4.44,1.66,2.2,1.7,2.27,1.74,2.34,1.66,2.24,-0.75,2.02,1.91,2.04,1.89,2.05,1.92,2.01,1.86,1.8,3.8,4.2,1.85,3.9,4,1.83,3.65,4.1,1.81,4.07,4.39,1.8,3.75,4.33,1.8,3.9,4.2,1.9,4.1,4.65,1.82,3.92,4.19,1.61,2.3,1.66,2.34,1.7,2.41,1.64,2.27,-0.75,2.06,1.87,2.05,1.88,2.09,1.88,2.05,1.83
E0,16/12/2020,20:00,West Ham,Crystal Palace,1,1,D,0,1,A,D Coote,9,8,2,2,8,12,5,3,0,1,0,1,2.05,3.4,3.6,2.05,3.3,3.8,2.1,3.2,3.6,2.09,3.54,3.82,2.1,3.4,3.6,2.1,3.4,3.6,2.18,3.6,3.82,2.1,3.4,3.64,1.9,1.9,1.99,1.92,2.07,1.92,1.97,1.84,-0.25,1.83,2.1,1.79,2.14,1.87,2.15,1.81,2.07,2.1,3.4,3.5,2.15,3.4,3.4,2.15,3.15,3.45,2.17,3.45,3.68,2.15,3.3,3.5,2.1,3.4,3.6,2.34,3.59,3.7,2.17,3.37,3.49,1.9,1.9,1.95,1.94,2.01,2.05,1.94,1.87,-0.25,1.87,2.06,1.86,2.07,2.01,2.09,1.86,2.02
E0,17/12/2020,18:00,Aston Villa,Burnley,0,0,D,0,0,D,C Pawson,27,6,7,4,17,19,11,1,1,1,0,0,1.75,3.8,4.5,1.7,4,4.75,1.73,3.6,4.7,1.76,3.93,4.95,1.73,3.75,4.8,1.73,3.75,4.8,1.79,4.04,4.95,1.74,3.84,4.73,1.9,1.9,1.9,2.01,1.92,2.09,1.85,1.96,-0.75,2.01,1.92,2.01,1.91,2.03,1.95,1.97,1.9,1.83,3.75,4.2,1.85,3.7,4.2,1.9,3.6,4,1.85,3.86,4.47,1.83,3.7,4.33,1.87,3.7,4.1,1.91,3.98,4.55,1.86,3.74,4.17,1.72,2.1,1.79,2.13,1.81,2.26,1.75,2.09,-0.5,1.88,2.05,1.85,2.09,1.9,2.09,1.86,2
E0,17/12/2020,20:00,Sheffield United,Man United,2,3,A,1,2,A,M Oliver,12,14,6,8,17,8,6,3,3,2,0,0,7,4.6,1.44,6.5,4.5,1.48,7.75,4.8,1.4,7.35,4.78,1.47,7.5,4.4,1.44,7.5,4.4,1.44,7.75,4.8,1.5,7.14,4.54,1.46,1.8,2,1.85,2.07,1.91,2.08,1.83,1.99,1.25,1.84,2.09,1.83,2.11,1.87,2.12,1.82,2.06,7,4.5,1.44,6.75,4.75,1.44,7.25,5,1.4,7.88,4.75,1.45,7.5,4.6,1.42,7,4.6,1.45,7.88,5.05,1.49,7.2,4.73,1.44,1.72,2.1,1.72,2.23,1.74,2.37,1.67,2.21,1.25,1.94,1.99,1.93,2,1.97,2.05,1.89,1.98
E0,19/12/2020,12:30,Crystal Palace,Liverpool,0,7,A,0,3,A,J Moss,5,14,3,8,5,11,5,4,1,0,0,0,6.5,4.33,1.5,6,4.6,1.5,6,4.2,1.53,6.52,4.53,1.53,6.5,4.4,1.5,6.5,4.33,1.5,6.52,4.74,1.57,6.2,4.45,1.52,1.61,2.3,1.64,2.38,1.67,2.4,1.62,2.32,1,2.05,1.88,2.06,1.87,2.06,1.89,2.02,1.85,5.25,4,1.61,5.5,4.1,1.6,5,4,1.65,5.54,4.2,1.65,5.5,3.9,1.63,5.25,4,1.65,5.74,4.31,1.69,5.27,4.07,1.65,1.72,2.1,1.71,2.25,1.75,2.26,1.69,2.19,0.75,2.08,1.85,2.11,1.83,2.13,1.88,2.06,1.82
E0,19/12/2020,15:00,Southampton,Man City,0,1,A,0,1,A,M Dean,9,11,3,5,9,11,6,6,2,2,0,0,7,4.5,1.44,6.25,4.6,1.48,6.25,4.4,1.5,6.56,4.72,1.51,6.5,4.6,1.47,7,4.6,1.45,7,4.95,1.53,6.48,4.63,1.48,1.57,2.37,1.6,2.47,1.64,2.6,1.57,2.43,1.25,1.85,2.08,1.86,2.07,1.88,2.11,1.83,2.05,6,4.5,1.45,6,4.6,1.5,6,4.4,1.53,5.97,4.81,1.54,6.5,4.5,1.5,6,4.33,1.53,6.67,5.02,1.56,5.98,4.64,1.52,1.57,2.37,1.58,2.52,1.67,2.59,1.55,2.45,1,2.07,1.86,2.06,1.87,2.09,1.9,2.03,1.84
E0,19/12/2020,17:30,Everton,Arsenal,2,1,H,2,1,H,A Marriner,9,13,2,2,9,9,4,3,1,3,0,0,2.45,3.5,2.8,2.25,3.5,3.1,2.4,3.4,2.9,2.5,3.47,2.99,2.45,3.4,2.9,2.38,3.4,3,2.53,3.6,3.1,2.42,3.44,2.93,1.8,2,1.9,2.01,1.91,2.05,1.84,1.98,-0.25,2.11,1.82,2.15,1.8,2.15,1.86,2.08,1.8,2.62,3.4,2.62,2.65,3.4,2.65,2.55,3.3,2.75,2.75,3.45,2.72,2.62,3.5,2.62,2.63,3.3,2.7,2.79,3.66,2.78,2.66,3.39,2.68,1.9,1.9,1.99,1.91,2,2.05,1.91,1.92,0,1.98,1.95,1.97,1.95,2.01,1.97,1.93,1.93
E0,19/12/2020,20:00,Newcastle,Fulham,1,1,D,0,1,A,G Scott,12,11,5,4,7,17,2,9,1,2,0,1,2.5,3.25,2.9,2.55,3.25,2.85,2.6,3.1,2.85,2.63,3.33,2.93,2.55,3.2,2.88,2.55,3.2,2.88,2.66,3.39,2.96,2.58,3.25,2.87,2.1,1.72,2.17,1.76,2.25,1.78,2.14,1.72,0,1.86,2.07,1.86,2.07,1.87,2.09,1.83,2.03,2.87,3.3,2.5,2.75,3.3,2.6,2.85,3.1,2.6,2.89,3.38,2.63,2.8,3.3,2.55,2.8,3.3,2.55,2.93,3.58,2.65,2.84,3.29,2.58,1.9,1.9,1.98,1.93,2.01,2.05,1.94,1.87,0,2.06,1.87,2.06,1.88,2.07,1.9,2.01,1.85
E0,20/12/2020,12:00,Brighton,Sheffield United,1,1,D,0,0,D,P Bankes,21,5,5,3,9,11,14,2,1,5,0,1,1.65,3.75,5.5,1.72,3.7,5,1.7,3.45,5.5,1.69,3.85,5.79,1.7,3.6,5.5,1.7,3.5,5.75,1.75,3.88,5.79,1.69,3.72,5.43,2.2,1.66,2.23,1.72,2.33,1.74,2.22,1.67,-0.75,1.93,2,1.92,2,1.97,2.02,1.9,1.96,1.83,3.4,4.75,1.83,3.4,4.75,1.8,3.4,4.7,1.94,3.41,4.64,1.85,3.4,4.6,1.87,3.4,4.5,1.96,3.73,5,1.88,3.43,4.57,2.2,1.66,2.24,1.71,2.25,1.78,2.17,1.69,-0.5,1.93,2,1.94,1.98,1.95,2.02,1.89,1.98
E0,20/12/2020,14:15,Tottenham,Leicester,0,2,A,0,1,A,C Pawson,8,17,3,4,15,14,5,3,2,2,0,0,2.05,3.5,3.6,2.05,3.5,3.6,2.1,3.25,3.6,2.1,3.54,3.79,2.05,3.4,3.7,2.05,3.5,3.6,2.16,3.79,3.79,2.08,3.48,3.62,1.8,2,1.83,2.08,1.85,2.17,1.78,2.05,-0.5,2.08,1.85,2.1,1.84,2.17,1.87,2.07,1.8,2.05,3.5,3.6,2.1,3.5,3.5,2.1,3.45,3.4,2.15,3.54,3.63,2.05,3.4,3.75,2.05,3.5,3.6,2.16,3.6,3.91,2.1,3.48,3.56,1.9,1.9,1.92,1.99,1.94,2.05,1.86,1.96,-0.25,1.83,2.1,1.85,2.08,1.86,2.16,1.82,2.07
E0,20/12/2020,16:30,Man United,Leeds,6,2,H,4,1,H,A Taylor,26,17,14,3,6,6,11,13,1,0,0,0,1.66,4.33,4.5,1.7,4.25,4.4,1.73,3.95,4.3,1.73,4.31,4.66,1.7,4.2,4.5,1.67,4.2,4.75,1.77,4.42,4.75,1.71,4.23,4.49,1.5,2.62,1.49,2.74,1.55,2.75,1.5,2.6,-0.75,1.92,2.01,1.93,2,1.93,2.02,1.89,1.98,1.7,4.2,4.33,1.72,4.1,4.4,1.7,4.1,4.5,1.74,4.44,4.45,1.7,4.2,4.5,1.7,4.33,4.4,1.77,4.55,4.73,1.72,4.34,4.38,1.36,3.2,1.44,2.94,1.44,3.23,1.37,3.07,-0.75,1.91,2.02,1.93,2,1.93,2.04,1.89,1.98
E0,20/12/2020,19:15,West Brom,Aston Villa,0,3,A,0,1,A,M Atkinson,1,19,1,10,14,8,1,7,1,2,1,0,3.6,3.8,1.95,3.7,3.8,1.95,3.65,3.45,1.97,3.82,3.83,2,3.7,3.6,2,3.7,3.6,2,3.88,3.86,2.06,3.69,3.7,1.99,1.72,2.1,1.8,2.11,1.81,2.16,1.75,2.1,0.5,1.91,2.02,1.93,2,1.94,2.05,1.87,1.99,4.5,4,1.72,4.33,4,1.75,4.5,3.75,1.77,5.08,4.17,1.7,4.6,3.9,1.73,4.8,3.8,1.73,5.08,4.23,1.78,4.64,4.02,1.73,1.72,2.1,1.75,2.18,1.78,2.26,1.73,2.13,0.75,2.02,1.91,2.05,1.88,2.06,1.99,1.95,1.93
E0,21/12/2020,17:30,Burnley,Wolves,2,1,H,1,0,H,L Mason,10,15,4,3,11,15,1,7,2,1,0,0,3.5,3.25,2.2,3.6,3.1,2.2,3.55,2.9,2.25,3.73,3.19,2.27,3.6,3.1,2.25,3.7,3,2.25,3.75,3.28,2.32,3.61,3.13,2.23,2.5,1.53,2.7,1.52,2.7,1.59,2.56,1.51,0.25,2,1.93,2,1.93,2.01,1.95,1.97,1.89,3.4,3.1,2.3,3.4,3.1,2.3,3.35,3,2.35,3.49,3.08,2.44,3.5,3,2.3,3.4,3,2.38,3.65,3.2,2.45,3.44,3.05,2.36,2.5,1.53,2.6,1.55,2.62,1.6,2.49,1.54,0.25,1.9,2.03,1.88,2.05,1.97,2.07,1.88,2
E0,21/12/2020,20:00,Chelsea,West Ham,3,0,H,1,0,H,C Kavanagh,11,6,7,0,11,6,5,4,0,0,0,0,1.44,5,6.25,1.45,4.75,6.5,1.53,4.3,6,1.52,4.72,6.46,1.47,4.5,6.5,1.45,4.6,7,1.55,5,7,1.49,4.63,6.29,1.57,2.37,1.59,2.5,1.64,2.53,1.55,2.44,-1,1.7,2.1,1.83,2.11,1.85,2.17,1.79,2.07,1.53,4.33,5.75,1.55,4.33,5.75,1.57,4.2,5.75,1.61,4.43,5.64,1.57,4.2,5.8,1.57,4.2,5.75,1.64,4.6,6.27,1.58,4.3,5.59,1.66,2.2,1.72,2.22,1.74,2.38,1.67,2.21,-1,2.06,1.87,2.07,1.86,2.09,1.97,1.99,1.86
E0,26/12/2020,12:30,Leicester,Man United,2,2,D,1,1,D,M Dean,10,9,2,4,10,17,5,0,2,1,0,0,2.9,3.6,2.3,2.9,3.6,2.35,3,3.3,2.3,3.08,3.67,2.35,3,3.5,2.3,3,3.6,2.3,3.13,3.71,2.42,3.01,3.55,2.32,1.66,2.2,1.7,2.26,1.73,2.29,1.68,2.2,0.25,1.88,2.02,1.88,2.04,1.93,2.05,1.86,2,2.9,3.6,2.3,3,3.5,2.3,3,3.4,2.35,3.03,3.62,2.4,3,3.5,2.3,2.9,3.5,2.38,3.16,3.69,2.49,2.96,3.54,2.36,1.72,2.1,1.74,2.2,1.78,2.26,1.73,2.13,0.25,1.85,2.08,1.85,2.08,1.94,2.11,1.85,2.04
E0,26/12/2020,15:00,Aston Villa,Crystal Palace,3,0,H,1,0,H,A Taylor,21,13,10,6,18,16,4,4,1,4,1,0,1.9,3.75,3.8,1.95,3.7,3.75,1.95,3.45,3.8,1.95,3.9,3.91,1.95,3.7,3.75,1.91,3.6,4,2.01,3.95,4,1.94,3.75,3.8,1.72,2.1,1.78,2.14,1.82,2.14,1.77,2.06,-0.5,1.95,1.95,1.95,1.97,1.98,1.98,1.94,1.92,1.8,3.75,4.33,1.8,3.8,4.25,1.8,3.65,4.3,1.83,3.93,4.47,1.83,3.8,4.2,1.87,3.8,4,1.87,4.05,4.6,1.82,3.83,4.32,1.72,2.1,1.76,2.17,1.78,2.26,1.73,2.12,-0.5,1.77,2.02,1.83,2.1,1.85,2.14,1.81,2.06
E0,26/12/2020,15:00,Fulham,Southampton,0,0,D,0,0,D,D England,10,3,1,2,15,12,6,3,2,0,0,0,3.2,3.3,2.3,3.1,3.3,2.35,3.15,3.1,2.35,3.29,3.42,2.35,3.2,3.3,2.3,3.25,3.4,2.25,3.35,3.48,2.38,3.19,3.32,2.32,1.9,1.9,1.99,1.92,2.04,1.93,1.96,1.85,0.25,1.91,1.99,1.91,2.01,2.01,2.03,1.89,1.97,2.87,3.3,2.5,2.9,3.25,2.5,2.9,3.25,2.5,2.8,3.43,2.68,2.9,3.25,2.5,2.88,3.2,2.6,3.12,3.43,2.68,2.88,3.28,2.55,2.1,1.72,2.15,1.78,2.19,1.83,2.11,1.74,0,2.02,1.91,2.01,1.92,2.09,1.93,2.04,1.84
E0,26/12/2020,17:30,Arsenal,Chelsea,3,1,H,2,0,H,M Oliver,15,19,7,3,13,10,7,9,2,1,0,0,4,3.6,1.9,4.1,3.5,1.91,3.95,3.35,1.95,4.14,3.73,1.94,4.2,3.5,1.91,4.2,3.6,1.87,4.45,3.75,2.02,4.06,3.59,1.93,1.95,1.95,1.94,1.96,1.99,2,1.91,1.91,0.5,1.96,1.94,1.98,1.94,2.06,1.98,1.94,1.91,4.75,3.8,1.72,4.75,3.9,1.72,4.5,3.8,1.75,4.84,3.96,1.77,4.75,3.9,1.73,4.8,3.8,1.73,5.25,4.1,1.8,4.72,3.86,1.75,1.8,2,1.83,2.07,1.86,2.15,1.79,2.04,0.75,1.93,2,1.93,1.99,1.95,2.02,1.9,1.98
E0,26/12/2020,20:00,Man City,Newcastle,2,0,H,1,0,H,A Marriner,11,7,6,2,5,12,7,3,2,2,0,0,1.11,10,19,1.12,9,23,1.12,8.75,20,1.14,9.55,22.92,1.11,9,23,1.1,10,23,1.15,10.25,32,1.12,9.31,23.28,1.36,3.2,1.36,3.32,1.38,3.35,1.36,3.14,-2.5,2,1.9,2.01,1.9,2.05,1.93,1.99,1.87,1.12,9.5,17,1.12,9.25,19,1.15,8.25,18,1.13,9.55,22.04,1.11,9,26,1.09,10.5,26,1.16,12.5,28,1.12,9.74,21.01,1.3,3.5,1.3,3.61,1.35,3.7,1.31,3.43,-2.5,1.96,1.97,1.93,1.96,2.04,2,1.94,1.92
E0,26/12/2020,20:00,Sheffield United,Everton,0,1,A,0,0,D,D Coote,10,7,2,3,11,10,6,3,2,4,0,0,4.2,3.6,1.85,4.33,3.6,1.85,4.1,3.6,1.85,4.26,3.66,1.94,4.2,3.5,1.91,4.4,3.5,1.85,4.4,3.77,1.95,4.2,3.59,1.9,2.01,1.89,2.01,1.89,2.02,1.95,1.95,1.87,0.5,1.97,1.93,1.98,1.94,2.09,1.95,1.97,1.89,3.4,3.3,2.2,3.3,3.3,2.25,3.65,3.3,2.1,3.38,3.29,2.37,3.5,3.2,2.2,3.3,3.2,2.3,3.69,3.44,2.4,3.37,3.28,2.27,2.3,1.61,2.36,1.65,2.38,1.8,2.22,1.67,0.25,1.93,2,1.91,2.02,2,2.04,1.92,1.96
E0,27/12/2020,12:00,Leeds,Burnley,1,0,H,1,0,H,R Jones,11,14,4,6,8,14,4,12,0,3,0,0,1.72,4,4.33,1.72,4,4.5,1.75,3.75,4.4,1.76,4.09,4.71,1.73,4,4.5,1.73,4,4.6,1.82,4.28,4.85,1.75,3.98,4.5,1.57,2.37,1.6,2.46,1.64,2.47,1.6,2.37,-0.75,1.96,1.94,1.98,1.94,2,1.96,1.96,1.92,1.7,4.2,4.5,1.67,4.1,4.75,1.8,3.9,4.1,1.72,4.18,4.91,1.7,3.9,4.8,1.67,4.1,4.8,1.8,4.5,5.05,1.7,4.15,4.7,1.53,2.5,1.58,2.53,1.61,2.69,1.54,2.48,-0.75,1.89,2.04,1.9,2.02,1.91,2.06,1.88,2.01
E0,27/12/2020,14:15,West Ham,Brighton,2,2,D,0,1,A,S Hooper,11,13,4,4,6,8,5,4,0,0,0,0,2.3,3.4,3.1,2.35,3.3,3.1,2.4,3.1,3.05,2.42,3.38,3.19,2.38,3.25,3.1,2.3,3.4,3.1,2.43,3.56,3.3,2.37,3.32,3.11,1.99,1.91,1.98,1.93,2,1.94,1.94,1.88,-0.25,2.03,1.87,2.07,1.86,2.08,1.9,2.04,1.84,2.37,3.3,3.1,2.3,3.4,3.1,2.35,3.3,3.05,2.42,3.34,3.24,2.35,3.2,3.2,2.38,3.25,3.1,2.45,3.45,3.35,2.36,3.32,3.15,2,1.8,2.11,1.8,2.11,1.92,2.01,1.82,-0.25,2.06,1.87,2.07,1.87,2.1,1.9,2.04,1.85
E0,27/12/2020,16:30,Liverpool,West Brom,1,1,D,1,0,H,K Friend,17,5,2,3,8,5,8,3,0,1,0,0,1.11,10,19,1.13,8.75,19.5,1.15,8.5,18,1.14,9.42,22.43,1.12,8.5,21,1.14,8,20,1.15,10.19,26,1.13,9.05,20.61,1.36,3.2,1.35,3.35,1.4,3.38,1.36,3.13,-2.5,2.03,1.87,2.05,1.87,2.11,1.9,2.02,1.84,1.12,9,19,1.12,9.25,21,1.15,8.5,18,1.13,9.46,22.33,1.12,8.5,21,1.14,8.5,18,1.15,10.24,26,1.13,9.2,20.48,1.3,3.5,1.33,3.46,1.38,3.66,1.32,3.36,-2.5,2.04,1.89,2.03,1.88,2.07,1.95,1.99,1.87
E0,27/12/2020,19:15,Wolves,Tottenham,1,1,D,0,1,A,P Tierney,11,6,6,3,20,13,9,2,4,1,0,0,3.6,3.25,2.15,3.75,3.25,2.1,3.55,3.05,2.15,3.76,3.37,2.17,3.5,3.2,2.2,3.6,3.25,2.15,3.78,3.46,2.23,3.62,3.28,2.16,2.2,1.66,2.26,1.7,2.29,1.77,2.2,1.68,0.25,2.05,1.85,2.08,1.86,2.08,1.89,2.03,1.84,3.4,3.3,2.2,3.6,3.3,2.15,3.45,3.25,2.15,3.61,3.4,2.21,3.5,3.3,2.15,3.6,3.25,2.15,3.78,3.5,2.26,3.53,3.34,2.17,2.2,1.66,2.22,1.72,2.24,1.76,2.16,1.7,0.25,2.04,1.89,2.03,1.89,2.14,1.93,2.03,1.86
E0,28/12/2020,15:00,Crystal Palace,Leicester,1,1,D,0,0,D,G Scott,4,17,1,3,10,7,2,5,0,1,0,0,3.75,3.5,2,3.8,3.6,1.95,3.7,3.5,2,3.95,3.58,2.04,3.9,3.4,2,3.8,3.5,2,3.96,3.66,2.08,3.81,3.52,2.01,1.9,1.9,1.93,1.98,1.94,2,1.88,1.94,0.5,1.89,2.04,1.89,2.04,1.93,2.07,1.86,2.01,3.3,3.4,2.2,3.3,3.4,2.2,3.35,3.3,2.2,3.4,3.49,2.27,3.4,3.3,2.2,3.4,3.3,2.2,3.58,3.59,2.31,3.35,3.37,2.23,2,1.8,2.09,1.81,2.14,1.83,2.07,1.76,0.25,1.97,1.96,1.97,1.95,1.98,1.99,1.95,1.93
E0,28/12/2020,17:30,Chelsea,Aston Villa,1,1,D,1,0,H,S Attwell,16,10,5,2,16,3,11,4,3,1,0,0,1.61,4.2,5,1.67,4.1,4.75,1.7,4.1,4.5,1.71,4.25,4.89,1.7,4,4.75,1.67,4.2,4.75,1.74,4.32,5,1.69,4.18,4.72,1.53,2.5,1.57,2.53,1.58,2.55,1.55,2.45,-0.75,1.9,2.03,1.9,2.03,1.92,2.08,1.87,2.01,1.75,4,4.33,1.8,3.9,4.2,1.83,3.8,4,1.86,4.07,4.15,1.78,3.8,4.4,1.8,3.9,4.2,1.89,4.15,4.7,1.81,3.97,4.2,1.61,2.3,1.64,2.38,1.66,2.47,1.62,2.31,-1,2.35,1.58,2.59,1.56,2.65,1.64,2.45,1.59
E0,29/12/2020,18:00,Brighton,Arsenal,0,1,A,0,0,D,M Atkinson,13,11,2,3,11,4,5,4,2,0,0,0,3.25,3.5,2.2,3.2,3.4,2.25,3.3,3.3,2.25,3.27,3.43,2.35,3.2,3.4,2.25,3.3,3.3,2.25,3.35,3.52,2.39,3.22,3.38,2.29,2,1.8,2.09,1.83,2.13,1.85,2.04,1.79,0.25,1.92,2.01,1.91,2.02,1.97,2.02,1.9,1.97,3.6,3.4,2.05,3.6,3.4,2.1,3.5,3.3,2.15,3.85,3.56,2.08,3.75,3.4,2.05,3.7,3.4,2.05,3.94,3.72,2.15,3.64,3.44,2.1,2,1.8,2.07,1.85,2.09,1.94,1.99,1.83,0.5,1.77,2.02,1.86,2.08,1.87,2.16,1.79,2.1
E0,29/12/2020,18:00,Burnley,Sheffield United,1,0,H,1,0,H,C Kavanagh,5,7,3,3,13,17,3,5,1,2,0,0,2.37,3.1,3.25,2.3,3.2,3.25,2.4,3.05,3.15,2.45,3.2,3.31,2.4,3.1,3.2,2.38,3.1,3.25,2.48,3.25,3.42,2.41,3.15,3.22,2.37,1.57,2.52,1.58,2.55,1.61,2.43,1.57,-0.25,2.06,1.87,2.08,1.85,2.09,1.9,2.05,1.83,2.4,3.2,3.1,2.4,3.2,3.1,2.4,3.05,3.2,2.43,3.22,3.34,2.25,3.2,3.4,2.38,3.1,3.25,2.5,3.35,3.4,2.4,3.17,3.22,2.5,1.53,2.56,1.56,2.56,1.6,2.46,1.55,-0.25,2.06,1.87,2.06,1.87,2.09,1.96,2.03,1.86
E0,29/12/2020,18:00,Southampton,West Ham,0,0,D,0,0,D,A Madley,8,8,3,3,16,15,4,3,3,1,0,0,2.1,3.6,3.4,2.15,3.6,3.25,2.2,3.4,3.25,2.23,3.57,3.4,2.2,3.4,3.3,2.15,3.4,3.4,2.27,3.6,3.52,2.19,3.48,3.33,1.94,1.96,1.97,1.93,1.98,1.98,1.9,1.92,-0.25,1.92,2.01,1.93,2,1.94,2.04,1.9,1.98,2,3.5,3.75,2,3.5,3.75,2.05,3.5,3.55,2.05,3.65,3.84,2,3.5,3.75,2,3.6,3.7,2.09,3.72,3.9,2.03,3.58,3.71,1.72,2.1,1.79,2.13,1.82,2.26,1.75,2.09,-0.5,2.04,1.89,2.05,1.88,2.08,1.91,2.02,1.86
E0,29/12/2020,18:00,West Brom,Leeds,0,5,A,0,4,A,L Mason,4,14,1,6,7,10,3,10,0,1,0,0,3.6,3.6,2,3.6,3.7,2,3.5,3.65,2,3.72,3.71,2.06,3.6,3.5,2.05,3.5,3.75,2,4.07,3.83,2.12,3.59,3.67,2.03,1.57,2.37,1.65,2.38,1.67,2.42,1.61,2.32,0.5,1.85,2.05,1.87,2.06,1.88,2.12,1.83,2.04,4,4,1.8,4.1,4,1.8,4.1,3.6,1.9,4.35,4.04,1.83,4.2,3.9,1.8,4.2,3.9,1.8,4.6,4.15,1.9,4.23,3.96,1.81,1.61,2.3,1.68,2.3,1.69,2.38,1.64,2.28,0.75,1.86,2.04,1.88,2.06,1.96,2.08,1.86,2.02
E0,29/12/2020,20:00,Man United,Wolves,1,0,H,0,0,D,J Moss,11,9,3,5,11,7,2,2,1,1,0,0,1.53,4.2,6.25,1.57,4.2,5.75,1.55,4.2,6,1.53,4.35,5.94,1.55,4,6.5,1.55,4,6.5,1.6,4.52,6.5,1.55,4.21,6.1,1.96,1.94,1.9,1.93,2.01,2.02,1.92,1.9,-1,2.01,1.92,1.93,1.92,2.04,1.94,1.96,1.9,1.53,4.2,6,1.53,4.33,6,1.55,4.1,6,1.57,4.31,6.35,1.53,4.2,6.5,1.53,4.2,6.5,1.59,4.5,7,1.54,4.27,6.2,1.72,2.1,1.77,2.16,1.8,2.26,1.72,2.13,-1,1.96,1.97,1.98,1.94,2.02,2.05,1.92,1.95
E0,30/12/2020,20:00,Newcastle,Liverpool,0,0,D,0,0,D,P Tierney,8,11,2,4,9,13,5,12,2,3,0,0,12,6,1.25,9.25,5.75,1.3,10,6,1.27,9.61,6.09,1.32,11,5.5,1.29,11.5,6,1.25,12,6.5,1.32,9.81,5.93,1.29,1.5,2.62,1.53,2.67,1.53,2.68,1.5,2.6,1.5,2.06,1.87,2.07,1.87,2.11,1.89,2.05,1.83,11,6,1.25,9.25,5.75,1.3,9,6,1.3,10.49,6.04,1.3,11,5.8,1.27,10.5,5.75,1.29,12.27,6.5,1.31,10.36,6.02,1.28,1.5,2.62,1.5,2.7,1.53,2.82,1.48,2.65,1.75,1.87,2.06,1.87,2.05,1.99,2.08,1.87,2
E0,01/01/2021,17:30,Everton,West Ham,0,1,A,0,0,D,K Friend,10,11,2,5,9,7,5,4,2,0,0,0,2.1,3.5,3.5,2.15,3.5,3.3,2.15,3.35,3.45,2.19,3.52,3.55,2.15,3.4,3.5,2.1,3.4,3.6,2.22,3.58,3.81,2.15,3.44,3.5,1.9,1.9,2.02,1.89,2.05,1.93,1.96,1.86,-0.25,1.87,2.03,1.88,2.04,1.9,2.16,1.85,2.03,2.2,3.5,3.25,2.2,3.4,3.3,2.25,3.35,3.2,2.3,3.52,3.3,2.2,3.3,3.4,2.25,3.4,3.25,2.32,3.6,3.81,2.24,3.45,3.29,1.97,1.93,2,1.91,2.02,2.05,1.93,1.9,-0.25,1.96,1.94,1.98,1.94,2,2.16,1.93,1.95
E0,01/01/2021,20:00,Man United,Aston Villa,2,1,H,1,0,H,M Oliver,19,5,9,5,22,10,5,10,4,0,0,0,1.72,4.2,4.2,1.7,4.2,4.5,1.75,3.9,4.4,1.78,4.14,4.52,1.75,4,4.4,1.7,4.1,4.6,1.81,4.35,4.7,1.74,4.14,4.42,1.53,2.5,1.58,2.52,1.58,2.72,1.54,2.48,-0.75,1.96,1.94,1.99,1.93,2.07,1.99,1.95,1.93,1.66,4,4.75,1.67,4.1,4.75,1.75,4,4.2,1.75,4.13,4.74,1.67,4,5,1.67,4.1,4.8,1.81,4.4,5.25,1.7,4.12,4.68,1.57,2.37,1.6,2.49,1.61,2.55,1.56,2.45,-0.75,1.91,1.99,1.95,1.97,2.07,2.08,1.9,1.98
E0,02/01/2021,12:30,Tottenham,Leeds,3,0,H,2,0,H,D Coote,20,18,7,5,15,13,3,5,2,1,1,0,1.75,4.1,4.2,1.78,3.9,4.25,1.8,3.9,3.9,1.81,4.13,4.34,1.8,3.9,4.2,1.75,4.1,4.1,1.85,4.28,4.37,1.8,4.05,4.15,1.44,2.75,1.45,2.9,1.48,2.91,1.44,2.79,-0.75,2.02,1.88,2.04,1.89,2.07,1.91,2.02,1.87,1.83,4,4,1.87,3.9,3.9,1.9,3.95,3.7,1.89,4.08,3.98,1.83,3.75,4.2,1.85,4,3.9,1.92,4.18,4.5,1.85,4,3.97,1.53,2.5,1.52,2.66,1.58,2.8,1.5,2.6,-0.5,1.87,2.03,1.89,2.03,1.91,2.16,1.85,2.03
E0,02/01/2021,15:00,Crystal Palace,Sheffield United,2,0,H,2,0,H,S Attwell,9,7,4,2,8,18,3,6,1,3,0,0,1.95,3.5,3.9,1.95,3.5,3.9,1.95,3.3,4.1,2.02,3.45,3.84,2,3.3,4,2,3.25,4.1,2.09,3.55,4.1,2.01,3.4,3.93,2.3,1.61,2.26,1.65,2.34,1.7,2.25,1.65,-0.5,2.03,1.87,2.02,1.84,2.07,1.91,2,1.85,2.05,3.25,3.9,2.05,3.3,3.8,2.05,3.2,3.95,2.14,3.28,4,2.05,3.2,4,2.1,3.25,3.75,2.15,3.47,4.23,2.08,3.26,3.9,2.37,1.57,2.45,1.61,2.45,1.67,2.36,1.6,-0.5,2.1,1.8,2.12,1.81,2.17,1.86,2.08,1.8
E0,02/01/2021,17:30,Brighton,Wolves,3,3,D,1,3,A,A Madley,13,11,4,4,13,8,5,8,2,1,0,0,2.62,3.25,2.75,2.6,3.2,2.8,2.6,2.9,2.85,2.68,3.28,2.91,2.7,3.1,2.8,2.7,3,2.9,2.76,3.3,2.92,2.66,3.15,2.85,2.5,1.53,2.53,1.58,2.54,1.62,2.43,1.56,0,1.87,2.03,1.88,2.05,1.91,2.06,1.86,2,2.8,3,2.75,2.8,3,2.75,2.8,2.95,2.75,2.87,3.09,2.86,2.8,3,2.75,2.9,2.9,2.75,3.05,3.18,3,2.83,3.02,2.78,2.62,1.5,2.72,1.51,2.75,1.56,2.6,1.5,0,1.97,1.93,1.96,1.96,2,2.06,1.94,1.92
E0,02/01/2021,20:00,West Brom,Arsenal,0,4,A,0,2,A,M Atkinson,7,21,3,12,7,4,3,5,1,2,0,0,5.75,4,1.57,5.75,4.1,1.57,5.5,3.75,1.63,5.98,4.09,1.63,6.5,4.2,1.53,6,4,1.57,6.5,4.2,1.66,5.78,4.01,1.61,1.9,1.9,1.92,1.98,1.93,2.09,1.84,1.98,1,1.84,2.06,1.8,2.13,1.86,2.13,1.81,2.07,6,4,1.57,6,3.9,1.6,5.75,3.9,1.6,6.21,4.14,1.61,6.5,4,1.53,6.5,3.9,1.57,6.68,4.25,1.67,5.98,4.01,1.6,1.9,1.9,1.99,1.91,2.06,1.96,1.95,1.87,1,1.83,2.07,1.85,2.09,1.89,2.14,1.82,2.06
E0,03/01/2021,14:15,Newcastle,Leicester,1,2,A,0,0,D,R Jones,8,9,2,3,10,11,3,6,0,2,0,0,5.25,4.2,1.61,5.25,4.1,1.62,5,3.65,1.7,5.35,3.99,1.7,5.25,3.9,1.65,5.5,3.8,1.65,5.52,4.2,1.72,5.19,3.97,1.67,1.9,1.9,1.89,2.01,1.93,2.04,1.86,1.96,0.75,2.02,1.88,2.02,1.91,2.08,1.91,2.02,1.86,6,4,1.57,5.5,4.1,1.6,5.75,3.9,1.6,6.57,4.14,1.58,6,3.9,1.6,6,4,1.57,7,4.3,1.64,6.05,4.07,1.59,1.9,1.9,1.88,2.04,1.92,2.15,1.86,1.97,1,1.9,2,1.92,2.01,1.96,2.08,1.86,2.01
E0,03/01/2021,16:30,Chelsea,Man City,1,3,A,0,3,A,A Taylor,9,18,2,6,11,10,5,3,3,1,0,0,3,3.7,2.2,3,3.7,2.25,2.95,3.4,2.3,2.95,3.67,2.4,3.1,3.5,2.25,3.1,3.7,2.2,3.2,3.8,2.36,3.01,3.66,2.24,1.72,2.1,1.71,2.22,1.77,2.25,1.72,2.12,0.25,1.87,2.03,1.83,2.09,1.96,2.05,1.89,1.96,3.4,3.6,2.05,3.4,3.6,2.1,3.3,3.5,2.15,3.5,3.59,2.18,3.4,3.5,2.15,3.4,3.6,2.1,3.55,3.78,2.21,3.37,3.6,2.14,1.72,2.1,1.74,2.21,1.74,2.37,1.68,2.2,0.25,2.03,1.87,2.05,1.88,2.08,1.93,2.01,1.87
E0,04/01/2021,20:00,Southampton,Liverpool,1,0,H,1,0,H,A Marriner,7,17,3,1,5,12,1,10,1,3,0,0,5,4.33,1.61,4.75,4.25,1.65,4.8,3.9,1.65,5.03,4.44,1.67,5,4.2,1.63,5,4.1,1.65,5.1,4.5,1.7,4.89,4.24,1.65,1.61,2.3,1.66,2.35,1.69,2.37,1.63,2.29,0.75,2.06,1.84,2.08,1.85,2.11,1.88,2.05,1.83,5.75,4.75,1.5,5.75,4.75,1.5,5.8,4.65,1.5,6.16,4.92,1.52,6,4.6,1.5,6,4.6,1.5,6.57,5.11,1.56,6,4.76,1.5,1.44,2.75,1.45,2.89,1.5,2.96,1.44,2.78,1.25,1.77,2.02,1.87,2.07,1.92,2.13,1.84,2.04
E0,12/01/2021,18:00,Sheffield United,Newcastle,1,0,H,0,0,D,A Madley,17,7,4,3,13,12,5,2,2,3,0,1,2.45,3.1,3.1,2.45,3.1,3.1,2.5,3.05,3.1,2.53,3.18,3.2,2.45,3.1,3.1,2.45,3,3.25,2.58,3.24,3.25,2.49,3.11,3.13,2.5,1.53,2.57,1.56,2.6,1.6,2.5,1.54,-0.25,2.13,1.81,2.14,1.81,2.17,1.83,2.12,1.79,2.3,3.1,3.3,2.45,3.1,3.1,2.45,3.1,3.15,2.34,3.23,3.5,2.35,3,3.4,2.3,3.1,3.4,2.51,3.25,3.6,2.34,3.13,3.39,2.37,1.57,2.45,1.61,2.47,1.67,2.38,1.59,-0.25,1.99,1.94,1.99,1.93,2.1,1.96,1.97,1.92
E0,12/01/2021,20:15,Burnley,Man United,0,1,A,0,0,D,K Friend,11,13,0,7,15,13,3,4,1,2,0,0,7,4.5,1.45,7.25,4.5,1.45,6.6,4.5,1.48,7.33,4.66,1.48,7,4.33,1.47,7.5,4.5,1.44,7.7,4.7,1.52,7.03,4.56,1.47,1.72,2.1,1.72,2.22,1.77,2.26,1.71,2.17,1.25,1.85,2.08,1.85,2.09,1.87,2.11,1.83,2.06,8,4.75,1.4,8,4.75,1.4,7,4.85,1.42,7.92,5.05,1.43,8,4.75,1.4,8.5,5,1.36,8.65,5.06,1.44,7.76,4.87,1.41,1.66,2.2,1.67,2.33,1.71,2.37,1.65,2.26,1.25,2.02,1.91,2,1.93,2.04,1.94,1.98,1.9
E0,12/01/2021,20:15,Wolves,Everton,1,2,A,1,1,D,M Atkinson,12,5,3,3,6,11,6,5,2,2,0,0,2.45,3.1,3.1,2.45,3.1,3.1,2.5,3.05,3.05,2.56,3.18,3.15,2.45,3.1,3.1,2.45,3.1,3.1,2.62,3.22,3.2,2.5,3.12,3.1,2.37,1.57,2.43,1.62,2.5,1.63,2.39,1.59,-0.25,2.14,1.8,2.17,1.79,2.17,1.82,2.13,1.78,2.5,2.8,3.25,2.5,2.9,3.25,2.55,2.95,3.15,2.73,2.93,3.18,2.6,2.9,3.1,2.55,3,3.1,2.74,3.15,3.4,2.59,2.93,3.16,2.5,1.53,2.71,1.52,2.71,1.61,2.53,1.53,0,1.82,2.11,1.82,2.13,1.84,2.19,1.77,2.12
E0,13/01/2021,18:00,Man City,Brighton,1,0,H,1,0,H,D England,16,5,6,1,4,12,8,4,0,2,0,0,1.14,8.5,16,1.2,6.75,14.5,1.18,7.4,14,1.19,7.61,16.97,1.17,7,19,1.15,7.5,19,1.21,8.5,19,1.18,7.48,15.78,1.5,2.62,1.49,2.72,1.52,2.77,1.48,2.64,-2,1.94,1.96,1.97,1.93,1.98,2.01,1.92,1.95,1.14,8,19,1.16,8,16,1.18,7.6,14.5,1.18,7.99,17.46,1.15,7.5,19,1.17,7,19,1.2,8.52,21.58,1.18,7.62,16.73,1.66,2.2,1.64,2.36,1.68,2.55,1.61,2.32,-2,2.08,1.82,2.07,1.85,2.14,1.94,2.04,1.83
E0,13/01/2021,20:15,Tottenham,Fulham,1,1,D,1,0,H,P Tierney,15,15,6,4,13,15,6,5,1,2,0,0,1.36,5,8.5,1.4,4.75,8,1.42,4.8,7.2,1.36,4.97,8.16,1.4,4.75,8,1.4,4.75,8,1.43,5.3,8.75,1.4,4.91,7.98,1.66,2.2,1.67,2.2,1.75,2.26,1.68,2.21,-1.25,1.93,1.97,1.91,1.93,1.97,2.01,1.92,1.95,1.61,3.8,6,1.62,3.8,5.75,1.65,3.7,5.8,1.66,3.85,6.19,1.62,3.7,6.5,1.6,3.75,6.5,1.67,4.05,6.64,1.63,3.82,6.06,2.1,1.72,2.23,1.72,2.26,1.87,2.12,1.74,-1,2.05,1.75,2.21,1.75,2.23,1.88,2.13,1.76
E0,14/01/2021,20:00,Arsenal,Crystal Palace,0,0,D,0,0,D,A Marriner,11,12,4,2,10,11,7,3,1,1,0,0,1.53,4,6.5,1.55,4,6.5,1.55,4.1,6,1.58,4.18,6.55,1.55,4,6.5,1.53,4.1,6.5,1.61,4.25,7,1.55,4.1,6.37,1.9,1.9,1.9,2,1.92,2.05,1.87,1.95,-1,1.97,1.93,2.01,1.92,2.02,1.98,1.95,1.91,1.66,3.75,5.25,1.67,3.8,5.25,1.73,3.75,4.9,1.74,3.94,5.14,1.67,3.7,5.5,1.7,3.8,5,1.76,4.08,5.79,1.7,3.82,5.2,1.9,1.9,1.9,2,1.92,2.05,1.87,1.96,-0.75,1.96,1.97,1.97,1.95,1.97,2.05,1.91,1.97
E0,16/01/2021,12:30,Wolves,West Brom,2,3,A,2,1,H,M Oliver,23,12,6,5,10,14,11,0,2,1,0,0,1.6,3.5,7,1.6,3.6,6.75,1.6,3.7,6.2,1.63,3.7,7.07,1.6,3.5,7,1.6,3.7,6.5,1.65,3.92,7.14,1.61,3.67,6.71,2.3,1.61,2.37,1.65,2.37,1.7,2.28,1.64,-1,2.08,1.73,2.16,1.78,2.19,1.86,2.11,1.78,1.61,3.7,6,1.67,3.6,5.75,1.67,3.6,5.8,1.64,3.85,6.52,1.65,3.6,6,1.62,3.6,6.5,1.79,3.9,6.6,1.64,3.69,6.13,2.3,1.61,2.34,1.66,2.38,1.7,2.3,1.63,-0.75,1.83,2.1,1.85,2.08,1.87,2.12,1.83,2.06
E0,16/01/2021,15:00,Leeds,Brighton,0,1,A,0,1,A,K Friend,7,7,2,2,8,9,5,2,1,1,0,0,2.1,3.5,3.4,2.15,3.5,3.3,2.15,3.55,3.3,2.18,3.67,3.43,2.15,3.5,3.3,2.15,3.6,3.3,2.24,3.72,3.45,2.17,3.57,3.31,1.61,2.3,1.63,2.4,1.68,2.4,1.62,2.32,-0.25,1.9,2.03,1.89,2.04,1.93,2.04,1.89,1.99,2.2,3.5,3.2,2.25,3.5,3.1,2.3,3.3,3,2.3,3.58,3.24,2.25,3.4,3.2,2.25,3.6,3.1,2.35,3.69,3.36,2.27,3.53,3.14,1.66,2.2,1.67,2.32,1.69,2.47,1.64,2.28,-0.25,1.99,1.94,1.99,1.93,2.01,2,1.97,1.91
E0,16/01/2021,15:00,West Ham,Burnley,1,0,H,1,0,H,C Kavanagh,15,10,4,2,12,9,7,4,2,1,0,0,1.8,3.5,4.75,1.8,3.6,4.6,1.83,3.5,4.6,1.85,3.57,4.88,1.83,3.4,4.75,1.8,3.5,4.75,1.91,3.74,5,1.84,3.49,4.69,2.1,1.72,2.16,1.77,2.21,1.83,2.1,1.74,-0.5,1.85,2.08,1.85,2.08,1.89,2.09,1.84,2.04,1.75,3.7,4.75,1.75,3.7,4.75,1.77,3.4,4.8,1.79,3.73,5.11,1.78,3.6,4.8,1.75,3.7,4.75,1.88,3.78,5.16,1.77,3.65,4.89,2,1.8,2.07,1.85,2.17,1.92,2.02,1.81,-0.75,2.03,1.9,2.04,1.89,2.05,1.91,2.02,1.87
E0,16/01/2021,17:30,Fulham,Chelsea,0,1,A,0,0,D,P Bankes,10,21,3,6,11,10,1,12,2,3,1,0,6.5,4.33,1.5,6.75,4.1,1.53,5.8,4.25,1.55,6.81,4.17,1.56,6.5,4.2,1.53,6.5,4.1,1.53,7,4.44,1.6,6.3,4.21,1.55,1.8,2,1.83,2.07,1.84,2.2,1.77,2.07,1,1.95,1.98,1.95,1.97,1.98,2.01,1.93,1.94,6.5,4.2,1.5,6,4,1.57,5.6,4.1,1.57,6.29,4.09,1.61,6,4,1.57,6,4,1.57,7.09,4.39,1.63,6.09,4.1,1.58,1.8,2,1.87,2.05,1.89,2.15,1.82,2.01,1,1.89,2.04,1.88,2.04,2.02,2.07,1.88,1.99
E0,16/01/2021,20:00,Leicester,Southampton,2,0,H,1,0,H,S Attwell,16,8,5,3,10,11,2,5,2,2,0,0,1.8,3.75,4.5,1.78,3.75,4.5,1.8,3.7,4.5,1.8,3.69,4.52,1.78,3.6,4.8,1.8,3.7,4.6,1.85,3.91,5.05,1.8,3.72,4.58,1.9,1.9,1.91,1.93,1.96,2.04,1.88,1.94,-0.75,2.06,1.87,2.06,1.81,2.09,1.9,2.04,1.84,1.66,3.9,5,1.7,3.8,5,1.75,3.6,5,1.73,3.86,5.32,1.67,3.9,5.25,1.7,3.75,5.25,1.75,4.15,5.46,1.71,3.82,5.1,1.9,1.9,1.99,1.92,2.02,2.05,1.92,1.91,-0.75,1.96,1.97,1.94,1.98,1.99,1.99,1.94,1.94
E0,17/01/2021,14:00,Sheffield United,Tottenham,1,3,A,0,2,A,A Marriner,15,14,5,5,13,4,5,7,4,0,0,0,6.25,3.75,1.6,6.5,3.8,1.57,5.6,3.75,1.65,6.1,3.73,1.68,6.5,3.6,1.63,6,3.8,1.62,6.5,3.91,1.7,5.96,3.73,1.65,2,1.8,2.11,1.8,2.14,1.88,2.04,1.79,0.75,2.03,1.87,2.04,1.89,2.09,1.92,2.03,1.84,4.5,3.6,1.83,4.75,3.6,1.78,5.2,3.6,1.7,4.81,3.71,1.83,5,3.5,1.78,4.8,3.5,1.8,5.3,3.72,1.87,4.79,3.6,1.8,2.1,1.72,2.18,1.76,2.21,1.83,2.11,1.75,0.75,1.83,2.07,1.84,2.1,1.97,2.13,1.84,2.05
E0,17/01/2021,16:30,Liverpool,Man United,0,0,D,0,0,D,P Tierney,17,8,3,4,15,6,7,3,2,1,0,0,1.95,3.8,3.6,2,3.8,3.5,1.95,3.8,3.65,1.98,4,3.71,1.95,3.8,3.6,1.95,3.75,3.7,2.02,4.1,3.76,1.97,3.84,3.65,1.66,2.2,1.71,2.25,1.75,2.32,1.68,2.21,-0.5,1.97,1.93,1.98,1.93,2,1.95,1.96,1.91,1.95,3.8,3.6,1.95,3.8,3.6,1.9,3.9,3.65,1.94,3.98,3.89,1.95,3.7,3.75,1.93,3.9,3.6,2.02,4.05,4.05,1.94,3.89,3.72,1.53,2.5,1.54,2.64,1.59,2.69,1.53,2.51,-0.5,1.96,1.94,1.94,1.98,2.01,1.98,1.94,1.93
E0,17/01/2021,19:15,Man City,Crystal Palace,4,0,H,1,0,H,L Mason,13,2,6,0,9,8,11,1,0,0,0,0,1.14,8.5,17,1.17,7.75,14.5,1.18,7.2,15.5,1.18,7.87,18.27,1.17,7.5,17,1.14,8,19,1.19,8.6,21,1.17,7.67,17.03,1.5,2.62,1.49,2.73,1.57,2.75,1.49,2.62,-2,1.9,2,1.89,2.02,1.94,2.06,1.87,2,1.16,8,15,1.17,7.5,16.5,1.18,6.9,16,1.19,7.48,17.24,1.17,7.5,17,1.15,7.5,20,1.2,8.3,20.6,1.18,7.39,17.06,1.57,2.37,1.58,2.5,1.63,2.56,1.56,2.44,-2,1.97,1.93,1.97,1.93,1.99,2.01,1.94,1.93
E0,18/01/2021,20:00,Arsenal,Newcastle,3,0,H,0,0,D,D Coote,20,4,6,1,9,8,7,2,0,0,0,0,1.4,4.5,8,1.45,4.6,7,1.45,4.55,7,1.45,4.73,7.98,1.42,4.5,8,1.44,4.5,8,1.47,4.85,8.2,1.44,4.61,7.54,1.8,2,1.82,2.09,1.84,2.13,1.79,2.05,-1.25,2.04,1.86,2.07,1.86,2.07,1.91,2.02,1.86,1.4,4.75,8,1.42,4.75,7.25,1.43,4.7,7.2,1.44,4.84,7.87,1.42,4.5,8,1.4,4.6,8.5,1.48,5,8.9,1.43,4.75,7.71,1.72,2.1,1.74,2.21,1.86,2.26,1.72,2.14,-1.25,2,1.9,2.01,1.92,2.03,1.97,1.98,1.9
E0,19/01/2021,18:00,West Ham,West Brom,2,1,H,1,0,H,G Scott,14,6,6,2,10,10,3,1,0,1,0,0,1.57,4.2,5.5,1.57,4,6,1.6,3.9,5.7,1.58,4.23,6.35,1.57,3.9,6.5,1.55,4,6.5,1.62,4.26,6.59,1.58,4.08,6.09,1.9,1.9,1.92,1.99,1.94,2,1.89,1.93,-1,1.98,1.92,2,1.93,2.03,1.94,2,1.87,1.53,4.2,6,1.53,4.2,6.25,1.57,4.1,5.8,1.54,4.27,7.01,1.55,4,6.5,1.5,4.2,6.5,1.57,4.47,7.4,1.53,4.22,6.46,1.72,2.1,1.79,2.12,1.84,2.26,1.76,2.08,-1,1.88,2.02,1.9,2.03,1.94,2.06,1.89,1.98
E0,19/01/2021,20:15,Leicester,Chelsea,2,0,H,2,0,H,C Pawson,8,9,6,5,7,16,6,3,1,3,0,0,2.87,3.4,2.45,2.85,3.4,2.45,2.85,3.35,2.45,2.92,3.49,2.55,3,3.4,2.4,2.8,3.4,2.5,3.04,3.55,2.58,2.9,3.41,2.49,1.9,1.9,1.9,2,1.96,2.03,1.89,1.94,0,2.09,1.81,2.11,1.83,2.16,1.85,2.08,1.81,2.75,3.4,2.5,2.8,3.4,2.5,2.8,3.4,2.5,2.88,3.48,2.58,2.75,3.4,2.55,2.75,3.4,2.55,3,3.65,2.69,2.8,3.43,2.53,1.8,2,1.88,2.03,1.89,2.15,1.81,2.01,0,2.05,1.85,2.08,1.85,2.09,1.92,2.03,1.84
E0,20/01/2021,18:00,Man City,Aston Villa,2,0,H,0,0,D,J Moss,28,11,9,4,10,9,16,2,0,2,0,0,1.22,6.5,12,1.25,6.25,11.5,1.27,6,10,1.24,6.1,11.61,1.25,6,12,1.25,6,12,1.29,6.75,13,1.25,6.21,11.36,1.44,2.75,1.47,2.65,1.53,2.75,1.48,2.65,-1.75,1.95,1.95,1.93,1.91,1.98,2,1.92,1.94,1.28,6,10,1.3,5.75,9.5,1.33,5.5,8,1.33,5.95,9.55,1.3,5.5,10,1.3,5.5,10,1.35,6.2,11,1.31,5.79,9.32,1.5,2.62,1.49,2.76,1.55,2.82,1.49,2.62,-1.5,1.98,1.95,1.97,1.95,2,2.07,1.92,1.95
E0,20/01/2021,20:15,Fulham,Man United,1,2,A,1,1,D,M Atkinson,12,15,5,5,6,10,2,8,3,1,0,0,6,4.33,1.53,5.75,4.33,1.55,5.8,4.25,1.55,6.32,4.41,1.56,6.5,4.2,1.53,6.5,4.2,1.53,6.5,4.54,1.59,6.05,4.31,1.55,1.72,2.1,1.78,2.14,1.8,2.21,1.73,2.13,1,1.96,1.94,1.96,1.96,1.99,2,1.94,1.92,5.5,4,1.6,5.5,4.25,1.57,5.25,4.1,1.63,5.49,4.18,1.66,5.8,4,1.6,5.5,4,1.62,6.05,4.35,1.67,5.44,4.1,1.63,1.72,2.1,1.76,2.16,1.76,2.26,1.71,2.15,1,1.75,2.05,1.79,2.15,1.9,2.16,1.8,2.09
E0,21/01/2021,20:00,Liverpool,Burnley,0,1,A,0,0,D,M Dean,27,6,6,4,11,8,12,0,2,1,0,0,1.18,7.5,15,1.17,7.5,15.5,1.21,6.6,13.5,1.21,7.24,15.81,1.18,7,17,1.18,7,17,1.23,8,17.75,1.2,7.05,14.89,1.53,2.5,1.53,2.64,1.56,2.65,1.52,2.53,-2,2.05,1.85,2.06,1.85,2.11,1.89,2.03,1.84,1.28,6,10,1.3,5.75,9.5,1.3,6,9,1.35,5.34,9.48,1.32,5.25,9.5,1.33,5,10,1.37,6.08,11,1.33,5.49,9.57,1.72,2.1,1.72,2.22,1.77,2.3,1.7,2.19,-1.25,1.83,2.1,1.86,2.07,1.86,2.27,1.78,2.13
