Div,Date,HomeTeam,AwayTeam,FTHG,FTAG,FTR,HTHG,HTAG,HTR,B365H,B365D,B365A,BWH,BWD,BWA,GBH,GBD,GBA,IWH,IWD,IWA,LBH,LBD,LBA,PSH,PSD,PSA,WHH,WHD,WHA,SJH,SJD,SJA,VCH,VCD,VCA,BSH,BSD,BSA,Bb1X2,BbMxH,BbAvH,BbMxD,BbAvD,BbMxA,BbAvA,BbOU,BbMx>2.5,BbAv>2.5,BbMx<2.5,BbAv<2.5,BbAH,BbAHh,BbMxAHH,BbAvAHH,BbMxAHA,BbAvAHA
F2,27/07/12,Ajaccio GFCO,Caen,0,0,D,0,0,D,2.3,3.1,3.25,2.35,3,3.1,2.35,3,3.1,2.4,3,2.8,2.3,3,3,2.37,3.14,3.57,2.4,3,2.88,2.63,3,2.75,2.3,3.12,3.25,2.38,3.1,2.75,32,2.63,2.35,3.15,3.01,3.58,3.06,20,2.75,2.44,1.62,1.52,15,-0.25,2.04,1.97,1.94,1.9
F2,27/07/12,Angers,Sedan,1,0,H,0,0,D,2.4,3.1,3.1,2.35,2.9,3.2,2.35,2.9,3.2,2.4,2.9,2.9,2.38,3,2.88,2.49,3.16,3.31,2.4,2.9,2.75,2.4,3.13,3,2.4,3.1,3.2,2.4,3.1,2.75,35,2.55,2.39,3.18,3.04,3.54,2.96,27,2.29,2.18,1.7,1.65,11,0,1.7,1.61,2.38,2.26
F2,27/07/12,Auxerre,Nimes,2,0,H,1,0,H,1.91,3.25,4.2,1.83,3.3,4.33,1.83,3.3,4.33,1.7,3.2,4.7,1.83,3.2,4,2.01,3.15,4.59,1.73,3.25,4.2,1.8,3.3,4.8,1.95,3.2,4.5,1.75,3.3,4.5,35,2.02,1.87,3.3,3.16,5,4.28,28,2.41,2.26,1.7,1.62,15,-0.75,2.37,2.26,1.7,1.66
F2,27/07/12,Chateauroux,Laval,1,1,D,0,0,D,2.2,3.2,3.4,2.2,3.1,3.3,2.2,3.1,3.3,2.1,2.9,3.4,2.2,3,3.25,2.31,3.2,3.64,2.1,3.1,3.1,2.2,3.13,3.4,2.25,3.1,3.5,2.2,3.1,3.1,35,2.31,2.17,3.2,3.06,3.66,3.32,28,2.33,2.2,1.7,1.64,15,-0.25,1.96,1.93,1.98,1.94
F2,27/07/12,Dijon,Guingamp,1,0,H,0,0,D,2.1,3.1,3.75,2.15,3.1,3.4,2.15,3.1,3.4,2.1,2.9,3.4,2.1,3,3.5,2.2,3.2,3.93,2,3.1,3.3,2.05,3.2,3.6,2.15,3.12,3.8,2.05,3.2,3.3,35,2.2,2.09,3.22,3.08,3.91,3.53,28,2.38,2.28,1.65,1.6,15,-0.25,1.87,1.82,2.09,2.05
F2,27/07/12,Le Havre,Arles,1,2,A,1,0,H,1.95,3.2,4.2,2,3,4.1,2,3,4.1,2,2.9,3.7,1.91,3.2,3.8,2.02,3.14,4.85,1.95,3.1,3.5,2,3.13,4,1.95,3.1,4.75,1.91,3.2,3.75,35,2.02,1.96,3.2,3.07,4.85,3.99,21,2.91,2.6,1.57,1.46,16,-0.25,1.72,1.69,2.29,2.21
F2,27/07/12,Nantes,Istres,1,1,D,1,0,H,1.83,3.4,4.5,1.87,3.25,4.2,1.87,3.25,4.2,1.9,3,4,1.8,3.2,4.33,1.87,3.39,5.27,1.8,3.1,4,1.83,3.3,4.5,1.83,3.3,5,1.83,3.2,4.2,35,1.9,1.81,3.42,3.2,5.3,4.49,23,2.48,2.23,1.67,1.61,15,-0.75,2.14,2.08,1.84,1.79
F2,27/07/12,Niort,Clermont,1,1,D,0,0,D,2.5,3.1,2.9,2.45,3,2.95,2.45,3,2.95,2.6,2.9,2.7,2.4,3,2.8,2.56,3.15,3.2,2.5,2.9,2.62,2.6,3.13,2.8,2.5,3,3.1,2.38,3.1,2.8,35,2.65,2.48,3.15,3,3.2,2.86,26,2.51,2.3,1.64,1.58,15,-0.25,2.2,2.15,1.79,1.75
F2,28/07/12,Lens,Le Mans,2,2,D,2,1,H,2.1,3.2,3.6,2.1,3.1,3.6,2.1,3.1,3.6,2.1,2.9,3.4,2.1,3,3.5,2.15,3.27,3.94,1.91,3.1,3.6,2.2,3.13,3.4,2.1,3.2,3.9,2.05,3.2,3.3,35,2.2,2.08,3.27,3.09,3.94,3.47,21,2.34,2.25,1.69,1.6,16,-0.25,1.84,1.81,2.12,2.05
F2,30/07/12,Monaco,Tours,4,0,H,4,0,H,1.8,3.3,4.75,1.72,3.3,5,1.72,3.3,5,1.75,3.1,4.5,1.73,3.25,4.5,1.79,3.46,5.64,1.73,3.25,4.2,1.8,3.3,5,1.75,3.3,5.4,1.73,3.3,4.5,34,1.8,1.73,3.46,3.26,5.64,4.77,19,2.3,2.24,1.7,1.6,15,-0.75,2.09,2.03,1.88,1.82
F2,03/08/12,Arles,Lens,0,0,D,0,0,D,2.38,3,3.25,2.25,3,3.3,2.25,3,3.3,2.3,3,2.9,2.3,3,3,2.32,3.07,3.75,2.38,3,2.9,2.38,3.13,3.13,2.3,3,3.6,2.3,3.1,2.88,37,2.43,2.32,3.15,3.01,3.58,3.15,22,2.63,2.42,1.6,1.52,18,0,1.65,1.59,2.47,2.36
F2,03/08/12,Clermont,Angers,1,2,A,0,2,A,2.2,3,3.6,2.15,2.95,3.6,2.15,2.95,3.6,2.15,2.9,3.3,2.2,3,3.25,2.39,3.1,3.54,2.2,3,3.25,2.25,3.13,3.4,2.3,3,3.6,2.15,3.1,3.2,38,2.4,2.23,3.16,3.02,3.72,3.31,22,2.63,2.45,1.58,1.51,15,-0.25,2.02,1.98,1.92,1.89
F2,03/08/12,Guingamp,Le Havre,3,3,D,2,1,H,2,3.1,4.2,2.05,3.1,3.7,2.05,3.1,3.7,2.1,2.9,3.4,2,3,3.75,2.05,3.2,4.45,2.05,3.1,3.5,2.05,3.2,3.8,2,3.12,4.33,2,3.2,3.5,37,2.1,2.01,3.2,3.1,4.4,3.82,22,2.52,2.32,1.65,1.57,18,-0.25,1.77,1.73,2.22,2.16
F2,03/08/12,Istres,Ajaccio GFCO,2,0,H,1,0,H,2.25,3,3.5,2.25,2.95,3.4,2.25,2.95,3.4,2,2.9,3.7,2.2,3,3.25,2.38,3.07,3.58,2.25,3,3.2,2.3,3,3.25,2.25,3,3.7,2.25,3.1,3,35,2.3,2.05,3.18,3.05,4.49,3.74,20,2.62,2.45,1.58,1.51,18,-0.25,1.82,1.74,2.21,2.14
F2,03/08/12,Laval,Monaco,0,0,D,0,0,D,3.3,3.1,2.2,3.2,3.2,2.2,3.2,3.2,2.2,3.2,2.9,2.2,3.2,3,2.2,3.44,3.2,2.37,3.3,3.1,2.15,3.13,3.13,2.38,3.4,3.1,2.3,3,3.1,2.25,38,3.4,3.15,3.3,3.05,2.55,2.28,22,2.5,2.3,1.65,1.58,16,0,2.26,2.2,1.76,1.68
F2,03/08/12,Le Mans,Dijon,1,2,A,0,1,A,2.4,3,3.2,2.3,3,3.2,2.3,3,3.2,2.2,2.9,3.2,2.3,3,3,2.51,3.1,3.3,2.3,3,3.1,2.4,3,3.13,2.4,3,3.3,2.3,3.1,2.88,38,2.56,2.38,3.19,3.02,3.33,3.04,22,2.5,2.37,1.6,1.54,18,0,1.77,1.68,2.28,2.21
F2,03/08/12,Sedan,Chateauroux,1,1,D,1,0,H,1.8,3.25,5,1.8,3.25,4.6,1.8,3.25,4.6,1.8,3,4.4,1.8,3.2,4.33,1.87,3.38,5.17,1.8,3.25,4.33,1.8,3.3,4.5,1.83,3.3,5,1.8,3.4,4,38,1.95,1.83,3.4,3.22,5,4.4,28,2.41,2.23,1.69,1.62,17,-0.75,2.27,2.19,1.76,1.71
F2,03/08/12,Tours,Niort,2,2,D,1,0,H,2,3.2,4,1.95,3.2,3.9,1.95,3.2,3.9,1.85,3,4.2,1.91,3.2,3.75,2.08,3.18,4.35,1.91,3.2,3.8,2,3.25,3.8,2.05,3.12,4.2,2,3.2,3.5,38,2.1,2,3.28,3.15,4.45,3.77,22,2.42,2.27,1.67,1.59,18,-0.25,1.8,1.76,2.23,2.13
F2,04/08/12,Caen,Auxerre,3,1,H,2,1,H,2.3,3.1,3.3,2.3,3,3.2,2.3,3,3.2,2.3,2.9,3,2.25,3,3.2,2.37,3.18,3.46,2.3,3,3.1,2.38,3.13,3.13,2.3,3.1,3.4,2.3,3.1,2.88,34,2.5,2.3,3.2,3.05,3.46,3.08,20,2.43,2.31,1.62,1.57,14,0,1.67,1.63,2.4,2.28
F2,04/08/12,Nimes,Nantes,0,0,D,0,0,D,2.4,3.1,3.1,2.35,3,3.1,2.35,3,3.1,2.4,2.9,2.9,2.3,3,3,2.41,3.16,3.4,2.38,3,2.9,2.38,3.13,3.13,2.38,3.1,3.3,2.3,3.1,2.88,36,2.55,2.35,3.16,3.03,3.4,3.02,22,2.41,2.26,1.62,1.59,16,0,1.7,1.63,2.43,2.26
F2,10/08/12,Ajaccio GFCO,Arles,1,1,D,0,0,D,2.1,3.1,3.75,2.15,2.95,3.6,2.15,2.95,3.6,2.25,2.8,3.2,2.1,3,3.4,2.15,3.09,4.22,2.15,3.1,3.3,2.2,3.13,3.5,2.1,3,4.1,2.1,3.1,3.3,35,2.36,2.21,3.1,3.01,3.79,3.4,20,2.8,2.52,1.55,1.49,18,-0.25,1.98,1.94,1.97,1.93
F2,10/08/12,Angers,Guingamp,1,2,A,1,2,A,2.2,3,3.6,2.15,3.1,3.4,2.15,3.1,3.4,2.1,2.9,3.4,2.2,3,3.25,2.24,3.2,3.76,2.2,3,3.3,2.25,3.13,3.3,2.2,3.12,3.7,2.2,3.1,3.1,38,2.47,2.27,3.13,3.04,3.6,3.23,24,2.5,2.34,1.62,1.57,18,-0.25,2.08,2.03,1.86,1.84
F2,10/08/12,Chateauroux,Le Mans,1,0,H,0,0,D,2.15,3,3.75,2.3,3,3.2,2.3,3,3.2,2.1,2.9,3.4,2.25,3,3.2,2.24,3.24,3.69,2.3,3.1,3,2.3,3,3.2,2.38,3.1,3.3,2.3,3,3,38,2.3,2.17,3.21,3.09,3.93,3.4,30,2.42,2.26,1.67,1.62,18,-0.25,1.95,1.85,2.06,2.02
F2,10/08/12,Clermont,Nimes,2,1,H,1,1,D,2.1,3.1,3.75,2.1,3.1,3.6,2.1,3.1,3.6,2,2.9,3.7,2.1,3,3.4,2.17,3.27,3.88,2.1,3.1,3.4,2.1,3.2,3.5,2.1,3.2,3.7,2.05,3.1,3.4,38,2.2,2.1,3.24,3.09,4.02,3.54,28,2.43,2.28,1.64,1.6,18,-0.25,1.86,1.82,2.09,2.04
F2,10/08/12,Dijon,Tours,1,0,H,0,0,D,1.7,3.6,5,1.75,3.3,4.75,1.75,3.3,4.75,1.8,3,4.4,1.73,3.25,4.5,1.78,3.59,5.45,1.8,3.3,4.33,1.8,3.4,4.5,1.75,3.5,5.25,1.73,3.4,4.5,38,1.88,1.8,3.5,3.34,5.25,4.44,31,2.32,2.14,1.8,1.7,19,-0.75,2.2,2.15,1.79,1.74
F2,10/08/12,Monaco,Istres,3,2,H,2,2,D,1.7,3.5,5.25,1.65,3.4,5.5,1.65,3.4,5.5,1.7,3.2,4.7,1.67,3.4,5,1.75,3.65,5.61,1.62,3.4,5.5,1.67,3.5,5.25,1.73,3.4,5.75,1.67,3.5,4.75,38,1.82,1.73,3.6,3.34,5.8,5.03,30,2.35,2.23,1.7,1.64,18,-0.5,1.82,1.78,2.15,2.1
F2,10/08/12,Nantes,Laval,3,1,H,1,0,H,1.91,3.5,4,1.85,3.2,4.4,1.85,3.2,4.4,2,2.8,3.9,1.83,3.2,4,1.99,3.38,4.42,1.83,3.2,4.2,1.9,3.3,4,1.92,3.4,4.3,1.83,3.3,4,38,2.03,1.91,3.3,3.2,4.64,4.07,30,2.38,2.27,1.68,1.62,17,-0.75,2.35,2.29,1.69,1.65
F2,10/08/12,Niort,Caen,1,0,H,1,0,H,2.5,3,3,2.45,3,2.95,2.45,3,2.95,2.6,2.9,2.7,2.5,3,2.75,2.67,3.12,3.03,2.5,3,2.75,2.5,3.13,2.88,2.6,3,3,2.38,3,2.88,38,2.74,2.53,3.15,3,3,2.82,22,2.46,2.34,1.6,1.55,20,0,1.89,1.85,2.06,2
F2,11/08/12,Auxerre,Sedan,1,0,H,0,0,D,2,3.3,3.75,2,3.1,3.9,2,3.1,3.9,2,2.9,3.7,2,3.2,3.6,2.08,3.32,4.08,2,3.2,3.6,2.05,3.25,3.6,2.05,3.25,4,2,3.1,3.6,36,2.08,2.02,3.32,3.13,4.08,3.66,22,2.38,2.26,1.67,1.59,17,-0.25,1.81,1.76,2.17,2.1
F2,13/08/12,Lens,Le Havre,1,0,H,0,0,D,2,3.4,3.7,2,3.1,3.9,2,3.1,3.9,2,2.9,3.7,2,3.2,3.5,2.14,3.3,3.92,2,3.2,3.6,2.1,3.2,3.6,2.05,3.3,3.8,2.05,3.1,3.4,36,2.14,2.03,3.4,3.13,4,3.6,22,2.5,2.35,1.65,1.56,17,-0.25,1.83,1.75,2.19,2.11
F2,17/08/12,Arles,Angers,2,0,H,0,0,D,2.25,3,3.5,2.25,2.85,3.3,2.25,2.85,3.3,2.1,2.9,3.4,2.25,2.88,3.2,2.41,2.92,3.75,2.25,3,3.2,2.3,3,3.25,2.3,2.9,3.6,2.15,3.1,3.2,38,2.34,2.25,3.1,2.97,3.83,3.35,22,2.96,2.61,1.55,1.46,19,-0.25,1.99,1.94,1.96,1.92
F2,17/08/12,Caen,Clermont,4,0,H,2,0,H,1.85,3.2,4.75,1.91,3.1,3.9,1.91,3.1,3.9,2,2.9,3.7,1.91,3,4,1.94,3.22,5.02,1.95,3.2,3.75,2,3.2,4,1.95,3.1,4.75,2,3.2,3.5,38,2,1.88,3.47,3.23,5.04,4.24,26,2.5,2.29,1.66,1.6,18,-0.75,2.25,2.18,1.77,1.72
F2,17/08/12,Istres,Chateauroux,0,0,D,0,0,D,1.91,3.2,4.5,1.91,3.1,3.9,1.91,3.1,3.9,1.9,3,4,1.91,3,4,1.94,3.28,4.88,1.95,3.1,3.8,1.95,3.25,4,1.9,3.2,4.75,1.91,3.2,3.75,38,1.95,1.91,3.35,3.17,4.93,4.17,22,2.46,2.3,1.62,1.58,18,-0.75,2.28,2.22,1.73,1.68
F2,17/08/12,Laval,Niort,1,0,H,0,0,D,2.2,3.1,3.5,2.2,3,3.2,2.2,3,3.2,2.2,2.8,3.3,2.2,3,3.25,2.17,3.21,3.97,2.2,3,3.25,2.2,3,3.5,2.15,3.1,3.8,2.2,3.1,3.1,37,2.3,2.17,3.19,3.05,3.93,3.45,22,2.52,2.28,1.65,1.58,19,-0.25,1.94,1.85,2.06,2.01
F2,17/08/12,Le Havre,Ajaccio GFCO,2,1,H,1,0,H,1.8,3.2,5,1.87,3,4.33,1.87,3,4.33,1.9,3,4,1.83,3,4.33,1.86,3.28,5.45,1.8,3,4.33,1.83,3.2,4.5,1.83,3.2,5.2,1.91,3.2,3.75,34,1.91,1.84,3.39,3.21,5.56,4.54,18,2.6,2.39,1.6,1.54,18,-0.75,2.19,2.14,1.81,1.75
F2,17/08/12,Lens,Dijon,1,1,D,1,0,H,2.25,3,3.5,2.2,3,3.2,2.2,3,3.2,2.3,2.8,3.1,2.25,2.88,3.2,2.31,3.13,3.67,2.38,2.9,3,2.3,3.13,3.25,2.25,3,3.6,2.3,3.1,2.88,38,2.38,2.26,3.14,3.03,3.86,3.27,28,2.42,2.3,1.65,1.59,19,-0.25,1.99,1.9,2.02,1.96
F2,17/08/12,Sedan,Nimes,2,3,A,2,2,D,1.8,3.3,4.75,1.83,3.2,4.1,1.83,3.2,4.1,1.8,3,4.4,1.8,3.2,4.5,1.86,3.39,5.2,1.83,3.1,4.33,1.83,3.25,4.5,1.83,3.3,5,1.8,3.4,4,38,1.88,1.82,3.45,3.23,5.33,4.52,24,2.43,2.25,1.67,1.6,18,-0.75,2.2,2.14,1.8,1.75
F2,17/08/12,Tours,Nantes,0,2,A,0,0,D,2.5,3,3,2.45,3,2.8,2.45,3,2.8,2.45,2.8,2.95,2.4,3,2.88,2.61,3.1,3.13,2.5,3,2.75,2.5,3.13,2.88,2.55,3,3.1,2.4,3.1,2.75,38,2.68,2.49,3.14,3.02,3.07,2.87,27,2.46,2.28,1.66,1.61,21,0,1.86,1.82,2.09,2.03
F2,18/08/12,Guingamp,Monaco,1,2,A,1,0,H,2.4,3.1,3.1,2.4,3,2.85,2.4,3,2.85,2.4,2.8,3,2.38,3,2.88,2.48,3.2,3.23,2.5,3,2.75,2.4,3.13,3,2.4,3.12,3.12,2.4,3.1,2.75,36,2.55,2.38,3.2,3.04,3.23,2.97,22,2.38,2.24,1.65,1.61,18,0,1.74,1.69,2.25,2.17
F2,20/08/12,Le Mans,Auxerre,3,1,H,1,1,D,2.6,3.1,2.8,2.55,2.95,2.7,2.55,2.95,2.7,2.55,2.8,2.85,2.5,3,2.75,2.69,3.09,3.04,2.5,3,2.75,2.6,3,2.88,2.62,3,3,2.5,3,2.75,34,2.75,2.56,3.1,2.99,3.04,2.79,20,2.5,2.34,1.65,1.56,17,0,1.86,1.83,2.08,2.02
F2,24/08/12,Ajaccio GFCO,Lens,1,1,D,1,1,D,2.3,3,3.4,2.45,2.95,3,2.45,2.95,3,2.5,3,2.7,2.25,3,3.2,2.4,3.22,3.35,2.3,3,3.1,2.38,3.13,3.13,2.38,3.1,3.3,2.4,3.1,2.75,33,2.5,2.38,3.15,3.01,3.38,3.06,19,2.51,2.37,1.6,1.54,17,-0.25,2.11,2.06,1.88,1.81
F2,24/08/12,Angers,Istres,0,1,A,0,0,D,2.1,3.2,3.6,2.15,3.1,3.4,2.15,3.1,3.4,2,3,3.6,2.1,3,3.4,2.2,3.18,3.83,2.15,3,3.4,2.2,3.13,3.5,2.15,3.12,3.75,2.15,3.1,3.2,36,2.26,2.14,3.17,3.06,3.85,3.48,21,2.46,2.3,1.63,1.58,19,-0.25,1.92,1.86,2.06,2
F2,24/08/12,Auxerre,Laval,2,1,H,2,1,H,1.73,3.6,4.75,1.65,3.5,5.25,1.65,3.5,5.25,1.7,3.2,4.7,1.73,3.4,4.5,1.81,3.47,5.27,1.75,3.3,4.6,1.73,3.5,4.8,1.75,3.5,5.25,1.7,3.4,4.5,36,1.81,1.74,3.54,3.37,5.43,4.85,29,2.26,2.14,1.74,1.69,18,-0.75,2.06,2.02,1.88,1.84
F2,24/08/12,Chateauroux,Tours,3,0,H,1,0,H,1.95,3.3,4,1.95,3.1,4.1,1.95,3.1,4.1,1.9,3,4,1.91,3.2,3.8,2.05,3.25,4.26,2,3.1,3.8,2,3.2,3.8,2,3.2,4.2,1.95,3.2,3.6,36,2.05,1.99,3.26,3.13,4.41,3.89,21,2.42,2.28,1.65,1.59,18,-0.25,1.76,1.73,2.24,2.17
F2,24/08/12,Clermont,Sedan,0,2,A,0,0,D,2.38,3.2,3,2.25,3.1,3.2,2.25,3.1,3.2,2.4,2.9,2.9,2.3,3,3,2.38,3.21,3.36,2.3,3.1,3,2.4,3.13,3,2.38,3.1,3.25,2.4,3,2.87,36,2.5,2.37,3.15,3.03,3.39,3.06,24,2.43,2.25,1.68,1.61,18,-0.25,2.1,2.04,1.88,1.83
F2,24/08/12,Monaco,Arles,3,0,H,1,0,H,1.67,3.75,5,1.65,3.5,5.25,1.65,3.5,5.25,1.6,3.4,5.2,1.67,3.4,5,1.77,3.56,5.45,1.73,3.3,4.8,1.73,3.5,4.8,1.73,3.6,5.4,1.67,3.5,4.75,36,1.73,1.68,3.67,3.44,6,5.09,24,2.26,2.16,1.74,1.67,18,-0.75,1.97,1.93,1.99,1.93
F2,24/08/12,Nimes,Caen,0,2,A,0,1,A,2.4,3.3,2.88,2.4,3.1,2.9,2.4,3.1,2.9,2.5,2.9,2.8,2.38,3.2,2.8,2.51,3.13,3.22,2.45,3,2.88,2.4,3.13,3,2.4,3.2,3.1,2.4,3.1,2.75,36,2.57,2.43,3.18,3.04,3.2,2.95,24,2.35,2.21,1.73,1.64,18,-0.25,2.18,2.11,1.82,1.77
F2,24/08/12,Niort,Guingamp,0,0,D,0,0,D,2.4,3.2,3,2.35,3,3.1,2.35,3,3.1,2.4,2.9,2.9,2.4,3,2.88,2.62,3.09,3.09,2.45,3,2.9,2.4,3.13,3,2.55,3.1,3,2.5,3,2.75,36,2.6,2.46,3.13,3.01,3.2,2.92,21,2.4,2.28,1.63,1.59,19,0,1.81,1.75,2.18,2.1
F2,25/08/12,Dijon,Le Havre,2,2,D,2,0,H,2,3.2,4,1.95,3.1,4.1,1.95,3.1,4.1,2.1,3,3.3,2,3.2,3.6,2.1,3.26,4.06,2.05,3.1,3.6,2.1,3.13,3.75,2.05,3.2,4,2.05,3.1,3.4,34,2.2,2.05,3.26,3.1,4.06,3.64,21,2.42,2.27,1.65,1.59,16,-0.25,1.86,1.79,2.14,2.08
F2,27/08/12,Nantes,Le Mans,2,0,H,1,0,H,1.75,3.4,5,1.78,3.25,4.75,1.78,3.25,4.75,1.8,3.1,4.2,1.73,3.25,4.5,1.78,3.48,5.52,1.73,3.4,4.6,1.8,3.4,4.8,1.75,3.4,5.4,1.73,3.4,4.5,32,1.8,1.74,3.5,3.34,5.52,4.76,20,2.33,2.19,1.7,1.63,14,-0.5,1.78,1.75,2.19,2.14
F2,31/08/12,Arles,Nantes,2,1,H,1,0,H,2.4,3,3.2,2.3,2.95,3.25,2.3,2.95,3.25,2.3,3,2.9,2.3,3,3,2.47,3.01,3.41,2.38,3,2.9,2.4,3.13,3,2.45,3,3.3,2.4,3,2.88,38,2.61,2.39,3.13,2.98,3.45,3.06,22,2.65,2.48,1.6,1.5,21,0,1.79,1.73,2.21,2.15
F2,31/08/12,Dijon,Ajaccio GFCO,2,1,H,0,1,A,1.7,3.4,5.5,1.65,3.4,5.5,1.65,3.4,5.5,1.7,3.2,4.7,1.67,3.25,5,1.75,3.48,5.88,1.67,3.4,5,1.67,3.4,5.5,1.73,3.4,5.75,1.67,3.4,4.75,36,1.75,1.7,3.63,3.35,6,5.14,20,2.35,2.2,1.68,1.63,18,-0.75,2,1.96,1.95,1.91
F2,31/08/12,Guingamp,Chateauroux,2,1,H,2,0,H,1.83,3.25,4.75,1.8,3.2,4.75,1.8,3.2,4.75,1.9,3,4,1.83,3.2,4,1.93,3.29,4.83,1.83,3.2,4.2,1.9,3.3,4.33,1.87,3.2,4.8,1.83,3.3,4,38,1.93,1.86,3.36,3.22,4.91,4.3,22,2.42,2.23,1.65,1.61,19,-0.75,2.23,2.17,1.77,1.73
F2,31/08/12,Istres,Niort,1,0,H,0,0,D,1.91,3.1,4.5,1.85,3.1,4.6,1.85,3.1,4.6,1.85,3.1,4,1.91,3,4,1.92,3.21,5.08,1.91,3.1,4,1.9,3.13,4.33,1.87,3.2,5,1.91,3.2,3.75,38,1.95,1.88,3.3,3.17,5.08,4.28,22,2.66,2.48,1.55,1.49,18,-0.5,1.91,1.88,2.02,1.99
F2,31/08/12,Laval,Nimes,0,1,A,0,0,D,2.25,3,3.5,2.05,3.1,3.7,2.05,3.1,3.7,2,3,3.6,2.1,3,3.4,2.28,3.11,3.71,2.1,3,3.5,2.1,3.13,3.6,2.25,3,3.6,2.1,3.1,3.3,38,2.3,2.15,3.14,3.03,3.9,3.49,22,2.52,2.3,1.62,1.57,20,-0.25,1.94,1.91,1.99,1.95
F2,31/08/12,Le Havre,Monaco,2,1,H,1,0,H,2.6,3.1,2.8,2.65,3.1,2.65,2.65,3.1,2.65,2.7,3,2.5,2.5,3,2.75,2.6,3.16,3.04,2.6,3,2.62,2.6,3.13,2.8,2.55,3.1,3,2.5,3,2.75,38,2.75,2.55,3.16,3.02,3.04,2.8,22,2.26,2.15,1.75,1.65,20,0,1.88,1.83,2.09,2.02
F2,31/08/12,Le Mans,Clermont,3,1,H,2,0,H,2.25,3,3.5,2.15,3.1,3.4,2.15,3.1,3.4,2.15,2.9,3.3,2.2,3,3.25,2.34,3.1,3.63,2.2,3,3.25,2.25,3.13,3.3,2.3,3,3.5,2.25,3.1,3,38,2.32,2.23,3.13,3.03,3.85,3.32,22,2.4,2.28,1.66,1.59,20,-0.25,1.97,1.93,1.97,1.93
F2,31/08/12,Sedan,Caen,2,2,D,1,1,D,2.4,3,3.2,2.2,3,3.4,2.2,3,3.4,2.5,3,2.7,2.3,3,3,2.37,3.09,3.52,2.3,3,3.1,2.3,3,3.2,2.38,3,3.4,2.3,3,3,38,2.5,2.31,3.13,3.01,3.5,3.16,22,2.35,2.21,1.69,1.62,20,0,1.75,1.62,2.42,2.32
F2,31/08/12,Tours,Auxerre,1,0,H,0,0,D,3.2,3,2.4,3.25,2.9,2.35,3.25,2.9,2.35,3.1,3,2.2,3.2,3,2.25,3.3,3.09,2.49,3.1,3,2.3,3.13,3,2.38,3.25,3,2.45,2.8,3.1,2.38,38,3.55,3.1,3.1,3.02,2.49,2.35,22,2.46,2.23,1.68,1.61,20,0,2.32,2.23,1.72,1.67
F2,03/09/12,Lens,Angers,1,3,A,0,1,A,2.2,3,3.6,2.1,3.1,3.6,2.1,3.1,3.6,1.9,3.1,3.8,2.1,3,3.4,2.2,3.07,4.01,2.15,3,3.4,2.2,3.13,3.4,2.15,3.1,3.8,2.2,3.1,3.1,34,2.27,2.15,3.17,3.05,4.01,3.47,20,2.46,2.3,1.63,1.58,15,-0.25,1.89,1.86,2.06,2.01
F2,14/09/12,Auxerre,Istres,0,0,D,0,0,D,2.05,3.2,3.75,1.91,3,4.4,1.91,3,4.4,1.85,3.1,4,1.91,3.2,3.8,2.14,3.25,3.91,1.95,3.2,3.8,1.95,3.2,4,2.1,3.2,3.9,2,3.2,3.5,38,2.12,1.95,3.34,3.18,4.75,3.99,31,2.35,2.16,1.75,1.68,18,-0.25,1.8,1.68,2.38,2.25
F2,14/09/12,Caen,Le Mans,0,2,A,0,1,A,1.8,3.4,4.75,1.78,3.3,4.6,1.78,3.3,4.6,1.85,3,4.2,1.8,3.25,4.33,1.81,3.53,5.15,1.8,3.25,4.4,1.8,3.4,4.5,1.83,3.4,4.75,1.83,3.25,4,38,1.85,1.8,3.51,3.33,5.3,4.47,32,2.22,2.11,1.78,1.71,18,-0.75,2.12,2.07,1.83,1.81
F2,14/09/12,Chateauroux,Lens,1,1,D,0,1,A,2.25,3.1,3.4,2.2,3,3.4,2.2,3,3.4,2.1,3,3.3,2.2,3,3.2,2.35,3.04,3.63,2.15,3,3.4,2.25,3.13,3.3,2.3,3,3.6,2.2,3,3.2,38,2.2,2.09,3.25,3.05,4.23,3.67,23,2.5,2.37,1.62,1.54,19,-0.25,1.79,1.75,2.19,2.14
F2,14/09/12,Clermont,Tours,1,1,D,0,1,A,1.95,3.2,4.1,1.87,3.25,4.2,1.87,3.25,4.2,1.9,3,4,1.83,3.2,4,1.89,3.35,4.92,1.85,3.2,4.2,1.9,3.3,4.33,1.87,3.25,4.8,1.8,3.25,4.2,38,2.06,1.94,3.35,3.19,4.41,4,32,2.28,2.14,1.79,1.69,17,-0.75,2.41,2.29,1.7,1.65
F2,14/09/12,Monaco,Dijon,1,1,D,0,0,D,1.73,3.5,5,1.8,3.4,4.33,1.8,3.4,4.33,1.8,3.1,4.2,1.73,3.4,4.5,1.74,3.63,5.58,1.73,3.5,4.4,1.8,3.4,4.5,1.7,3.6,5.5,1.8,3.25,4.2,38,1.8,1.65,3.9,3.55,6.2,5.31,32,2.05,1.96,1.93,1.83,18,-0.75,1.88,1.83,2.09,2.04
F2,14/09/12,Niort,Arles,0,0,D,0,0,D,2.3,3.1,3.25,2.4,2.95,3.1,2.4,2.95,3.1,2.4,3,2.8,2.3,3,3,2.45,3.03,3.43,2.38,2.9,3.1,2.4,3,3.13,2.4,3,3.4,2.3,3,3,38,2.4,2.3,3.1,2.95,3.83,3.29,22,2.94,2.67,1.52,1.44,18,-0.25,2.02,1.97,1.95,1.89
F2,14/09/12,Sedan,Laval,1,3,A,1,0,H,1.83,3.4,4.5,1.87,3.25,4.2,1.87,3.25,4.2,1.85,3.1,4,1.83,3.2,4,1.88,3.4,4.94,1.91,3.2,4,1.95,3.25,4,1.85,3.3,4.8,1.83,3.25,4,38,1.92,1.86,3.43,3.24,5.08,4.28,31,2.22,2.15,1.76,1.68,18,-0.75,2.19,2.15,1.79,1.74
F2,17/09/12,Angers,Le Havre,3,1,H,2,0,H,2.3,3.1,3.3,2.25,3,3.3,2.25,3,3.3,2.1,3,3.3,2.2,3,3.2,2.25,3.22,3.63,2.25,3,3.2,2.25,3.13,3.25,2.2,3.1,3.5,2.2,3,3.2,34,2.35,2.23,3.22,3.03,3.63,3.26,22,2.23,2.15,1.75,1.66,18,0,1.6,1.56,2.57,2.45
F2,17/09/12,Nantes,Guingamp,1,1,D,1,0,H,2.2,3.2,3.4,2.1,3.2,3.4,2.1,3.2,3.4,2,3,3.6,2.1,3,3.4,2.19,3.23,3.8,2.15,3.1,3.3,2.2,3.13,3.4,2.15,3.12,3.7,2.1,3.1,3.3,34,2.2,2.12,3.23,3.1,3.8,3.42,22,2.32,2.16,1.73,1.65,16,-0.25,1.87,1.84,2.09,2.03
F2,17/09/12,Nimes,Ajaccio GFCO,0,1,A,0,1,A,2.05,3.1,4,2,3.1,3.9,2,3.1,3.9,1.9,3.1,3.8,2,3,3.75,2.07,3.25,4.18,2.05,3,3.75,2.1,3.13,3.75,2,3.12,4.1,2,3.1,3.6,32,2.1,2.02,3.25,3.11,4.2,3.75,20,2.52,2.42,1.6,1.53,16,-0.25,1.78,1.73,2.22,2.16
F2,21/09/12,Ajaccio GFCO,Angers,0,1,A,0,1,A,2.7,2.88,2.9,2.55,2.95,2.85,2.55,2.95,2.85,2.5,3,2.7,2.4,3,2.88,2.7,2.98,3.08,2.4,3,2.9,2.5,3,3,2.62,2.9,3,2.5,3,2.75,36,2.75,2.51,3.05,2.95,3.3,2.9,19,2.5,2.33,1.63,1.55,18,0,1.92,1.77,2.16,2.09
F2,21/09/12,Arles,Chateauroux,1,1,D,1,1,D,2.15,3.1,3.6,2.1,3,3.7,2.1,3,3.7,2.05,3,3.5,2.1,3,3.5,2.29,3.13,3.65,2.05,3.1,3.5,2.2,3,3.4,2.2,3,3.75,2.05,3.1,3.4,39,2.33,2.17,3.15,3.04,3.87,3.45,20,2.55,2.39,1.6,1.53,17,-0.5,2.33,2.27,1.74,1.66
F2,21/09/12,Istres,Nimes,2,0,H,0,0,D,2,3,4.33,1.95,3.1,4.1,1.95,3.1,4.1,1.9,3.1,3.8,1.91,3,4,2.03,3.11,4.63,1.95,2.9,3.8,2,3.2,4,1.95,3.1,4.5,2,3.25,3.4,39,2.02,1.97,3.3,3.12,4.59,3.94,20,2.62,2.46,1.58,1.51,18,-0.25,1.72,1.69,2.26,2.21
F2,21/09/12,Laval,Caen,1,2,A,1,2,A,2.75,3,2.75,2.5,3,2.85,2.5,3,2.85,2.35,3,2.8,2.5,3,2.75,2.82,3.12,2.82,2.4,3,2.88,2.88,3,2.5,2.75,3.1,2.75,2.5,3,2.7,39,3.25,2.74,3.13,3,2.8,2.62,29,2.35,2.23,1.68,1.62,19,0,2.22,2.1,2,1.77
F2,21/09/12,Le Havre,Nantes,1,1,D,0,0,D,2.4,3,3.2,2.2,3.1,3.3,2.2,3.1,3.3,2.3,3,2.9,2.25,3,3.2,2.43,3.12,3.35,2.2,3.1,3.1,2.38,3,3.13,2.4,3,3.25,2.4,3,2.88,39,2.48,2.35,3.15,3.05,3.35,3.05,29,2.32,2.17,1.7,1.65,18,-0.25,2.11,2.07,1.83,1.81
F2,21/09/12,Le Mans,Niort,2,2,D,0,1,A,1.95,3.2,4.2,1.95,3.2,3.9,1.95,3.2,3.9,1.9,3.1,3.8,1.91,3.2,3.8,1.99,3.25,4.54,2,3.1,3.75,1.91,3.25,4,1.95,3.2,4.4,1.95,3.2,3.6,39,2,1.91,3.35,3.2,4.8,4.08,28,2.42,2.28,1.67,1.59,17,-0.5,1.93,1.9,2.01,1.97
F2,21/09/12,Lens,Monaco,0,4,A,0,0,D,3,3,2.5,2.95,3.1,2.4,2.95,3.1,2.4,2.7,3,2.5,2.62,3,2.6,3.15,3.12,2.55,2.7,3,2.6,2.88,3,2.5,3.1,3.1,2.5,2.75,3,2.5,39,3.2,2.91,3.2,3.04,2.63,2.45,29,2.3,2.23,1.75,1.62,19,0,2.17,2.06,1.85,1.8
F2,21/09/12,Tours,Sedan,1,1,D,1,0,H,2.6,3,2.9,2.4,3.1,2.9,2.4,3.1,2.9,2.4,3,2.8,2.38,3,2.88,2.66,3.07,3.04,2.38,3,2.9,2.5,3.13,2.88,2.6,3,3,2.4,3,2.88,39,2.72,2.47,3.2,3.02,3.01,2.89,29,2.35,2.17,1.73,1.65,19,0,1.83,1.79,2.11,2.05
F2,22/09/12,Guingamp,Auxerre,4,3,H,1,2,A,2.1,3.2,3.6,2.15,3.1,3.4,2.15,3.1,3.4,2.25,3,3,2.2,3,3.25,2.19,3.2,3.82,2.15,3.1,3.25,2.25,3.13,3.3,2.15,3.12,3.75,2.15,3,3.3,34,2.25,2.16,3.2,3.09,3.75,3.34,22,2.32,2.15,1.73,1.65,14,-0.25,1.91,1.86,2.06,2.01
F2,24/09/12,Dijon,Clermont,1,1,D,1,1,D,1.85,3.4,4.33,1.87,3.25,4.2,1.87,3.25,4.2,1.8,3.2,4.1,1.83,3.2,4,1.91,3.52,4.5,1.91,3.1,4,1.91,3.3,4,1.87,3.5,4.4,1.83,3.25,4,34,1.96,1.88,3.4,3.23,5.1,4.13,26,2.25,2.15,1.75,1.68,14,-0.25,1.7,1.67,2.42,2.27
F2,28/09/12,Angers,Le Mans,4,0,H,2,0,H,2.15,2.75,4.2,2.15,2.85,3.8,2.15,2.85,3.8,2.05,3,3.5,2.1,3,3.5,2.18,3.07,4.07,2.1,3.1,3.4,2.1,3.13,3.6,2.15,3,4.1,2.1,3.2,3.3,39,2.22,2.12,3.25,3.07,4.35,3.6,30,2.35,2.19,1.74,1.65,19,-0.25,1.85,1.8,2.12,2.08
F2,28/09/12,Chateauroux,Le Havre,1,1,D,1,0,H,2.15,3.1,3.6,2.05,3.1,3.7,2.05,3.1,3.7,2,3,3.6,2.1,3,3.5,2.13,3.2,4.05,2.05,3.1,3.5,2.2,3.13,3.5,2.1,3.12,4,2.1,3.1,3.4,39,2.28,2.14,3.2,3.07,4,3.51,29,2.39,2.27,1.68,1.6,19,-0.25,1.93,1.89,2.01,1.98
F2,28/09/12,Clermont,Laval,0,0,D,0,0,D,2,3.1,4.2,1.95,3.2,3.9,1.95,3.2,3.9,1.9,3.1,3.8,2,3,3.8,2.01,3.31,4.35,2,3,3.75,2.05,3.13,3.75,2,3.3,4.3,1.95,3.2,3.75,39,2.1,2,3.3,3.12,4.5,3.88,33,2.38,2.2,1.72,1.65,19,-0.25,1.79,1.74,2.23,2.15
F2,28/09/12,Nimes,Guingamp,2,1,H,1,0,H,2.88,3,2.63,2.7,3,2.65,2.7,3,2.65,2.6,3,2.6,2.75,2.88,2.6,2.91,3.09,2.75,2.6,3,2.62,2.75,3.13,2.63,2.88,3.1,2.75,2.8,3,2.5,39,2.95,2.72,3.13,2.99,2.86,2.67,24,2.6,2.38,1.63,1.54,21,0,1.99,1.94,1.96,1.9
F2,28/09/12,Niort,Dijon,4,2,H,2,1,H,2.63,3,2.88,2.6,2.95,2.8,2.6,2.95,2.8,2.6,3,2.6,2.5,2.88,2.8,2.62,3.04,3.14,2.5,3,2.75,2.5,3,3,2.6,3,3.1,2.5,3,2.8,39,2.61,2.48,3.1,2.99,3.3,2.94,24,2.62,2.42,1.63,1.52,21,0,1.8,1.73,2.24,2.14
F2,28/09/12,Sedan,Istres,0,2,A,0,1,A,2.25,3.1,3.4,2.15,3.1,3.4,2.15,3.1,3.4,2.1,3,3.3,2.2,3,3.25,2.25,3.17,3.69,2.15,3.1,3.25,2.25,3.13,3.3,2.25,3.12,3.7,2.2,3.1,3.2,39,2.43,2.25,3.2,3.04,3.6,3.3,29,2.43,2.25,1.7,1.62,19,-0.25,2.05,2.01,1.91,1.86
F2,29/09/12,Caen,Tours,0,1,A,0,0,D,1.67,3.4,6,1.62,3.6,5.5,1.62,3.6,5.5,1.7,3.2,4.7,1.67,3.4,5,1.68,3.71,6.05,1.7,3.3,5,1.67,3.5,5.25,1.75,3.75,5,1.62,3.6,5.4,35,1.75,1.67,3.71,3.44,6.05,5.19,24,2.26,2.13,1.75,1.66,15,-0.75,1.92,1.87,2.04,2
F2,29/09/12,Nantes,Lens,4,0,H,2,0,H,1.83,3.25,4.75,1.8,3.25,4.6,1.8,3.25,4.6,1.8,3.1,4.2,1.8,3.2,4.33,1.83,3.44,5.15,1.8,3.2,4.33,1.83,3.3,4.33,1.83,3.4,5.2,1.8,3.3,4.33,35,1.85,1.8,3.44,3.26,5.3,4.49,24,2.32,2.17,1.7,1.64,15,-0.75,2.14,2.08,1.83,1.79
F2,30/09/12,Monaco,Ajaccio GFCO,2,2,D,0,1,A,1.4,4.2,9,1.42,4.2,7.25,1.42,4.2,7.25,1.4,3.7,7.5,1.4,4,7.5,1.45,4.45,8.55,1.4,4,7.5,1.4,4,8.5,1.44,4.4,9,1.4,4,8,31,1.45,1.4,4.5,4.06,9.6,8.1,27,1.95,1.84,2,1.95,15,-1,1.75,1.69,2.3,2.23
F2,01/10/12,Auxerre,Arles,2,1,H,0,0,D,1.83,3.25,4.75,1.8,3.2,4.75,1.8,3.2,4.75,1.8,3.1,4.2,1.8,3.2,4.33,1.86,3.31,5.25,1.83,3.2,4.2,1.83,3.3,4.33,1.85,3.3,5.2,1.83,3.3,4.2,34,1.88,1.83,3.31,3.22,5.25,4.46,22,2.58,2.4,1.65,1.53,15,-0.75,2.16,2.1,1.83,1.78
F2,05/10/12,Ajaccio GFCO,Nantes,3,1,H,1,0,H,2.88,3,2.6,2.85,2.95,2.55,2.85,2.95,2.55,2.7,3,2.5,2.75,3,2.5,3.1,3.04,2.64,2.9,2.9,2.5,2.88,3,2.6,3,3,2.6,2.8,3,2.5,37,2.94,2.7,3.07,2.99,2.89,2.68,21,2.46,2.38,1.63,1.53,20,0,1.95,1.91,2,1.94
F2,05/10/12,Arles,Clermont,0,2,A,0,0,D,2.1,3.1,3.75,2,3.2,3.75,2,3.2,3.75,2,3.1,3.4,2.1,3,3.5,2.1,3.2,4.13,2.05,3.1,3.6,2.1,3.12,3.5,2.1,3.12,4,2.1,3.1,3.4,39,2.1,2.04,3.25,3.06,4.51,3.81,22,2.71,2.39,1.62,1.53,18,-0.5,2.09,2.05,1.86,1.83
F2,05/10/12,Guingamp,Laval,1,1,D,0,1,A,1.75,3.4,5,1.78,3.4,4.5,1.78,3.4,4.5,1.75,3.2,4.3,1.73,3.25,4.5,1.79,3.51,5.33,1.73,3.4,4.6,1.8,3.3,4.8,1.75,3.4,5.25,1.73,3.5,4.5,39,1.83,1.74,3.55,3.41,5.6,4.74,32,2.22,2.15,1.76,1.69,19,-0.75,2.1,2.04,1.89,1.83
F2,05/10/12,Istres,Caen,0,4,A,0,1,A,2.38,3,3.25,2.3,3,3.2,2.3,3,3.2,2.25,3,3,2.3,3,3,2.45,3.11,3.33,2.3,3,3.1,2.38,3,3.12,2.4,3.1,3.25,2.3,3,3.1,39,2.5,2.34,3.19,3.04,3.32,3.09,22,2.6,2.39,1.63,1.54,21,0,1.76,1.7,2.27,2.18
F2,05/10/12,Le Havre,Auxerre,2,1,H,1,1,D,2.25,3,3.5,2.2,3.1,3.3,2.2,3.1,3.3,2.4,3,2.8,2.2,3,3.2,2.34,3.16,3.51,2.2,3.1,3.2,2.2,3.12,3.4,2.3,3.1,3.5,2.2,3.1,3.2,39,2.4,2.22,3.36,3.11,3.6,3.28,32,2.22,2.12,1.79,1.71,19,-0.25,2.04,1.94,1.99,1.94
F2,05/10/12,Le Mans,Sedan,1,0,H,1,0,H,2.1,3.2,3.6,2.1,3.1,3.6,2.1,3.1,3.6,2,3.1,3.4,2.1,3,3.4,2.18,3.26,3.79,2.15,3.1,3.3,2.1,3.12,3.6,2.15,3.2,3.7,2.15,3.1,3.3,39,2.2,2.08,3.31,3.15,4.08,3.58,32,2.28,2.11,1.78,1.71,18,-0.5,2.14,2.09,1.83,1.79
F2,05/10/12,Lens,Niort,1,0,H,0,0,D,2.1,3.1,3.75,2,3.1,3.9,2,3.1,3.9,2,3.1,3.4,2,3,3.6,2.16,3.2,3.95,2.05,3.1,3.6,2.05,3.12,3.8,2.1,3.12,3.9,2.05,3.1,3.6,39,2.22,2.1,3.25,3.1,3.85,3.58,22,2.46,2.29,1.63,1.58,19,-0.25,1.92,1.88,2.05,1.99
F2,05/10/12,Tours,Nimes,1,0,H,0,0,D,2.2,3.2,3.4,2.15,3.1,3.4,2.15,3.1,3.4,2,3,3.6,2.2,3,3.2,2.34,3.12,3.55,2.25,3,3.2,2.2,3.12,3.4,2.3,3.12,3.5,2.2,3.1,3.2,39,2.27,2.21,3.2,3.06,3.86,3.35,22,2.52,2.31,1.62,1.57,18,-0.5,2.33,2.25,1.71,1.68
F2,06/10/12,Dijon,Angers,0,0,D,0,0,D,2.25,3,3.5,2.25,3,3.3,2.25,3,3.3,2.25,3,3,2.2,3,3.2,2.34,3.12,3.59,2.2,3.1,3.2,2.3,3,3.2,2.3,3,3.5,2.2,3.1,3.2,35,2.4,2.25,3.2,3.02,3.7,3.25,22,2.35,2.15,1.7,1.66,15,-0.25,2.01,1.97,1.94,1.9
F2,08/10/12,Monaco,Chateauroux,0,0,D,0,0,D,1.57,3.6,6.5,1.57,3.6,6,1.57,3.6,6,1.6,3.4,5.2,1.57,3.5,5.5,1.57,4.18,6.49,1.55,3.6,6,1.57,3.6,6,1.55,4.1,6.25,1.53,3.75,6,32,1.63,1.57,4.18,3.65,6.6,5.87,27,2.11,2.03,1.9,1.77,17,-1,2.14,2.03,1.86,1.84
F2,19/10/12,Angers,Monaco,1,2,A,0,1,A,2.75,3,2.75,2.65,3.1,2.6,2.65,3.1,2.6,2.7,3,2.5,2.62,3,2.62,2.91,3.15,2.71,2.6,3.1,2.62,2.75,3,2.75,2.75,3.1,2.75,2.6,3,2.7,36,2.75,2.64,3.23,3.03,2.89,2.71,30,2.28,2.14,1.8,1.7,19,0,1.96,1.89,2.02,1.95
F2,19/10/12,Caen,Guingamp,1,2,A,0,1,A,1.91,3.3,4.2,1.87,3.1,4.5,1.87,3.1,4.5,1.9,3.1,3.8,1.91,3.2,3.8,1.93,3.38,4.64,1.91,3.2,3.9,1.95,3.25,4,1.87,3.3,4.75,1.91,3.2,4,35,1.91,1.85,3.52,3.31,4.9,4.25,30,2.15,2.03,1.87,1.78,18,-0.75,2.14,2.09,1.82,1.78
F2,19/10/12,Chateauroux,Ajaccio GFCO,3,1,H,2,0,H,2,3,4.33,1.9,3.1,4.33,1.9,3.1,4.33,1.85,3.1,4,2,3,3.8,2.07,3.14,4.38,2,3.1,3.8,2,3.2,4,2,3.12,4.3,1.95,3.1,3.8,34,2.01,1.96,3.26,3.13,4.63,4.02,19,2.52,2.4,1.6,1.52,18,-0.25,1.71,1.68,2.3,2.24
F2,19/10/12,Clermont,Istres,2,1,H,2,0,H,2.3,3,3.4,2.3,3,3.2,2.3,3,3.2,2.3,3,2.9,2.25,3,3.2,2.4,3.12,3.41,2.25,3,3.2,2.3,3.12,3.12,2.38,3.1,3.3,2.25,3,3.25,36,2.51,2.31,3.14,3.04,3.45,3.15,21,2.48,2.32,1.65,1.56,19,0,1.72,1.66,2.4,2.23
F2,19/10/12,Laval,Tours,2,2,D,1,0,H,2.1,3.1,3.75,2.2,3.1,3.3,2.2,3.1,3.3,2.2,3.1,3,2.2,3,3.25,2.23,3.14,3.8,2.15,3,3.4,2.2,3.12,3.4,2.2,3.1,3.7,2.2,3,3.3,36,2.25,2.17,3.2,3.08,3.93,3.41,26,2.38,2.28,1.67,1.6,18,-0.25,1.88,1.85,2.07,2.03
F2,19/10/12,Nimes,Le Mans,2,1,H,1,1,D,2.38,3,3.25,2.4,2.95,3.1,2.4,2.95,3.1,2.5,3,2.7,2.3,3,3,2.48,3.01,3.39,2.3,3.1,3,2.4,3.12,3,2.4,3,3.3,2.4,3,3,35,2.5,2.32,3.15,3.03,3.63,3.17,28,2.42,2.23,1.69,1.63,18,-0.25,2.02,1.97,1.94,1.9
F2,19/10/12,Niort,Le Havre,0,0,D,0,0,D,2.5,3,3,2.4,3.1,2.9,2.4,3.1,2.9,2.3,3,2.9,2.38,3,2.88,2.57,3.02,3.22,2.45,3,2.9,2.5,3.12,3,2.45,3,3.2,2.4,3,3,36,2.55,2.41,3.14,3.03,3.4,2.99,26,2.34,2.23,1.72,1.62,19,0,1.71,1.67,2.33,2.21
F2,19/10/12,Sedan,Arles,4,2,H,2,1,H,2.1,3,4,2.1,3,3.7,2.1,3,3.7,2.2,3,3.1,2.1,3,3.5,2.22,3.02,4.02,2.05,3,3.75,2.2,3,3.5,2.15,3,3.9,2.2,3,3.3,36,2.35,2.21,3.11,3.01,3.9,3.41,20,2.64,2.53,1.57,1.48,18,-0.25,1.99,1.96,1.95,1.91
F2,20/10/12,Auxerre,Lens,1,2,A,0,2,A,1.91,3.2,4.33,1.91,3.1,4.25,1.91,3.1,4.25,1.9,3.1,3.8,1.91,3.2,3.8,1.96,3.35,4.51,1.91,3.3,3.8,1.95,3.2,4,1.92,3.3,4.4,1.91,3.1,4,32,2,1.93,3.31,3.19,4.65,4,26,2.22,2.12,1.75,1.7,14,-0.25,1.7,1.66,2.35,2.28
F2,22/10/12,Nantes,Dijon,2,0,H,1,0,H,1.91,3.2,4.33,1.95,3.1,4.1,1.95,3.1,4.1,1.9,3.1,3.8,1.91,3,4,1.98,3.25,4.61,1.91,3.2,4,1.95,3.2,4,1.95,3.2,4.5,1.91,3.1,4,32,2,1.91,3.3,3.19,4.65,4.03,20,2.28,2.19,1.75,1.63,14,-0.25,1.68,1.65,2.36,2.3
F2,26/10/12,Angers,Chateauroux,1,0,H,0,0,D,2.05,3.2,3.8,2,3.2,3.75,2,3.2,3.75,1.85,3,4.2,2,3,3.75,2.15,3.16,4.04,1.91,3.1,4,2.05,3.12,3.75,2.1,3.12,3.9,2,3.2,3.6,36,2.07,2,3.3,3.15,4.3,3.9,30,2.39,2.23,1.69,1.63,17,-0.25,1.76,1.73,2.25,2.18
F2,26/10/12,Arles,Caen,0,2,A,0,1,A,2.8,3.1,2.6,2.75,3,2.6,2.75,3,2.6,2.5,2.8,2.9,2.6,3,2.62,2.93,3.11,2.73,2.6,3,2.62,2.75,3,2.62,2.88,3,2.7,2.7,3,2.6,37,2.7,2.6,3.1,2.99,3.03,2.8,23,2.5,2.33,1.65,1.56,19,0,1.9,1.83,2.09,2.02
F2,26/10/12,Dijon,Auxerre,0,1,A,0,1,A,2.4,3.1,3.1,2.4,3.1,2.9,2.4,3.1,2.9,2.2,2.8,3.3,2.3,3,3,2.54,3.26,3.03,2.3,3.1,3,2.38,3.12,3,2.45,3.2,3,2.3,3.1,3,37,2.6,2.43,3.2,3.08,3.3,2.93,31,2.22,2.12,1.78,1.7,19,0,1.77,1.72,2.25,2.15
F2,26/10/12,Guingamp,Sedan,2,0,H,2,0,H,1.85,3.25,4.5,1.95,3.1,4.1,1.95,3.1,4.1,1.9,3,4,1.91,3.2,3.8,1.92,3.38,4.71,1.91,3.2,3.8,1.95,3.25,4,1.9,3.3,4.6,1.91,3.3,3.75,36,1.91,1.87,3.55,3.29,4.96,4.22,31,2.07,1.94,1.97,1.86,16,-0.5,1.86,1.83,2.09,2.05
F2,26/10/12,Istres,Tours,4,1,H,2,0,H,1.8,3.25,5,1.78,3.2,4.75,1.78,3.2,4.75,1.75,3.1,4.5,1.8,3.2,4.33,1.88,3.37,4.98,1.8,3.2,4.33,1.83,3.3,4.5,1.85,3.3,5,1.83,3.3,4,36,1.94,1.84,3.35,3.25,5,4.41,26,2.5,2.28,1.7,1.6,18,-0.75,2.28,2.21,1.73,1.7
F2,26/10/12,Le Havre,Nimes,1,1,D,1,0,H,1.95,3.2,4.2,1.8,3.25,4.6,1.8,3.25,4.6,1.85,3,4.2,1.91,3,4,1.98,3.26,4.57,1.91,3.1,4,1.95,3.3,4,1.95,3.2,4.5,1.91,3.25,3.8,35,1.99,1.93,3.45,3.2,4.65,4.08,28,2.35,2.23,1.72,1.63,17,-0.5,1.98,1.94,1.97,1.93
F2,26/10/12,Le Mans,Laval,2,0,H,2,0,H,2.05,3.3,3.6,2,3.2,3.75,2,3.2,3.75,1.9,3,4,2,3.2,3.6,2.17,3.21,3.9,1.91,3.2,3.8,2.05,3.2,3.75,2.1,3.2,3.8,2,3.2,3.6,37,2.29,2.14,3.3,3.13,4,3.46,28,2.28,2.18,1.74,1.66,16,-0.25,1.97,1.93,1.97,1.94
F2,27/10/12,Monaco,Nantes,0,2,A,0,2,A,1.85,3.3,4.5,1.75,3.4,4.6,1.75,3.4,4.6,1.75,3.1,4.5,1.83,3.2,4,1.86,3.5,4.82,1.8,3.2,4.33,1.83,3.4,4.5,1.85,3.4,4.75,1.83,3.3,4,33,1.9,1.84,3.5,3.29,5,4.28,28,2.16,2.08,1.81,1.74,15,-0.75,2.15,2.1,1.81,1.78
F2,29/10/12,Lens,Clermont,2,2,D,1,2,A,2.1,3.2,3.6,2.15,3.1,3.4,2.15,3.1,3.4,,,,2.1,3,3.4,2.25,3.22,3.64,2.15,3.1,3.25,2.2,3.12,3.4,2.2,3.12,3.6,2.25,3.1,3.1,31,2.27,2.18,3.22,3.09,3.8,3.35,21,2.3,2.19,1.75,1.63,13,-0.25,1.93,1.88,2.03,1.99
F2,02/11/12,Chateauroux,Dijon,2,2,D,1,1,D,2,3.2,4,2.1,3.1,3.6,2.1,3.1,3.6,2.15,3,3.2,2.1,3,3.5,2.12,3.3,4,2.1,3.1,3.4,2.1,3.13,3.6,2.05,3.2,3.9,2.15,3.1,3.3,36,2.16,2.08,3.3,3.13,4.05,3.62,30,2.32,2.15,1.77,1.69,17,-0.25,1.86,1.82,2.1,2.06
F2,02/11/12,Clermont,Guingamp,1,2,A,1,1,D,2.38,3,3.2,2.3,3.1,3.1,2.3,3.1,3.1,2.35,3,2.85,2.3,3,3,2.36,3.23,3.42,2.3,3.1,3,2.4,3,3,2.3,3.12,3.4,2.5,3,2.8,36,2.5,2.35,3.24,3.06,3.4,3.07,29,2.35,2.17,1.75,1.67,19,0,1.71,1.65,2.39,2.27
F2,02/11/12,Laval,Istres,2,1,H,0,0,D,2.35,3,3.25,2.25,3,3.3,2.25,3,3.3,2.4,3,2.8,2.3,3,3,2.4,3.22,3.35,2.25,3,3.2,2.4,3,3,2.38,3.12,3.25,2.4,3,2.88,37,2.45,2.36,3.25,3.05,3.43,3.06,21,2.5,2.35,1.63,1.55,19,0,1.7,1.65,2.39,2.27
F2,02/11/12,Nimes,Arles,4,1,H,0,0,D,2.05,3.2,3.8,2.05,3.1,3.7,2.05,3.1,3.7,1.95,3.1,3.7,2,3,3.6,2.16,3.16,4.06,2.05,3,3.75,2.1,3.2,3.6,2.1,3.12,4,2.05,3.2,3.5,36,2.2,2.08,3.2,3.11,4.09,3.66,22,2.63,2.4,1.6,1.53,18,-0.25,1.85,1.81,2.14,2.07
F2,02/11/12,Niort,Monaco,1,1,D,0,0,D,3.4,3,2.3,3.4,3.1,2.15,3.4,3.1,2.15,3.1,3.1,2.15,3.2,3,2.25,3.58,3.09,2.37,3.2,3.2,2.25,3.2,3,2.38,3.5,3,2.3,3,3.1,2.3,37,3.65,3.19,3.2,3.05,2.45,2.3,21,2.52,2.27,1.65,1.6,19,0,2.49,2.36,1.63,1.6
F2,02/11/12,Sedan,Lens,0,1,A,0,0,D,2.3,3.1,3.3,2.3,3,3.2,2.3,3,3.2,2.4,3,2.8,2.25,3,3.2,2.41,3.24,3.31,2.25,3.2,3,2.3,3.13,3.2,2.3,3.12,3.4,2.3,3.1,3,37,2.42,2.32,3.23,3.09,3.4,3.11,31,2.25,2.13,1.83,1.71,19,0,1.72,1.66,2.32,2.25
F2,02/11/12,Tours,Le Mans,2,0,H,1,0,H,2.5,3,3,2.4,3.1,2.9,2.4,3.1,2.9,2.3,3,2.9,2.4,3,2.88,2.54,3.14,3.19,2.5,3,2.8,2.5,3,3,2.5,3.1,3.1,2.4,3,2.88,37,2.63,2.47,3.15,3.01,3.2,2.93,28,2.42,2.27,1.7,1.61,19,0,1.81,1.75,2.2,2.11
F2,03/11/12,Auxerre,Ajaccio GFCO,1,1,D,1,0,H,1.7,3.4,5.5,1.67,3.4,5.25,1.67,3.4,5.25,1.7,3.3,4.5,1.67,3.25,5,1.79,3.53,5.35,1.73,3.3,4.8,1.73,3.4,5,1.75,3.4,5.4,1.7,3.4,4.75,34,1.79,1.72,3.53,3.33,5.9,4.92,19,2.22,2.13,1.75,1.67,16,-0.75,2.03,1.99,1.91,1.88
F2,03/11/12,Nantes,Angers,1,0,H,0,0,D,1.8,3.25,5,1.8,3.25,4.6,1.8,3.25,4.6,1.85,3,4.2,1.8,3.2,4.33,1.88,3.32,5.11,1.8,3.25,4.4,1.83,3.25,4.5,1.85,3.25,5,1.83,3.3,4.2,36,1.9,1.84,3.35,3.2,5.11,4.33,20,2.34,2.21,1.7,1.62,15,-0.75,2.21,2.16,1.78,1.72
F2,05/11/12,Caen,Le Havre,2,0,H,1,0,H,1.8,3.3,4.75,1.8,3.3,4.5,1.8,3.3,4.5,1.77,3.1,4.4,1.8,3.2,4.33,1.87,3.33,5.16,1.8,3.2,4.5,1.83,3.3,4.5,1.83,3.3,5,1.8,3.3,4.33,33,1.88,1.82,3.35,3.25,5.16,4.43,19,2.34,2.2,1.7,1.63,15,-0.75,2.17,2.1,1.81,1.77
F2,09/11/12,Ajaccio GFCO,Sedan,1,1,D,0,1,A,2,3.2,4,1.95,3.1,4.1,1.95,3.1,4.1,2.1,2.9,3.4,2,3,3.75,2.02,3.27,4.46,1.91,3,3.75,2.05,3.2,3.8,2,3.2,4.33,2.05,3.25,3.4,36,2.1,2,3.3,3.14,4.46,3.81,28,2.43,2.32,1.66,1.57,18,-0.25,1.76,1.71,2.25,2.19
F2,09/11/12,Angers,Niort,0,0,D,0,0,D,1.73,3.3,5.5,1.72,3.3,5,1.72,3.3,5,1.75,3.2,4.3,1.8,3.2,4.5,1.79,3.42,5.79,1.8,3.1,4.6,1.8,3.3,4.8,1.75,3.3,5.75,1.8,3.25,4.33,38,1.83,1.77,3.42,3.28,5.79,4.79,30,2.62,2.33,1.7,1.57,18,-0.75,2.09,2.03,1.89,1.84
F2,09/11/12,Arles,Laval,0,3,A,0,2,A,2.3,3,3.4,2.25,2.95,3.4,2.25,2.95,3.4,2.3,3.1,2.8,2.25,3,3.2,2.4,3.08,3.52,2.3,3,3.1,2.3,3,3.2,2.3,3.1,3.4,2.3,3,3.1,38,2.4,2.3,3.16,3.04,3.52,3.18,27,2.52,2.36,1.63,1.55,19,0,1.66,1.62,2.4,2.31
F2,09/11/12,Dijon,Nimes,2,1,H,0,0,D,2.2,3.2,3.4,2.1,3.2,3.4,2.1,3.2,3.4,2.1,3,3.3,2.1,3,3.4,2.3,3.21,3.59,2.2,3.1,3.2,2.25,3.12,3.3,2.25,3.1,3.5,2.05,3.2,3.5,35,2.32,2.18,3.21,3.1,3.65,3.36,30,2.42,2.24,1.7,1.61,18,-0.25,2.01,1.96,1.94,1.91
F2,09/11/12,Guingamp,Tours,0,0,D,0,0,D,1.75,3.4,5,1.75,3.3,4.75,1.75,3.3,4.75,1.65,3.3,4.9,1.73,3.25,4.5,1.83,3.51,5.12,1.73,3.3,4.8,1.73,3.4,4.8,1.8,3.4,5,1.75,3.4,4.5,37,1.84,1.77,3.51,3.34,5.25,4.7,33,2.15,2.04,1.87,1.76,17,-0.75,2.09,2.05,1.87,1.83
F2,09/11/12,Istres,Le Mans,1,0,H,0,0,D,2.1,3.25,3.6,2.05,2.95,3.9,2.05,2.95,3.9,2.1,3.1,3.2,2,3.2,3.6,2.08,3.31,4.13,2,3.1,3.75,2.05,3.25,3.6,2.05,3.2,4,2,3.2,3.6,38,2.1,2.04,3.32,3.18,4.25,3.65,33,2.24,2.12,1.79,1.69,18,-0.25,1.82,1.78,2.17,2.1
F2,09/11/12,Le Havre,Clermont,1,3,A,0,1,A,1.85,3.2,4.75,1.85,3.2,4.4,1.85,3.2,4.4,2,3,3.6,1.83,3.2,4,1.9,3.44,4.81,1.95,3.1,3.8,1.9,3.3,4.33,1.87,3.3,4.6,1.83,3.2,4,38,2,1.9,3.44,3.24,4.81,4.12,32,2.22,2.1,1.8,1.71,17,-0.5,1.96,1.91,1.99,1.96
F2,09/11/12,Nantes,Chateauroux,1,1,D,1,1,D,1.75,3.4,5,1.7,3.4,5,1.7,3.4,5,1.7,3.3,4.5,1.73,3.25,4.5,1.81,3.49,5.35,1.73,3.3,4.8,1.73,3.5,4.8,1.75,3.4,5.2,1.73,3.5,4.5,37,1.81,1.75,3.52,3.39,5.6,4.75,33,2.25,2.14,1.78,1.69,17,-0.75,2.09,2.04,1.87,1.83
F2,10/11/12,Monaco,Auxerre,2,0,H,1,0,H,1.8,3.25,5,1.7,3.3,5.25,1.7,3.3,5.25,1.75,3.2,4.3,1.73,3.25,4.5,1.81,3.59,5.01,1.7,3.4,4.8,1.73,3.5,4.8,1.8,3.5,5,1.73,3.5,4.5,35,1.81,1.74,3.59,3.38,5.75,4.71,31,2.15,2.01,1.87,1.77,16,-0.75,2.09,2.04,1.88,1.83
F2,12/11/12,Lens,Caen,0,0,D,0,0,D,2.5,3,3,2.5,3,2.9,2.5,3,2.9,2.4,3,2.8,2.4,3,2.88,2.65,3.1,3.03,2.4,3,2.88,2.5,3,2.88,2.6,3,3,2.4,3,2.88,34,2.65,2.47,3.2,3,3.15,2.89,22,2.3,2.16,1.75,1.64,15,-0.25,2.24,2.16,1.76,1.73
F2,14/11/12,Ajaccio GFCO,Niort,2,2,D,1,2,A,2.1,3.2,3.6,2.05,3,3.9,2.05,3,3.9,2.1,2.9,3.4,2.1,3,3.5,2.07,3.19,4.34,2.05,3.1,3.6,2.1,3.13,3.6,2.05,3.13,4.2,2.15,3.2,3.2,29,2.2,2.09,3.22,3.1,4.34,3.56,20,2.5,2.41,1.61,1.53,14,-0.25,1.82,1.77,2.2,2.12
F2,23/11/12,Caen,Angers,1,0,H,0,0,D,1.91,3.25,4.33,1.91,3.1,4.25,1.91,3.1,4.25,1.9,3.1,3.8,1.91,3.2,3.8,1.98,3.34,4.53,2,3.1,3.75,1.91,3.25,4.33,1.95,3.25,4.4,1.91,3.25,3.8,39,2.07,1.98,3.3,3.19,4.5,3.9,32,2.4,2.26,1.75,1.61,19,-0.5,2.06,2.03,1.87,1.85
F2,23/11/12,Istres,Arles,0,1,A,0,0,D,1.8,3.3,4.75,1.75,3.2,5,1.75,3.2,5,1.65,3.3,4.9,1.73,3.25,4.5,1.84,3.31,5.54,1.73,3.3,4.8,1.8,3.4,4.8,1.8,3.3,5.25,1.73,3.5,4.5,39,1.9,1.78,3.5,3.27,5.35,4.66,26,2.5,2.31,1.67,1.57,20,-0.75,2.14,2.1,1.81,1.78
F2,23/11/12,Laval,Dijon,3,0,H,0,0,D,2.1,3.25,3.6,2.05,3.1,3.7,2.05,3.1,3.7,2.15,2.9,3.3,2.1,3.2,3.25,2.17,3.26,3.81,2.15,3.1,3.3,2.1,3.13,3.6,2.15,3.2,3.75,2.15,3.1,3.3,39,2.2,2.1,3.3,3.17,3.94,3.44,33,2.2,2.09,1.84,1.72,20,-0.25,1.88,1.81,2.12,2.07
F2,23/11/12,Le Mans,Guingamp,0,2,A,0,1,A,2.55,3.1,2.88,2.5,3.1,2.8,2.5,3.1,2.8,2.25,2.9,3.1,2.3,3,3,2.78,3.11,2.91,2.3,3.1,3,2.5,3,3,2.7,3,2.9,2.38,3.1,2.88,38,2.7,2.45,3.11,3.02,3.15,2.92,32,2.28,2.13,1.79,1.68,19,-0.25,2.28,2.18,1.76,1.71
F2,23/11/12,Nimes,Lens,1,2,A,0,1,A,2.2,3.2,3.4,2.25,2.95,3.4,2.25,2.95,3.4,2.2,3,3.1,2.2,3,3.25,2.27,3.16,3.72,2.2,3,3.3,2.25,3,3.4,2.2,3.12,3.6,2.2,3.1,3.2,39,2.3,2.21,3.2,3.07,3.72,3.28,31,2.42,2.26,1.65,1.6,20,-0.25,1.99,1.93,1.97,1.94
F2,23/11/12,Niort,Chateauroux,2,2,D,1,1,D,2.25,2.9,3.6,2.2,3,3.4,2.2,3,3.4,2.3,2.8,3.1,2.25,3,3.2,2.21,3.17,3.89,2.25,3,3.2,2.2,3,3.5,2.2,3.1,3.75,2.2,3.1,3.2,38,2.31,2.22,3.15,3,3.79,3.34,25,2.7,2.46,1.58,1.5,19,-0.25,1.95,1.9,2.02,1.97
F2,23/11/12,Sedan,Le Havre,1,2,A,0,2,A,2.25,3.1,3.4,2.2,3.1,3.3,2.2,3.1,3.3,2.2,3,3.1,2.25,3,3.2,2.27,3.3,3.55,2.25,3,3.2,2.3,3,3.3,2.25,3.2,3.4,2.3,3.1,3,38,2.35,2.23,3.35,3.06,3.74,3.24,32,2.25,2.16,1.75,1.66,20,-0.25,1.91,1.86,2.05,2.01
F2,23/11/12,Tours,Ajaccio GFCO,2,1,H,1,0,H,2.1,3.2,3.6,2.05,3.2,3.6,2.05,3.2,3.6,2,2.9,3.7,2.1,3,3.4,2.3,3.2,3.6,2.1,3.1,3.4,2.2,3.13,3.4,2.25,3.12,3.5,2.1,3.1,3.4,37,2.28,2.14,3.25,3.09,3.7,3.4,29,2.4,2.26,1.68,1.61,20,-0.25,1.96,1.91,2,1.96
F2,24/11/12,Auxerre,Nantes,0,2,A,0,1,A,2.4,3,3.2,2.35,2.9,3.25,2.35,2.9,3.25,2.5,3,2.7,2.3,3,3,2.42,3.22,3.27,2.3,3,3.1,2.38,3.13,3.13,2.4,3.12,3.2,2.3,3.1,3,36,2.5,2.36,3.22,3.04,3.27,3.05,25,2.36,2.23,1.7,1.6,19,0,1.75,1.66,2.32,2.21
F2,26/11/12,Clermont,Monaco,0,1,A,0,0,D,2.9,3.1,2.5,2.85,2.95,2.55,2.85,2.95,2.55,2.8,3,2.4,2.8,3,2.4,3.1,3.15,2.56,2.75,3,2.5,2.88,3,2.5,3,3.1,2.5,2.88,3,2.4,35,3.1,2.89,3.25,3.04,2.58,2.46,25,2.3,2.16,1.75,1.64,18,0,2.17,2.07,1.82,1.78
F2,30/11/12,Angers,Nimes,0,0,D,0,0,D,1.8,3.1,5.25,1.8,3.25,4.6,1.8,3.25,4.6,1.8,3.1,4.2,1.8,3.2,4.5,1.87,3.32,5.16,1.8,3.2,4.5,1.8,3.13,5,1.85,3.25,5.2,1.8,3.25,4.5,40,1.98,1.85,3.31,3.17,5.25,4.52,32,2.43,2.28,1.67,1.59,20,-0.75,2.27,2.19,1.74,1.71
F2,30/11/12,Arles,Le Mans,0,0,D,0,0,D,2.4,2.88,3.3,2.35,2.75,3.4,2.35,2.75,3.4,2.3,3,2.9,2.38,2.88,3,2.53,2.87,3.49,2.45,2.9,3,2.38,3,3.2,2.45,2.9,3.4,2.4,3,2.88,40,2.55,2.42,3.1,2.95,3.38,3.07,25,2.59,2.43,1.58,1.51,21,0,1.75,1.69,2.28,2.18
F2,30/11/12,Chateauroux,Auxerre,1,1,D,0,0,D,2.1,3.2,3.6,2.05,3.1,3.7,2.05,3.1,3.7,2.15,3,3.05,2.1,3,3.4,2.09,3.27,4.07,2.1,3,3.5,2.1,3.13,3.6,2.05,3.2,3.9,2.1,3.1,3.3,39,2.15,2.11,3.25,3.11,4.19,3.53,33,2.35,2.2,1.69,1.64,19,-0.25,1.85,1.8,2.14,2.07
F2,30/11/12,Le Havre,Tours,3,0,H,2,0,H,1.95,3.25,4,1.9,3.1,4.33,1.9,3.1,4.33,2,3,3.6,1.83,3.2,4,1.96,3.32,4.56,1.85,3.2,4.2,1.95,3.2,4,1.92,3.25,4.5,1.91,3.25,3.8,40,2.04,1.96,3.3,3.2,4.48,3.92,35,2.32,2.15,1.74,1.68,19,-0.5,2.05,2.01,1.9,1.86
F2,30/11/12,Lens,Laval,1,0,H,0,0,D,2.2,3,3.6,2.2,3,3.4,2.2,3,3.4,2.1,3,3.3,2.2,3,3.25,2.32,3.09,3.65,2.25,3,3.2,2.25,3,3.3,2.3,3,3.6,2.25,3.1,3.1,40,2.25,2.15,3.21,3.05,4.02,3.51,33,2.28,2.19,1.74,1.65,20,-0.25,1.85,1.82,2.1,2.05
F2,30/11/12,Monaco,Sedan,3,1,H,1,0,H,1.5,4,7,1.48,3.75,7.25,1.48,3.75,7.25,1.5,3.5,6.3,1.44,3.75,6.5,1.53,4.03,7.65,1.53,3.75,6,1.53,3.6,7,1.5,4,7.5,1.5,3.6,7,24,1.53,1.49,4.2,3.88,7.6,6.67,21,2.02,1.95,1.95,1.81,12,-1,1.94,1.89,2.02,1.93
F2,30/11/12,Nantes,Niort,0,0,D,0,0,D,1.62,3.5,6.5,1.65,3.5,5.25,1.65,3.5,5.25,1.6,3.4,5.2,1.62,3.4,5.5,1.75,3.48,5.89,1.7,3.3,5,1.67,3.4,5.25,1.65,3.6,6.25,1.67,3.5,5,40,1.72,1.67,3.6,3.4,6.36,5.41,32,2.33,2.23,1.72,1.62,19,-0.5,1.71,1.68,2.3,2.24
F2,01/12/12,Ajaccio GFCO,Clermont,0,1,A,0,0,D,2.2,3.1,3.5,2.25,2.95,3.4,2.25,2.95,3.4,2.3,2.8,3.1,2.2,3,3.25,2.27,3.23,3.57,2.15,3.1,3.3,2.25,3,3.4,2.25,3.2,3.5,2.25,3.1,3.1,38,2.3,2.21,3.25,3.08,3.61,3.33,30,2.35,2.18,1.71,1.65,20,-0.25,1.98,1.94,1.98,1.94
F2,01/12/12,Dijon,Caen,1,0,H,0,0,D,2.75,3,2.7,2.7,3,2.65,2.7,3,2.65,2.5,3.1,2.7,2.75,2.88,2.6,2.86,3.06,2.83,2.75,2.9,2.62,2.63,3.13,2.63,2.8,3,2.8,2.7,3.1,2.5,37,2.92,2.7,3.13,3,2.9,2.65,25,2.52,2.29,1.62,1.57,19,0,2.01,1.95,1.94,1.89
F2,03/12/12,Guingamp,Istres,1,0,H,1,0,H,1.85,3.3,4.5,1.95,3,4.25,1.95,3,4.25,1.9,3.1,3.9,1.83,3.2,4,1.95,3.32,4.61,1.91,3.1,4,1.95,3.25,4,1.92,3.25,4.4,1.95,3.3,3.6,35,2.02,1.93,3.3,3.2,4.6,3.97,24,2.42,2.18,1.71,1.64,16,-0.25,1.72,1.65,2.33,2.28
F2,10/12/12,Clermont,Nantes,0,1,A,0,1,A,2.6,3,2.88,2.5,3,2.9,2.5,3,2.9,2.6,3,2.6,2.5,2.88,2.8,2.66,3.09,3.06,2.5,2.9,2.9,2.5,3,2.88,2.6,3.1,3,2.6,3,2.75,40,2.67,2.56,3.13,2.97,3.06,2.86,26,2.75,2.48,1.57,1.5,20,0,1.83,1.8,2.11,2.06
F2,11/12/12,Auxerre,Niort,4,2,H,1,2,A,1.91,3.2,4.33,1.95,3.2,3.9,1.95,3.2,3.9,1.9,3,4,1.91,3.2,3.8,2,3.14,4.72,2,3.1,3.75,1.95,3.2,4,2,3.3,4.33,2,3.2,3.75,39,2.04,1.97,3.25,3.15,4.62,3.96,25,2.56,2.35,1.6,1.54,19,-0.25,1.73,1.69,2.28,2.22
F2,11/12/12,Caen,Monaco,3,0,H,2,0,H,2.5,3,3,2.6,3,2.75,2.6,3,2.75,2.5,3,2.7,2.5,3,2.75,2.67,3.08,3.02,2.6,3,2.7,2.5,3,2.88,2.55,3.1,3,2.5,3,2.88,24,2.7,2.54,3.15,3.01,3,2.81,21,2.25,2.13,1.74,1.65,11,0,1.83,1.8,2.09,1.99
F2,11/12/12,Guingamp,Arles,0,0,D,0,0,D,1.7,3.4,5.5,1.7,3.25,5.5,1.7,3.25,5.5,1.7,3.2,4.7,1.73,3.25,4.5,1.71,3.61,5.93,1.73,3.2,5,1.73,3.4,5,1.73,3.6,5.5,1.75,3.4,4.75,38,1.77,1.72,3.61,3.4,6,4.95,31,2.36,2.26,1.74,1.6,18,-0.75,1.96,1.93,1.97,1.94
F2,11/12/12,Istres,Le Havre,3,0,H,1,0,H,2.1,3,4,2.15,2.85,3.8,2.15,2.85,3.8,2,2.9,3.7,2.1,3,3.4,2.24,2.97,4.05,2.05,3.1,3.6,2.1,3.13,3.6,2.15,3,4,2.1,3.1,3.5,39,2.25,2.14,3.2,3.03,4.05,3.57,29,2.48,2.33,1.63,1.56,19,-0.25,1.89,1.86,2.06,2.01
F2,11/12/12,Laval,Angers,1,4,A,1,1,D,2.38,3,3.25,2.35,2.9,3.2,2.35,2.9,3.2,2.3,2.8,3.1,2.3,3,3,2.38,3.18,3.39,2.45,2.9,3,2.38,3,3.13,2.45,3,3.25,2.4,3,3,39,2.46,2.38,3.18,3.01,3.39,3.06,32,2.44,2.34,1.65,1.57,20,0,1.72,1.66,2.35,2.24
F2,11/12/12,Le Mans,Ajaccio GFCO,1,0,H,1,0,H,2,3.1,4.2,1.91,3.2,4.1,1.91,3.2,4.1,1.9,3,4,2,3,3.75,2.09,3.23,4.14,2,3.1,3.8,2.05,3.2,3.8,2.1,3.12,4.1,2,3.2,3.75,37,2.11,2.01,3.25,3.15,4.5,3.81,30,2.42,2.29,1.66,1.59,19,-0.25,1.8,1.76,2.18,2.12
F2,11/12/12,Nimes,Chateauroux,2,0,H,0,0,D,2.2,3,3.6,2.25,3,3.3,2.25,3,3.3,2.2,2.8,3.3,2.25,3,3.2,2.37,3.08,3.53,2.3,3,3.1,2.3,3,3.3,2.3,3,3.5,2.3,3,3.2,38,2.42,2.3,3.12,3.01,3.6,3.22,29,2.5,2.34,1.65,1.56,20,0,1.68,1.63,2.42,2.3
F2,11/12/12,Tours,Lens,0,0,D,0,0,D,2.5,3,3,2.5,3,2.85,2.5,3,2.85,2.45,3,2.75,2.4,3,2.8,2.62,3.27,2.91,2.6,3,2.7,2.5,3,3,2.62,3.1,3,2.5,3,2.88,39,2.66,2.52,3.29,3.02,3,2.84,25,2.47,2.3,1.66,1.57,20,0,1.89,1.83,2.05,2.01
F2,14/12/12,Ajaccio GFCO,Laval,3,1,H,1,0,H,2.3,3,3.4,2.3,3.1,3.1,2.3,3.1,3.1,2.5,3,2.7,2.25,3,3.2,2.34,3.11,3.55,2.3,3,3.1,2.3,3,3.2,2.3,3.1,3.4,2.3,3.1,3.1,38,2.5,2.3,3.1,3,3.64,3.23,25,2.48,2.26,1.7,1.6,20,0,1.75,1.62,2.46,2.32
F2,14/12/12,Angers,Auxerre,2,1,H,1,1,D,1.95,3.2,4.2,1.95,3.2,3.9,1.95,3.2,3.9,1.9,3.1,3.8,1.91,3.2,3.8,2,3.25,4.51,1.83,3.25,4.2,1.95,3.25,4,2,3.2,4.2,1.91,3.25,4,40,2.18,1.98,3.26,3.18,4.35,3.88,30,2.42,2.26,1.68,1.6,19,-0.5,2.09,2.05,1.86,1.83
F2,14/12/12,Arles,Tours,2,2,D,1,1,D,2.25,3,3.5,2.25,3,3.3,2.25,3,3.3,2.2,3,3.1,2.2,3,3.2,2.25,3.12,3.77,2.25,3,3.2,2.25,3,3.4,2.3,3,3.5,2.3,3.1,3.1,40,2.34,2.26,3.13,2.99,3.75,3.31,24,2.75,2.5,1.57,1.49,21,0,1.61,1.57,2.51,2.41
F2,14/12/12,Chateauroux,Clermont,0,0,D,0,0,D,2.1,3.1,3.75,2.1,3,3.7,2.1,3,3.7,1.95,3.1,3.6,2.1,3,3.4,2.23,3.12,3.83,2.15,3,3.4,2.2,3.13,3.5,2.2,3.12,3.7,2.15,3.1,3.4,39,2.35,2.19,3.15,3.04,3.75,3.42,30,2.45,2.29,1.67,1.59,19,-0.25,1.99,1.94,1.96,1.93
F2,14/12/12,Le Havre,Le Mans,1,0,H,0,0,D,2.1,3.1,3.75,2.05,3.1,3.7,2.05,3.1,3.7,2.1,3,3.3,2.1,3,3.5,2.15,3.13,4.07,2.05,3.1,3.5,2.1,3.25,3.5,2.15,3.12,3.75,2.05,3.2,3.6,40,2.27,2.13,3.2,3.09,3.77,3.5,30,2.42,2.25,1.67,1.6,20,-0.25,1.92,1.89,2.03,1.98
F2,14/12/12,Monaco,Nimes,1,1,D,1,1,D,1.53,3.75,7,1.5,3.75,6.75,1.5,3.75,6.75,1.5,3.5,6.3,1.53,3.6,6,1.55,4.12,7.03,1.53,3.6,6,1.53,3.75,6.5,1.55,3.8,7,1.53,3.75,6,40,1.65,1.56,4,3.69,6.5,6.01,35,2.02,1.91,1.95,1.88,22,-1,2.14,2.07,1.85,1.79
F2,15/12/12,Dijon,Istres,3,1,H,2,0,H,2.2,3,3.6,2.1,3,3.7,2.1,3,3.7,2.1,3,3.3,2.1,3,3.4,2.32,2.98,3.79,2.05,3.1,3.5,2.2,3.13,3.5,2.25,3.1,3.6,2.1,3.1,3.5,38,2.32,2.16,3.13,3.03,3.95,3.43,24,2.5,2.3,1.64,1.56,17,-0.25,1.96,1.9,2.01,1.96
F2,15/12/12,Nantes,Caen,2,1,H,2,1,H,2.2,3,3.6,2.05,3.1,3.7,2.05,3.1,3.7,2.1,3,3.3,2.1,3,3.4,2.25,3.08,3.84,2.05,3.1,3.5,2.1,3.25,3.5,2.2,3.2,3.6,2.1,3.1,3.5,38,2.25,2.13,3.25,3.07,3.95,3.44,24,2.43,2.31,1.66,1.57,17,-0.25,1.91,1.87,2.06,2
F2,17/12/12,Lens,Guingamp,1,1,D,1,1,D,2.3,3,3.4,2.2,3.1,3.3,2.2,3.1,3.3,2.1,3,3.3,2.25,3,3.2,2.35,3.08,3.57,2.2,3.1,3.2,2.2,3.13,3.3,2.38,3,3.4,2.25,3.1,3.2,36,2.35,2.25,3.15,3.03,3.57,3.23,24,2.42,2.25,1.7,1.59,19,0,1.63,1.59,2.45,2.33
F2,18/12/12,Niort,Sedan,1,3,A,1,2,A,2.1,3.2,3.6,2.2,3,3.4,2.2,3,3.4,2.2,3,3.1,2.1,3,3.4,2.13,3.27,4.1,2.2,3,3.25,2.1,3.13,3.6,2.05,3.25,3.8,2,3.3,3.6,41,2.25,2.1,3.35,3.13,4.09,3.53,34,2.42,2.27,1.67,1.6,20,-0.25,1.84,1.81,2.12,2.07
F2,21/12/12,Arles,Dijon,1,1,D,1,0,H,2.6,3,2.9,2.5,2.8,3.1,2.5,2.8,3.1,2.5,2.9,2.8,2.5,2.88,2.8,2.78,3.06,2.96,2.5,3,2.8,2.5,3,2.88,2.62,3,2.9,2.5,3,2.88,41,2.78,2.55,3.15,2.98,2.98,2.86,27,2.62,2.44,1.6,1.51,21,0,1.9,1.83,2.1,2.02
F2,21/12/12,Caen,Chateauroux,1,0,H,0,0,D,1.73,3.3,5.5,1.65,3.3,5.75,1.65,3.3,5.75,1.65,3.3,4.9,1.67,3.4,5,1.7,3.45,6.7,1.67,3.25,5.5,1.73,3.5,5.25,1.73,3.5,5.5,1.67,3.5,5,40,1.72,1.66,3.59,3.41,7.35,5.56,28,2.47,2.34,1.65,1.55,19,-0.75,1.9,1.85,2.09,2.03
F2,21/12/12,Clermont,Auxerre,1,2,A,0,0,D,2.38,3,3.2,2.2,3.2,3.2,2.2,3.2,3.2,2.3,3,2.9,2.3,3,3,2.37,3.16,3.48,2.25,3.1,3.1,2.38,3.13,3,2.4,3.12,3.2,2.38,3.1,3,41,2.4,2.33,3.2,3.08,3.48,3.09,33,2.38,2.26,1.68,1.6,21,0,1.69,1.63,2.37,2.29
F2,21/12/12,Guingamp,Ajaccio GFCO,0,0,D,0,0,D,1.67,3.5,5.5,1.65,3.4,5.5,1.65,3.4,5.5,1.65,3.3,4.9,1.67,3.4,5,1.66,3.59,6.85,1.7,3.3,5,1.67,3.5,5.25,1.67,3.6,5.5,1.67,3.5,5,38,1.73,1.62,3.7,3.5,7.25,5.7,31,2.33,2.2,1.71,1.63,19,-0.75,1.85,1.79,2.16,2.09
F2,21/12/12,Istres,Lens,2,2,D,0,0,D,2.2,3,3.6,2.1,2.95,3.8,2.1,2.95,3.8,2.1,3,3.3,2.1,3,3.4,2.32,3.09,3.69,2.15,2.9,3.6,2.1,3.13,3.6,2.25,3.1,3.6,2.15,3.2,3.3,41,2.32,2.19,3.2,3.05,4,3.42,27,2.62,2.43,1.58,1.51,20,-0.25,1.97,1.92,1.99,1.95
F2,21/12/12,Laval,Le Havre,1,2,A,1,0,H,2.4,2.9,3.3,2.4,2.9,3.1,2.4,2.9,3.1,2.4,2.9,2.9,2.3,2.88,3.2,2.43,3.12,3.4,2.4,2.8,3.1,2.38,3.13,3,2.38,3.1,3.3,2.4,3.1,2.88,41,2.44,2.37,3.13,3.02,3.45,3.09,33,2.38,2.26,1.7,1.6,21,0,1.71,1.66,2.34,2.23
F2,21/12/12,Nimes,Niort,3,1,H,0,0,D,2,3.1,4.2,1.95,3.1,4.1,1.95,3.1,4.1,2,3,3.6,2,3.2,3.6,2.14,3.11,4.2,2,3.1,3.8,2,3.13,4,2.05,3.12,4.1,2.1,3.1,3.5,37,2.15,2.04,3.21,3.12,4.33,3.77,26,2.62,2.39,1.58,1.53,20,-0.25,1.83,1.78,2.14,2.08
F2,21/12/12,Tours,Angers,1,2,A,1,1,D,2.6,3,2.9,2.45,3,2.95,2.45,3,2.95,2.5,2.9,2.8,2.5,2.88,2.88,2.59,3.15,3.11,2.5,2.9,2.9,2.6,3,2.88,2.6,3,3,2.5,3,2.88,41,2.7,2.52,3.15,2.98,3.13,2.89,27,2.67,2.48,1.55,1.49,21,0,1.84,1.8,2.13,2.05
F2,22/12/12,Le Mans,Monaco,2,3,A,0,1,A,3.2,3,2.4,3.1,3,2.35,3.1,3,2.35,2.9,2.9,2.4,2.88,3,2.38,3.14,3.14,2.55,2.9,3,2.45,3,3.13,2.4,3.2,3,2.45,3,3,2.4,38,3.2,2.96,3.15,3.02,2.55,2.42,26,2.42,2.28,1.68,1.57,19,0,2.22,2.13,1.78,1.74
F2,23/12/12,Sedan,Nantes,0,0,D,0,0,D,3,3,2.5,2.85,3,2.5,2.85,3,2.5,2.8,3,2.4,2.88,3,2.4,3.16,3.11,2.55,2.9,3,2.45,3,3.13,2.4,3,3.12,2.5,3,3.1,2.38,38,3.2,2.94,3.15,3.03,2.55,2.44,26,2.42,2.28,1.65,1.57,19,0,2.25,2.13,1.75,1.7
F2,11/01/13,Ajaccio GFCO,Istres,3,2,H,0,1,A,2.3,3.1,3.3,2.3,3,3.2,2.3,3,3.2,2.5,3,2.7,2.38,3,2.88,2.38,3.15,3.47,2.38,2.9,2.8,2.38,3.13,3.13,2.38,3.1,3.25,2.4,3.1,2.9,38,2.5,2.36,3.2,3.05,3.43,3.09,25,2.54,2.35,1.6,1.54,20,-0.25,2.05,2.01,1.88,1.86
F2,11/01/13,Angers,Clermont,1,2,A,0,1,A,2.15,3.1,3.6,2.05,3.1,3.7,2.05,3.1,3.7,1.9,3.1,3.9,2,3.2,3.6,2.21,3.29,3.71,2.05,3.1,3.6,2.1,3.2,3.5,2.15,3.2,3.75,2.1,3.2,3.4,40,2.2,2.08,3.3,3.15,4.03,3.59,27,2.5,2.35,1.65,1.55,20,-0.25,1.86,1.82,2.09,2.05
F2,11/01/13,Chateauroux,Sedan,1,1,D,1,0,H,2,3,4.33,1.95,3.1,4.1,1.95,3.1,4.1,1.9,3.1,3.9,2,3,3.8,2.1,3.23,4.17,1.91,3,3.8,1.95,3.25,4,2.05,3.12,4.2,1.95,3.25,3.8,40,2.08,1.99,3.3,3.16,4.4,3.89,26,2.5,2.36,1.64,1.54,19,-0.25,1.77,1.74,2.21,2.15
F2,11/01/13,Dijon,Le Mans,3,0,H,1,0,H,2.05,3.1,4,1.87,3.25,4.2,1.87,3.25,4.2,1.9,3.1,3.9,1.91,3.2,3.8,1.96,3.36,4.59,1.91,3,3.75,2,3.2,3.8,1.95,3.25,4.4,1.95,3.25,3.75,40,2.08,2,3.3,3.16,4.35,3.88,34,2.36,2.26,1.68,1.61,20,-0.25,1.77,1.75,2.19,2.14
F2,11/01/13,Le Havre,Guingamp,0,1,A,0,1,A,2.3,3,3.4,2.3,2.9,3.3,2.3,2.9,3.3,2.1,3,3.3,2.25,3,3.2,2.46,3.07,3.36,2.15,3,3.1,2.3,3.13,3.25,2.4,3,3.3,2.38,3.1,3,40,2.43,2.3,3.2,3.06,3.4,3.19,33,2.28,2.2,1.72,1.63,19,-0.25,2.08,2.02,1.88,1.85
F2,11/01/13,Lens,Arles,0,0,D,0,0,D,1.75,3.2,5.5,1.75,3.25,5,1.75,3.25,5,1.8,3.2,4.1,1.83,3,4.33,1.79,3.48,5.52,1.8,3,4.33,1.83,3.25,4.5,1.75,3.4,5.25,1.8,3.4,4.33,40,1.85,1.79,3.51,3.28,5.5,4.68,27,2.62,2.44,1.61,1.5,20,-0.75,2.06,2.02,1.89,1.86
F2,11/01/13,Nantes,Nimes,1,2,A,0,1,A,1.67,3.5,5.5,1.65,3.4,5.5,1.65,3.4,5.5,1.65,3.3,4.9,1.67,3.4,5,1.71,3.69,5.9,1.67,3.2,4.8,1.73,3.4,5.25,1.7,3.5,5.75,1.73,3.4,4.75,40,1.73,1.68,3.81,3.47,6.22,5.2,34,2.42,2.27,1.65,1.6,20,-0.75,1.88,1.85,2.09,2.02
F2,11/01/13,Niort,Tours,3,1,H,2,1,H,2,3.2,4,1.95,3.1,4.1,1.95,3.1,4.1,2.15,3,3.2,2.1,3,3.4,2.05,3.35,4.19,2.05,3.1,3.6,2.1,3.2,3.5,2,3.25,4.1,2.1,3.2,3.25,40,2.15,2.03,3.3,3.17,4.37,3.75,30,2.56,2.33,1.62,1.56,20,-0.25,1.78,1.73,2.22,2.16
F2,12/01/13,Auxerre,Caen,1,2,A,0,0,D,2.63,3,2.88,2.55,3,2.8,2.55,3,2.8,2.6,3,2.6,2.5,3,2.75,2.72,3.08,2.96,2.6,3,2.7,2.5,3,2.88,2.62,3,2.88,2.5,3,2.88,40,2.74,2.55,3.25,3.02,2.98,2.78,26,2.39,2.27,1.7,1.58,19,0,1.9,1.85,2.06,1.98
F2,14/01/13,Monaco,Laval,1,1,D,1,1,D,1.57,3.5,7,1.55,3.7,6,1.55,3.7,6,1.5,3.5,6.3,1.53,3.6,6,1.6,3.69,7.47,1.6,3.75,5,1.57,3.75,5.8,1.55,3.7,7,1.57,3.8,5.5,38,1.6,1.55,4.1,3.68,7.47,5.98,34,2.07,1.99,1.9,1.78,20,-1,2.11,2.06,1.9,1.8
F2,18/01/13,Arles,Ajaccio GFCO,1,0,H,1,0,H,2.38,3,3.25,2.2,3.1,3.3,2.2,3.1,3.3,2.2,3,3.1,2.3,2.87,3.2,2.48,3.06,3.38,2.4,2.9,3.1,2.38,3,3.2,2.45,3,3.25,2.38,3,3.1,38,2.47,2.36,3.15,2.98,3.5,3.16,25,2.77,2.53,1.55,1.48,19,-0.25,2.1,2.07,1.84,1.81
F2,18/01/13,Caen,Niort,0,1,A,0,0,D,1.62,3.4,6.5,1.6,3.5,6,1.6,3.5,6,1.55,3.4,5.8,1.6,3.4,5.5,1.67,3.6,6.79,1.62,3.4,5.5,1.62,3.6,5.75,1.65,3.5,6.5,1.62,3.5,5.5,40,1.69,1.62,3.7,3.5,6.5,5.61,34,2.33,2.18,1.72,1.65,21,-1,2.32,2.24,1.77,1.69
F2,18/01/13,Istres,Monaco,0,2,A,0,0,D,3,3.1,2.45,3,3.1,2.35,3,3.1,2.35,2.8,3,2.4,2.87,3,2.4,3.3,3.22,2.42,3,3.1,2.3,3,3.13,2.4,3.1,3.12,2.45,2.88,3,2.5,40,3.33,2.98,3.25,3.07,2.5,2.4,34,2.29,2.16,1.75,1.67,20,0,2.31,2.2,1.73,1.69
F2,18/01/13,Le Havre,Lens,2,2,D,2,0,H,2.3,2.8,3.6,2.25,2.95,3.4,2.25,2.95,3.4,2.2,3,3.1,2.25,2.87,3.2,2.3,3.03,3.84,2.25,3,3.2,2.25,3,3.4,2.2,3,3.75,2.25,3.1,3.2,40,2.33,2.26,3.15,3.01,3.85,3.3,29,2.44,2.31,1.66,1.57,19,-0.25,2,1.96,1.96,1.91
F2,18/01/13,Le Mans,Chateauroux,2,0,H,1,0,H,2.1,2.88,4.2,2,3.1,3.9,2,3.1,3.9,2.1,3.1,3.2,2,3,3.6,2.07,3.18,4.38,2.1,3,3.5,2,3.13,4,2,3.12,4.3,2.15,3.1,3.4,39,2.15,2.05,3.2,3.1,4.38,3.75,27,2.5,2.37,1.63,1.54,18,-0.25,1.78,1.74,2.22,2.16
F2,18/01/13,Nimes,Clermont,3,0,H,1,0,H,2.38,3.25,3,2.2,3.1,3.3,2.2,3.1,3.3,2.1,3,3.3,2.2,3,3.2,2.38,3.17,3.44,2.2,2.9,3.4,2.25,3.13,3.3,2.3,3.1,3.4,2.2,3.1,3.25,40,2.44,2.28,3.25,3.07,3.5,3.2,27,2.54,2.36,1.6,1.55,19,-0.25,2.08,2.04,1.86,1.84
F2,18/01/13,Tours,Dijon,3,1,H,2,0,H,2.5,3,3,2.45,3,2.95,2.45,3,2.95,2.5,3,2.7,2.37,3,2.87,2.51,3.24,3.14,2.5,2.9,2.9,2.5,3,3,2.45,3.2,3.1,2.4,3,3,40,2.54,2.45,3.26,3.04,3.15,2.94,32,2.36,2.25,1.7,1.61,20,0,1.8,1.75,2.18,2.1
F2,19/01/13,Laval,Nantes,0,0,D,0,0,D,3,3,2.5,2.9,3.1,2.4,2.9,3.1,2.4,2.9,3,2.3,2.87,3,2.4,2.93,3.23,2.64,3.1,2.8,2.4,3,3,2.5,2.88,3.12,2.6,3,3,2.4,37,3.1,2.92,3.23,3.01,2.64,2.45,25,2.36,2.23,1.72,1.6,18,0,2.12,2.07,1.86,1.78
F2,25/01/13,Ajaccio GFCO,Le Havre,0,1,A,0,1,A,2.25,3,3.5,2.2,3.1,3.3,2.2,3.1,3.3,2.2,3,3.1,2.25,3,3.2,2.34,3.18,3.51,2.25,3,3.2,2.2,3.2,3.4,2.3,3.12,3.5,2.25,3.1,3.1,38,2.38,2.26,3.2,3.09,3.55,3.22,32,2.35,2.22,1.73,1.64,19,-0.25,2.04,1.99,1.92,1.88
F2,25/01/13,Angers,Arles,2,0,H,0,0,D,1.75,3.3,5.25,1.75,3.25,5,1.75,3.25,5,1.85,3.1,4,1.8,3.2,4.5,1.82,3.3,5.77,1.8,3.1,4.75,1.8,3.4,4.8,1.8,3.3,5.75,1.8,3.4,4.2,39,1.85,1.8,3.4,3.25,5.59,4.65,26,2.5,2.36,1.61,1.54,19,-0.75,2.14,2.09,1.83,1.79
F2,25/01/13,Auxerre,Le Mans,1,1,D,0,0,D,1.95,3.2,4.2,1.91,3.2,4.1,1.91,3.2,4.1,1.95,3.1,3.6,1.9,3.2,3.75,2.02,3.32,4.37,2,3.1,3.75,1.95,3.25,4,2,3.25,4.3,2,3.25,3.6,39,2.05,1.98,3.32,3.22,4.5,3.86,31,2.32,2.2,1.7,1.64,19,-0.25,1.71,1.69,2.28,2.23
F2,25/01/13,Clermont,Caen,0,0,D,0,0,D,2.7,2.9,2.88,2.7,3,2.65,2.7,3,2.65,2.7,3,2.5,2.62,3,2.62,2.82,3,2.96,2.7,2.9,2.7,2.75,3,2.75,2.75,3,2.88,2.6,3,2.7,39,2.88,2.67,3.15,2.98,2.97,2.73,25,2.54,2.34,1.6,1.56,20,0,1.95,1.89,2.02,1.95
F2,25/01/13,Nantes,Tours,3,1,H,1,0,H,1.62,3.4,6.5,1.6,3.4,6.25,1.6,3.4,6.25,1.57,3.4,5.7,1.6,3.4,5.5,1.61,3.76,7.25,1.6,3.5,5.5,1.62,3.6,6,1.6,3.7,7,1.62,3.6,5.5,40,1.67,1.6,3.76,3.52,7.27,5.97,32,2.39,2.24,1.7,1.62,22,-1,2.2,2.13,1.79,1.74
F2,25/01/13,Nimes,Sedan,2,1,H,2,0,H,1.95,3.2,4.2,1.9,3.3,4,1.9,3.3,4,1.8,3.2,4.1,1.9,3.2,3.8,2,3.3,4.48,2,3.2,3.6,1.95,3.2,4,2,3.25,4.3,1.95,3.2,3.75,39,2.04,1.96,3.35,3.2,4.5,3.91,35,2.28,2.17,1.74,1.67,19,-0.25,1.72,1.68,2.29,2.25
F2,25/01/13,Niort,Laval,0,0,D,0,0,D,1.95,3.1,4.33,1.91,3.2,4.1,1.91,3.2,4.1,1.95,3.1,3.6,2,3,3.75,2.04,3.21,4.48,2,3.1,3.8,1.95,3.25,3.8,2.05,3.12,4.4,1.95,3.2,3.75,39,2.08,2,3.25,3.14,4.48,3.86,25,2.57,2.32,1.65,1.56,19,-0.25,1.76,1.72,2.23,2.17
F2,26/01/13,Chateauroux,Istres,2,0,H,2,0,H,2.25,3,3.5,2.25,2.95,3.4,2.25,2.95,3.4,2.3,3,2.9,2.2,3,3.2,2.31,3.11,3.62,2.2,3.1,3.1,2.25,3.13,3.25,2.3,3.12,3.6,2.25,3.1,3.1,37,2.32,2.24,3.16,3.07,3.62,3.23,24,2.42,2.29,1.65,1.58,16,-0.25,1.97,1.94,1.98,1.93
F2,26/01/13,Monaco,Guingamp,2,2,D,1,1,D,1.8,3.3,4.75,1.8,3.25,4.6,1.8,3.25,4.6,1.8,3.1,4.3,1.8,3.2,4.33,1.92,3.4,4.69,1.8,3.25,4.33,1.83,3.3,4.5,1.9,3.3,4.6,1.83,3.3,4.2,36,1.92,1.84,3.4,3.25,5.1,4.34,24,2.3,2.18,1.75,1.63,16,-0.75,2.22,2.13,1.79,1.74
F2,28/01/13,Dijon,Lens,2,1,H,1,1,D,2.2,3.1,3.5,2.2,3.1,3.3,2.2,3.1,3.3,2.1,3,3.3,2.2,3,3.25,2.27,3.12,3.72,2.15,3.1,3.3,2.2,3.13,3.4,2.25,3,3.6,2.25,3.1,3.1,33,2.3,2.19,3.25,3.08,3.6,3.32,21,2.38,2.26,1.7,1.58,13,-0.25,1.95,1.92,1.98,1.95
F2,01/02/13,Caen,Nimes,1,0,H,1,0,H,1.75,3.25,5.5,1.72,3.3,5,1.72,3.3,5,1.8,3.1,4.2,1.8,3.2,4.5,1.79,3.32,5.93,1.8,3.2,4.5,1.8,3.3,4.8,1.75,3.25,5.75,1.75,3.4,4.5,40,1.88,1.81,3.35,3.24,5.55,4.63,31,2.42,2.25,1.65,1.61,21,-0.75,2.19,2.12,1.82,1.76
F2,01/02/13,Guingamp,Niort,4,3,H,2,2,D,1.73,3.3,5.5,1.67,3.3,5.5,1.67,3.3,5.5,1.75,3.2,4.3,1.66,3.4,5,1.74,3.41,6.26,1.7,3.3,5,1.73,3.5,5.25,1.7,3.4,6,1.7,3.5,4.75,39,1.82,1.71,3.55,3.38,6,5.14,30,2.42,2.26,1.7,1.61,20,-0.75,2.11,2,1.94,1.86
F2,01/02/13,Istres,Angers,0,0,D,0,0,D,2.5,2.88,3.2,2.35,2.9,3.2,2.35,2.9,3.2,2.3,3,2.9,2.37,2.87,3,2.6,2.91,3.32,2.4,2.9,3,2.4,3.13,3,2.5,3,3.2,2.4,3.1,2.88,40,2.61,2.46,3.13,2.98,3.25,2.99,25,2.62,2.45,1.58,1.51,21,-0.25,2.2,2.15,1.78,1.75
F2,01/02/13,Laval,Auxerre,4,5,A,2,2,D,2.5,3,3,2.35,3,3.1,2.35,3,3.1,2.3,3,2.9,2.37,2.87,3,2.51,3.07,3.28,2.4,3,2.9,2.4,3.13,3,2.45,3,3.2,2.4,3.1,2.88,40,2.54,2.42,3.15,3.02,3.2,3,25,2.61,2.36,1.6,1.55,22,0,1.79,1.73,2.23,2.13
F2,01/02/13,Le Havre,Dijon,3,0,H,1,0,H,2,3.2,4,2.05,3.1,3.7,2.05,3.1,3.7,2.05,3.1,3.4,1.9,3.2,3.75,2.04,3.29,4.26,2,3,3.8,1.95,3.2,4,2,3.25,4.2,2,3.25,3.6,40,2.05,1.97,3.42,3.22,4.33,3.88,34,2.22,2.12,1.77,1.7,21,-0.25,1.71,1.68,2.3,2.23
F2,01/02/13,Lens,Ajaccio GFCO,2,0,H,1,0,H,1.8,3.3,4.8,1.75,3.3,4.75,1.75,3.3,4.75,1.8,3.1,4.2,1.8,3.2,4.5,1.83,3.43,5.18,1.83,3,4.33,1.8,3.3,4.8,1.8,3.4,5,1.91,3.25,4,37,1.8,1.76,3.55,3.33,6.03,4.88,29,2.43,2.32,1.65,1.58,19,-0.5,1.78,1.73,2.22,2.15
F2,01/02/13,Sedan,Clermont,1,1,D,0,0,D,2.25,3,3.6,2.3,3.1,3.1,2.3,3.1,3.1,2.25,3,3,2.3,3,3,2.44,3.05,3.43,2.4,2.9,3,2.3,3,3.25,2.38,3.1,3.3,2.4,3.1,2.88,40,2.4,2.32,3.17,3.04,3.44,3.16,28,2.5,2.33,1.65,1.57,22,0,1.66,1.63,2.4,2.3
F2,01/02/13,Tours,Chateauroux,3,1,H,1,1,D,2.05,3.1,4,2.15,3.1,3.4,2.15,3.1,3.4,2.05,3.1,3.4,2.1,3,3.5,2.15,3.05,4.2,2.05,3.1,3.6,2.1,3.13,3.6,2.1,3.12,4,2.15,3.1,3.4,39,2.2,2.11,3.3,3.08,4.15,3.62,25,2.58,2.39,1.6,1.53,20,-0.25,1.85,1.81,2.13,2.07
F2,02/02/13,Le Mans,Nantes,0,3,A,0,2,A,2.8,2.88,2.8,2.65,3,2.7,2.65,3,2.7,2.6,3,2.6,2.75,2.87,2.6,2.85,3.01,2.88,2.75,2.8,2.7,2.75,3,2.63,2.75,3,2.8,2.7,3,2.62,38,2.95,2.73,3.15,3,2.88,2.62,24,2.5,2.37,1.66,1.55,20,0,1.98,1.92,1.98,1.91
F2,04/02/13,Arles,Monaco,0,2,A,0,0,D,3.6,3,2.2,3.6,3.1,2.1,3.6,3.1,2.1,3.3,3,2.1,3.4,3,2.1,3.88,3.09,2.23,3.5,3,2.1,3.5,3.13,2.1,3.75,3,2.15,3.4,3.1,2.15,36,3.88,3.4,3.25,3.08,2.24,2.15,22,2.56,2.36,1.64,1.55,18,0.25,2.05,2,1.91,1.86
F2,05/02/13,Guingamp,Angers,2,1,H,0,0,D,1.95,3.3,4.4,1.95,3.1,4.1,1.95,3.1,4.1,2,3,3.5,1.91,3.2,3.75,1.99,3.34,4.48,2,3.2,3.2,1.95,3.2,4,2,3.2,4,2,3.2,3.6,38,2.05,1.97,3.34,3.2,4.5,3.88,29,2.38,2.28,1.68,1.6,19,-0.25,1.72,1.67,2.35,2.25
F2,08/02/13,Ajaccio GFCO,Dijon,0,2,A,0,0,D,2.2,3,3.6,2.2,3.1,3.3,2.2,3.1,3.3,2.4,3,2.8,2.3,3,3,2.24,3.23,3.7,2.3,3.1,3,2.5,3.13,2.88,2.2,3.2,3.5,2.3,3,3.2,37,2.38,2.24,3.28,3.06,3.75,3.23,29,2.44,2.26,1.67,1.61,20,-0.25,1.94,1.88,2.04,1.98
F2,08/02/13,Auxerre,Tours,3,2,H,1,2,A,1.91,3.25,4.33,1.85,3.3,4.25,1.85,3.3,4.25,1.9,3.1,3.8,1.9,3.2,3.8,1.93,3.36,4.82,1.91,3.2,3.8,1.9,3.3,4,1.91,3.25,4.5,1.83,3.25,4.2,39,1.96,1.9,3.36,3.25,4.95,4,34,2.14,2.04,1.82,1.76,19,-0.5,1.96,1.91,2.02,1.95
F2,08/02/13,Caen,Sedan,2,0,H,1,0,H,1.62,3.6,6,1.55,3.6,6.25,1.55,3.6,6.25,1.6,3.4,5.2,1.57,3.5,5.5,1.67,3.72,6.37,1.53,3.6,6,1.57,3.75,5.8,1.65,3.6,6.25,1.57,3.6,6,39,1.68,1.6,3.75,3.57,6.5,5.58,35,2.22,2.11,1.76,1.71,22,-1,2.28,2.19,1.78,1.69
F2,08/02/13,Chateauroux,Guingamp,3,1,H,1,0,H,2.88,3,2.6,2.9,3,2.5,2.9,3,2.5,2.9,2.9,2.4,2.87,3,2.4,2.94,2.95,2.84,2.88,3.1,2.38,2.88,3.2,2.4,2.9,2.9,2.75,3,3,2.4,38,2.91,2.8,3.13,3,2.86,2.56,30,2.42,2.25,1.67,1.61,21,0,2,1.95,1.95,1.88
F2,08/02/13,Clermont,Le Mans,1,1,D,0,0,D,2,3.1,4.1,2,3,4,2,3,4,2.1,3,3.3,2,3.2,3.5,2.15,3.02,4.27,2.05,3.1,3.5,2.05,3.3,3.6,2.05,3.1,4.2,2,3.2,3.6,39,2.16,2.05,3.25,3.12,4.24,3.72,25,2.7,2.43,1.6,1.51,20,-0.25,1.82,1.76,2.17,2.11
F2,08/02/13,Monaco,Le Havre,2,1,H,1,1,D,1.67,3.5,5.5,1.65,3.4,5.5,1.65,3.4,5.5,1.65,3.3,4.9,1.66,3.4,5,1.7,3.74,5.85,1.67,3.4,5,1.67,3.5,5.5,1.67,3.6,6,1.67,3.5,5,39,1.71,1.67,3.73,3.47,5.9,5.13,35,2.06,1.98,1.9,1.81,21,-1,2.31,2.23,1.73,1.67
F2,08/02/13,Nimes,Laval,3,0,H,2,0,H,1.83,3.4,4.5,1.75,3.3,4.75,1.75,3.3,4.75,1.8,3.1,4.2,1.8,3.25,4.33,1.85,3.45,4.95,1.73,3.3,4.6,1.8,3.4,4.8,1.83,3.4,4.8,1.75,3.4,4.5,39,1.86,1.79,3.45,3.33,5.11,4.45,31,2.25,2.18,1.76,1.66,20,-0.75,2.12,2.08,1.84,1.79
F2,08/02/13,Niort,Istres,0,0,D,0,0,D,2.25,3.1,3.4,2.15,2.95,3.6,2.15,2.95,3.6,2.1,3,3.3,2.2,3,3.25,2.25,3.15,3.75,2.2,3.1,3.1,2.2,3.2,3.4,2.2,3.1,3.7,2.2,3.1,3.25,39,2.25,2.18,3.2,3.03,3.98,3.4,24,2.6,2.43,1.6,1.52,20,-0.25,1.91,1.87,2.04,2
F2,09/02/13,Nantes,Arles,1,1,D,1,1,D,1.5,3.8,7.5,1.5,3.7,7,1.5,3.7,7,1.45,3.6,7,1.5,3.6,6.5,1.55,3.91,7.77,1.53,3.6,6,1.53,3.8,6.5,1.53,3.8,7.5,1.5,3.75,6.5,37,1.57,1.52,3.91,3.69,7.77,6.62,25,2.33,2.19,1.7,1.63,19,-1,2.02,1.96,1.95,1.9
F2,11/02/13,Angers,Lens,3,2,H,0,1,A,2,3.1,4.2,2,3.2,3.75,2,3.2,3.75,2,3,3.6,2,3.2,3.6,2.09,3.23,4.14,1.95,3.2,3.75,2,3.25,3.75,2.05,3.12,4.1,2,3.2,3.6,34,2.09,2.01,3.25,3.18,4.25,3.7,24,2.42,2.25,1.65,1.59,11,-0.25,1.79,1.76,2.19,2.13
F2,12/02/13,Sedan,Dijon,0,1,A,0,1,A,2.3,3.1,3.25,2.4,3.1,2.9,2.4,3.1,2.9,2.6,3,2.6,2.3,3,3,2.42,3.24,3.24,2.3,3.1,3,2.5,3.13,3,2.38,3.2,3.2,2.4,3,3,37,2.6,2.41,3.26,3.08,3.28,2.96,29,2.32,2.2,1.7,1.64,20,-0.25,2.12,2.04,1.86,1.83
F2,15/02/13,Ajaccio GFCO,Nimes,2,3,A,1,1,D,2.6,3,2.88,2.4,3,3,2.4,3,3,2.6,3,2.6,2.5,2.87,2.8,2.67,3.09,3.05,2.3,3,3.1,2.5,3,3,2.55,3,3,2.5,3,2.88,36,2.8,2.57,3.2,2.99,3.1,2.85,21,2.66,2.42,1.55,1.52,19,0,1.9,1.85,2.04,1.99
F2,15/02/13,Arles,Niort,0,1,A,0,1,A,2.6,3,2.9,2.4,2.9,3.1,2.4,2.9,3.1,2.3,2.9,3.1,2.4,2.87,3,2.65,2.98,3.2,2.38,2.9,3.1,2.5,3,3,2.6,2.9,3.12,2.25,3,3.3,38,2.62,2.44,3.15,2.94,3.3,3.06,23,2.82,2.59,1.55,1.46,20,0,1.77,1.72,2.22,2.16
F2,15/02/13,Istres,Auxerre,0,3,A,0,2,A,2.5,3,3,2.4,3.1,2.95,2.4,3.1,2.95,2.3,3,3,2.4,3,2.87,2.54,3.17,3.16,2.45,3,2.9,2.5,3.13,2.88,2.45,3.12,3.1,2.4,3,3,38,2.55,2.44,3.22,3.05,3.22,2.95,29,2.38,2.24,1.72,1.61,20,0,1.77,1.72,2.24,2.14
F2,15/02/13,Laval,Sedan,3,0,H,0,0,D,2.2,3,3.6,2.15,3.1,3.4,2.15,3.1,3.4,2.2,3,3.1,2.2,3,3.25,2.27,3.19,3.68,2.25,3,3.2,2.25,3.13,3.3,2.2,3.1,3.6,2.2,3.1,3.3,38,2.3,2.2,3.22,3.08,3.83,3.37,29,2.35,2.19,1.7,1.64,18,0,1.6,1.51,2.69,2.53
F2,15/02/13,Le Havre,Angers,2,1,H,1,1,D,2.1,3.1,3.75,2,3.1,3.9,2,3.1,3.9,2.1,3.1,3.2,2,3.2,3.5,2.09,3.28,4.13,2.15,3.1,3.3,2.1,3.13,3.5,2.05,3.2,4,2.1,3.1,3.5,36,2.2,2.07,3.33,3.17,4.2,3.54,30,2.35,2.16,1.75,1.67,18,-0.25,1.82,1.77,2.2,2.13
F2,15/02/13,Le Mans,Caen,1,1,D,1,1,D,3,3,2.5,3.1,2.9,2.4,3.1,2.9,2.4,2.6,3,2.6,3,2.87,2.4,3.22,2.99,2.62,2.8,3,2.5,3,3,2.5,3.12,2.9,2.55,2.88,3,2.5,37,3.3,2.95,3.15,2.98,2.6,2.5,23,2.76,2.55,1.55,1.48,20,0,2.22,2.13,1.8,1.74
F2,15/02/13,Lens,Chateauroux,4,3,H,3,2,H,1.83,3.3,4.6,1.8,3.1,5,1.8,3.1,5,1.9,3.1,3.9,1.72,3.25,4.5,1.83,3.35,5.51,1.85,3.2,4.2,1.83,3.3,4.33,1.8,3.25,5.4,1.83,3.4,4,38,1.9,1.78,3.55,3.3,5.7,4.73,29,2.4,2.25,1.68,1.61,17,-0.5,1.81,1.78,2.16,2.09
F2,15/02/13,Tours,Clermont,2,1,H,0,1,A,2.2,3.1,3.5,2.1,2.95,3.8,2.1,2.95,3.8,2.1,3,3.3,2.2,3,3.25,2.21,3.15,3.91,2.15,3.1,3.3,2.2,3.13,3.4,2.15,3.1,3.8,2.25,3.1,3.2,38,2.3,2.19,3.24,3.1,3.8,3.35,29,2.38,2.23,1.7,1.62,18,-0.25,1.93,1.89,2.01,1.97
F2,16/02/13,Guingamp,Nantes,2,1,H,0,1,A,2.38,3.1,3.1,2.3,3,3.2,2.3,3,3.2,2.3,3,3,2.37,3,2.87,2.5,3.2,3.15,2.38,3.1,2.9,2.4,3.13,3,2.45,3.12,3.12,2.3,3.1,3.1,35,2.5,2.38,3.2,3.08,3.2,2.98,23,2.33,2.23,1.72,1.61,17,0,1.75,1.69,2.28,2.19
F2,18/02/13,Dijon,Monaco,0,2,A,0,2,A,3.1,3.1,2.38,2.9,3.1,2.4,2.9,3.1,2.4,2.7,3,2.5,2.87,3,2.37,3.05,3.22,2.55,3,3.1,2.3,3,3.13,2.5,3,3,2.5,2.88,3,2.5,32,3.2,2.93,3.22,3.06,2.55,2.42,22,2.22,2.13,1.75,1.66,16,0,2.17,2.11,1.79,1.75
F2,22/02/13,Angers,Ajaccio GFCO,1,0,H,0,0,D,1.75,3.25,5.25,1.7,3.4,5,1.7,3.4,5,1.7,3.3,4.5,1.72,3.25,4.5,1.79,3.36,5.82,1.8,3.25,4.4,1.73,3.3,5,1.75,3.3,5.75,1.73,3.4,4.75,37,1.83,1.75,3.5,3.31,5.99,4.81,31,2.42,2.22,1.7,1.63,19,-0.75,2.1,2.04,1.89,1.84
F2,22/02/13,Auxerre,Guingamp,2,1,H,1,1,D,2.3,3.1,3.25,2.25,3,3.3,2.25,3,3.3,2.3,3,2.9,2.3,3,3,2.45,3.21,3.21,2.3,3.1,3,2.25,3.2,3.2,2.38,3.12,3.25,2.3,3.1,3.1,38,2.46,2.32,3.22,3.06,3.35,3.13,34,2.27,2.14,1.75,1.68,18,-0.25,2.11,2.06,1.85,1.82
F2,22/02/13,Caen,Laval,2,1,H,2,1,H,1.67,3.4,6,1.65,3.3,5.75,1.65,3.3,5.75,1.6,3.4,5.2,1.61,3.4,5.5,1.69,3.41,6.82,1.65,3.3,5.5,1.67,3.4,5.75,1.65,3.4,6.5,1.67,3.5,5.4,39,1.67,1.62,3.74,3.47,7.4,5.84,31,2.32,2.2,1.75,1.63,18,-0.75,1.9,1.8,2.14,2.09
F2,22/02/13,Chateauroux,Arles,2,0,H,1,0,H,1.91,3.1,4.5,1.87,3,4.5,1.87,3,4.5,1.9,3.1,3.9,1.83,3.2,4,1.9,3.18,5.28,1.85,3.2,4.2,1.9,3.13,4.5,1.87,3.12,5,1.91,3.25,4,38,1.95,1.89,3.3,3.16,5.12,4.33,25,2.54,2.33,1.62,1.56,18,-0.75,2.25,2.19,1.76,1.71
F2,22/02/13,Clermont,Dijon,0,0,D,0,0,D,2.15,3,3.8,2.2,3,3.4,2.2,3,3.4,2.3,3,2.9,2.1,3,3.4,2.18,3.11,4.01,2.1,3,3.6,2.2,3.13,3.5,2.15,3.1,3.9,2.15,3.1,3.4,39,2.3,2.14,3.2,3.07,3.95,3.52,31,2.43,2.32,1.65,1.57,18,-0.5,2.3,2.13,1.8,1.76
F2,22/02/13,Nimes,Istres,1,0,H,0,0,D,1.75,3.25,5.25,1.8,3.2,4.75,1.8,3.2,4.75,1.7,3.3,4.5,1.8,3.2,4.33,1.82,3.38,5.43,1.75,3.25,4.75,1.91,3.25,4.33,1.8,3.3,5.4,1.83,3.4,4.2,39,1.9,1.82,3.46,3.25,5.4,4.49,33,2.39,2.25,1.7,1.61,19,-0.75,2.14,2.1,1.82,1.78
F2,22/02/13,Niort,Le Mans,2,3,A,2,0,H,2.1,3,3.9,2.05,3.1,3.7,2.05,3.1,3.7,2.1,3.1,3.2,2.1,3,3.5,2.13,3.07,4.25,2.05,3,3.75,2.1,3.13,3.6,2.05,3.1,4.1,2.1,3.2,3.4,39,2.26,2.17,3.2,3.01,3.96,3.51,25,2.79,2.54,1.55,1.48,19,-0.25,1.9,1.87,2.03,2
F2,22/02/13,Sedan,Tours,1,1,D,0,1,A,2.1,3.1,3.75,2.15,3.1,3.4,2.15,3.1,3.4,2.2,3.1,3,2.1,3,3.4,2.16,3.18,3.96,2.05,3.25,3.4,2.2,3,3.4,2.15,3.12,3.8,2.2,3.2,3.2,39,2.2,2.13,3.28,3.13,3.91,3.45,34,2.21,2.11,1.77,1.7,18,-0.5,2.25,2.13,1.8,1.76
F2,23/02/13,Nantes,Le Havre,2,0,H,1,0,H,1.85,3.2,4.75,1.85,3.2,4.4,1.85,3.2,4.4,1.8,3.1,4.2,1.83,3.2,4,1.88,3.37,4.94,1.85,3.3,4,1.83,3.2,4.8,1.85,3.3,4.8,1.83,3.3,4.2,35,1.91,1.85,3.37,3.22,4.95,4.27,32,2.25,2.16,1.75,1.66,16,-0.5,1.91,1.88,2.05,1.99
F2,25/02/13,Monaco,Lens,2,1,H,1,0,H,1.67,3.5,5.5,1.65,3.3,5.75,1.65,3.3,5.75,1.65,3.3,4.9,1.66,3.4,5,1.76,3.74,5.16,1.73,3.4,4.6,1.67,3.5,5,1.73,3.6,5.4,1.67,3.5,5,34,1.76,1.68,3.74,3.45,6.2,4.99,30,2.02,1.93,1.92,1.85,16,-0.75,1.99,1.95,1.98,1.92
F2,26/02/13,Sedan,Auxerre,1,0,H,0,0,D,2.5,3.1,3,2.55,2.95,2.85,2.55,2.95,2.85,2.6,3,2.6,2.5,3,2.75,2.61,3.27,2.94,2.7,3,2.6,,,,2.55,3.2,2.9,,,,37,2.8,2.57,3.27,3.07,3,2.75,31,2.28,2.13,1.76,1.67,20,0,1.9,1.84,2.08,2
F2,01/03/13,Ajaccio GFCO,Monaco,0,1,A,0,1,A,4.75,3.25,1.83,4.6,3.4,1.75,4.6,3.4,1.75,4,3,1.9,4.33,3.25,1.8,4.7,3.56,1.88,4.5,3.2,1.8,4.5,3.3,1.8,4.6,3.4,1.85,4.33,3.25,1.83,39,5.1,4.4,3.58,3.3,1.9,1.82,35,2.28,2.16,1.74,1.67,21,0.75,1.81,1.78,2.15,2.09
F2,01/03/13,Arles,Auxerre,2,1,H,0,1,A,2.88,3,2.63,2.8,3,2.55,2.8,3,2.55,2.7,3,2.5,2.75,3,2.5,3.03,3.13,2.66,2.75,3,2.5,2.8,3.13,2.5,3,3.1,2.6,2.8,3.1,2.5,41,3.04,2.84,3.16,3.04,2.7,2.52,29,2.5,2.34,1.65,1.55,21,0,2.11,2.03,1.85,1.81
F2,01/03/13,Dijon,Niort,1,1,D,0,0,D,1.91,3.2,4.33,1.87,3.2,4.33,1.87,3.2,4.33,1.9,3.1,3.9,1.9,3.2,3.8,1.98,3.33,4.54,1.91,3.2,3.8,2,3.25,3.8,1.95,3.25,4.4,1.95,3.2,4,41,2.02,1.94,3.45,3.2,4.65,4.02,35,2.42,2.27,1.7,1.6,20,-0.25,1.74,1.7,2.32,2.21
F2,01/03/13,Istres,Sedan,1,0,H,0,0,D,2.05,3.2,3.8,2,3.1,3.9,2,3.1,3.9,2.1,3.1,3.2,2,3.2,3.6,2.11,3.18,4.21,2.05,3.1,3.5,2.1,3.2,3.6,2.05,3.12,4.1,2.1,3.1,3.5,41,2.15,2.06,3.25,3.11,4.24,3.67,29,2.56,2.36,1.65,1.54,20,-0.25,1.84,1.79,2.16,2.08
F2,01/03/13,Laval,Clermont,1,1,D,1,0,H,2.38,3,3.25,2.25,3,3.3,2.25,3,3.3,2.2,3,3.1,2.3,3,3,2.48,3.05,3.38,2.3,3,3.1,2.38,3,3.2,2.45,3,3.3,2.3,3.1,3.1,41,2.52,2.38,3.1,3,3.45,3.08,28,2.62,2.48,1.6,1.49,21,0,1.76,1.69,2.26,2.18
F2,01/03/13,Le Havre,Chateauroux,1,0,H,1,0,H,1.85,3.2,4.75,1.85,3.1,4.6,1.85,3.1,4.6,1.85,3,4.2,1.83,3.2,4,1.94,3.27,4.87,1.85,3.2,4.2,1.73,3.5,4.8,1.9,3.2,4.75,1.91,3.3,4,40,1.95,1.85,3.4,3.25,5,4.38,33,2.35,2.22,1.72,1.62,20,-0.75,2.29,2.2,1.75,1.7
F2,01/03/13,Le Mans,Angers,0,2,A,0,0,D,2.5,3,3,2.5,3,2.9,2.5,3,2.9,2.3,3,2.9,2.4,3,2.8,2.69,3.06,3.06,2.4,3,2.88,2.5,3.13,2.88,2.62,3,3,2.4,3,3,41,2.68,2.48,3.15,3.01,3.1,2.9,29,2.62,2.43,1.6,1.51,21,0,1.84,1.79,2.15,2.06
F2,01/03/13,Tours,Caen,1,1,D,1,0,H,3.2,3,2.38,2.9,3,2.5,2.9,3,2.5,2.8,3,2.4,2.87,3,2.4,3.23,3.09,2.55,2.75,3,2.5,2.88,3,2.6,3.12,3,2.5,3,3,2.4,41,3.27,2.96,3.15,3.02,2.56,2.45,33,2.52,2.36,1.62,1.55,21,0,2.21,2.14,1.8,1.73
F2,02/03/13,Guingamp,Nimes,3,0,H,1,0,H,2.05,3.1,4,2.05,3,3.9,2.05,3,3.9,2,3.1,3.5,2.1,3,3.5,2.14,3.16,4.08,2.05,3.1,3.5,2.05,3.13,3.75,2.1,3.1,4,2.1,3.2,3.4,38,2.14,2.07,3.2,3.11,4.15,3.61,29,2.38,2.22,1.7,1.58,17,-0.25,1.85,1.76,2.18,2.12
F2,04/03/13,Lens,Nantes,1,2,A,1,1,D,2.6,3,2.88,2.5,3,2.9,2.5,3,2.9,2.5,3,2.7,2.5,3,2.75,2.72,3.05,3.01,2.5,3,2.75,2.63,3,2.88,2.5,3,2.88,2.5,3,2.88,37,2.72,2.52,3.15,2.99,3.01,2.84,26,2.52,2.4,1.6,1.52,18,0,1.85,1.79,2.13,2.05
F2,08/03/13,Angers,Dijon,3,3,D,1,1,D,1.75,3.4,5,1.78,3.25,4.75,1.78,3.25,4.75,1.85,3.1,4.2,1.72,3.25,4.5,1.81,3.44,5.41,1.8,3.25,4.4,1.8,3.3,4.8,1.8,3.4,5,1.91,3.25,4,39,1.95,1.78,3.49,3.33,5.55,4.64,33,2.35,2.2,1.72,1.65,18,-0.75,2.04,2.01,1.9,1.87
F2,08/03/13,Auxerre,Le Havre,4,1,H,2,1,H,2.1,3.1,3.75,2.1,3.1,3.6,2.1,3.1,3.6,2.05,3.05,3.4,2.1,3.2,3.25,2.21,3.04,3.99,2.05,3.1,3.5,2.1,3.13,3.5,2.15,3.2,3.6,2.15,3.1,3.4,39,2.28,2.14,3.25,3.12,3.85,3.44,33,2.1,2.05,1.85,1.74,19,-0.5,2.28,2.23,1.74,1.69
F2,08/03/13,Chateauroux,Monaco,1,1,D,0,1,A,3.6,3,2.2,3.3,2.9,2.3,3.3,2.9,2.3,3.2,2.9,2.2,3.2,3,2.2,3.55,3.03,2.39,3.3,2.9,2.25,3.25,3.13,2.25,3.4,3.1,2.3,3.4,3.1,2.15,38,3.7,3.29,3.15,3.04,2.4,2.26,32,2.38,2.25,1.7,1.61,20,0,2.51,2.39,1.61,1.57
F2,08/03/13,Clermont,Arles,2,4,A,0,2,A,1.83,3.2,4.8,1.75,3.2,5,1.75,3.2,5,1.9,2.9,4.2,1.8,3.2,4.33,1.81,3.3,5.78,1.83,3.2,4.2,1.8,3.3,4.8,1.75,3.3,5.4,1.75,3.4,4.5,39,1.9,1.81,3.45,3.24,5.75,4.67,25,2.64,2.52,1.56,1.48,20,-0.75,2.16,2.1,1.82,1.78
F2,08/03/13,Laval,Guingamp,2,1,H,2,0,H,3.1,3.1,2.4,3,3.1,2.35,3,3.1,2.35,2.8,3,2.4,3,3,2.3,3.38,3.12,2.41,2.88,3,2.4,3,3.13,2.4,3.2,3.1,2.4,2.88,3,2.5,38,3.5,3.09,3.21,3.03,2.5,2.36,35,2.32,2.17,1.72,1.67,21,0,2.38,2.26,1.7,1.65
F2,08/03/13,Nimes,Tours,1,1,D,1,0,H,1.8,3.3,4.75,1.75,3.3,4.75,1.75,3.3,4.75,1.85,3,4.2,1.8,3.25,4.33,1.85,3.38,5.18,1.83,3.2,4.2,1.8,3.3,4.8,1.83,3.3,4.8,1.83,3.3,4.33,39,1.85,1.82,3.66,3.31,5.3,4.44,36,2.15,2.05,1.82,1.75,20,-0.75,2.12,2.06,1.85,1.82
F2,08/03/13,Niort,Lens,0,0,D,0,0,D,2.4,3,3.2,2.25,3,3.3,2.25,3,3.3,2.2,2.9,3.2,2.37,3,2.87,2.55,2.97,3.32,2.3,3.1,3,2.4,3.13,3,2.5,3,3.1,2.3,3.1,3.1,39,2.61,2.41,3.13,3.01,3.37,3.03,33,2.42,2.33,1.65,1.57,21,0,1.76,1.7,2.27,2.17
F2,08/03/13,Sedan,Le Mans,2,1,H,1,0,H,2.25,3.1,3.4,2.2,3.1,3.3,2.2,3.1,3.3,2.3,3.1,2.8,2.2,3,3.2,2.28,3.17,3.62,2.3,3,3.1,2.25,3.13,3.3,2.25,3.12,3.4,2.15,3.1,3.4,39,2.3,2.24,3.2,3.08,3.75,3.27,26,2.61,2.36,1.6,1.54,19,0,1.65,1.59,2.53,2.36
F2,09/03/13,Nantes,Ajaccio GFCO,2,1,H,2,0,H,1.44,4,8,1.45,3.9,7.5,1.45,3.9,7.5,1.45,3.6,7,1.44,3.75,6.5,1.51,3.89,9.26,1.5,3.6,6.5,1.5,3.8,7,1.5,4,7.5,1.5,3.8,6.5,34,1.52,1.49,4.2,3.76,9.26,6.97,24,2.3,2.19,1.74,1.63,18,-1,1.95,1.91,2.05,1.95
F2,15/03/13,Arles,Sedan,2,2,D,1,0,H,2.38,3,3.25,2.3,3,3.2,2.3,3,3.2,2.3,3.1,2.8,2.3,3,3,2.42,3.06,3.44,2.3,3,3.1,2.38,3.13,3.13,2.4,3.12,3.25,2.25,3.1,3.2,39,2.45,2.32,3.2,3.05,3.48,3.16,30,2.53,2.32,1.62,1.57,21,0,1.65,1.62,2.43,2.32
F2,15/03/13,Guingamp,Caen,1,0,H,0,0,D,2.3,3,3.4,2.2,3.1,3.3,2.2,3.1,3.3,2.25,3,3,2.2,3,3.2,2.36,3.08,3.55,2.25,3,3.2,2.3,3,3.2,2.3,3.2,3.4,2.25,3.1,3.2,38,2.4,2.29,3.2,3.01,3.65,3.25,26,2.59,2.35,1.62,1.55,21,0,1.67,1.62,2.45,2.31
F2,15/03/13,Istres,Clermont,0,0,D,0,0,D,2.3,3,3.4,2.15,3.1,3.4,2.15,3.1,3.4,2.15,3.1,3.2,2.25,3,3.2,2.41,3.08,3.44,2.2,3,3.25,2.3,3.13,3.25,2.45,3.12,3.2,2.15,3.1,3.4,39,2.48,2.31,3.2,3.02,3.44,3.21,26,2.69,2.45,1.58,1.51,21,0,1.7,1.65,2.32,2.25
F2,15/03/13,Le Havre,Niort,2,1,H,1,0,H,1.91,3.1,4.6,1.85,3.25,4.33,1.85,3.25,4.33,1.8,3.2,4,1.83,3.2,4,1.97,3.21,4.73,1.85,3.2,4.2,1.9,3.2,4.5,1.95,3.25,4.5,1.91,3.2,4,39,2,1.9,3.26,3.18,5,4.24,35,2.28,2.2,1.72,1.65,20,-0.75,2.31,2.26,1.72,1.67
F2,15/03/13,Le Mans,Nimes,0,3,A,0,1,A,2.45,2.9,3.2,2.4,3,3,2.4,3,3,2.3,3,2.9,2.4,3,2.87,2.59,3.06,3.16,2.4,3,2.9,2.5,3,3,2.55,3.1,3.1,2.5,3.1,2.8,39,2.62,2.47,3.25,3.02,3.2,2.94,33,2.43,2.31,1.65,1.58,21,0,1.81,1.75,2.16,2.1
F2,15/03/13,Monaco,Angers,2,2,D,1,2,A,1.7,3.4,5.5,1.67,3.4,5.25,1.67,3.4,5.25,1.7,3.3,4.5,1.66,3.25,5,1.75,3.55,5.71,1.7,3.3,5,1.73,3.4,5.25,1.75,3.5,5.4,1.73,3.5,4.75,39,1.73,1.7,3.7,3.42,5.82,5.07,36,2.11,2.03,1.85,1.77,20,-0.75,1.94,1.92,1.99,1.95
F2,15/03/13,Tours,Laval,1,1,D,1,0,H,2.05,3.1,3.9,2.05,3.1,3.7,2.05,3.1,3.7,2.05,3.05,3.45,2,3.2,3.6,2.06,3.26,4.21,2,3.2,3.6,2.05,3.2,3.75,2.1,3.25,3.9,2.05,3.25,3.5,39,2.07,2.03,3.35,3.19,4.33,3.73,33,2.35,2.19,1.7,1.65,20,-0.25,1.77,1.73,2.23,2.17
F2,16/03/13,Lens,Auxerre,1,0,H,0,0,D,2.1,3.2,3.6,2.15,3,3.5,2.15,3,3.5,2.15,3.1,3.1,2.1,3,3.4,2.11,3.26,4,2.05,3.2,3.5,2.1,3.25,3.5,2.15,3.25,3.8,2.15,3.2,3.3,36,2.2,2.1,3.3,3.17,4,3.45,27,2.32,2.09,1.76,1.69,17,-0.25,1.85,1.81,2.12,2.07
F2,18/03/13,Dijon,Nantes,3,1,H,0,1,A,2.9,3.1,2.5,2.85,3,2.5,2.85,3,2.5,2.7,3,2.5,2.75,3,2.5,2.98,3.07,2.69,2.75,3,2.5,2.88,3.13,2.5,3,3.1,2.62,2.88,3,2.5,35,2.98,2.8,3.2,3.03,2.75,2.54,24,2.37,2.25,1.75,1.59,18,0,2.09,2.02,1.86,1.82
F2,19/03/13,Ajaccio GFCO,Chateauroux,1,1,D,0,0,D,3,3,2.5,2.7,3,2.65,2.7,3,2.65,2.8,2.9,2.5,2.8,2.87,2.5,3.14,3.03,2.62,2.75,2.9,2.4,2.88,3,2.5,3,3,2.6,3,3,2.4,34,3.16,2.87,3.15,2.97,2.7,2.52,23,2.5,2.35,1.66,1.55,18,0,2.14,2.04,1.86,1.8
F2,24/03/13,Caen,Istres,1,0,H,0,0,D,1.62,3.6,6,1.65,3.3,5.8,1.65,3.3,5.8,1.6,3.4,5.2,1.61,3.4,5.5,1.68,3.52,6.57,1.65,3.3,5.5,1.62,3.5,6,1.65,3.6,6.25,1.61,3.3,5.5,33,1.7,1.63,3.6,3.46,6.57,5.61,24,2.52,2.37,1.6,1.54,18,-1,2.34,2.23,1.75,1.68
F2,29/03/13,Auxerre,Dijon,0,0,D,0,0,D,2.1,3.1,3.75,2.05,3,3.8,2.05,3,3.8,2,3.1,3.4,2,3.2,3.5,2.08,3.37,3.96,2,3.3,3.5,2.1,3.13,3.75,2.1,3.3,3.6,2.1,3.2,3.4,37,2.18,2.06,3.32,3.16,4,3.56,34,2.15,2.05,1.85,1.75,19,-0.25,1.86,1.77,2.18,2.11
F2,29/03/13,Caen,Arles,1,1,D,0,0,D,1.57,3.6,6.5,1.55,3.5,6.75,1.55,3.5,6.75,1.55,3.4,5.8,1.53,3.5,6,1.61,3.77,7.05,1.55,3.6,6,1.53,3.75,6.5,1.57,3.7,7,1.53,3.75,6,37,1.61,1.55,3.75,3.58,7.6,6.27,31,2.38,2.25,1.7,1.62,19,-1,2.1,2.05,1.85,1.81
F2,29/03/13,Chateauroux,Angers,2,3,A,0,1,A,2.5,3,3,2.4,2.95,3.1,2.4,2.95,3.1,2.5,3,2.7,2.4,3,2.8,2.52,3.14,3.18,2.45,3,2.88,2.5,3.13,3,2.5,3.12,3,2.3,3.1,3.1,37,2.55,2.44,3.25,3.06,3.17,2.9,31,2.43,2.25,1.7,1.61,20,0,1.8,1.76,2.15,2.09
F2,29/03/13,Clermont,Lens,1,0,H,1,0,H,2.5,3,3,2.45,2.95,3,2.45,2.95,3,2.2,3,3.1,2.4,3,2.87,2.5,3.09,3.25,2.5,2.9,2.9,2.5,3.13,2.88,2.5,3.1,3.1,2.4,3,3,37,2.55,2.44,3.13,3.01,3.18,2.94,25,2.5,2.34,1.63,1.55,20,0,1.79,1.72,2.2,2.15
F2,29/03/13,Laval,Le Mans,2,1,H,1,1,D,2.2,3.2,3.4,2.1,3.1,3.6,2.1,3.1,3.6,2.1,3,3.3,2.1,3,3.4,2.22,3.24,3.71,2.2,3.1,3.2,2.25,3.2,3.25,2.2,3.2,3.4,2.15,3.1,3.4,37,2.2,2.13,3.3,3.15,3.78,3.45,34,2.32,2.14,1.75,1.69,19,-0.25,1.84,1.8,2.13,2.08
F2,29/03/13,Niort,Ajaccio GFCO,2,1,H,2,0,H,1.91,3.3,4.2,1.9,3.1,4.33,1.9,3.1,4.33,1.85,3.1,4,1.9,3.2,3.8,1.99,3.18,4.61,2,3.1,3.8,1.95,3.25,4,2,3.25,4.2,2,3.2,3.75,37,2.03,1.96,3.3,3.16,4.63,3.94,25,2.62,2.36,1.65,1.55,19,-0.25,1.72,1.7,2.3,2.21
F2,29/03/13,Sedan,Guingamp,1,2,A,0,1,A,2.9,3.1,2.5,2.8,2.95,2.6,2.8,2.95,2.6,2.75,3.1,2.4,2.8,3,2.4,2.97,3.03,2.76,2.7,3,2.6,2.8,3,2.6,2.88,3.1,2.7,2.75,3,2.6,36,3.14,2.88,3.15,3,2.65,2.49,30,2.42,2.26,1.7,1.6,20,0,2.16,2.09,1.81,1.77
F2,29/03/13,Tours,Istres,1,0,H,0,0,D,2,3.1,4.2,2,3,4.1,2,3,4.1,2.2,2.7,3.5,2,3,3.75,2.08,3.25,4.14,2,3.1,3.75,2.05,3.25,3.6,2.05,3.25,3.9,2.05,3.2,3.6,37,2.2,2.01,3.32,3.15,4.29,3.76,31,2.42,2.29,1.66,1.59,19,-0.25,1.75,1.72,2.24,2.17
F2,30/03/13,Nantes,Monaco,1,1,D,1,0,H,2.5,3,3,2.5,3,2.9,2.5,3,2.9,2.5,2.9,2.8,2.4,3,2.8,2.64,3.09,3.05,2.45,3,2.88,2.6,3.13,2.8,2.55,3,3,2.5,3,2.88,37,2.7,2.49,3.25,3.03,3.05,2.89,25,2.3,2.2,1.72,1.62,20,0,1.82,1.77,2.14,2.08
F2,01/04/13,Nimes,Le Havre,0,1,A,0,1,A,2.05,3.2,3.8,2,3.2,3.75,2,3.2,3.75,2,3.1,3.4,2,3.2,3.5,2.09,3.23,4.15,2.05,3.25,3.4,2.05,3.13,3.75,2.1,3.25,3.8,2.05,3.2,3.6,32,2.2,2.05,3.3,3.18,4.15,3.6,29,2.15,2.02,1.88,1.77,15,-0.5,2.11,2.06,1.85,1.81
F2,05/04/13,Ajaccio GFCO,Auxerre,0,0,D,0,0,D,3.4,3.2,2.2,3.4,3.1,2.15,3.4,3.1,2.15,2.8,3.1,2.3,3.25,3,2.2,3.66,3.33,2.19,3.1,3,2.3,3.3,3.13,2.25,3.5,3.3,2.15,3.2,3.1,2.25,37,3.71,3.32,3.34,3.13,2.3,2.19,31,2.25,2.11,1.78,1.71,20,0.25,2.08,2.02,1.91,1.85
F2,05/04/13,Angers,Nantes,2,0,H,1,0,H,2.38,3,3.2,2.3,2.95,3.25,2.3,2.95,3.25,2.3,3,2.9,2.3,3,3,2.41,3.12,3.38,2.3,3,3.1,2.3,3.13,3.13,2.4,3.1,3.2,2.3,3.1,3.1,38,2.58,2.36,3.2,3.05,3.35,3.08,29,2.43,2.29,1.7,1.59,21,0,1.78,1.7,2.25,2.19
F2,05/04/13,Arles,Nimes,1,1,D,0,1,A,2.45,3,3.1,2.4,2.9,3.1,2.4,2.9,3.1,2.5,3.1,2.6,2.6,3,2.62,2.47,3.16,3.24,2.4,3.1,2.8,2.6,3,2.88,2.45,3.12,3.1,2.5,3,2.88,39,2.91,2.65,3.12,3.01,2.95,2.73,28,2.38,2.26,1.7,1.6,21,0,2,1.93,1.95,1.91
F2,05/04/13,Dijon,Chateauroux,1,1,D,0,0,D,1.85,3.3,4.5,1.85,3.2,4.4,1.85,3.2,4.4,1.9,3.1,3.8,1.8,3.25,4.33,1.87,3.5,4.75,1.91,3.2,3.8,2,3.25,3.8,1.87,3.4,4.5,1.91,3.2,4,39,1.9,1.85,3.45,3.28,4.99,4.3,34,2.32,2.2,1.71,1.65,19,-0.5,1.88,1.85,2.07,2.03
F2,05/04/13,Istres,Laval,2,2,D,1,1,D,2.1,3,3.9,2.05,3,3.8,2.05,3,3.8,2.1,2.8,3.5,2,3,3.6,2.14,3.11,4.15,2.15,3,3.4,2.05,3.13,3.8,2.1,3.12,3.9,2.1,3.2,3.4,38,2.2,2.1,3.15,3.06,4.2,3.66,24,2.59,2.41,1.6,1.52,20,-0.25,1.87,1.79,2.14,2.09
F2,05/04/13,Le Mans,Tours,1,0,H,0,0,D,2.38,3.1,3.1,2.3,3,3.2,2.3,3,3.2,2.1,3.1,3.2,2.3,3,3,2.44,3.29,3.16,2.2,3.1,3.1,2.2,3.13,3.4,2.4,3.25,3.1,2.25,3.1,3.2,38,2.55,2.34,3.23,3.11,3.3,3.05,32,2.2,2.12,1.83,1.7,20,-0.25,2.16,2.07,1.85,1.81
F2,05/04/13,Lens,Sedan,2,2,D,1,2,A,1.75,3.4,5,1.75,3.4,4.6,1.75,3.4,4.6,1.85,3.3,3.8,1.72,3.25,4.5,1.79,3.47,5.38,1.73,3.4,4.5,1.73,3.5,4.8,1.8,3.4,5,1.75,3.4,4.5,38,1.88,1.77,3.5,3.36,5.32,4.66,31,2.35,2.24,1.7,1.62,20,-0.75,2.16,2.11,1.82,1.77
F2,05/04/13,Monaco,Niort,1,1,D,1,1,D,1.5,4,7,1.5,3.75,6.75,1.5,3.75,6.75,1.5,3.5,6.3,1.44,4,6.5,1.52,4.16,7.76,1.44,4,6.5,1.53,4,6,1.5,4,7.5,1.53,4,5.5,39,1.51,1.47,4.3,3.95,8.19,6.94,35,2.11,2.03,1.88,1.77,22,-1,1.85,1.79,2.15,2.08
F2,06/04/13,Guingamp,Clermont,0,0,D,0,0,D,1.8,3.25,5,1.7,3.4,5,1.7,3.4,5,1.65,3.3,4.9,1.72,3.25,4.5,1.8,3.26,5.98,1.73,3.4,4.5,1.8,3.5,4.5,1.8,3.4,4.8,1.75,3.5,4.33,34,1.8,1.75,3.5,3.36,5.98,4.74,29,2.28,2.17,1.75,1.66,17,-0.75,2.11,2.05,1.85,1.82
F2,08/04/13,Le Havre,Caen,1,1,D,0,1,A,2.45,3,3.1,2.45,2.95,3,2.45,2.95,3,2.5,3,2.7,2.4,3,2.8,2.63,3.04,3.12,2.4,3,2.88,2.5,3.13,2.88,2.55,3.1,3,2.4,3.1,2.88,35,2.63,2.46,3.13,3.02,3.3,2.9,24,2.38,2.25,1.75,1.59,18,-0.25,2.2,2.15,1.78,1.74
F2,12/04/13,Caen,Lens,0,0,D,0,0,D,1.62,3.4,6.5,1.62,3.3,6.25,1.62,3.3,6.25,1.7,3.2,4.7,1.6,3.5,5.5,1.61,3.8,7.15,1.62,3.75,5,1.57,3.4,6.5,1.6,3.7,6.5,1.62,3.5,5.5,40,1.7,1.6,3.8,3.53,7.15,5.9,28,2.5,2.29,1.7,1.57,23,-1,2.17,2.11,1.85,1.76
F2,12/04/13,Clermont,Le Havre,1,1,D,0,0,D,2.4,3,3.2,2.25,2.95,3.4,2.25,2.95,3.4,2.2,3,3.1,2.25,3,3.2,2.4,3.06,3.54,2.3,3,3.1,2.3,3,3.2,2.38,3.1,3.25,2.25,3,3.2,40,2.42,2.32,3.13,3.01,3.54,3.17,34,2.42,2.27,1.7,1.61,22,0,1.67,1.63,2.39,2.3
F2,12/04/13,Laval,Arles,1,3,A,1,2,A,2.05,3.1,4,2,3.1,3.9,2,3.1,3.9,2,3,3.6,2,3.2,3.5,2.09,3.2,4.27,2,3.2,3.6,2.05,3.2,3.8,2.05,3.25,3.9,2,3.2,3.6,40,2.1,2.03,3.25,3.16,4.27,3.71,34,2.35,2.19,1.72,1.65,21,-0.25,1.79,1.76,2.18,2.13
F2,12/04/13,Le Mans,Istres,1,2,A,1,1,D,2,3,4.33,2.1,3,3.7,2.1,3,3.7,2.1,3,3.3,2.1,3,3.5,2.11,3.24,4.12,2.15,3.1,3.3,2.05,3,3.75,2.05,3.2,4,2.15,3.1,3.4,40,2.18,2.09,3.24,3.08,4.33,3.65,26,2.54,2.34,1.63,1.55,21,-0.25,1.86,1.77,2.2,2.12
F2,12/04/13,Nimes,Dijon,1,1,D,0,0,D,2.05,3.1,4,2,3.2,3.75,2,3.2,3.75,2.1,3,3.3,2,3.2,3.5,2.02,3.38,4.26,2,3.2,3.6,2,3.2,3.75,2.1,3.3,3.6,2.1,3.2,3.3,40,2.1,2.01,3.45,3.24,4.29,3.69,37,2.25,2.04,1.88,1.77,21,-0.25,1.77,1.72,2.27,2.18
F2,12/04/13,Niort,Angers,0,0,D,0,0,D,2.7,3,2.8,2.75,2.9,2.7,2.75,2.9,2.7,2.6,3,2.6,2.62,3,2.62,2.86,3.07,2.86,2.62,3,2.62,2.63,3,2.75,2.75,3,2.75,2.62,3,2.62,40,2.9,2.68,3.07,2.99,2.86,2.69,29,2.43,2.29,1.7,1.59,22,0,1.98,1.92,1.98,1.93
F2,12/04/13,Sedan,Ajaccio GFCO,4,1,H,1,1,D,1.8,3.3,4.75,1.83,3.25,4.4,1.83,3.25,4.4,1.85,3.2,3.9,1.8,3.25,4.33,1.87,3.47,4.91,1.75,3.4,4.5,1.8,3.25,4.5,1.83,3.4,4.6,1.83,3.2,3.75,39,1.9,1.83,3.47,3.32,4.91,4.33,35,2.22,2.15,1.76,1.68,21,-0.75,2.14,2.1,1.83,1.78
F2,12/04/13,Tours,Guingamp,2,0,H,0,0,D,2.9,3,2.6,2.8,2.95,2.6,2.8,2.95,2.6,2.7,3,2.5,2.8,3,2.4,2.99,3.22,2.63,2.88,3,2.45,2.88,3,2.5,2.9,3.2,2.5,2.88,3,2.4,39,3.1,2.86,3.21,3.03,2.65,2.51,33,2.37,2.24,1.68,1.62,22,0,2.12,2.05,1.83,1.8
F2,13/04/13,Auxerre,Monaco,0,2,A,0,2,A,3,3,2.5,2.9,3,2.5,2.9,3,2.5,2.8,2.9,2.5,2.87,3,2.4,3.09,3.12,2.59,2.8,3,2.5,2.88,3,2.5,3,3.1,2.5,2.88,3,2.4,40,3.1,2.92,3.15,3.03,2.61,2.46,26,2.24,2.14,1.75,1.65,20,0,2.16,2.1,1.8,1.76
F2,15/04/13,Chateauroux,Nantes,0,4,A,0,1,A,3.1,3,2.45,2.95,2.95,2.5,2.95,2.95,2.5,2.7,3,2.5,,,,3.21,3.06,2.56,2.8,3,2.5,3,3,2.5,3,3,2.55,2.88,3,2.4,33,3.21,2.95,3.1,2.99,2.6,2.45,24,2.38,2.24,1.75,1.59,19,0,2.2,2.1,1.8,1.76
F2,19/04/13,Ajaccio GFCO,Tours,0,1,A,0,0,D,3.5,3,2.25,3.4,3,2.2,3.4,3,2.2,2.9,3,2.3,3.2,3,2.2,3.66,3.3,2.22,3.25,2.88,2.25,3.3,3,2.25,3.4,3.25,2.2,3.3,3.1,2.2,38,3.8,3.29,3.3,3.06,2.38,2.23,32,2.33,2.22,1.74,1.63,20,0.25,2.02,1.96,1.94,1.91
F2,19/04/13,Angers,Caen,1,1,D,0,1,A,2.4,3,3.2,2.4,2.9,3.1,2.4,2.9,3.1,2.3,3,2.9,2.29,3,3,2.39,3.04,3.59,2.3,3.1,3,2.38,3,3.13,2.5,3,3.12,2.4,3.1,2.9,39,2.49,2.37,3.1,3,3.48,3.11,26,2.54,2.36,1.63,1.54,21,0,1.7,1.65,2.37,2.27
F2,19/04/13,Arles,Istres,1,0,H,1,0,H,2.2,3,3.6,2.3,2.7,3.6,2.3,2.7,3.6,2.2,2.8,3.3,2.25,2.87,3.2,2.38,3.01,3.66,2.3,3,3.1,2.25,3,3.3,2.3,3,3.4,2.25,3.1,3.2,39,2.39,2.26,3.1,2.97,3.77,3.34,26,2.67,2.46,1.6,1.51,20,-0.25,2.01,1.97,1.92,1.89
F2,19/04/13,Chateauroux,Niort,1,0,H,0,0,D,2.1,3,4,2.1,3,3.7,2.1,3,3.7,2,2.9,3.7,2.1,3,3.4,2.22,3.07,4,2.05,3.1,3.6,2.1,3,3.6,2.2,3.1,3.6,2.2,3.1,3.3,39,2.25,2.12,3.1,3.02,4.1,3.59,32,2.42,2.27,1.66,1.6,20,-0.25,1.91,1.86,2.04,2.01
F2,19/04/13,Dijon,Laval,1,0,H,0,0,D,1.8,3.3,4.75,1.87,3.2,4.33,1.87,3.2,4.33,2,3.15,3.3,1.83,3.25,4,1.87,3.48,4.91,1.83,3.2,4.33,1.83,3.2,4.5,1.87,3.5,4.33,1.85,3.4,4,39,2,1.85,3.55,3.29,4.91,4.23,36,2.07,1.95,1.97,1.84,20,-0.75,2.17,2.13,1.79,1.76
F2,19/04/13,Guingamp,Le Mans,6,1,H,2,0,H,1.65,3.4,6,1.65,3.5,5.25,1.65,3.5,5.25,1.65,3.4,4.7,1.61,3.5,5,1.69,3.56,6.52,1.65,3.5,5,1.62,3.6,5.25,1.67,3.6,5.75,1.62,3.6,5.5,37,1.7,1.64,3.85,3.53,6.52,5.42,35,2.2,2.09,1.81,1.72,21,-1,2.33,2.24,1.74,1.67
F2,19/04/13,Le Havre,Sedan,1,1,D,1,0,H,2.05,3.2,3.8,2.05,3.2,3.6,2.05,3.2,3.6,2,3.15,3.3,2,3.2,3.4,2.1,3.63,3.65,2,3.2,3.6,2.1,3.2,3.5,2.05,3.5,3.6,2.05,3.2,3.6,39,2.22,2.06,3.63,3.24,3.8,3.5,36,1.95,1.88,2,1.91,20,-0.25,1.87,1.81,2.11,2.06
F2,20/04/13,Lens,Nimes,1,2,A,0,1,A,2.38,3,3.25,2.25,3,3.3,2.25,3,3.3,2.2,3,3.1,2.29,3,3,2.51,3.14,3.19,2.3,3,3.1,2.38,3,3.13,2.45,3.12,3.1,2.2,3.1,3.25,36,2.51,2.34,3.15,3.01,3.35,3.09,25,2.32,2.19,1.73,1.63,18,-0.25,2.13,2.09,1.82,1.79
F2,20/04/13,Nantes,Auxerre,1,1,D,1,1,D,1.73,3.3,5.5,1.7,3.4,5,1.7,3.4,5,1.65,3.4,4.7,1.66,3.4,5,1.68,3.61,6.25,1.7,3.6,5,1.67,3.3,5.5,1.7,3.6,5.4,1.73,3.4,4.75,36,1.75,1.69,3.61,3.4,6.25,5.09,31,2.23,2.13,1.75,1.69,18,-0.75,1.97,1.95,1.98,1.92
F2,22/04/13,Monaco,Clermont,4,0,H,2,0,H,1.5,3.75,7.5,1.44,3.9,7.75,1.44,3.9,7.75,1.55,3.4,5.8,1.44,3.8,7,1.52,4.09,7.9,1.44,4,7,1.44,3.8,7.5,1.45,4,7.5,1.5,3.8,6.5,34,1.55,1.47,4.2,3.86,7.9,6.98,31,2.15,2.05,1.82,1.75,18,-1,1.92,1.87,2.05,1.99
F2,26/04/13,Auxerre,Chateauroux,0,0,D,0,0,D,2,3.2,4,1.95,3.1,4.1,1.95,3.1,4.1,2.1,2.9,3.4,2,3.2,3.6,2.04,3.35,4.22,1.95,3.2,3.6,1.95,3.25,3.8,2,3.3,4,1.95,3.4,3.6,41,2.1,1.99,3.4,3.23,4.5,3.82,38,2.35,2.22,1.72,1.64,22,-0.25,1.76,1.73,2.21,2.18
F2,26/04/13,Clermont,Ajaccio GFCO,0,2,A,0,0,D,1.57,3.6,6.5,1.57,3.5,6.25,1.57,3.5,6.25,1.5,3.5,6.3,1.53,3.5,6,1.62,3.78,7,1.57,3.4,6,1.57,3.6,6.25,1.57,3.75,6.5,1.57,3.75,5.5,40,1.62,1.57,3.81,3.62,7.2,6.12,26,2.4,2.29,1.68,1.58,24,-1,2.14,2.07,1.84,1.79
F2,26/04/13,Istres,Guingamp,2,0,H,2,0,H,3.25,3,2.38,3.2,3.1,2.25,3.2,3.1,2.25,2.8,2.9,2.5,3,3,2.29,3.18,3.15,2.54,3,2.9,2.38,3,3,2.38,3.12,3.12,2.4,3,3.1,2.38,40,3.3,3.02,3.25,3.06,2.5,2.39,34,2.43,2.3,1.65,1.59,22,0,2.25,2.17,1.75,1.7
F2,26/04/13,Laval,Lens,1,1,D,0,1,A,2.05,3.2,3.75,2,3.1,3.9,2,3.1,3.9,2,3.1,3.4,2,3.2,3.6,2.12,3.25,4.06,2.1,3,3.5,2.05,3.13,3.6,2.05,3.3,3.8,2.1,3.2,3.4,40,2.15,2.06,3.35,3.18,4.06,3.61,34,2.32,2.19,1.73,1.66,22,-0.25,1.81,1.77,2.18,2.12
F2,26/04/13,Le Mans,Arles,0,0,D,0,0,D,2.25,3,3.5,2.2,3.1,3.3,2.2,3.1,3.3,2.3,3,2.9,2.2,3,3.25,2.27,3.15,3.73,2.2,3,3.25,2.2,3.13,3.4,2.25,3.12,3.5,2.25,3.1,3.2,41,2.31,2.23,3.25,3.07,3.73,3.3,27,2.5,2.39,1.63,1.53,22,-0.25,1.96,1.91,2.01,1.96
F2,26/04/13,Nimes,Angers,3,0,H,0,0,D,2.15,3.1,3.6,2.1,3,3.7,2.1,3,3.7,2.2,3.1,3,2.2,3,3.25,2.17,3.34,3.77,2.2,3,3.25,2.1,3.13,3.6,2.1,3.3,3.6,2.2,3.1,3.25,41,2.25,2.15,3.35,3.17,3.75,3.39,35,2.32,2.18,1.76,1.66,22,-0.25,1.91,1.87,2.05,2
F2,26/04/13,Niort,Nantes,0,1,A,0,0,D,3.25,3.1,2.3,3.1,3,2.35,3.1,3,2.35,2.9,2.9,2.4,3,3,2.29,3.58,2.97,2.44,3,2.9,2.38,3.13,3,2.3,3.3,3.1,2.38,3.1,3,2.38,41,3.59,3.17,3.15,2.99,2.44,2.34,27,2.6,2.4,1.63,1.54,22,0,2.38,2.27,1.7,1.65
F2,26/04/13,Tours,Le Havre,1,2,A,0,2,A,2.1,3.1,3.8,2.15,2.95,3.6,2.15,2.95,3.6,2.1,3,3.3,2.1,3,3.4,2.17,3.36,3.74,2.1,3,3.5,2.1,3.13,3.5,2.15,3.3,3.5,2.2,3.1,3.25,40,2.21,2.15,3.36,3.14,3.8,3.4,38,2,1.91,1.99,1.89,22,-0.25,1.88,1.85,2.07,2.02
F2,27/04/13,Caen,Dijon,2,2,D,1,0,H,1.75,3.4,5,1.67,3.5,5,1.67,3.5,5,1.7,3.2,4.7,1.72,3.4,4.5,1.81,3.57,5.12,1.67,3.75,4.33,1.73,3.4,4.8,1.8,3.5,4.75,1.73,3.5,4.75,37,1.81,1.75,3.75,3.41,5.3,4.65,31,2.23,2.13,1.75,1.69,19,-0.75,2.09,2.04,1.86,1.82
F2,29/04/13,Sedan,Monaco,1,1,D,1,1,D,4,3.4,1.91,4.25,3.1,1.91,4.25,3.1,1.91,3.4,2.9,2.1,3.75,3.25,1.91,4.06,3.62,1.99,3.5,3.2,2,4,3.2,1.95,3.9,3.9,1.95,4,3.25,1.91,22,4.5,3.95,3.25,3.18,2.1,1.94,12,2.22,2.15,1.75,1.65,1,1,1.43,1.43,2.92,2.92
F2,03/05/13,Ajaccio GFCO,Le Mans,1,3,A,1,3,A,3.5,3.1,2.2,3.4,3.1,2.15,3.4,3.1,2.15,3,3.1,2.2,3.2,3,2.2,3.66,3.31,2.22,3,3.1,2.3,3.3,3.13,2.2,3.5,3.3,2.2,3.3,3.1,2.2,40,3.66,3.26,3.31,3.16,2.3,2.2,34,2.28,2.09,1.77,1.72,22,0.25,2.03,1.98,1.96,1.89
F2,03/05/13,Angers,Laval,1,0,H,0,0,D,1.8,3.4,4.75,1.75,3.3,4.75,1.75,3.3,4.75,1.75,3.2,4.3,1.83,3.2,4,1.88,3.48,4.87,1.8,3.25,4.33,1.83,3.3,4.33,1.87,3.4,4.5,1.83,3.3,4.33,41,1.91,1.84,3.48,3.29,4.87,4.32,37,2.15,2.06,1.83,1.75,22,-0.75,2.2,2.15,1.78,1.74
F2,03/05/13,Arles,Guingamp,0,2,A,0,0,D,3.3,2.9,2.38,3.2,3,2.3,3.2,3,2.3,2.7,3,2.5,3,2.87,2.37,3.45,3.1,2.42,2.88,2.9,2.5,3.13,3,2.38,3.25,3.1,2.45,3.1,3,2.38,40,3.45,3.12,3.15,3,2.5,2.37,26,2.5,2.33,1.65,1.56,21,0.25,1.89,1.85,2.08,2.02
F2,03/05/13,Chateauroux,Nimes,2,1,H,2,0,H,3,3,2.5,2.75,3,2.6,2.75,3,2.6,2.6,3,2.6,2.75,3,2.5,3.01,3.18,2.64,2.62,3,2.6,2.8,3,2.6,2.9,3.12,2.6,2.6,3,2.75,41,3.05,2.82,3.18,3.01,2.75,2.56,27,2.42,2.27,1.67,1.59,22,0.25,1.74,1.69,2.3,2.22
F2,03/05/13,Dijon,Sedan,4,2,H,2,1,H,1.8,3.6,4.33,1.8,3.5,4.2,1.8,3.5,4.2,1.85,3.2,3.9,1.83,3.25,4,1.88,3.66,4.55,1.83,3.2,4.2,1.83,3.3,4.33,1.87,3.6,4.33,1.91,3.3,4,41,1.92,1.86,3.64,3.37,4.75,4.12,38,1.96,1.89,1.99,1.89,22,-0.75,2.2,2.14,1.79,1.74
F2,03/05/13,Le Havre,Istres,2,0,H,0,0,D,1.95,3,4.5,1.85,3.25,4.33,1.85,3.25,4.33,1.9,3,4,1.9,3,4,1.93,3.27,4.98,1.95,3.1,3.8,1.91,3.13,4,2,3.25,4.33,2,3.25,3.6,41,2,1.93,3.25,3.16,5.14,4.12,28,2.28,2.19,1.73,1.65,22,-0.25,1.71,1.65,2.39,2.29
F2,03/05/13,Lens,Tours,0,0,D,0,0,D,1.91,3.1,4.5,1.91,3.25,4,1.91,3.25,4,2.1,2.9,3.4,1.9,3.2,3.8,2.01,3.39,4.3,2,3.1,3.8,1.95,3.13,4,2,3.3,4.1,1.91,3.5,3.6,41,2.1,1.96,3.41,3.21,4.5,3.94,38,2.1,2.03,1.87,1.77,22,-0.25,1.75,1.7,2.3,2.22
F2,03/05/13,Niort,Auxerre,0,1,A,0,1,A,2.05,3.2,3.8,2.05,3.1,3.7,2.05,3.1,3.7,2.1,3.1,3.2,1.9,3,4,2.12,3.22,4.09,2,3.2,3.5,2.05,3.13,3.75,2.05,3.2,4.1,2.15,3.2,3.3,41,2.2,1.98,3.3,3.16,4.57,3.95,27,2.5,2.3,1.7,1.58,21,-0.5,2.1,1.98,1.94,1.9
F2,04/05/13,Monaco,Caen,0,1,A,0,1,A,1.75,3.3,5.25,1.75,3.3,4.75,1.75,3.3,4.75,1.8,3.1,4.2,1.72,3.25,4.5,1.87,3.48,4.8,1.75,3.25,4.6,1.8,3.25,4.8,1.83,3.4,4.8,1.83,3.4,4.2,39,1.87,1.79,3.55,3.31,5.25,4.52,36,2.11,2.04,1.85,1.76,20,-0.75,2.15,2.08,1.83,1.79
F2,06/05/13,Nantes,Clermont,0,1,A,0,1,A,1.45,4,8,1.45,3.8,7.75,1.45,3.8,7.75,1.55,3.4,5.8,1.44,3.8,6.5,1.48,4.17,8.65,1.44,3.8,7,1.44,3.8,7,1.5,4.1,7.5,1.5,4,6,36,1.55,1.47,4.2,3.9,8.65,6.95,33,2.18,2.07,1.81,1.74,20,-1,1.92,1.88,2.05,1.98
F2,10/05/13,Auxerre,Angers,2,2,D,1,1,D,2.88,3.2,2.5,2.7,3.2,2.5,2.7,3.2,2.5,2.6,3.1,2.5,2.75,3.2,2.4,3.05,3.27,2.56,2.8,3.1,2.4,2.88,3.13,2.4,3,3.25,2.5,2.88,3.1,2.4,41,3.05,2.84,3.35,3.15,2.57,2.45,38,1.96,1.88,1.99,1.89,21,0,2.16,2.08,1.81,1.76
F2,10/05/13,Clermont,Chateauroux,1,0,H,0,0,D,1.91,3.2,4.33,1.9,3.1,4.33,1.9,3.1,4.33,1.9,3,4,1.91,3,4,1.99,3.02,5.15,1.91,3.1,4,1.91,3.13,4.33,2,3.2,4.33,1.95,3.2,3.8,40,2,1.93,3.2,3.09,5.16,4.23,27,2.33,2.19,1.75,1.63,21,-0.5,2.02,1.96,1.93,1.89
F2,10/05/13,Guingamp,Lens,7,0,H,4,0,H,1.57,3.8,6,1.5,3.7,7,1.5,3.7,7,1.5,3.5,6.3,1.53,3.6,6,1.54,4.1,7.55,1.53,3.75,6,1.53,3.75,6.5,1.53,4.1,7,1.62,3.6,5.5,39,1.62,1.53,4.14,3.76,7.76,6.34,36,1.97,1.89,2,1.89,19,-1,2.04,1.92,2.01,1.91
F2,10/05/13,Istres,Dijon,2,3,A,1,2,A,2.5,3.1,2.9,2.4,3.2,2.85,2.4,3.2,2.85,2.4,3,2.8,2.4,3,2.8,2.62,3.24,2.98,2.4,3.1,2.8,2.5,3.13,2.88,2.55,3.2,2.9,2.4,3.1,2.88,41,2.65,2.46,3.25,3.09,2.98,2.86,29,2.05,1.97,1.95,1.79,21,0,1.83,1.78,2.11,2.05
F2,10/05/13,Laval,Ajaccio GFCO,1,2,A,1,0,H,1.57,3.6,6.5,1.45,4.25,6.25,1.45,4.25,6.25,1.5,3.7,6,1.5,3.75,6,1.52,4.4,7.13,1.53,3.6,6,1.5,3.75,7,1.5,4.4,7,1.57,3.75,5.5,40,1.57,1.49,4.4,3.89,7.5,6.68,34,1.95,1.84,2.02,1.94,24,-1,1.94,1.82,2.1,2.02
F2,10/05/13,Le Mans,Le Havre,0,4,A,0,1,A,2,3.4,3.75,2.05,3.1,3.7,2.05,3.1,3.7,2,3.1,3.4,2,3.2,3.5,2.16,3.39,3.72,2.05,3.1,3.5,2.05,3.13,3.6,2.1,3.4,3.7,1.95,3.3,3.75,41,2.16,2.06,3.4,3.18,3.9,3.58,38,2.25,2.09,1.85,1.72,22,-0.25,1.86,1.82,2.09,2.04
F2,10/05/13,Sedan,Niort,0,2,A,0,1,A,2.1,3.25,3.6,2.15,3.1,3.4,2.15,3.1,3.4,2.1,3.2,3.1,2.1,3.2,3.25,2.15,3.48,3.67,2.2,3.1,3.2,2.1,3.13,3.5,2.15,3.4,3.5,2.1,3.2,3.4,40,2.2,2.11,3.48,3.27,3.7,3.33,34,2.05,1.88,1.98,1.89,22,-0.25,1.89,1.84,2.07,2.01
F2,10/05/13,Tours,Arles,0,0,D,0,0,D,2.2,3.1,3.5,2.25,2.9,3.4,2.25,2.9,3.4,2.2,2.8,3.3,2.2,3,3.2,2.4,3.06,3.53,2.15,3.1,3.3,2.3,3,3.13,2.38,3.1,3.4,2.15,3.1,3.4,39,2.4,2.25,3.15,3.03,3.7,3.3,25,2.5,2.29,1.64,1.57,22,-0.25,2.03,1.97,1.93,1.88
F2,11/05/13,Nimes,Monaco,0,1,A,0,0,D,2.9,3.1,2.5,2.9,3.1,2.4,2.9,3.1,2.4,3.1,2.8,2.3,2.88,3,2.4,3.13,3.2,2.52,2.88,3,2.4,3,3,2.4,3.1,3.2,2.5,2.88,3.1,2.4,39,3.13,2.94,3.25,3.06,2.55,2.41,27,2.1,2.06,1.85,1.7,19,0,2.19,2.12,1.79,1.73
F2,13/05/13,Caen,Nantes,0,1,A,0,0,D,2.38,3.1,3.1,2.2,3.1,3.3,2.2,3.1,3.3,2.2,3,3.3,2.25,3,3.2,2.47,3.12,3.28,2.25,3.1,3.1,2.3,3.13,3.13,2.45,3.1,3.2,2.4,3,3,36,2.47,2.32,3.25,3.04,3.5,3.09,25,2.31,2.16,1.75,1.64,18,-0.25,2.09,2.04,1.86,1.81
F2,17/05/13,Ajaccio GFCO,Guingamp,0,1,A,0,0,D,7,4.2,1.45,7.25,3.75,1.48,7.25,3.75,1.48,6,3.6,1.5,7,3.8,1.44,8.2,4.43,1.48,6,3.8,1.5,8,4,1.44,8,4.4,1.45,6.5,3.8,1.5,,,,,,,,,,,,,,,,,,
F2,17/05/13,Angers,Tours,0,1,A,0,0,D,1.57,3.75,6,1.53,3.9,6,1.53,3.9,6,1.55,3.5,5.5,1.53,3.6,6,1.56,4.22,6.7,1.6,3.5,5.5,1.53,3.6,6.5,1.57,4.1,6.25,1.57,3.75,5.5,,,,,,,,,,,,,,,,,,
F2,17/05/13,Auxerre,Clermont,1,1,D,1,1,D,2.2,3.2,3.4,2.2,3.2,3.2,2.2,3.2,3.2,2.2,2.9,3.2,2.2,3,3.2,2.35,3.24,3.44,2.1,3.1,3.4,2.2,3.13,3.25,2.38,3.2,3.3,2.15,3.25,3.25,,,,,,,,,,,,,,,,,,
F2,17/05/13,Chateauroux,Caen,2,2,D,2,1,H,2.5,3.2,2.8,2.6,3.1,2.65,2.6,3.1,2.65,2.6,3,2.6,2.5,3.2,2.62,2.63,3.28,2.94,2.62,3.2,2.5,2.5,3.13,2.75,2.55,3.25,2.9,2.63,3.1,2.63,,,,,,,,,,,,,,,,,,
F2,17/05/13,Dijon,Arles,2,3,A,1,1,D,1.75,3.5,4.75,1.91,3.25,4,1.91,3.25,4,1.65,3.4,4.6,1.83,3.25,4,1.87,3.52,4.85,1.8,3.3,4.33,1.8,3.3,4.5,2,3.4,4,1.73,3.5,4.75,,,,,,,,,,,,,,,,,,
F2,17/05/13,Le Havre,Laval,1,2,A,1,2,A,2.15,3.4,3.25,2.1,3.2,3.4,2.1,3.2,3.4,2.4,3.2,2.6,2.1,3.2,3.2,2.22,3.65,3.3,2.1,3.2,3.25,2.1,3.2,3.3,2.15,3.6,3.4,2.1,3.25,3.4,,,,,,,,,,,,,,,,,,
F2,17/05/13,Lens,Istres,1,1,D,0,0,D,2.3,3.1,3.2,2.2,3.2,3.2,2.2,3.2,3.2,2.2,2.9,3.2,2.3,3,3,2.5,3.22,3.18,2.2,3.1,3.1,2.38,3.13,3,2.45,3.2,3.1,2.2,3.2,3.2,,,,,,,,,,,,,,,,,,
F2,17/05/13,Monaco,Le Mans,2,1,H,2,0,H,1.53,3.8,6.5,1.5,3.8,6.5,1.5,3.8,6.5,1.65,3.4,4.7,1.5,3.75,6,1.58,4.14,6.67,1.44,4,6.5,1.53,3.75,6.5,1.55,4.1,6.5,1.53,3.75,6,,,,,,,,,,,,,,,,,,
F2,17/05/13,Nantes,Sedan,1,0,H,0,0,D,1.33,4.75,9.5,1.36,4.25,9,1.36,4.25,9,1.3,4.6,8,1.33,4.33,8.5,1.37,5.03,9.8,1.33,5,9,1.36,4.5,9,1.36,5,9,1.36,4.5,8,,,,,,,,,,,,,,,,,,
F2,17/05/13,Niort,Nimes,2,0,H,0,0,D,1.8,3.5,4.5,1.72,3.6,4.5,1.72,3.6,4.5,1.7,3.4,4.2,1.8,3.4,4,1.83,3.74,4.7,1.8,3.2,4.33,1.8,3.4,4.33,1.83,3.6,4.6,1.8,3.3,4.5,,,,,,,,,,,,,,,,,,
F2,24/05/13,Arles,Le Havre,1,1,D,1,0,H,2.5,3.1,2.9,2.35,3.1,3,2.35,3.1,3,2.3,2.9,3,2.38,3.2,2.8,2.53,3.47,2.93,2.5,3.1,2.7,2.5,3.13,2.8,2.4,3.4,2.88,2.4,3.1,2.9,41,2.56,2.45,3.47,3.13,3,2.85,38,1.94,1.87,2.02,1.91,18,-0.25,2.16,2.11,1.79,1.75
F2,24/05/13,Caen,Ajaccio GFCO,2,1,H,1,1,D,1.44,4.2,7.5,1.42,4.4,6.75,1.42,4.4,6.75,1.4,3.7,7.5,1.36,4.33,7.5,1.44,4.61,6,1.4,4,7.5,1.4,4.33,7.5,,,,1.36,4.5,8,40,1.44,1.39,4.61,4.36,9.1,7.45,29,1.75,1.67,2.3,2.13,22,1.25,1.99,1.93,1.96,1.91
F2,24/05/13,Clermont,Niort,1,1,D,0,1,A,2,3.2,4,2,3.1,3.9,2,3.1,3.9,2,2.9,3.7,2,3.2,3.6,2.06,3.25,4.3,2,3,3.75,1.95,3.13,4,2.05,3.25,3.9,2,3.25,3.6,41,2.06,2,3.31,3.18,4.3,3.81,30,2.15,2.05,1.8,1.72,18,-0.5,2.06,2,1.88,1.83
F2,24/05/13,Guingamp,Dijon,2,0,H,1,0,H,1.57,3.8,6,1.67,3.6,5,1.67,3.6,5,1.75,3.2,4.3,1.62,3.6,5,1.64,4.02,5.98,1.67,3.4,5,1.57,3.6,5.75,1.65,4,5.25,1.6,3.8,5,40,1.75,1.62,4,3.71,6,5.3,27,1.68,1.59,2.45,2.25,21,-0.75,1.83,1.79,2.14,2.07
F2,24/05/13,Istres,Nantes,2,2,D,0,1,A,2.8,3.2,2.5,2.9,3.1,2.4,2.9,3.1,2.4,3.1,3,2.2,2.8,3.2,2.38,2.96,3.47,2.51,2.88,3.1,2.38,2.8,3.13,2.5,2.88,3.3,2.5,2.88,3.2,2.4,41,3.1,2.85,3.47,3.18,2.65,2.42,35,2.05,1.89,2.03,1.88,22,0.25,1.81,1.77,2.16,2.1
F2,24/05/13,Laval,Chateauroux,3,2,H,2,0,H,1.62,3.5,6.25,1.6,3.5,6,1.6,3.5,6,1.6,3.1,6,1.57,3.4,6,1.65,3.62,5.83,1.62,3.4,5.5,1.57,3.4,6.5,1.57,3.7,6.5,1.62,3.6,5.5,41,1.65,1.59,3.75,3.48,7.19,6.12,38,2.11,1.97,1.91,1.81,21,-1,2.12,1.99,1.91,1.82
F2,24/05/13,Le Mans,Lens,2,1,H,2,0,H,1.62,3.75,5.5,1.57,4,5.25,1.57,4,5.25,1.5,3.7,5.7,1.57,3.75,5,1.67,4.2,5.28,1.62,3.8,4.8,1.57,3.8,5.5,1.6,4.1,5.4,1.6,3.8,5,41,1.66,1.59,4.24,3.79,5.9,5.32,35,1.8,1.73,2.16,2.06,25,-1,2.16,2.08,1.83,1.78
F2,24/05/13,Nimes,Auxerre,4,2,H,3,1,H,2.15,3.25,3.4,2.15,3.1,3.4,2.15,3.1,3.4,2.1,3,3.3,2.1,3.2,3.2,2.3,3.38,3.39,2.1,3.3,3.2,2.2,3.2,3.13,2.3,3.3,3.13,2.15,3.25,3.2,41,2.3,2.18,3.43,3.22,3.55,3.24,38,1.94,1.83,2.07,1.95,22,-0.25,2.02,1.98,1.93,1.87
F2,24/05/13,Sedan,Angers,2,2,D,1,0,H,2.7,3.2,2.6,2.65,3.1,2.65,2.65,3.1,2.65,2.8,3.1,2.3,2.62,3.2,2.5,2.85,3.22,2.74,2.6,3.1,2.6,2.75,3.13,2.6,2.7,3.2,2.7,2.63,3.1,2.6,41,3,2.69,3.25,3.12,2.81,2.58,38,1.97,1.86,2,1.92,21,0,1.97,1.92,1.97,1.91
F2,24/05/13,Tours,Monaco,1,2,A,1,0,H,3.6,3.25,2.1,3.25,3.4,2.1,3.25,3.4,2.1,3.1,3,2.2,3.25,3.2,2.1,3.64,3.33,2.22,3.4,3.1,2.1,3.3,3.2,2.2,3.4,3.3,2.2,3.4,3.25,2.1,41,3.64,3.36,3.43,3.2,2.25,2.13,38,1.85,1.78,2.12,2.02,22,0.25,2.02,1.96,1.93,1.88
