Div,Date,HomeTeam,AwayTeam,FTHG,FTAG,FTR,HTHG,HTAG,HTR,Referee,HS,AS,HST,AST,HF,AF,HC,AC,HY,AY,HR,AR,B365H,B365D,B365A,BWH,BWD,BWA,GBH,GBD,GBA,IWH,IWD,IWA,LBH,LBD,LBA,SBH,SBD,SBA,WHH,WHD,WHA,SJH,SJD,SJA,VCH,VCD,VCA,Bb1X2,BbMxH,BbAvH,BbMxD,BbAvD,BbMxA,BbAvA,BbOU,BbMx>2.5,BbAv>2.5,BbMx<2.5,BbAv<2.5,BbAH,BbAHh,BbMxAHH,BbAvAHH,BbMxAHA,BbAvAHA
I1,27/08/05,Fiorentina,Sampdoria,2,1,H,2,0,H,G. Paparesta,15,9,9,4,18,23,9,3,1,4,0,0,2.2,2.87,3.25,2.25,2.9,3.2,2.15,2.9,3.4,2.2,2.8,3.1,2.2,2.8,3.2,2.25,2.9,3.4,2.25,2.87,3,2.2,2.88,3.3,2.2,2.9,3.1,50,2.35,2.21,3,2.89,3.7,3.32,34,2.3,2.03,1.75,1.66,16,-0.25,2,1.95,1.96,1.92
I1,27/08/05,Livorno,Lecce,2,1,H,1,1,D,G. Rocchi,17,6,7,5,27,21,9,2,2,3,0,0,1.9,2.9,4,1.9,3.2,3.8,1.85,3.15,4.1,1.9,3,3.6,1.91,3,3.75,1.95,3,4.2,1.9,2.87,4,2,3,3.75,1.9,3,3.75,51,2,1.92,3.2,3.04,4.5,3.95,34,2,1.85,2,1.84,17,-0.5,2,1.96,1.95,1.89
I1,28/08/05,Ascoli,Milan,1,1,D,0,0,D,M. De Santis,8,16,3,9,22,16,0,5,2,1,0,0,7.5,3.75,1.4,9,4.5,1.3,9,4.35,1.3,6.5,3.7,1.4,8,3.75,1.36,10,4.75,1.3,8,3.75,1.36,10,4.5,1.29,8.5,3.75,1.35,50,12,8.97,4.7,4.09,1.4,1.34,32,1.9,1.78,2.05,1.89,15,1.25,2.1,2.05,1.86,1.82
I1,28/08/05,Inter,Treviso,3,0,H,1,0,H,P. Tagliavento,16,7,9,3,13,20,6,1,1,3,0,0,1.16,5.5,13,1.16,5.9,15,1.15,5.6,16,1.17,5.5,11,1.17,5.5,12,1.17,5.75,15,1.16,5,15,1.2,5,15,1.17,5.5,12,50,1.2,1.17,6.5,5.55,18,14.23,30,1.65,1.55,2.4,2.23,15,-1.75,1.95,1.9,2.01,1.97
I1,28/08/05,Juventus,Chievo,1,0,H,1,0,H,M. Trefoloni,16,2,7,0,16,12,6,2,1,2,0,0,1.25,5,13,1.22,5.5,10,1.2,5.15,13,1.2,5,10,1.2,5,11,1.22,5.5,12,1.22,5,9.5,1.22,5,12,1.22,5,10,51,1.25,1.21,5.96,5.15,16,12.18,33,1.85,1.71,2.1,1.96,15,-1.5,1.9,1.87,2.07,1.98
I1,28/08/05,Lazio,Messina,1,0,H,1,0,H,P. Dondarini,7,16,4,7,18,20,6,10,3,1,0,0,1.9,3.1,3.75,1.9,3.1,4,1.9,3.1,3.8,1.9,3,3.6,1.83,3,4,1.91,3,4.2,1.83,3,4,1.8,3,4.75,1.8,3,4.35,51,2,1.89,3.2,3.06,5,4.05,33,2.1,1.96,1.8,1.71,15,-0.5,2.01,1.97,1.92,1.88
I1,28/08/05,Parma,Palermo,1,1,D,0,1,A,T. Pieri,8,14,3,9,18,9,3,8,3,0,0,0,2.4,2.87,2.87,2.55,2.9,2.75,2.5,2.9,2.8,2.4,2.8,2.8,2.38,2.88,2.8,2.38,2.88,3,2.3,2.8,3,2.5,2.75,3,2.4,2.9,2.8,50,2.7,2.45,3,2.86,3.1,2.91,33,2.2,2,1.75,1.67,14,0,1.85,1.77,2.12,2.06
I1,28/08/05,Reggina,Roma,0,3,A,0,1,A,R. Rosetti,5,13,3,9,19,18,2,4,0,0,1,0,3.5,3,2,3.9,3.15,1.9,4.1,3.15,1.85,3.6,2.8,2,3.4,2.88,2.1,3.75,3,2,3.6,2.87,2,3.75,3,2,3.5,3,2,51,4.4,3.76,3.25,3.02,2.05,1.97,33,1.95,1.83,1.98,1.87,14,0.5,1.89,1.81,2.1,2.04
I1,28/08/05,Siena,Cagliari,2,1,H,1,1,D,C. Brighi,10,9,6,6,21,19,4,4,2,2,1,0,2.2,3,3.1,2.2,2.9,3.3,2.2,3,3.15,2.1,2.8,3.3,2.2,2.8,3.2,2.2,2.88,3.4,2.2,2.87,3.1,2.1,2.88,3.6,2.25,2.8,3.1,49,2.3,2.18,3,2.91,3.85,3.35,33,2.1,1.97,1.9,1.73,14,-0.25,1.95,1.91,2,1.96
I1,28/08/05,Udinese,Empoli,1,0,H,1,0,H,A. De Marco,12,8,8,4,20,12,6,5,2,1,0,0,1.57,3.25,6,1.6,3.4,5.5,1.57,3.4,5.75,1.55,3.4,5,1.57,3.2,6,1.53,3.4,6.5,1.53,3.5,5.5,1.57,3.4,6,1.55,3.3,5.5,49,1.65,1.55,3.7,3.37,7.5,6.16,32,2,1.86,2,1.83,14,-0.75,1.8,1.77,2.2,2.12
I1,10/09/05,Milan,Siena,3,1,H,2,1,H,S. Farina,21,7,11,3,7,16,3,4,1,2,0,0,1.2,5,12,1.16,6.4,12.5,1.18,5.5,14,1.22,4.8,9.5,1.17,5.5,12,1.2,5.75,13,1.2,5,11,1.2,5.5,12,1.18,5,13,60,1.23,1.19,6.55,5.34,18,13.07,35,1.74,1.62,2.3,2.13,23,-1.75,2.09,2.04,1.88,1.84
I1,10/09/05,Palermo,Inter,3,2,H,1,0,H,G. Paparesta,24,15,13,6,15,14,9,6,2,1,0,0,3.5,3,2,3.65,3.05,2,3.8,3,2,3.4,2.9,2,3.75,3,1.91,4,3,2,3.6,2.87,2,3.75,3,2,3.5,3.2,1.9,60,4.6,3.76,3.3,3.03,2.1,1.95,35,2.2,1.99,1.8,1.71,24,0.5,1.9,1.84,2.07,2.01
I1,11/09/05,Cagliari,Lazio,1,1,D,1,1,D,P. Bertini,9,6,3,3,12,16,6,6,2,2,1,0,2.25,3,3,2.15,2.9,3.45,2.2,3,3.2,2.2,2.8,3.1,2.25,2.88,3,2.25,3,3.3,2.3,3,2.8,2.2,3,3.2,2.2,2.9,3.1,55,2.38,2.22,3.05,2.91,3.85,3.24,33,2.25,2.01,1.75,1.69,20,-0.25,2.03,1.97,1.93,1.89
I1,11/09/05,Chievo,Parma,1,0,H,1,0,H,O. Girardi,12,5,8,2,16,15,9,2,1,1,0,0,2.2,2.87,3.2,2.25,2.75,3.45,2.2,2.8,3.45,2.1,2.8,3.4,2.25,2.88,3,2.3,2.88,3.2,2.15,2.8,3.3,2.25,2.88,3.25,2.2,2.9,3.1,56,2.35,2.22,3,2.85,3.8,3.3,31,2.5,2.17,1.67,1.59,20,-0.25,1.98,1.93,1.95,1.93
I1,11/09/05,Empoli,Juventus,0,4,A,0,3,A,A. Dattilo,9,13,1,8,16,23,3,6,1,0,0,0,5.5,3.75,1.5,6.75,3.75,1.45,7,3.75,1.45,5.2,3.3,1.55,7,3.75,1.4,7.5,3.6,1.5,6.5,3.6,1.44,8.5,3.5,1.44,7.5,3.4,1.45,60,9,6.86,4.1,3.6,1.55,1.46,33,2.17,1.99,1.78,1.72,20,1,2.06,1.99,1.9,1.85
I1,11/09/05,Lecce,Ascoli,0,0,D,0,0,D,A. Romeo,9,6,6,4,18,9,9,2,2,3,0,1,1.72,3.2,4.5,1.75,3.1,4.9,1.67,3.15,5.4,1.8,2.9,4.2,1.67,3.25,4.5,1.75,3.1,4.8,1.72,3.2,4.33,1.73,3.1,5,1.7,3,5,55,1.8,1.71,3.35,3.13,6.85,4.99,33,2,1.85,2,1.86,19,-0.75,2,1.95,1.96,1.91
I1,11/09/05,Messina,Fiorentina,2,2,D,0,2,A,P. Rodomonti,8,12,4,7,19,20,7,7,3,3,0,0,2.5,2.87,2.75,2.7,2.8,2.7,2.65,2.9,2.65,2.4,2.8,2.8,2.5,2.88,2.62,2.62,2.88,2.7,2.6,2.8,2.6,2.5,2.88,2.8,2.5,2.8,2.8,57,2.85,2.58,3,2.85,3,2.72,32,2.1,2,1.8,1.69,20,0,1.96,1.89,2,1.93
I1,11/09/05,Roma,Udinese,0,1,A,0,1,A,D. Messina,13,10,4,5,15,20,7,4,0,4,0,0,1.83,3,4.33,1.77,3.2,4.5,1.8,3.2,4.25,1.75,3,4.4,1.8,3.2,4,1.83,3.1,4.33,1.83,3,4,1.83,3.1,4.33,1.8,3,4.35,59,1.92,1.82,3.35,3.1,5.1,4.22,33,1.96,1.8,2.15,1.91,20,-0.5,1.91,1.86,2.05,1.99
I1,11/09/05,Sampdoria,Reggina,3,2,H,1,1,D,L. Palanca,16,11,7,7,22,24,5,5,1,3,0,1,1.53,3.5,5.5,1.5,3.6,6.5,1.45,3.6,7.5,1.55,3.3,5.2,1.5,3.25,6.5,1.5,3.5,7,1.5,3.4,6,1.5,3.6,6.5,1.55,3.2,6,57,1.55,1.49,4,3.49,8.5,6.84,33,2.16,2.01,1.8,1.71,21,-1,2,1.95,1.95,1.87
I1,11/09/05,Treviso,Livorno,0,1,A,0,0,D,M. Saccani,4,7,2,4,14,19,3,6,3,2,0,0,2.5,2.87,2.75,2.5,2.8,2.9,2.55,2.85,2.8,2.4,2.8,2.8,2.5,2.88,2.62,2.5,2.88,2.88,2.5,2.8,2.75,2.5,2.75,2.8,2.5,2.9,2.7,53,2.7,2.49,3,2.85,3.25,2.85,32,2.25,2.04,1.71,1.66,20,0,1.85,1.81,2.12,2.03
I1,17/09/05,Inter,Lecce,3,0,H,2,0,H,T. Pieri,12,7,8,5,16,19,5,3,1,1,0,0,1.22,5.5,13,1.2,5.2,14,1.2,5.2,13,1.22,4.8,9.5,1.2,5,11,1.222,5.5,12,1.22,5,9.5,1.22,5,13,1.2,5,12,60,1.25,1.21,6.4,5.23,16,11.51,36,1.7,1.61,2.32,2.17,22,-1.5,1.88,1.81,2.09,2.02
I1,17/09/05,Parma,Empoli,1,0,H,1,0,H,M. Bergonzi,27,16,12,3,22,19,10,7,1,0,0,0,1.8,3.1,5,1.75,3.15,4.7,1.75,3.1,4.75,1.85,2.8,4.2,1.67,3.2,5,1.8,3.2,4.333,1.7,3,5,1.8,3.2,4.33,1.7,3.1,5,60,1.85,1.74,3.4,3.12,5.7,4.66,37,2.28,2.13,1.75,1.62,22,-0.5,1.83,1.8,2.15,2.06
I1,18/09/05,Cagliari,Messina,1,1,D,1,1,D,A. Giannoccaro,16,8,8,5,20,25,8,4,1,4,0,0,2.1,2.9,3.8,2.25,2.85,3.25,2.15,2.9,3.4,2.1,2.8,3.3,2.1,2.8,3.5,2.2,2.875,3.4,2,2.87,3.6,2.1,2.88,3.6,2,3,3.6,54,2.25,2.12,3,2.88,4.2,3.52,36,2.1,1.99,1.8,1.71,20,-0.25,1.86,1.83,2.09,2.04
I1,18/09/05,Fiorentina,Udinese,4,2,H,2,1,H,P. Dondarini,11,14,6,9,24,21,4,3,0,3,0,0,2.2,3,3.4,2.25,2.9,3.25,2.2,2.9,3.3,2.2,2.7,3.3,2.25,3,2.88,2.3,2.875,3.2,2.2,2.8,3.2,2.25,2.88,3.2,2.2,2.9,3.2,55,2.3,2.21,3.2,2.88,3.95,3.28,36,2.1,1.94,1.85,1.74,20,-0.25,1.96,1.93,1.97,1.93
I1,18/09/05,Juventus,Ascoli,2,1,H,2,1,H,P. Tagliavento,17,12,7,5,18,16,8,6,2,2,0,0,1.16,6.5,15,1.11,7.15,17,1.13,6.5,17,1.17,5.5,11,1.14,6,13,1.142,6,17,1.14,6,12,1.15,6.5,13,1.14,6,15,57,1.17,1.14,7.5,6.14,23,15.35,36,1.7,1.63,2.25,2.09,20,-2,2.15,2.1,1.79,1.74
I1,18/09/05,Lazio,Treviso,3,1,H,2,1,H,P. Mazzoleni,13,5,6,1,23,23,7,1,0,0,0,1,1.61,3.4,6,1.65,3.15,5.75,1.57,3.25,6.5,1.6,3.3,4.8,1.44,3.4,7,1.571,3.4,6,1.53,3.25,6,1.57,3.4,6,1.5,3.5,6.5,54,1.65,1.57,3.6,3.3,7.5,6.14,36,2.1,1.95,1.85,1.74,19,-0.75,1.83,1.77,2.18,2.1
I1,18/09/05,Livorno,Roma,0,0,D,0,0,D,M. Trefoloni,6,8,4,5,17,13,5,3,2,2,0,0,3.4,3,2.2,3.1,3.1,2.2,3.2,3.1,2.15,2.8,2.9,2.3,3.1,2.8,2.25,3.4,3,2.2,3,3,2.2,3.2,3,2.2,3,2.9,2.3,55,3.88,3.16,3.2,3,2.35,2.21,35,2.08,1.89,1.9,1.79,21,0.25,2.14,2.05,1.9,1.82
I1,18/09/05,Reggina,Chievo,1,3,A,1,1,D,S. Racalbuto,16,8,8,5,11,12,5,3,3,2,0,1,2.37,2.87,3.25,2.3,2.85,3.15,2.3,2.8,3.25,2.3,2.7,3,2.38,3,2.75,2.3,2.8,3.25,2.2,2.87,3.1,2.3,2.75,3.3,2.25,2.8,3.1,54,2.45,2.3,3,2.82,3.55,3.18,36,2.25,2.08,1.7,1.63,19,-0.25,2.11,2.06,1.87,1.81
I1,18/09/05,Sampdoria,Milan,2,1,H,1,1,D,P. Bertini,7,12,4,5,20,16,4,7,3,1,0,0,4.5,3.2,1.83,4.2,3.15,1.83,4.4,3.1,1.8,4.2,2.8,1.85,4,3.2,1.8,4.333,3.1,1.909,4,3,1.83,3.9,3.1,1.91,4,3,1.9,58,4.7,4.2,3.3,3.08,1.95,1.84,36,2.2,1.97,1.8,1.71,21,0.5,2,1.94,1.97,1.9
I1,18/09/05,Siena,Palermo,1,2,A,1,1,D,G. Rocchi,10,14,3,10,13,15,4,6,3,2,0,0,2.6,2.87,2.6,2.75,2.85,2.6,2.75,2.9,2.55,2.7,2.7,2.6,2.62,2.88,2.5,2.7,2.875,2.6,2.6,2.8,2.6,2.7,2.88,2.62,2.65,2.8,2.65,54,2.9,2.72,3,2.85,2.75,2.59,36,2.15,2.01,1.76,1.68,19,0,2.01,1.94,1.95,1.88
I1,21/09/05,Ascoli,Siena,1,1,D,0,1,A,N. Stefanini,7,8,2,4,28,19,3,3,1,2,0,0,2.3,2.9,3.25,2.45,2.9,2.9,2.4,2.85,3,2.4,2.7,2.9,2.25,2.88,3,2.38,2.8,3.1,2.3,2.9,2.9,2.38,2.88,3,2.35,2.9,2.9,64,2.5,2.37,3,2.86,3.3,3.01,39,2.2,2.05,1.75,1.66,20,0,1.78,1.74,2.26,2.13
I1,21/09/05,Chievo,Inter,0,1,A,0,0,D,E. Morganti,6,17,2,10,22,18,1,7,2,2,0,0,5.5,3.1,1.72,4.9,3.25,1.7,5,3.2,1.7,4.2,3.1,1.75,4.33,3,1.8,4.75,3.3,1.7,4.8,3,1.72,4.5,3.1,1.8,4.5,3.25,1.7,66,6,4.89,3.35,3.16,1.8,1.71,39,2.1,1.86,1.95,1.85,18,0.75,1.86,1.83,2.12,2.05
I1,21/09/05,Empoli,Cagliari,3,1,H,0,1,A,N. Rizzoli,8,9,4,5,22,16,8,5,3,2,0,0,2.3,2.9,3.3,2.35,2.9,3,2.3,2.9,3.1,2.3,2.7,3,2.25,2.88,3,2.4,2.88,3,2.3,2.9,2.9,2.38,2.88,3,2.35,2.9,2.9,63,2.45,2.32,3,2.87,3.65,3.09,39,2.12,2.02,1.75,1.68,20,-0.25,2.11,2.07,1.87,1.81
I1,21/09/05,Lecce,Fiorentina,1,3,A,1,0,H,M. De Santis,10,14,4,9,18,16,2,6,3,1,1,0,3.75,3,2.1,3.75,3,2,3.3,3,2.15,2.8,2.8,2.4,3.4,3,2,3.4,3,2.1,3.2,3,2.1,4,3.1,1.91,3,2.9,2.25,63,4,3.41,3.3,3,2.3,2.09,40,1.92,1.8,2.02,1.91,20,0.25,2.01,1.98,1.95,1.9
I1,21/09/05,Messina,Livorno,0,0,D,0,0,D,R. Rosetti,10,5,7,3,16,13,7,1,1,0,0,0,2.2,2.87,3.6,2.2,2.8,3.45,2.15,2.9,3.4,2.2,2.7,3.2,2.1,3,3.2,2.25,2.88,3.2,2.1,3,3.2,2.2,2.88,3.4,2.2,2.9,3.1,63,2.3,2.16,3.1,2.89,4.15,3.41,39,2.22,2.02,1.81,1.71,19,-0.25,1.92,1.88,2.05,2
I1,21/09/05,Milan,Lazio,2,0,H,2,0,H,D. Messina,12,8,7,3,17,14,5,2,0,1,0,0,1.4,4,9,1.3,4.65,8.5,1.36,4,8.5,1.4,3.7,6.5,1.4,3.5,8,1.4,4,8.5,1.36,3.75,8,1.33,4.33,8.5,1.4,3.75,7,65,1.45,1.36,4.65,3.98,11,8.37,39,1.9,1.77,2.07,1.93,20,-1.25,2,1.96,1.98,1.91
I1,21/09/05,Palermo,Reggina,1,0,H,0,0,D,P. Rodomonti,16,8,10,3,17,19,10,5,2,4,0,0,1.44,3.8,7,1.4,3.75,8.25,1.45,3.6,7.25,1.4,3.7,6.5,1.4,3.5,8,1.5,3.6,6.5,1.44,3.5,7,1.44,3.6,8,1.45,3.6,6.5,64,1.53,1.43,4.1,3.62,10,7.58,39,1.95,1.82,2.04,1.89,18,-1,1.83,1.78,2.15,2.09
I1,21/09/05,Roma,Parma,4,1,H,3,1,H,D. Tombolini,18,8,12,2,17,14,7,6,2,3,0,0,1.57,3.6,6,1.55,3.4,6.25,1.55,3.4,6,1.6,3.3,4.8,1.57,3.25,5.5,1.57,3.4,6,1.53,3.5,5.5,1.57,3.2,6.5,1.55,3.3,5.5,65,1.62,1.54,3.75,3.42,7.5,5.99,40,1.99,1.85,2,1.85,19,-1,2.15,2.07,1.85,1.79
I1,21/09/05,Treviso,Sampdoria,0,2,A,0,1,A,L. Banti,11,9,4,6,15,12,3,5,3,0,0,0,3.75,3,2,3.9,3,1.97,3.5,3,2.05,3.1,2.8,2.2,3.4,3,2,3.4,3,2.1,3.4,3,2,3.6,2.88,2.1,3.25,3,2.1,62,4.3,3.61,3.2,3,2.2,2.02,39,2.2,2.02,1.78,1.68,19,0.5,1.87,1.82,2.1,2.05
I1,21/09/05,Udinese,Juventus,0,1,A,0,1,A,N. Ayroldi,6,7,3,3,24,18,3,1,3,1,0,0,4,3,2,3.75,3.1,1.95,3.75,3.1,1.95,3.6,3,1.9,3.6,2.88,2,3.75,3.1,2.05,4,2.87,1.9,3.75,3,2,3.6,2.9,2,66,4.25,3.74,3.2,3,2.05,1.97,40,2.2,2.02,1.78,1.68,20,0.5,1.87,1.83,2.13,2.04
I1,24/09/05,Parma,Juventus,1,2,A,1,1,D,T. Pieri,5,8,3,6,27,27,2,5,3,3,0,0,6,3.4,1.61,6,3.25,1.6,5.65,3.3,1.6,4.4,3.1,1.7,5,3.2,1.67,6,3.4,1.62,5.5,3.3,1.57,6.5,3.25,1.57,5,3.5,1.6,63,7,5.69,3.55,3.27,1.7,1.6,40,2.17,2.05,1.78,1.68,21,0.75,2,1.97,1.97,1.9
I1,24/09/05,Reggina,Udinese,2,0,H,1,0,H,M. Gabriele,6,7,4,3,20,26,4,7,4,3,0,1,3.5,3,2.2,3.5,3.1,2.05,3.3,3,2.15,2.9,2.8,2.3,3,3.2,2.1,3.1,3.1,2.2,3,3,2.2,3.4,3,2.1,3.2,2.9,2.25,60,3.75,3.32,3.15,2.99,2.3,2.15,40,2.27,2.04,1.75,1.68,22,0.25,1.98,1.95,1.95,1.92
I1,25/09/05,Cagliari,Roma,0,0,D,0,0,D,A. Dattilo,8,12,3,5,12,17,2,3,2,2,0,0,3.75,3.2,2,3.8,3.25,1.9,3.5,3.1,2,3.2,2.9,2.1,3.4,3,2,3.6,3.1,2,3.2,2.9,2.15,3.4,3,2.1,3.4,3,2.1,64,4,3.45,3.35,3.06,2.2,2.05,42,2.01,1.86,2.1,1.85,22,0.25,2.02,1.98,1.94,1.88
I1,25/09/05,Empoli,Lecce,1,0,H,0,0,D,O. Pantana,5,12,2,2,21,24,3,5,1,4,0,0,2,3.2,3.75,1.95,3.05,3.85,2,3.1,3.5,2,2.9,3.4,1.91,3.2,3.5,2,3.1,3.6,2.15,2.9,3.2,2,3,3.75,2,3.1,3.5,61,2.2,2.01,3.2,3.02,4.5,3.64,42,2.02,1.9,1.92,1.81,22,-0.5,2.19,2.12,1.83,1.75
I1,25/09/05,Inter,Fiorentina,1,0,H,1,0,H,S. Farina,17,4,7,2,26,20,6,3,2,3,0,0,1.61,3.4,6,1.7,3.2,5,1.57,3.4,5.75,1.65,3.2,4.6,1.62,3.25,5,1.57,3.6,6,1.5,3.4,6,1.62,3.2,6,1.5,3.6,6.5,62,1.7,1.57,3.75,3.37,6.55,5.78,43,1.85,1.74,2.18,1.99,19,-0.75,1.95,1.9,2.01,1.97
I1,25/09/05,Lazio,Palermo,4,2,H,0,1,A,M. Saccani,8,10,5,4,23,21,8,7,2,3,0,0,2.6,2.9,2.9,2.7,2.8,2.7,2.35,2.9,3,2.4,2.8,2.8,2.25,3,2.88,2.38,3,2.88,2.2,3,3,2.38,2.88,3,2.25,2.9,3.2,63,2.75,2.4,3.1,2.89,3.25,2.9,42,2.1,1.98,1.85,1.73,21,0,1.84,1.77,2.15,2.08
I1,25/09/05,Livorno,Ascoli,2,0,H,0,0,D,C. Brighi,9,5,2,2,10,15,4,3,0,2,0,1,1.72,3.1,5.5,1.67,3.1,5.6,1.65,3.15,5.5,1.75,3,4.4,1.57,3.25,5.5,1.7,3.2,5,1.66,3.3,4.5,1.62,3.2,6,1.7,3.2,5,61,1.75,1.67,3.51,3.15,6.7,5.4,42,2.3,2.11,1.7,1.64,20,-0.75,2,1.94,1.96,1.93
I1,25/09/05,Sampdoria,Chievo,1,2,A,0,1,A,S. Cassara',8,10,5,6,18,26,6,7,2,4,0,0,1.66,3.2,6,1.67,3.1,5.6,1.6,3.3,5.65,1.6,3.2,5,1.57,3.25,5.5,1.62,3.3,5.5,1.57,3.3,5.5,1.62,3.2,6,1.55,3.25,6,62,1.7,1.62,3.47,3.23,6.6,5.66,42,2.2,2.01,1.78,1.7,20,-0.75,2.07,2,1.93,1.88
I1,25/09/05,Siena,Messina,4,2,H,3,1,H,A. De Marco,12,6,5,3,17,16,6,2,1,2,0,0,2.2,3,3.4,2.2,2.8,3.5,2.15,2.95,3.35,2.2,2.7,3.2,2.1,3,3.2,2.25,2.88,3.25,2.05,3,3.3,2.2,3,3.2,2.2,2.9,3.25,62,2.3,2.15,3,2.89,4,3.42,41,2.25,2.06,1.75,1.67,22,-0.25,1.87,1.84,2.11,2.03
I1,25/09/05,Treviso,Milan,0,2,A,0,1,A,L. Palanca,6,12,2,6,22,13,4,2,3,0,0,0,9,4.33,1.36,8.75,3.95,1.37,9,3.95,1.35,6.5,3.7,1.4,9,3.75,1.33,10,4.33,1.33,9,3.75,1.33,8.5,4,1.36,9,3.75,1.35,62,13,8.81,4.65,4.03,1.4,1.34,41,2.04,1.87,1.94,1.85,22,1.25,2.17,2.09,1.84,1.78
I1,01/10/05,Chievo,Treviso,0,0,D,0,0,D,M. Mazzoleni,11,7,0,3,24,22,6,4,3,2,0,0,1.53,3.5,7,1.57,3.15,7,1.53,3.4,6.5,1.55,3.4,5,1.5,3.4,6,1.57,3.3,7,1.53,3.5,5.5,1.53,3.3,7,1.5,3.4,7,66,1.65,1.55,3.5,3.33,8,6.53,43,2.25,2.11,1.75,1.64,21,-1,2.11,2.02,1.83,1.77
I1,01/10/05,Udinese,Lazio,3,0,H,0,0,D,R. Rosetti,19,6,10,1,18,25,10,1,2,3,0,0,1.9,3.1,4.33,1.9,3.1,4,1.85,3.1,4.15,2,2.8,3.6,1.91,3.2,3.5,1.91,3.1,4.2,1.9,3,3.75,2,2.88,4,2,3,3.75,69,2.1,1.91,3.2,3.02,4.5,3.98,44,2.15,1.97,1.8,1.75,24,-0.5,2.08,2.01,1.89,1.84
I1,02/10/05,Ascoli,Parma,3,1,H,2,1,H,D. Preschern,10,10,6,4,23,22,5,5,3,5,0,1,2.5,2.87,3,2.5,2.8,2.9,2.45,2.85,2.9,2.4,2.7,2.9,2.4,2.88,2.8,2.6,2.8,2.8,2.5,2.8,2.75,2.5,2.88,2.8,,,,65,2.7,2.49,3.15,2.86,3,2.82,42,2.38,2.17,1.68,1.6,21,0,1.91,1.84,2.05,1.99
I1,02/10/05,Fiorentina,Livorno,3,2,H,2,0,H,N. Ayroldi,11,9,5,5,19,21,2,7,2,2,0,1,1.66,3.4,5.5,1.67,3.2,5.4,1.65,3.25,5.25,1.65,3,5,1.67,3.2,5,1.7,3.3,4.75,1.61,3.1,5.5,1.67,3.3,5,1.65,3.1,5.5,67,1.7,1.65,3.39,3.19,6.2,5.29,42,2.12,1.93,1.86,1.78,20,-0.75,1.98,1.95,1.97,1.92
I1,02/10/05,Juventus,Inter,2,0,H,2,0,H,G. Paparesta,8,11,5,6,29,22,1,9,2,3,0,0,2.2,2.87,3.6,2.1,2.9,3.6,2.15,2.85,3.5,2.2,2.8,3.4,1.91,3,3.75,2,3,4,2.1,2.87,3.3,2.1,2.8,3.75,2.1,2.9,3.6,68,2.3,2.09,3,2.87,4,3.53,41,2.28,2.06,1.75,1.67,23,-0.25,1.98,1.92,1.98,1.94
I1,02/10/05,Lecce,Cagliari,3,0,H,2,0,H,O. Girardi,11,17,8,7,24,16,4,8,0,3,0,0,2.1,3,3.75,2.2,2.85,3.4,2.15,2.9,3.4,2.2,2.9,3,2.25,2.88,3,2.2,2.88,3.4,2.15,2.87,3.25,2.2,2.88,4,2.1,2.9,3.5,65,2.25,2.14,3.05,2.9,4,3.42,42,2.1,1.97,1.86,1.75,21,-0.25,1.86,1.83,2.12,2.04
I1,02/10/05,Messina,Sampdoria,1,4,A,0,1,A,M. De Santis,18,12,10,7,15,18,5,0,4,3,0,0,2.75,2.87,2.75,2.9,2.8,2.5,2.8,2.85,2.55,2.6,2.8,2.6,2.62,2.88,2.5,2.8,2.8,2.6,2.75,2.8,2.5,2.5,2.8,2.88,2.65,2.9,2.65,66,2.9,2.68,3,2.82,3,2.63,42,2.26,2.07,1.75,1.67,21,0,1.92,1.86,2.06,1.97
I1,02/10/05,Milan,Reggina,2,1,H,2,0,H,N. Rizzoli,17,8,7,1,13,10,7,1,1,0,0,0,1.2,5.5,17,1.17,6,13,1.17,5.5,15,1.15,6,12,1.14,5.5,15,1.17,6.5,15,1.2,5,11,1.17,5.5,16,1.17,6,13,68,1.22,1.17,7,5.68,18.17,13.77,42,1.81,1.71,2.2,2.02,22,-1.5,1.8,1.76,2.18,2.09
I1,02/10/05,Palermo,Empoli,2,2,D,1,2,A,L. Banti,21,5,10,4,13,11,11,0,0,2,0,0,1.53,3.5,7,1.55,3.2,7,1.5,3.4,7,1.55,3.3,5.2,1.53,3.25,6,1.53,3.5,6,1.5,3.3,6.5,1.53,3.4,6.5,1.55,3.5,5.5,63,1.6,1.51,3.7,3.45,8.5,6.61,42,2.17,2,1.81,1.72,20,-1,2.07,2.02,1.88,1.82
I1,02/10/05,Roma,Siena,2,3,A,0,1,A,E. Morganti,15,5,9,4,19,17,14,5,2,3,0,1,1.53,3.5,7,1.45,3.7,7.15,1.5,3.6,6.25,1.5,3.4,5.6,1.44,3.5,7,1.5,3.6,6.5,1.44,3.5,7,1.53,3.4,6.5,1.5,3.4,7,66,1.55,1.48,3.85,3.55,8.5,6.77,42,1.91,1.79,2.06,1.92,22,-1,1.99,1.94,1.97,1.9
I1,15/10/05,Juventus,Messina,1,0,H,1,0,H,M. Bergonzi,14,8,10,4,24,26,6,1,2,4,0,0,1.16,5.5,13,1.15,6,16,1.18,5.5,14,1.2,5,10,1.14,5.5,15,1.18,6,15,1.16,5.5,12,1.14,6,17,1.15,5.5,15,66,1.23,1.18,6.5,5.5,16,13.23,44,1.83,1.72,2.07,1.99,22,-1.5,2.01,1.96,1.95,1.89
I1,15/10/05,Siena,Udinese,2,3,A,0,2,A,P. Tagliavento,11,13,6,8,16,19,3,6,2,4,0,1,2.75,2.75,2.6,2.7,2.9,2.6,2.6,2.9,2.7,2.5,2.8,2.7,2.38,3,2.75,2.7,3,2.62,2.6,2.8,2.6,2.7,2.8,2.7,2.6,2.9,2.7,64,2.85,2.62,3.1,2.92,2.95,2.66,44,2.07,1.94,1.9,1.78,22,0,1.99,1.9,2,1.92
I1,16/10/05,Ascoli,Sampdoria,2,1,H,1,0,H,M. Saccani,13,13,9,7,17,19,4,9,2,1,0,0,3.2,2.87,2.2,3.45,3,2.1,3.3,3,2.15,3.2,2.7,2.2,3,2.88,2.25,3.4,3,2.1,3.1,2.87,2.2,3.2,2.88,2.25,3.25,2.9,2.2,63,3.65,3.32,3.15,2.96,2.3,2.17,41,2.14,2.03,1.8,1.69,23,0.25,1.99,1.91,1.99,1.95
I1,16/10/05,Cagliari,Milan,0,2,A,0,2,A,D. Messina,10,9,5,4,15,16,6,3,1,1,0,0,5.5,3.5,1.53,6.85,3.5,1.5,6.5,3.3,1.57,5.5,3.3,1.6,6,3.25,1.53,6.5,3.4,1.57,6,3.25,1.53,6.5,3.25,1.57,6,3.3,1.55,65,7.5,6.22,3.5,3.34,1.65,1.55,41,2.15,2.01,1.75,1.7,22,0.75,2.2,2.09,1.83,1.78
I1,16/10/05,Empoli,Roma,1,0,H,0,0,D,T. Pieri,7,8,4,4,12,17,4,11,0,3,1,0,3.2,2.8,2.25,3.2,3.1,2.15,3.3,3,2.15,3.1,2.8,2.2,3,3,2.2,3.2,3,2.2,3.25,2.87,2.15,3.2,2.88,2.25,3.1,3.1,2.2,63,3.9,3.3,3.2,3.01,2.25,2.14,41,2.06,1.89,1.95,1.82,23,0.25,2.13,2.01,1.88,1.85
I1,16/10/05,Inter,Livorno,5,0,H,2,0,H,P. Rodomonti,15,5,11,1,20,16,4,2,1,0,0,1,1.25,5,9,1.22,5.5,10.5,1.25,4.75,11,1.3,4.2,8,1.29,4.33,9,1.25,5,12,1.25,5,8,1.25,4.75,11,1.28,4.5,10,65,1.35,1.26,5.55,4.73,13,10.35,41,1.8,1.71,2.1,1.99,22,-1.5,2.06,2.01,1.88,1.83
I1,16/10/05,Lazio,Fiorentina,1,0,H,0,0,D,N. Rizzoli,10,12,9,4,15,21,8,7,1,3,0,0,2.5,2.87,2.75,2.6,2.9,2.7,2.65,2.9,2.65,2.5,2.9,2.8,2.38,3,2.75,2.6,3,2.6,2.5,2.9,2.62,2.7,2.8,2.7,2.35,3,2.9,65,2.75,2.54,3.2,2.94,3,2.69,41,1.85,1.77,2.1,1.95,23,0,1.94,1.86,2.02,1.97
I1,16/10/05,Palermo,Chievo,2,2,D,1,2,A,G. Rocchi,9,7,6,5,26,20,4,3,3,3,1,0,1.72,3.2,4.5,1.72,3,5.5,1.7,3,5.5,1.65,3.1,4.8,1.73,2.88,5,1.7,3.2,5,1.7,3,5,1.62,3.1,6,1.8,3.1,4.5,62,1.8,1.69,3.25,3.11,6.6,5.3,41,2.06,1.92,1.9,1.79,21,-0.75,2.06,2.01,1.94,1.85
I1,16/10/05,Parma,Treviso,1,1,D,1,0,H,A. Giannoccaro,5,13,2,4,16,37,1,7,3,5,0,0,1.66,3.2,5,1.7,3,5.65,1.65,3.1,5.8,1.7,3.1,4.4,1.67,2.88,5.5,1.67,3,6,1.61,3.1,5.5,1.57,3.25,6.5,1.6,3.25,5.5,61,1.75,1.65,3.4,3.14,7,5.79,41,2.13,2.01,1.8,1.71,21,-0.75,1.98,1.94,1.98,1.92
I1,16/10/05,Reggina,Lecce,2,0,H,1,0,H,M. Trefoloni,12,9,8,4,12,25,4,3,2,4,0,1,2.1,2.8,3.5,2.1,3,3.45,2.1,3,3.4,2.2,2.9,3,2.1,3,3.2,2.1,3,3.4,2.15,2.87,3.25,2.2,3,3.2,2.2,2.9,3.25,61,2.25,2.16,3.2,2.97,3.8,3.35,41,2.05,1.95,1.88,1.77,23,-0.25,1.98,1.95,1.95,1.91
I1,22/10/05,Fiorentina,Parma,4,1,H,3,0,H,E. Morganti,11,9,6,4,12,17,6,5,1,2,0,0,1.5,3.6,7.5,1.45,3.9,6.5,1.5,3.75,6,1.45,3.5,6,1.44,3.6,6.5,1.53,3.6,6.5,1.5,3.3,6.5,1.5,3.6,6.5,1.53,3.5,6,68,1.91,1.51,4.1,3.56,7.5,6.29,44,2.04,1.84,2.05,1.87,25,-1,2.13,2.01,1.9,1.8
I1,22/10/05,Messina,Ascoli,1,1,D,1,0,H,L. Banti,10,6,3,2,16,12,3,4,3,1,1,1,1.9,3,4.5,1.9,3.15,3.95,1.9,3.1,4,1.9,2.8,4,2,3,3.4,1.91,3.1,4,1.9,3,3.75,2,3,3.75,1.9,3.1,4,68,2.05,1.92,3.2,3.04,4.8,3.99,41,2.22,2.04,1.75,1.68,26,-0.5,1.96,1.91,2.05,1.92
I1,23/10/05,Chievo,Cagliari,2,1,H,0,0,D,P. Mazzoleni,12,5,5,2,24,29,10,1,1,3,0,0,1.8,3.1,5,1.7,3.25,4.9,1.7,3.2,4.9,1.7,3,4.6,1.73,2.88,5,1.73,3.2,4.75,1.7,3,5,1.73,3.1,5,1.75,3,5,66,1.82,1.72,3.35,3.15,6,4.96,42,2.15,2.01,1.85,1.7,25,-0.5,1.87,1.79,2.15,2.06
I1,23/10/05,Lecce,Juventus,0,3,A,0,1,A,S. Racalbuto,5,17,2,9,30,27,9,5,1,0,0,0,7,3.75,1.5,7,3.6,1.47,7.25,3.5,1.47,6,3.6,1.5,7,3.75,1.4,7,3.4,1.5,6,3.4,1.5,6.5,3.6,1.5,7,3.75,1.45,70,8,6.84,3.9,3.54,1.55,1.47,42,2.04,1.87,1.92,1.84,26,1,1.98,1.89,2.06,1.94
I1,23/10/05,Livorno,Reggina,1,0,H,0,0,D,P. Bertini,15,7,6,1,21,20,10,7,2,2,1,1,1.9,3.1,4.33,1.83,3,4.55,1.8,3.1,4.5,1.8,2.9,4.2,1.73,3.2,4.33,1.8,3.1,4.5,1.8,3,4.2,1.91,2.88,4.33,1.85,3,4.35,65,1.95,1.84,3.25,3.05,5,4.34,41,2.23,2.02,1.75,1.69,23,-0.5,2.01,1.92,1.98,1.92
I1,23/10/05,Milan,Palermo,2,1,H,1,1,D,S. Farina,16,8,11,4,19,18,6,6,1,3,0,0,1.4,4,9,1.35,4.2,8.25,1.33,4.3,8.5,1.4,3.8,7,1.3,4,9,1.36,4.2,9,1.33,4,8,1.3,4.33,10,1.35,4,8,71,1.56,1.36,4.4,4.04,9.8,8.2,43,1.98,1.85,2,1.86,24,-1,2.05,1.97,1.98,1.89
I1,23/10/05,Roma,Lazio,1,1,D,1,0,H,G. Paparesta,14,6,4,2,28,21,3,3,3,2,0,0,2.4,2.87,3.2,2.45,2.9,2.9,2.35,2.85,3.05,2.4,2.8,3,2.4,2.8,2.88,2.5,3,2.88,2.4,2.8,2.87,2.3,2.8,3.25,2.35,3,2.9,70,2.55,2.35,3.05,2.9,3.45,2.97,43,2.15,1.96,1.87,1.75,25,-0.25,1.98,1.92,2.02,1.94
I1,23/10/05,Sampdoria,Siena,3,3,D,1,0,H,O. Girardi,11,15,8,8,20,23,5,2,2,5,1,0,1.66,3.4,5.5,1.65,3.25,5.35,1.65,3.2,5.25,1.65,3.1,4.8,1.62,3.25,5,1.7,3.2,5,1.57,3.3,5.5,1.62,3.25,5.5,1.7,3.1,5,66,1.75,1.67,3.4,3.22,6.15,5.19,43,2,1.85,2,1.86,24,-0.75,2.08,2.04,1.9,1.83
I1,23/10/05,Treviso,Empoli,1,2,A,0,1,A,F. Squillace,17,10,6,4,19,17,10,3,1,2,0,0,2.37,2.75,3.4,2.2,2.95,3.3,2.2,3,3.2,2.5,2.8,2.7,2.25,2.88,3,2.25,2.88,3.2,2.3,2.9,2.9,2.3,2.8,3.25,2.3,2.9,3.1,63,2.5,2.3,3.15,2.92,3.45,3.1,43,2.38,2.17,1.7,1.59,26,-0.25,2.07,2.04,1.92,1.83
I1,23/10/05,Udinese,Inter,0,1,A,0,1,A,D. Tombolini,9,17,4,10,20,20,1,8,2,3,0,0,3.75,3,2.1,3.7,3.1,1.97,3.6,3.1,2,3.3,2.9,2.2,3.4,3,2,3.6,3.1,2.1,3.5,2.87,2.05,3.2,2.88,2.25,3.2,3.2,2.1,70,4,3.36,3.25,3.01,2.3,2.11,43,2.13,1.96,1.85,1.75,24,0.25,1.96,1.9,2,1.96
I1,26/10/05,Ascoli,Udinese,1,1,D,1,0,H,A. De Marco,7,8,4,4,17,19,3,9,1,0,0,0,3.4,3,2.2,3.3,2.85,2.25,3.2,3,2.2,3.1,2.8,2.2,3,2.88,2.25,3.3,3.1,2.1,3.2,3.1,2.05,3.2,3,2.2,3.25,3,2.1,65,4,3.38,3.2,3,2.25,2.11,40,2.23,2.02,1.75,1.68,24,0.25,2.16,2.08,1.85,1.79
I1,26/10/05,Cagliari,Livorno,1,1,D,0,0,D,L. Palanca,14,5,5,3,16,25,8,2,2,3,0,0,2.37,2.75,3.4,2.3,2.9,3.15,2.3,2.95,3.05,2.4,2.8,2.8,2.38,3,2.75,2.3,3,3,2.3,2.9,2.9,2.25,2.88,3.25,2.25,2.9,3.1,66,2.4,2.27,3.15,2.92,3.75,3.13,41,2.29,2.07,1.72,1.65,23,-0.25,2,1.94,2.02,1.91
I1,26/10/05,Empoli,Milan,1,3,A,1,1,D,M. Trefoloni,8,16,4,8,13,13,5,10,0,1,0,0,6.5,3.5,1.57,6.75,3.4,1.52,6.45,3.3,1.55,5,3.2,1.6,6.5,3.25,1.5,6.5,3.25,1.57,6,3.25,1.53,6.5,3.25,1.57,6.5,3.4,1.53,70,7.6,6.25,3.65,3.34,1.63,1.54,40,2.21,2,1.8,1.72,23,1,1.83,1.79,2.17,2.08
I1,26/10/05,Inter,Roma,2,3,A,0,2,A,R. Rosetti,15,9,9,5,16,20,9,2,2,3,1,1,1.61,3.4,6,1.55,3.45,6.15,1.55,3.45,5.85,1.65,3.1,4.8,1.57,3.25,5.5,1.6,3.5,6,1.57,3.5,5,1.57,3.4,6,1.55,3.4,5.5,70,1.7,1.58,3.55,3.35,6.8,5.7,41,2.13,1.94,1.9,1.77,22,-0.75,1.98,1.93,2.01,1.94
I1,26/10/05,Juventus,Sampdoria,2,0,H,1,0,H,A. Dattilo,14,12,9,4,24,25,3,7,0,2,0,0,1.4,4,9,1.35,4.1,9,1.37,3.85,8.5,1.4,3.7,6.5,1.36,3.75,8,1.36,4,8.5,1.36,3.75,8,1.44,3.75,7,1.35,4,8.5,70,1.48,1.38,4.33,3.8,9.8,8.19,40,2.13,1.95,1.85,1.77,23,-1.25,2.17,2.1,1.83,1.77
I1,26/10/05,Lazio,Chievo,2,2,D,1,0,H,N. Ayroldi,,,,,,,,,1,3,0,0,2,3,4,2,3.1,3.65,1.9,3.1,3.9,1.85,2.9,4,1.83,3,4,1.83,3.2,4.2,1.8,3.1,4,2,2.88,4,1.8,3.1,4.35,68,2.1,1.89,3.25,3.08,4.65,3.96,41,2.16,1.96,1.87,1.76,23,-0.5,2.16,2.03,1.93,1.81
I1,26/10/05,Palermo,Lecce,3,0,H,1,0,H,C. Brighi,10,12,4,5,13,16,2,7,3,3,1,0,1.57,3.5,6.5,1.5,3.5,6.9,1.53,3.4,6.35,1.5,3.4,5.6,1.57,3.25,5.5,1.53,3.4,6.5,1.5,3.4,6,1.5,3.4,7,1.53,3.4,6.5,66,1.6,1.52,3.75,3.41,7.5,6.36,41,1.91,1.8,2.04,1.92,23,-1,2.05,2,1.92,1.84
I1,26/10/05,Parma,Messina,1,1,D,1,0,H,D. Messina,11,14,5,8,15,22,4,3,1,4,0,0,2,3,4,1.95,3.1,3.8,1.85,3.1,4.15,1.9,2.9,3.8,1.83,3.2,3.75,1.91,3.1,4,1.83,3,4,1.91,2.88,4.33,1.85,3,4.35,67,2,1.89,3.2,3.05,4.75,4.04,41,2.25,2.09,1.81,1.65,24,-0.5,2.02,1.97,2,1.87
I1,26/10/05,Reggina,Treviso,1,2,A,0,1,A,O. Pantana,10,5,5,3,14,20,8,3,1,3,0,0,1.72,3.3,5,1.75,3.1,4.9,1.7,3.2,4.85,1.75,3,4.4,1.73,3.2,4.33,1.75,3.2,4.6,1.72,3.1,4.5,1.73,3.1,5,1.75,3.2,4.5,66,1.87,1.76,3.3,3.12,5.65,4.64,41,2.33,2.1,1.75,1.63,23,-0.5,1.93,1.85,2.05,2
I1,26/10/05,Siena,Fiorentina,0,2,A,0,1,A,M. De Santis,13,8,7,4,12,21,8,2,5,1,0,0,3,3,2.4,2.8,3,2.45,2.8,3.1,2.35,2.8,2.8,2.4,2.75,3,2.38,2.88,3,2.4,2.7,3,2.37,2.88,3,2.4,2.75,2.9,2.5,69,3.2,2.83,3.25,2.99,2.55,2.39,41,1.83,1.73,2.16,1.99,25,0,2.14,2.08,1.82,1.78
I1,29/10/05,Milan,Juventus,3,1,H,3,0,H,P. Bertini,7,4,4,3,26,26,6,2,2,3,0,0,2.37,2.75,3,2.45,2.9,2.9,2.4,2.85,3,2.2,2.9,3.3,2.38,2.8,2.88,2.5,2.88,3,2.3,2.9,2.9,2.3,2.88,3.1,2.35,2.9,3,72,2.6,2.37,3,2.84,3.4,3.02,43,2.45,2.12,1.68,1.62,25,0,1.8,1.71,2.28,2.15
I1,29/10/05,Sampdoria,Inter,2,2,D,2,2,D,S. Farina,11,12,8,7,13,20,4,8,1,2,0,0,3,3,2.25,3.4,3.05,2.1,3.2,3,2.2,3.3,2.9,2.2,3.2,3.2,2,3.2,3.1,2.25,2.87,3,2.25,3.1,2.88,2.3,3.25,3.1,2.1,74,3.55,3.16,3.2,3.02,2.4,2.19,44,2.1,1.94,1.85,1.77,25,0.25,1.86,1.83,2.08,2.04
I1,30/10/05,Chievo,Empoli,2,2,D,1,1,D,N. Stefanini,14,7,6,4,13,21,6,2,2,1,0,0,1.83,3,4.33,1.85,3,4.45,1.83,3,4.5,1.85,2.8,4.2,1.91,3,3.75,1.85,3.1,4.2,1.8,3.1,4,1.83,3,4.5,1.9,2.9,4.35,67,1.92,1.82,3.2,3.03,5.15,4.45,44,2.23,2.06,1.75,1.66,23,-0.5,1.94,1.86,2.05,1.99
I1,30/10/05,Fiorentina,Cagliari,2,1,H,0,1,A,M. Gabriele,7,11,4,6,22,14,4,5,3,3,0,2,1.36,4,7.5,1.36,4,8.75,1.38,3.85,8.5,1.45,3.6,5.8,1.4,3.75,7,1.36,4.1,9.5,1.36,3.75,8,1.36,4,8.5,1.4,3.75,8,70,1.45,1.36,4.75,3.97,10,8.36,44,1.77,1.68,2.2,2.04,24,-1.25,2.12,2.03,1.86,1.84
I1,30/10/05,Lecce,Messina,0,2,A,0,0,D,M. Mazzoleni,14,10,6,5,22,25,5,3,2,4,0,0,2,3,3.5,2.15,2.9,3.45,2.1,2.95,3.5,2.1,2.9,3.2,2,3,3.4,2.1,3,3.4,2.05,2.9,3.4,2.2,2.88,3.3,2.1,3,3.4,68,2.15,2.08,3.15,2.96,4.25,3.52,44,2.2,2.03,1.8,1.7,24,-0.25,1.85,1.82,2.11,2.04
I1,30/10/05,Livorno,Parma,2,0,H,2,0,H,M. Saccani,7,8,3,5,15,13,3,5,1,1,0,0,1.72,3.25,4.33,1.77,3.1,4.75,1.8,3.15,4.33,1.7,3.1,4.4,1.67,3.25,4.5,1.8,3.2,4.33,1.7,3.2,4.5,1.73,3.1,5,1.8,3,4.5,68,1.91,1.81,3.25,3.11,5,4.35,44,2.15,2.02,1.83,1.7,23,-0.5,2.04,1.94,1.95,1.9
I1,30/10/05,Reggina,Lazio,1,0,H,0,0,D,G. Rocchi,12,5,5,2,23,20,3,4,2,4,0,0,2.6,2.87,2.6,2.55,2.9,2.75,2.65,2.9,2.65,2.6,2.8,2.6,2.75,3,2.38,2.7,2.9,2.6,2.75,2.9,2.4,2.62,2.8,2.75,2.65,2.9,2.65,69,2.8,2.6,3.1,2.91,3,2.65,44,2.24,2.02,1.75,1.69,24,0,1.91,1.83,2.15,2.02
I1,30/10/05,Roma,Ascoli,2,1,H,1,0,H,N. Rizzoli,13,9,8,5,19,15,9,2,1,3,1,0,1.44,3.75,6.5,1.45,3.65,7.5,1.45,3.65,7.25,1.55,3.4,6,1.44,3.6,6.5,1.5,3.6,6.5,1.44,3.6,6.5,1.5,3.4,7,1.5,3.5,6.5,70,1.55,1.46,4.2,3.63,9.5,6.87,44,1.95,1.82,2.1,1.9,23,-1,2,1.95,1.95,1.92
I1,30/10/05,Treviso,Siena,0,1,A,0,1,A,M. Bergonzi,7,10,3,4,23,18,3,7,2,1,0,0,2.4,2.9,2.8,2.37,2.9,3,2.55,2.85,2.8,2.6,2.8,2.6,2.6,3,2.5,2.6,3,2.6,2.6,2.8,2.6,2.62,2.8,2.75,2.65,2.9,2.65,67,2.7,2.53,3.15,2.91,3.1,2.75,44,2.18,2,1.82,1.72,24,0,1.95,1.87,2.08,1.97
I1,30/10/05,Udinese,Palermo,0,0,D,0,0,D,P. Rodomonti,10,9,2,3,31,28,6,6,2,2,0,0,2,3,3.5,2.05,3.1,3.5,2,3,3.75,2,3,3.6,1.8,3.2,4,2,3,4,1.95,3,3.6,2,2.88,4,1.85,3,4.35,70,2.15,1.99,3.25,3,4.25,3.71,45,2.17,1.97,1.85,1.75,25,-0.5,2.14,2.07,1.84,1.79
I1,05/11/05,Empoli,Reggina,3,0,H,1,0,H,A. Romeo,12,11,8,4,23,17,3,7,1,1,0,0,2,2.75,4,2,2.85,4.05,1.95,2.95,4,1.9,2.7,4.2,1.8,3,4.33,1.95,2.95,4,1.9,2.87,4,1.91,3,4.1,1.8,3.1,4.35,63,2.01,1.93,3.2,2.94,4.75,4.13,39,2.25,2.05,1.75,1.67,23,-0.5,2.06,2.02,1.9,1.83
I1,05/11/05,Lazio,Inter,0,0,D,0,0,D,D. Messina,7,9,3,3,16,18,3,8,2,3,0,0,3.6,3.1,2.1,3.5,3.1,2.05,3.45,3.1,2.05,3.2,2.8,2.3,3.2,3,2.1,3.5,3.1,2.1,3.3,2.87,2.1,3.2,3,2.2,3,3.1,2.25,67,4,3.38,3.2,3.01,2.3,2.1,39,2.06,1.89,1.95,1.83,23,0.25,2.09,2.02,1.88,1.84
I1,06/11/05,Ascoli,Fiorentina,0,2,A,0,1,A,A. Dattilo,5,11,3,5,17,13,6,3,2,1,0,0,3.5,3,2,3.85,2.95,2,3.65,3.05,2,3.5,2.7,2.1,3.4,3,2,3.6,3.1,2,3.75,3,1.9,3.6,3.1,2,3.75,3,2,62,4.5,3.74,3.25,3.05,2.1,1.98,37,2.14,1.94,1.85,1.76,21,0.5,1.89,1.82,2.06,2.03
I1,06/11/05,Cagliari,Treviso,0,0,D,0,0,D,E. Morganti,14,7,7,2,19,23,6,1,2,4,0,0,1.9,3,3.8,1.85,3.05,4.35,1.85,3.05,4.33,1.9,2.9,3.8,1.8,3,4.33,1.85,3.1,4.2,1.83,2.87,4.33,1.73,3,5.25,1.8,2.9,4.5,62,1.95,1.84,3.2,3.03,5.4,4.37,37,2.18,2.03,1.75,1.68,22,-0.5,1.9,1.86,2.06,1.98
I1,06/11/05,Juventus,Livorno,3,0,H,0,0,D,C. Brighi,18,7,7,3,21,19,8,5,3,2,0,1,1.25,4.5,11,1.25,5,10,1.24,5,11,1.25,4.5,9,1.25,4.5,10,1.22,5.5,12,1.25,4.5,10,1.25,4.75,11,1.22,5,11,64,1.3,1.23,5.94,4.9,14,11.13,37,1.9,1.77,2.1,1.92,20,-1.5,2.03,1.96,1.98,1.89
I1,06/11/05,Messina,Roma,0,2,A,0,1,A,P. Dondarini,11,9,7,5,24,11,7,3,4,2,0,0,3.2,3.2,2.2,3.25,3.05,2.15,3.3,3,2.15,3.2,2.8,2.3,3.2,2.8,2.2,3.2,3,2.2,3.1,2.87,2.2,3.25,2.88,2.25,3.2,3,2.2,64,3.65,3.22,3.15,2.99,2.3,2.18,37,2.15,1.97,1.8,1.73,22,0.25,1.94,1.9,2,1.96
I1,06/11/05,Milan,Udinese,5,1,H,3,0,H,P. Bertini,7,4,4,3,26,26,6,2,2,3,0,0,1.36,4.33,9,1.32,4.5,8.5,1.35,4.15,8.5,1.37,3.8,7.5,1.33,3.75,9,1.36,4.33,8.5,1.33,4,8,1.4,3.75,8,1.35,4,8,64,1.43,1.35,4.5,4.06,9.5,8.2,36,1.95,1.88,1.97,1.83,20,-1.25,2.11,2.05,1.86,1.81
I1,06/11/05,Palermo,Sampdoria,0,2,A,0,1,A,M. Trefoloni,15,8,7,3,18,19,6,4,2,4,0,0,2.2,3,3.5,2.15,2.9,3.4,2.1,2.95,3.5,2.2,2.8,3.4,2.1,3,3.2,2.1,3.1,3.5,2.1,2.87,3.3,2,3.1,3.6,2.1,3,3.4,61,2.25,2.13,3.1,2.93,3.85,3.46,36,2.05,1.89,1.9,1.82,21,-0.25,1.95,1.91,2,1.96
I1,06/11/05,Parma,Lecce,2,0,H,1,0,H,P. Tagliavento,5,10,3,4,20,20,6,3,1,3,0,0,1.8,3.25,4,1.8,3.05,4.6,1.75,3.25,4.5,1.75,3,4.4,1.8,3,4.33,1.73,3.25,4.6,1.83,3,4,1.8,2.88,5,1.8,3.1,4.35,61,1.91,1.81,3.3,3.14,5,4.38,37,2.15,2.02,1.75,1.68,20,-0.5,1.95,1.9,2.01,1.94
I1,06/11/05,Siena,Chievo,0,1,A,0,1,A,D. Tombolini,13,8,5,5,28,18,10,1,3,3,0,1,2.25,2.8,3.2,2.35,2.85,3.1,2.25,2.9,3.2,2.3,2.8,2.9,2.2,3,3,2.25,3,3.1,2.25,2.87,3,2.1,3.1,3.25,2.25,3,3.1,60,2.49,2.27,3.2,2.92,3.6,3.19,35,2.01,1.86,1.95,1.85,22,-0.25,2.21,2.11,1.82,1.77
I1,19/11/05,Roma,Juventus,1,4,A,0,1,A,G. Paparesta,9,9,3,6,31,21,3,6,3,3,0,1,2.75,3,2.37,3.05,2.95,2.3,3.1,2.9,2.3,3.2,2.9,2.2,3.2,3,2.1,3.3,3,2.25,2.9,2.9,2.3,3.2,3,2.2,3,3.1,2.25,72,3.41,3.09,3.15,2.95,2.5,2.27,43,2.15,1.96,1.9,1.76,23,0.25,1.93,1.88,2.07,1.98
I1,19/11/05,Udinese,Messina,1,0,H,0,0,D,M. De Santis,18,5,11,3,20,21,10,0,3,3,0,0,1.57,3.4,5.5,1.57,3.25,6,1.6,3.25,6,1.65,3.2,4.6,1.67,3,5.5,1.62,3.4,6,1.6,3,6,1.62,3.2,6,1.6,3.25,5.5,70,1.69,1.6,3.55,3.28,6.75,5.72,42,2.15,2.02,1.8,1.69,21,-0.75,1.99,1.94,1.96,1.92
I1,20/11/05,Chievo,Ascoli,1,1,D,1,1,D,M. Bergonzi,11,10,6,4,18,21,10,6,0,3,0,0,1.61,3.2,5.5,1.65,3.1,5.75,1.65,3.2,5.5,1.7,3.1,4.4,1.62,3.2,5.5,1.67,3.1,5.5,1.61,3.1,5.5,1.62,3.2,6,1.65,3.25,5,60,1.75,1.64,3.4,3.25,6.5,5.56,38,2.25,2.08,1.72,1.63,19,-0.75,2,1.96,1.94,1.89
I1,20/11/05,Fiorentina,Milan,3,1,H,1,1,D,P. Rodomonti,6,16,3,5,21,18,2,10,1,2,0,0,2.8,2.9,2.4,3,3,2.3,2.9,3,2.35,3.1,2.9,2.3,2.88,3,2.25,3.1,3,2.38,2.9,2.9,2.3,3,3.1,2.25,3,3.1,2.25,63,3.3,2.99,3.2,2.95,2.45,2.32,39,2.05,1.89,1.95,1.81,21,0.25,1.88,1.84,2.08,2.02
I1,20/11/05,Inter,Parma,2,0,H,0,0,D,G. Rocchi,15,6,9,3,16,18,8,3,2,3,0,0,1.28,4.33,9.5,1.3,4.5,9,1.27,4.75,10,1.27,4.3,8.5,1.25,4.5,10,1.33,4.33,10,1.28,4.2,9,1.29,4.5,10,1.3,4.5,8.5,70,1.33,1.27,5.65,4.62,14.7,9.91,44,1.75,1.66,2.2,2.08,20,-1.5,1.92,1.87,2.05,2
I1,20/11/05,Lecce,Siena,3,0,H,1,0,H,L. Palanca,18,8,12,5,20,19,10,3,2,4,0,0,2.37,2.87,2.87,2.4,3,2.85,2.35,2.9,3,2.3,2.8,2.9,2.3,3,2.88,2.38,3,2.88,2.3,2.8,3,2.3,3,3,2.35,3,2.9,60,2.4,2.31,3.2,2.98,3.35,3.02,38,2.1,1.94,1.86,1.75,21,-0.25,2,1.93,1.95,1.91
I1,20/11/05,Livorno,Empoli,2,0,H,1,0,H,R. Rosetti,14,5,5,2,16,29,4,3,3,1,0,0,1.83,3,4.33,1.8,3,4.8,1.9,2.8,4.6,1.9,2.8,4,2,3,3.4,1.85,3,4.33,1.83,2.87,4.33,1.91,3,4,1.9,3.1,3.8,60,2.05,1.9,3.2,2.99,4.95,4.19,38,2.2,2.06,1.75,1.65,20,-0.5,2.08,2,1.91,1.84
I1,20/11/05,Reggina,Cagliari,3,1,H,2,0,H,A. De Marco,11,4,7,1,26,27,2,5,2,3,1,1,1.9,2.9,4,2,3.1,3.6,2,3,3.75,1.9,2.9,3.8,1.8,3.2,4,1.91,3,4.2,1.9,3,3.75,2,3,3.75,1.9,3,4,60,2.1,1.98,3.2,3.02,4.33,3.81,38,2.15,2.02,1.75,1.68,21,-0.5,2.13,2.08,1.81,1.76
I1,20/11/05,Sampdoria,Lazio,2,0,H,0,0,D,S. Racalbuto,11,6,8,1,27,18,9,4,3,2,0,0,1.9,2.9,4,1.95,3.1,3.8,1.87,3,4.25,1.9,2.9,4,1.83,3,4,1.91,3,4.2,1.83,3,4,1.8,3.2,4.33,1.9,3,4,63,1.95,1.86,3.3,3.03,4.85,4.21,38,2.1,1.95,1.8,1.74,21,-0.5,2,1.94,1.94,1.89
I1,20/11/05,Treviso,Palermo,2,2,D,2,1,H,A. Giannoccaro,8,11,4,6,20,18,4,3,1,0,0,0,4,2.8,2.1,3.8,2.9,2.05,3.4,3,2.1,3.4,3,2.1,3.2,3,2.1,3.6,3,2.05,3.3,2.8,2.15,3.4,3,2.1,3.25,2.8,2.25,59,4,3.35,3.2,3,2.25,2.13,37,2.25,2.04,1.71,1.66,21,0.25,2.07,2.01,1.9,1.84
I1,26/11/05,Livorno,Chievo,0,0,D,0,0,D,S. Farina,14,5,2,2,22,30,8,3,2,3,0,0,2.25,2.87,3.5,2.2,2.8,3.45,2.15,2.85,3.55,2.2,2.8,3.1,2,3,3.5,2.2,2.88,3.4,2.1,2.87,3.3,2.1,2.88,3.6,2.1,2.9,3.5,70,2.41,2.17,3.15,2.91,3.85,3.42,42,2.33,2.06,1.75,1.67,24,-0.25,2.05,1.99,1.95,1.88
I1,26/11/05,Milan,Lecce,2,1,H,1,0,H,D. Tombolini,18,10,6,3,14,22,3,0,1,3,0,0,1.2,6,13,1.16,5.9,15,1.2,5.6,12,1.17,5.5,11,1.17,5.5,12,1.17,6.5,15,1.14,5.5,15,1.17,5.5,16,1.2,5.5,11,73,1.2,1.17,7,5.71,19,13.79,41,1.67,1.63,2.34,2.12,21,-1.75,1.85,1.81,2.16,2.07
I1,27/11/05,Ascoli,Palermo,1,1,D,0,1,A,P. Mazzoleni,5,5,3,2,18,20,0,6,2,3,0,0,2.87,3,2.5,2.85,2.85,2.5,2.85,2.9,2.5,2.8,2.7,2.5,2.5,2.88,2.62,2.7,2.88,2.6,2.75,2.75,2.5,2.75,2.88,2.6,2.7,2.9,2.6,67,3.1,2.83,3.1,2.9,2.75,2.5,38,2.15,2.02,1.75,1.68,22,0,2.13,2.05,1.85,1.79
I1,27/11/05,Cagliari,Sampdoria,2,0,H,1,0,H,P. Dondarini,6,9,3,1,23,12,2,7,3,3,0,0,3.1,3,2.37,2.85,3,2.4,3.1,3,2.3,3,2.9,2.2,2.88,3,2.25,3,3,2.3,3,3,2.2,2.88,3,2.38,3.1,2.9,2.3,68,3.25,3.03,3.15,2.99,2.45,2.29,38,2.15,2.01,1.76,1.7,22,0.25,1.84,1.8,2.12,2.07
I1,27/11/05,Empoli,Lazio,2,3,A,0,1,A,P. Tagliavento,12,12,8,8,20,16,5,9,1,3,1,0,2.3,2.87,3.4,2.2,2.9,3.35,2.2,2.9,3.4,2.3,2.7,3,2.2,2.8,3.2,2.2,2.9,3.3,2.2,2.87,3.1,2.1,3,3.5,2.1,2.9,3.5,69,2.4,2.22,3.1,2.92,3.75,3.23,38,2.21,2.06,1.7,1.66,22,-0.25,2.06,2.01,1.9,1.85
I1,27/11/05,Juventus,Treviso,3,1,H,2,1,H,S. Racalbuto,11,4,6,3,14,24,3,3,0,0,0,0,1.14,6.5,21,1.14,6.1,18,1.15,6,17,1.12,6.5,13,1.14,5.5,15,1.14,6.75,17,1.14,5.5,15,1.12,6,21,1.15,5.5,15,68,1.18,1.14,7.77,6.05,22.5,16.1,37,1.75,1.65,2.28,2.07,21,-1.75,1.88,1.82,2.09,2.04
I1,27/11/05,Messina,Inter,1,2,A,0,1,A,M. Trefoloni,12,14,6,5,20,12,5,8,2,1,0,0,5,3.3,1.72,4.25,3.4,1.75,4.45,3.25,1.77,4.5,3.1,1.75,4.33,3,1.8,5,3.3,1.73,4.5,3.2,1.7,4,3.25,1.83,5,3.2,1.7,70,5.5,4.63,3.5,3.23,1.8,1.73,38,2.06,1.91,1.95,1.81,21,0.5,2.2,2.11,1.8,1.77
I1,27/11/05,Parma,Udinese,1,2,A,0,1,A,M. Bergonzi,7,9,2,5,24,23,3,2,2,1,0,0,2.62,3,2.75,2.65,2.95,2.6,2.65,2.95,2.6,2.6,2.8,2.6,2.5,3,2.6,2.6,3,2.6,2.6,2.8,2.6,2.4,3,2.88,2.5,3.1,2.6,68,2.75,2.6,3.1,2.94,3,2.66,38,2.2,2.05,1.74,1.66,22,0,2,1.89,2,1.94
I1,27/11/05,Roma,Fiorentina,1,1,D,1,0,H,N. Ayroldi,9,8,5,3,22,24,6,4,3,1,1,0,2.37,3.1,3,2.45,3.1,2.7,2.4,3,2.9,2.4,2.9,2.9,2.25,3,2.88,2.5,3.1,2.8,2.4,2.9,2.75,2.25,3.2,2.88,2.3,3.1,2.9,69,2.5,2.36,3.2,3,3.2,2.89,37,1.9,1.79,2.09,1.93,22,0,1.78,1.72,2.25,2.14
I1,27/11/05,Siena,Reggina,0,0,D,0,0,D,O. Pantana,1,7,0,2,18,19,1,3,3,2,1,0,2,3.1,4,1.95,2.95,4,1.95,3,4,2,2.9,3.4,1.91,3,3.75,1.91,3.1,4,1.9,3,3.75,1.83,3,4.5,1.9,3,4,67,2.1,1.94,3.25,3.05,4.75,3.93,38,2.15,1.99,1.8,1.71,22,-0.5,2.01,1.96,1.93,1.89
I1,03/12/05,Chievo,Milan,2,1,H,1,1,D,T. Pieri,10,13,5,4,19,19,3,3,2,3,0,0,5,3,1.72,5.5,3.2,1.65,5.25,3.2,1.67,4.5,3.1,1.75,5,3.2,1.67,5.25,3.3,1.7,4.5,3.1,1.72,5.25,3.2,1.67,6,3.1,1.6,75,6.2,5.07,3.36,3.21,1.8,1.68,41,2.14,1.94,1.85,1.78,23,0.75,1.97,1.9,2.02,1.97
I1,03/12/05,Inter,Ascoli,1,0,H,1,0,H,A. De Marco,15,9,8,3,18,15,8,2,1,0,0,0,1.2,4.5,17,1.19,5.5,13,1.21,5.25,12,1.25,4.5,9,1.17,5.5,12,1.22,5.5,12,1.2,5,11,1.17,5.75,13,1.2,5.5,11,76,1.25,1.19,6.5,5.31,18,12.76,42,1.75,1.66,2.26,2.05,23,-1.75,1.96,1.92,1.99,1.95
I1,04/12/05,Fiorentina,Juventus,1,2,A,1,1,D,D. Messina,,,,,,,,,0,3,0,0,2.87,3,2.3,3.25,2.95,2.2,3.1,3,2.25,3.1,2.9,2.3,2.8,3,2.38,3.2,3,2.3,2.9,2.9,2.3,3.2,2.88,3.25,3,3,2.25,76,3.6,3.1,3.25,3,2.42,2.25,46,2.01,1.85,1.95,1.87,25,0.25,2,1.94,1.99,1.93
I1,04/12/05,Lazio,Siena,3,2,H,1,0,H,L. Marelli,,,,,,,,,0,0,0,0,1.8,3,4.33,1.8,3.15,4.5,1.8,3.15,4.4,1.7,3,4.6,1.73,3.1,4.5,1.75,3.25,4.5,1.66,3.2,4.8,1.67,3.2,5.25,1.7,3.2,5,75,1.83,1.74,3.5,3.16,5.45,4.65,45,2,1.91,1.95,1.8,24,-0.5,2.02,1.78,2.2,2.08
I1,04/12/05,Lecce,Roma,2,2,D,0,2,A,N. Rizzoli,,,,,,,,,2,3,0,0,3.25,3,2.1,3.05,3,2.3,3.25,3,2.2,3.4,3,2.1,3.2,3.2,2,3.25,3.1,2.2,3.4,2.9,2.05,3.2,2.88,2.25,3.25,3.1,2.1,75,3.4,3.1,3.25,3.03,2.5,2.23,45,2,1.86,1.97,1.86,25,0,2.2,2.08,1.85,1.78
I1,04/12/05,Palermo,Cagliari,2,2,D,2,0,H,F. Squillace,,,,,,,,,5,3,0,0,1.61,3.25,5.5,1.65,3.15,5.75,1.65,3.25,5.75,1.6,3.2,5,1.62,3.25,5,1.62,3.3,5.5,1.61,3.1,5.5,1.62,3.25,5.5,1.6,3.25,5.5,72,1.67,1.61,3.47,3.28,6.75,5.68,44,1.95,1.83,2.03,1.88,24,-0.75,1.93,1.89,2.05,1.98
I1,04/12/05,Reggina,Parma,2,1,H,2,1,H,N. Stefanini,,,,,,,,,2,3,0,1,1.9,3,3.8,2,2.85,4,1.95,3,4,1.9,2.9,3.8,1.73,3.2,4.33,1.91,3.2,3.75,1.83,3,4,1.91,2.88,4.33,1.8,3.1,4.35,72,2,1.89,3.3,3.09,4.8,4.05,45,2.15,2.04,1.78,1.68,25,-0.5,1.99,1.91,2,1.94
I1,04/12/05,Sampdoria,Empoli,2,0,H,0,0,D,G. Gava,,,,,,,,,1,1,0,0,1.66,3.2,5,1.7,3.15,5.15,1.7,3.2,5,1.7,3,4.6,1.62,3.25,5,1.67,3.3,5,1.66,3.1,5,1.62,3.25,5.5,1.65,3.25,5,75,1.75,1.66,3.6,3.24,6.2,5.14,44,1.94,1.83,2,1.88,25,-0.75,1.98,1.94,2.02,1.93
I1,04/12/05,Treviso,Messina,0,0,D,0,0,D,S. Cassara',,,,,,,,,2,3,0,1,2.4,2.75,3,2.45,2.9,2.9,2.4,2.85,3,2.4,2.8,2.8,2.25,2.88,3,2.5,2.88,2.88,2.37,2.8,2.9,2.3,2.75,3.3,2.3,2.9,3.1,72,2.5,2.38,3.1,2.89,3.3,3.01,45,2.31,2.1,1.75,1.64,24,-0.25,2.19,2.1,1.83,1.79
I1,04/12/05,Udinese,Livorno,0,2,A,0,1,A,E. Morganti,,,,,,,,,2,3,0,0,1.8,3,4.33,1.85,3.05,4.4,1.85,3,4.5,1.8,3,4,1.8,3.2,4,1.8,3.1,4.5,1.83,3,4,1.73,3.1,5,1.8,3.1,4.5,73,2.1,1.87,3.2,3.03,4.7,4.21,45,2.25,2.01,1.79,1.67,23,-0.5,2.17,2.08,1.85,1.78
I1,10/12/05,Fiorentina,Treviso,1,0,H,0,0,D,R. Herberg,,,,,33,34,2,3,1,4,0,0,1.28,5,10,1.25,4.75,11.5,1.25,4.75,11,1.33,4,7.5,1.25,4.5,10,1.29,4.75,11,1.25,4.5,10,1.22,4.5,13,1.25,5,10,72,1.33,1.26,5.45,4.63,14,10.48,44,1.71,1.65,2.2,2.07,22,-1.5,1.95,1.86,2.05,1.98
I1,10/12/05,Siena,Empoli,1,0,H,1,0,H,M. Gabriele,,,,,24,20,3,6,4,3,0,0,2.1,3,3.75,2.1,2.95,3.55,2.1,3,3.4,2.1,2.7,3.5,2.1,3,3.2,2.15,3,3.5,2,2.87,3.6,2.1,2.88,3.6,2.1,3,3.4,72,2.2,2.09,3.2,2.96,3.94,3.53,44,2.15,2.04,1.85,1.69,24,-0.25,1.83,1.79,2.16,2.09
I1,11/12/05,Ascoli,Reggina,1,1,D,0,0,D,M. De Santis,9,5,5,3,23,20,3,6,4,2,0,1,2.3,3,3.25,2.2,2.85,3.4,2.15,2.9,3.4,2.1,2.7,3.5,2.1,3,3.2,2.2,2.88,3.4,2,2.87,3.6,2.25,2.75,3.4,2.2,2.9,3.3,74,2.36,2.18,3.1,2.89,3.85,3.36,43,2.35,2.15,1.7,1.62,24,-0.25,2,1.97,1.95,1.9
I1,11/12/05,Inter,Milan,3,2,H,1,1,D,D. Messina,16,7,5,3,20,19,5,3,2,3,0,0,2.75,2.87,2.75,2.5,2.95,2.8,2.55,2.9,2.7,2.6,2.9,2.7,2.4,3,2.75,2.6,3,2.75,2.6,2.8,2.6,2.75,2.75,2.62,2.65,2.9,2.65,77,2.95,2.63,3.1,2.85,3,2.7,45,2.14,1.95,1.85,1.77,23,0,1.99,1.91,2.02,1.93
I1,11/12/05,Juventus,Cagliari,4,0,H,2,0,H,M. Mazzoleni,15,8,9,3,22,10,7,3,0,3,0,0,1.16,6,19,1.17,5.7,15,1.15,6,15,1.17,5.5,11,1.17,5.5,12,1.18,6,15,1.14,5.5,15,1.12,6.5,17,1.15,6,13,77,1.2,1.16,6.8,5.75,22,14.2,45,1.75,1.65,2.35,2.08,25,-1.75,1.89,1.84,2.07,2.03
I1,11/12/05,Livorno,Lazio,2,1,H,0,0,D,D. Tombolini,9,13,5,7,23,15,2,7,1,0,0,0,2.1,3,3.75,2,3,3.75,2,3,3.7,2,2.8,3.6,1.91,3,3.75,2,3,3.75,2.05,2.9,3.4,2,2.88,4,1.9,3,4,77,2.15,2.01,3.16,2.97,4.25,3.63,44,2.25,2.07,1.75,1.66,25,-0.25,1.86,1.77,2.15,2.1
I1,11/12/05,Messina,Chievo,2,0,H,2,0,H,S. Racalbuto,,,,,,,,,1,1,0,1,2.6,2.87,2.9,2.45,2.95,2.85,2.4,2.9,2.9,2.5,2.7,2.8,2.5,2.88,2.62,2.5,2.88,2.88,2.5,2.9,2.62,2.5,2.7,3,2.6,2.9,2.7,72,2.75,2.52,3.1,2.87,3.05,2.81,43,2.26,2.05,1.72,1.66,22,0,1.94,1.85,2.04,1.99
I1,11/12/05,Parma,Sampdoria,1,1,D,1,0,H,S. Farina,9,7,4,4,27,25,3,7,4,4,0,0,3.1,3.1,2.3,3.2,3,2.2,3.2,3,2.2,2.8,2.9,2.3,2.88,3,2.25,3.1,3,2.25,3,2.87,2.25,3.3,2.88,2.2,3,3,2.25,75,3.52,3.09,3.2,3,2.38,2.24,44,2.15,2,1.8,1.72,24,0.25,1.94,1.9,2.04,1.97
I1,11/12/05,Roma,Palermo,1,2,A,1,1,D,P. Bertini,6,6,3,2,10,16,2,8,1,3,0,0,1.9,3.1,4.33,1.87,3.1,4.15,1.85,3.1,4.2,1.9,3,3.6,1.91,2.88,4,1.9,3,4.5,1.8,3,4.2,1.83,3,4.5,1.84,3,4.35,76,2,1.86,3.35,3.06,5,4.13,44,1.94,1.81,2,1.91,24,-0.5,2.02,1.94,1.97,1.91
I1,11/12/05,Udinese,Lecce,1,2,A,0,1,A,M. Trefoloni,8,8,2,5,20,21,8,4,2,3,0,0,1.66,3.4,5.5,1.65,3.25,5.35,1.67,3.35,5.25,1.65,3.2,4.6,1.57,3.25,5.5,1.53,3.5,6,1.57,3.1,6,1.57,3.4,6,1.6,3.2,6,74,1.83,1.63,3.5,3.3,6,5.31,44,1.97,1.84,2,1.88,23,-0.75,2.18,2.09,1.83,1.78
I1,17/12/05,Lazio,Juventus,1,1,D,1,1,D,T. Pieri,,,,,20,30,3,7,2,3,0,0,6,3.2,1.66,5.5,3.2,1.65,5.5,3.1,1.7,4.4,3,1.75,5,3.2,1.67,5.5,3.3,1.67,4.5,3.4,1.67,4.5,3.4,1.67,4.5,3.25,1.75,75,6,5.01,3.4,3.22,1.75,1.68,45,2.02,1.88,1.92,1.83,23,0.75,2,1.94,1.95,1.92
I1,17/12/05,Treviso,Lecce,2,1,H,1,0,H,R. Rosetti,,,,,20,26,2,3,4,4,0,1,2.5,3,2.9,2.4,3,2.85,2.45,2.9,2.9,2.4,2.8,2.8,2.38,2.88,2.8,2.38,3,2.88,2.38,2.88,3,2.38,2.88,3,2.3,3.1,2.9,73,2.6,2.38,3.2,2.97,3.2,2.9,45,2.16,2.02,1.8,1.71,24,0,1.86,1.78,2.14,2.06
I1,18/12/05,Cagliari,Ascoli,2,1,H,2,0,H,P. Rodomonti,4,12,3,6,22,23,4,7,2,4,0,0,1.83,3,5,1.85,3,4.5,1.85,3,4.65,1.9,2.7,4.2,1.91,2.88,4,1.83,3.05,4.33,1.83,2.8,5,1.83,2.8,5,1.85,3,4.35,69,1.9,1.81,3.25,3.02,5.75,4.53,45,2.27,2.1,1.72,1.65,25,-0.5,1.85,1.79,2.15,2.06
I1,18/12/05,Chievo,Udinese,2,0,H,1,0,H,L. Banti,10,9,4,3,25,16,7,3,2,3,0,1,2.3,3,3.2,2.4,2.85,3,2.3,3,3.1,2.2,2.9,3,2.1,3,3.2,2.3,3,3,2.2,3,3.2,2.2,3,3.2,2.3,3,3,71,2.4,2.25,3.15,2.97,3.5,3.12,44,2.21,2.03,1.75,1.68,25,-0.25,2.02,1.96,1.97,1.91
I1,18/12/05,Empoli,Fiorentina,1,1,D,0,0,D,G. Paparesta,6,19,2,6,19,20,2,7,3,1,0,0,4,3.1,2,3.6,3.1,2,3.9,3,2,3.3,2.8,2.1,3.5,3,2,4,3.05,1.91,3.4,3.2,2,3.4,3.2,2,3.75,3.2,1.9,73,4.25,3.66,3.3,3.05,2.2,1.99,45,2.03,1.88,1.95,1.84,25,0.5,1.8,1.75,2.25,2.11
I1,18/12/05,Milan,Messina,4,0,H,1,0,H,P. Tagliavento,17,10,8,4,12,16,11,5,1,0,0,0,1.2,5.8,15,1.2,5.45,12,1.2,5.5,12,1.22,4.8,9.5,1.2,5,11,1.2,5.5,15,1.17,5.5,16,1.17,5.5,16,1.2,5.5,11,73,1.23,1.18,6.8,5.51,22,13.59,45,1.7,1.63,2.35,2.11,25,-1.75,2,1.94,2,1.94
I1,18/12/05,Palermo,Livorno,0,2,A,0,0,D,L. Palanca,9,10,4,5,12,21,8,1,2,2,1,0,1.95,3,4.33,2,3,3.75,2,3,3.9,2.1,2.7,3.5,2,3,3.5,2,3,3.75,1.91,3,4,1.91,3,4,1.9,3,4,71,2.1,1.93,3.3,3,4.85,3.94,45,2.12,1.94,1.87,1.78,25,-0.5,2.05,1.99,1.93,1.87
I1,18/12/05,Reggina,Inter,0,4,A,0,3,A,P. Bertini,10,20,5,10,10,19,6,7,2,3,0,0,6,3.4,1.61,5.8,3.3,1.6,5.75,3.3,1.62,4.8,2.9,1.7,5,3.25,1.62,6,3.4,1.62,5.25,3.4,1.62,5.25,3.4,1.62,5,3.5,1.6,73,7.5,5.69,3.7,3.35,1.67,1.59,46,2.06,1.91,1.89,1.81,24,0.75,2.1,2.03,1.9,1.84
I1,18/12/05,Sampdoria,Roma,1,1,D,0,1,A,G. Rocchi,9,11,4,6,20,21,3,4,3,2,0,0,2.3,3,3.25,2.25,3,3.15,2.2,3,3.3,2.2,2.9,3,2.1,3,3.2,2.2,3.1,3.25,2.1,3,3.4,2.1,3,3.4,2.2,3,3.1,71,2.4,2.18,3.25,3.01,3.5,3.21,45,1.95,1.84,2.01,1.87,26,-0.25,2.03,1.97,1.95,1.89
I1,18/12/05,Siena,Parma,2,2,D,0,0,D,A. Dattilo,8,3,4,2,16,19,5,2,3,1,0,0,2,3.1,4,1.95,3.1,3.8,1.95,3,3.9,2,2.8,3.6,1.83,3.2,3.75,1.91,3.05,4,1.83,3,4.33,1.83,3,4.33,1.9,3.1,3.8,70,2.1,1.95,3.25,3.07,4.5,3.86,45,2.1,2,1.8,1.71,25,-0.5,2.11,2.04,1.88,1.82
I1,21/12/05,Ascoli,Treviso,1,0,H,1,0,H,P. Dondarini,7,5,3,1,19,14,6,3,3,2,1,1,2.1,2.8,4,2.15,2.95,3.4,2.1,2.9,3.6,1.9,2.9,3.8,1.91,3,3.75,2.05,2.88,3.75,1.9,3,3.75,1.91,3,4.1,2,2.9,3.75,70,2.25,2.06,3.05,2.91,4,3.64,43,2.37,2.18,1.67,1.59,23,-0.25,1.94,1.89,2.02,1.97
I1,21/12/05,Fiorentina,Palermo,1,0,H,1,0,H,R. Rosetti,10,10,3,6,20,24,1,7,2,1,0,0,1.72,3.1,5.5,1.7,3.3,4.8,1.7,3.2,5.1,1.75,3.1,4.2,1.62,3.25,5,1.7,3.2,5,1.61,3.1,5.5,1.67,3.3,5,1.65,3.3,5,74,1.75,1.66,3.62,3.22,6.55,5.11,43,1.95,1.83,2.01,1.89,22,-0.75,2,1.98,1.97,1.88
I1,21/12/05,Inter,Empoli,4,1,H,2,0,H,O. Girardi,17,6,9,4,18,17,9,2,0,1,0,0,1.14,6,17,1.16,6,14.5,1.18,5.5,13,1.2,5,10,1.2,5,11,1.18,5.5,13,1.2,5,11,1.14,6,16,1.17,6,13,74,1.2,1.17,7,5.58,20,13.64,43,1.68,1.59,2.41,2.18,23,-1.75,1.92,1.86,2.1,2.01
I1,21/12/05,Juventus,Siena,2,0,H,1,0,H,M. De Santis,10,6,6,5,31,28,8,2,2,1,0,0,1.16,6,19,1.16,6,14.5,1.17,6,14,1.17,5.5,11,1.17,5.5,12,1.17,6.25,15,1.16,5.5,12,1.1,6.5,23,1.14,6,12,74,1.18,1.15,7.7,5.92,26,15.53,43,1.65,1.59,2.37,2.18,23,-1.75,1.82,1.79,2.17,2.08
I1,21/12/05,Lecce,Lazio,0,0,D,0,0,D,G. Lops,11,4,2,2,22,15,5,5,2,3,1,0,2.6,3.1,2.7,2.75,2.85,2.6,2.65,2.9,2.65,2.5,2.9,2.6,2.5,2.88,2.62,2.7,2.88,2.62,2.62,2.9,2.5,2.6,3,2.6,2.4,3,2.7,71,2.87,2.62,3.18,2.93,2.85,2.59,42,1.95,1.85,1.99,1.86,22,0,1.98,1.92,1.98,1.92
I1,21/12/05,Livorno,Milan,0,3,A,0,1,A,M. Trefoloni,6,17,2,11,11,18,5,5,1,0,0,0,4.33,3.1,1.9,4.2,3.25,1.8,4.5,3,1.85,3.8,2.9,1.9,4,3.2,1.8,4.5,3.15,1.85,3.75,3,1.9,4.33,3.2,1.8,4.35,3.2,1.8,74,5.5,4.31,3.41,3.13,1.9,1.79,44,2.07,1.88,1.95,1.83,23,0.5,2.1,2.05,1.88,1.82
I1,21/12/05,Messina,Reggina,1,1,D,1,0,H,G. Paparesta,6,13,1,5,21,22,1,5,5,1,0,1,2,3,4,1.95,3,3.95,2.1,2.9,3.6,2.2,2.8,3.1,2.2,3,3,2.1,2.88,3.6,2.1,3,3.2,1.91,3,4.1,2.1,2.9,3.6,71,2.2,2.05,3.1,2.93,4.6,3.64,43,2.25,2.09,1.77,1.64,23,-0.25,1.82,1.77,2.2,2.12
I1,21/12/05,Parma,Cagliari,1,0,H,1,0,H,N. Ayroldi,5,7,4,1,21,19,3,8,3,3,0,0,2,3,4,2,3,3.8,2,3,3.75,2,2.9,3.4,2.1,3,3.2,2,3,3.75,2,3,3.4,1.91,3.2,3.75,2,2.9,3.6,72,2.1,1.98,3.25,2.99,4.5,3.72,43,2.02,1.9,1.95,1.82,23,-0.5,2.16,2.07,1.83,1.8
I1,21/12/05,Roma,Chievo,4,0,H,2,0,H,D. Tombolini,12,7,6,3,21,11,1,8,1,2,0,1,1.9,3.1,4.33,1.95,3.1,3.85,1.9,3,4.1,2,2.9,3.4,1.8,3.2,4,1.91,3.05,4,1.8,3.1,4,1.83,3.1,4.25,1.84,2.9,4.35,73,2.05,1.89,3.25,3.06,4.65,4,43,2.24,1.96,1.87,1.77,24,-0.5,2.13,2.06,1.9,1.81
I1,21/12/05,Udinese,Sampdoria,2,0,H,0,0,D,M. Saccani,19,8,7,5,21,19,5,5,2,2,0,0,2.4,3,3,2.3,2.9,3.15,2.45,2.9,2.9,2.4,2.9,2.7,2.2,3,3,2.3,3,3,2.3,2.9,2.9,2.3,3,3,2.25,3.1,2.8,73,2.67,2.38,3.2,2.93,3.15,2.9,45,2.25,2.05,1.75,1.67,23,0,1.87,1.81,2.09,2.03
I1,07/01/06,Palermo,Juventus,1,2,A,1,2,A,P. Bertini,12,13,6,6,20,25,7,6,2,2,0,0,5.5,3.4,1.66,5.1,3.2,1.7,5,3.2,1.7,4.5,3.1,1.75,5,3.25,1.62,5.5,3.2,1.7,4.5,3.1,1.72,5,3.25,1.67,5.5,3.1,1.65,46,5.86,5.06,3.5,3.24,1.77,1.7,28,2.01,1.89,1.9,1.82,20,0.75,1.95,1.92,1.95,1.93
I1,07/01/06,Reggina,Fiorentina,1,1,D,1,1,D,S. Farina,6,6,3,3,26,28,4,4,2,3,0,0,3.75,3.2,2,3.65,3.1,2,3.75,3,2,3.5,3,2,3.2,3,2.1,4,3,2,3.3,2.87,2.1,3.25,3.1,2.1,3.5,3.1,2,46,4.25,3.74,3.2,3.05,2.1,1.99,28,2.23,2,1.75,1.7,21,0.5,1.89,1.82,2.05,2.02
I1,08/01/06,Cagliari,Udinese,2,1,H,1,1,D,L. Palanca,5,6,4,2,16,18,3,1,3,3,0,2,2.62,3,2.75,2.7,2.85,2.65,2.5,3,2.7,2.55,2.9,2.7,2.38,2.88,2.8,2.6,3,2.6,2.4,2.87,2.8,2.5,2.88,2.75,2.75,3,2.5,40,2.75,2.6,3.1,2.95,3,2.7,25,2.15,1.99,1.75,1.7,18,0,2,1.92,1.95,1.88
I1,08/01/06,Chievo,Lecce,3,1,H,1,1,D,M. Ciampi,16,15,11,7,19,22,4,10,1,4,0,0,1.72,3.2,5.5,1.7,3.2,5,1.7,3.2,5,1.7,3.1,4.8,1.62,3.25,5,1.67,3.3,5,1.66,3.1,5,1.62,3.1,6,1.65,3.1,5.5,40,1.78,1.69,3.35,3.24,6,5.15,25,2.15,1.95,1.85,1.76,18,-0.75,2.12,2.08,1.87,1.79
I1,08/01/06,Empoli,Messina,1,3,A,1,1,D,A. Giannoccaro,8,9,3,5,17,24,1,2,2,4,1,0,2.05,3,4,2,3.1,3.65,2,3,3.75,2,2.9,3.7,1.91,3.2,3.5,2,3,3.75,1.9,2.87,4,1.91,3.1,3.8,1.9,3,4,40,2.1,2,3.11,2.99,4.3,3.84,25,2.2,2.04,1.7,1.67,18,-0.5,2.13,2.09,1.82,1.76
I1,08/01/06,Lazio,Ascoli,4,1,H,2,1,H,N. Stefanini,13,11,8,5,17,15,5,3,1,1,0,0,1.57,3.5,6.5,1.5,3.5,6.75,1.55,3.3,6.5,1.6,3.3,5.5,1.62,3.2,5.5,1.53,3.4,6.5,1.5,3.4,6,1.53,3.3,6.5,1.5,3.5,6.5,40,1.6,1.55,3.6,3.41,8.22,6.31,25,2.1,1.95,1.85,1.76,18,-1,2.15,2.06,1.8,1.78
I1,08/01/06,Milan,Parma,4,3,H,3,1,H,P. Mazzoleni,20,9,9,6,15,21,5,3,1,2,0,0,1.18,6,15,1.21,5.2,13,1.18,5.2,16,1.22,4.8,11,1.14,5.5,15,1.22,5,15,1.16,5.5,12,1.12,6,19,1.15,6,12,39,1.25,1.19,6.95,5.46,18.5,13.88,25,1.7,1.63,2.25,2.08,18,-1.75,1.9,1.86,2.04,1.99
I1,08/01/06,Sampdoria,Livorno,0,2,A,0,1,A,M. De Santis,9,6,6,3,19,20,4,7,1,1,1,0,2,3.1,4,2.05,2.9,3.75,1.9,2.95,4.25,1.85,3,4.2,1.91,3,3.75,1.91,3,4.2,1.95,3,3.6,1.83,3.25,4,2,2.8,4,40,2.1,1.95,3.25,3.04,4.5,3.91,25,2.15,1.99,1.75,1.7,18,-0.5,2.14,2.05,1.85,1.79
I1,08/01/06,Siena,Inter,0,0,D,0,0,D,M. Saccani,6,13,0,4,37,15,5,5,2,2,0,0,7,3.5,1.53,6.3,3.4,1.55,6,3.4,1.55,5,3.2,1.65,5.5,3.25,1.57,6.5,3.4,1.57,5.5,3.3,1.57,5.5,3.5,1.57,6,3.5,1.53,39,7.95,6.12,3.75,3.46,1.65,1.56,24,1.85,1.75,2.1,1.96,17,1,1.95,1.89,2,1.93
I1,08/01/06,Treviso,Roma,0,1,A,0,1,A,S. Racalbuto,10,12,3,4,20,25,6,5,1,2,0,0,4.2,3.2,1.9,3.85,3.2,1.9,4,3.1,1.9,4,3,1.9,3.75,3.2,1.83,4.2,3.1,1.91,4,3,1.83,4,3.25,1.83,4.35,2.9,1.9,40,4.65,4.04,3.21,3.09,2,1.91,25,2.06,1.93,1.87,1.78,19,0.5,1.95,1.91,1.95,1.93
I1,14/01/06,Lecce,Sampdoria,0,3,A,0,2,A,E. Morganti,12,17,5,9,16,19,6,5,2,2,0,0,2.6,3.1,2.7,2.5,3,2.75,2.5,2.95,2.75,2.6,3,2.6,2.4,2.88,2.8,2.62,3,2.7,2.5,2.8,2.75,2.38,3,2.88,2.6,3,2.6,49,2.65,2.5,3.1,2.96,3.05,2.76,32,2.05,1.95,1.87,1.78,19,0,1.8,1.75,2.19,2.09
I1,14/01/06,Messina,Palermo,0,0,D,0,0,D,N. Ayroldi,4,6,1,2,15,12,6,3,1,1,0,0,2.6,3,2.8,2.5,2.95,2.8,2.65,2.75,2.8,2.6,2.8,2.8,2.38,3,2.75,2.5,3,2.88,2.37,2.75,2.9,2.5,2.88,2.88,2.5,2.9,2.8,47,2.66,2.5,3.1,2.92,3.05,2.83,33,2.23,2.05,1.75,1.68,19,0,1.85,1.78,2.14,2.05
I1,15/01/06,Ascoli,Empoli,3,1,H,1,1,D,C. Brighi,12,9,7,4,19,20,7,3,2,5,0,1,2.1,3,3.75,2.2,2.85,3.45,2.2,2.85,3.4,2,2.9,3.7,2,2.8,3.75,2.05,3,3.6,2.05,2.87,3.5,2,3,3.75,2.1,2.9,3.5,46,2.3,2.14,3.1,2.93,3.95,3.46,31,2.2,2.07,1.75,1.65,19,-0.25,1.98,1.94,1.99,1.92
I1,15/01/06,Fiorentina,Chievo,2,1,H,1,0,H,M. Trefoloni,12,8,4,3,18,28,6,3,2,3,0,0,1.8,3.2,4.75,1.75,3.2,4.65,1.8,3,5,1.75,3.1,4.5,1.67,3.2,5,1.75,3.25,4.5,1.7,3.2,4.5,1.83,3.25,4,1.7,3.2,5,44,1.86,1.75,3.4,3.21,5.5,4.66,31,1.94,1.83,2,1.88,18,-0.5,1.87,1.83,2.02,1.98
I1,15/01/06,Inter,Cagliari,3,2,H,2,1,H,A. Dattilo,11,7,5,4,14,23,5,2,2,4,0,0,1.2,5.5,17,1.15,6,14.9,1.16,6,15,1.2,5,12,1.2,5,11,1.17,6,17,1.2,5,11,1.12,6.5,18,1.2,5.5,11,46,1.2,1.16,7.6,5.85,21,15.22,30,1.62,1.57,2.4,2.18,17,-1.75,1.9,1.88,2.04,1.98
I1,15/01/06,Juventus,Reggina,1,0,H,1,0,H,D. Tombolini,22,3,13,0,16,23,7,2,0,2,0,0,1.16,6,19,1.13,6.5,17,1.14,6.5,16,1.15,5.7,14,1.14,5.5,15,1.14,6.5,19,1.12,6,15,1.1,7,23,1.17,6,12,46,1.17,1.14,7.6,6.21,30,16.56,32,1.68,1.61,2.35,2.13,18,-1.75,1.8,1.78,2.15,2.1
I1,15/01/06,Livorno,Siena,2,2,D,1,1,D,G. Paparesta,7,11,4,9,23,20,7,5,2,1,0,0,1.72,3.3,5,1.72,3.15,5,1.77,3,5,1.7,3.1,4.9,1.67,3.2,5,1.7,3.25,5,1.66,3.1,5,1.7,3.2,5,1.6,3.25,5.5,46,1.8,1.7,3.4,3.19,5.8,5.06,31,2.1,2,1.8,1.71,18,-0.5,1.8,1.77,2.09,2.03
I1,15/01/06,Parma,Lazio,1,1,D,1,1,D,P. Dondarini,6,10,3,3,27,17,10,5,2,3,0,0,2.4,3,3,2.4,3,2.85,2.45,2.95,2.9,2.5,2.8,2.9,2.5,2.8,2.75,2.5,2.88,2.88,2.4,2.9,2.75,2.25,3.1,3,2.35,3,2.9,46,2.64,2.42,3.15,2.96,3.1,2.88,31,2.1,1.97,1.83,1.75,18,0,1.83,1.78,2.1,2.04
I1,15/01/06,Roma,Milan,1,0,H,0,0,D,R. Rosetti,12,9,6,3,17,14,5,10,1,2,0,0,4,3,2,4,3.1,1.9,4,2.9,2,3.4,2.9,2.1,3.5,3,2,4,3.25,1.91,3.5,2.87,2.05,3.5,3.2,2,3.6,3.2,1.9,46,4.25,3.72,3.25,3.12,2.15,1.97,32,1.9,1.81,2.04,1.9,18,0.5,1.86,1.83,2.08,2
I1,15/01/06,Udinese,Treviso,2,2,D,1,1,D,O. Pantana,6,13,4,7,16,15,2,3,3,2,0,0,1.61,3.4,6,1.6,3.45,5.5,1.6,3.4,5.75,1.5,3.6,6,1.62,3.1,5.5,1.53,3.5,6,1.6,3,6,1.57,3.4,6,1.55,3.2,6.5,47,1.7,1.59,3.6,3.4,6.8,5.74,31,2.15,2.01,1.8,1.72,19,-0.75,1.9,1.89,2.02,1.98
I1,18/01/06,Cagliari,Siena,1,0,H,0,0,D,A. Romeo,13,11,5,4,20,22,9,4,1,3,0,0,2.1,2.8,3.5,2.05,2.9,3.75,2.05,2.9,3.75,2,3.1,3.4,1.91,2.88,4,2.05,2.9,3.75,2,3,3.4,2,3,3.75,2,2.9,3.6,49,2.15,2.01,3.12,2.94,4.6,3.82,32,2.08,1.97,1.85,1.76,20,-0.5,2.05,2.01,1.9,1.83
I1,18/01/06,Chievo,Juventus,1,1,D,1,1,D,L. Palanca,3,10,1,4,22,23,2,10,4,2,0,0,5,3.2,1.66,5.85,3.3,1.6,6,3.1,1.63,4.9,3.3,1.65,6,3.4,1.5,6.5,3.6,1.53,5.5,3.1,1.6,6.5,3.4,1.53,5,3.25,1.6,49,7,5.87,3.6,3.28,1.65,1.61,33,2.13,1.95,1.85,1.78,19,0.75,2.07,2.04,1.89,1.84
I1,18/01/06,Empoli,Udinese,1,1,D,0,0,D,S. Farina,17,6,10,3,23,23,3,5,1,2,0,0,2.4,2.9,2.8,2.65,2.85,2.7,2.5,3,2.7,2.5,3.1,2.6,2.2,3,3,2.5,3,2.7,2.4,2.9,2.75,2.38,3,2.88,2.6,2.8,2.6,49,2.75,2.52,3.1,2.94,2.95,2.76,32,2.15,1.98,1.81,1.74,19,0,1.94,1.87,2,1.95
I1,18/01/06,Lecce,Livorno,0,0,D,0,0,D,P. Rodomonti,16,5,8,2,18,28,6,3,4,2,1,0,2.6,2.87,2.6,2.65,2.95,2.6,2.75,3,2.45,2.6,3.1,2.5,2.75,3,2.38,2.8,3.05,2.4,2.75,2.9,2.4,2.75,3,2.5,2.75,2.9,2.4,49,2.9,2.74,3.1,2.98,2.75,2.51,32,2.15,2,1.8,1.73,19,0,2.04,1.98,1.9,1.84
I1,18/01/06,Messina,Lazio,1,1,D,1,0,H,T. Pieri,17,6,9,5,23,23,2,4,2,4,0,0,2.5,2.87,2.75,2.5,2.85,2.9,2.5,2.85,2.85,2.6,2.8,2.7,2.38,2.88,2.8,2.4,2.95,2.88,2.5,2.9,2.62,2.38,2.88,3,2.5,2.9,2.65,49,2.7,2.5,3,2.86,219,8.14,32,2.26,2.1,1.7,1.64,19,0,1.8,1.75,2.2,2.07
I1,18/01/06,Milan,Ascoli,1,0,H,1,0,H,G. Rocchi,11,5,5,2,17,14,9,4,1,2,0,0,1.16,5.5,13,1.18,5.75,13,1.15,6,15,1.17,5.4,13,1.14,6,12,1.14,7,17,1.16,5.5,12,1.12,6,23,1.17,5.5,13,49,1.2,1.15,7.5,6.13,23,15.82,32,1.6,1.55,2.53,2.25,19,-2,2.07,2.02,1.86,1.83
I1,18/01/06,Palermo,Parma,4,2,H,1,2,A,L. Banti,15,10,9,7,18,19,6,2,4,3,0,0,1.72,3.2,4.5,1.7,3.2,5.1,1.72,3.2,4.75,1.75,3.2,4.3,1.8,3,4.33,1.67,3.2,5.2,1.72,3.2,4.33,1.62,3.4,5.25,1.8,3.1,4.35,49,1.75,1.69,3.5,3.23,6,5.04,32,1.95,1.86,2.06,1.87,19,-0.75,1.98,1.95,1.96,1.91
I1,18/01/06,Roma,Reggina,3,1,H,1,0,H,P. Tagliavento,13,10,7,4,29,13,8,4,2,4,0,0,1.44,3.6,7,1.5,3.5,6.9,1.5,3.5,6.5,1.5,3.6,6,1.53,3.25,6,1.44,3.6,7.5,1.44,3.5,7,1.44,3.6,7.5,1.45,3.4,7,49,1.57,1.49,3.75,3.52,8.1,6.92,32,2,1.9,1.95,1.81,20,-1,2.05,1.99,1.87,1.84
I1,18/01/06,Sampdoria,Fiorentina,3,1,H,3,1,H,D. Messina,10,6,8,3,28,24,4,5,2,3,0,0,2.37,2.87,2.87,2.5,2.85,2.9,2.45,2.9,2.85,2.4,2.9,2.9,2.4,2.88,2.8,2.5,2.88,2.88,2.37,3,2.7,2.38,3.2,2.75,2.4,2.75,2.9,49,2.55,2.42,3.08,2.91,3.25,2.95,32,2.14,1.98,1.82,1.75,20,-0.25,2.05,2.03,1.87,1.85
I1,18/01/06,Treviso,Inter,0,1,A,0,1,A,M. Gabriele,11,11,5,6,19,22,2,4,2,3,0,0,7,3.2,1.4,7.5,3.7,1.44,7.5,3.85,1.4,7,3.6,1.45,7,3.75,1.4,9,4.2,1.36,8,3.75,1.36,8,3.6,1.44,7,4,1.35,49,10,8,4,3.85,1.48,1.4,32,1.97,1.85,2,1.88,20,1,2.12,2.01,1.9,1.82
I1,21/01/06,Inter,Palermo,3,0,H,1,0,H,T. Pieri,13,9,9,5,23,15,8,11,3,2,0,0,1.36,4.33,9,1.35,4.25,8.15,1.35,4.25,8,1.4,3.7,7.5,1.29,4.33,9,1.33,4.33,10,1.28,4.5,8,1.29,4.5,10,1.28,4.5,9.5,50,1.4,1.34,4.8,4.21,11,8.78,31,1.8,1.72,2.13,2,18,-1.25,2.02,1.98,1.92,1.9
I1,21/01/06,Lazio,Cagliari,1,1,D,1,0,H,M. Mazzoleni,8,7,4,6,15,28,6,5,3,3,2,0,1.61,3.4,6,1.63,3.25,5.7,1.57,3.35,6,1.6,3.4,5.2,1.62,3.2,5.5,1.57,3.6,6,1.5,3.3,6.5,1.57,3.5,5.75,1.55,3.3,6,50,1.65,1.57,3.7,3.41,7.55,5.98,30,1.96,1.83,1.95,1.89,17,-0.75,1.93,1.86,2.05,2.01
I1,22/01/06,Ascoli,Lecce,2,0,H,2,0,H,D. Messina,10,13,5,4,28,21,4,9,3,3,1,0,1.83,3.1,4.75,1.8,3.1,4.6,1.83,3.1,4.33,1.85,3,4.2,1.83,3,4,1.85,3.1,4.2,1.83,3,4,1.73,3.1,5,1.8,3,4.5,48,1.92,1.84,3.25,3.09,5.1,4.3,29,2.15,2.01,1.8,1.69,17,-0.5,1.91,1.87,2.08,2
I1,22/01/06,Fiorentina,Messina,2,0,H,1,0,H,G. Paparesta,22,5,11,3,24,22,9,2,1,2,0,0,1.44,4,7.5,1.47,3.5,7.5,1.45,3.7,7,1.45,3.6,7,1.36,3.75,8,1.44,4,7.5,1.36,4,7,1.4,3.8,8,1.4,3.75,8,48,1.5,1.44,4,3.73,9,7.5,30,1.96,1.86,1.95,1.86,19,-1,1.89,1.83,2.05,2
I1,22/01/06,Juventus,Empoli,2,1,H,1,1,D,A. De Marco,14,0,6,0,24,17,14,0,1,2,0,0,1.14,6.5,21,1.12,6.9,17,1.12,6.5,19,1.12,6,16,1.11,6.5,15,1.12,7,21,1.1,6.5,17,1.08,7,26,1.14,6.5,13,48,1.16,1.13,7.7,6.57,27,17.54,29,1.75,1.64,2.32,2.1,18,-2,2.05,2.01,1.89,1.84
I1,22/01/06,Livorno,Treviso,1,1,D,0,1,A,N. Rizzoli,10,5,3,1,23,28,5,5,2,0,0,2,1.57,3.4,7,1.57,3.25,6.5,1.55,3.3,6.5,1.55,3.4,5.8,1.5,3.25,6.5,1.5,3.4,7,1.5,3.3,6.5,1.5,3.4,7,1.45,3.6,7.5,48,1.65,1.53,3.6,3.4,8,6.63,29,2.1,1.96,1.89,1.75,18,-1,2.12,2.05,1.82,1.78
I1,22/01/06,Parma,Chievo,2,1,H,1,1,D,M. De Santis,10,10,6,5,21,25,1,11,4,3,1,1,2.5,2.87,3,2.5,2.8,2.9,2.5,2.85,2.85,2.4,2.8,3,2.38,3,2.75,2.6,2.88,2.7,2.5,2.9,2.62,2.38,3,2.88,2.4,3,2.8,48,2.6,2.48,3.1,2.92,3.1,2.83,29,2.1,2,1.8,1.7,17,0,1.83,1.76,2.13,2.07
I1,22/01/06,Reggina,Sampdoria,2,1,H,2,1,H,R. Rosetti,8,7,5,2,21,20,8,5,1,2,0,0,2.75,2.87,2.75,2.75,2.85,2.6,2.75,2.85,2.6,2.8,2.8,2.6,2.62,2.88,2.5,2.7,2.88,2.6,2.5,2.9,2.62,2.38,3.2,2.75,2.5,2.9,2.8,48,2.89,2.66,3.2,2.92,2.8,2.64,29,2.1,2,1.82,1.7,17,0,2.05,2,1.87,1.83
I1,22/01/06,Siena,Milan,0,3,A,0,1,A,E. Morganti,8,17,3,10,21,22,2,10,3,1,0,0,7,3.4,1.57,6.05,3.25,1.6,6,3.35,1.57,5.2,3.4,1.6,5.5,3.25,1.57,7,3.25,1.53,5,3.3,1.61,6,3.4,1.57,6,3.3,1.55,48,7.2,6.1,3.65,3.35,1.63,1.57,29,1.89,1.77,2.15,1.94,17,0.75,2.18,2.13,1.78,1.75
I1,22/01/06,Udinese,Roma,1,4,A,0,1,A,N. Ayroldi,8,10,3,7,16,21,4,4,2,1,1,0,2.75,2.87,2.75,2.75,2.9,2.55,2.75,2.85,2.6,2.6,2.9,2.7,2.6,3.1,2.4,2.7,2.88,2.6,2.6,2.8,2.6,2.62,3,2.6,2.7,3,2.5,48,2.9,2.67,3.05,2.94,2.75,2.6,29,2.12,1.97,1.8,1.74,17,0,2.05,1.97,1.92,1.86
I1,28/01/06,Milan,Sampdoria,1,1,D,1,1,D,M. De Santis,20,14,8,8,27,14,5,4,3,3,0,0,1.36,3.75,9,1.35,4.05,8.95,1.35,4,9,1.35,4,8,1.33,3.75,9,1.36,4.2,9,1.3,4.33,8,1.29,4.5,10,1.33,4.35,8,50,1.4,1.35,4.7,4.16,10,8.71,32,1.75,1.68,2.2,2.03,20,-1.25,1.9,1.86,2.05,1.99
I1,28/01/06,Palermo,Siena,1,3,A,0,1,A,P. Dondarini,12,7,5,4,14,21,11,1,1,4,0,0,1.66,3.2,5,1.65,3.25,5.5,1.65,3.25,5.25,1.7,3.2,4.7,1.67,2.88,5.5,1.65,3.25,6,1.72,3.1,4.5,1.67,3.25,5.25,1.6,3.25,5.5,50,1.73,1.67,3.41,3.25,6.5,5.3,30,1.94,1.81,2.02,1.91,21,-0.75,2,1.95,1.95,1.9
I1,29/01/06,Ascoli,Juventus,1,3,A,1,3,A,S. Racalbuto,9,8,4,6,24,27,0,3,2,1,0,0,7,3.6,1.44,8.15,3.75,1.41,7.5,3.6,1.45,6.3,3.5,1.5,7,3.75,1.4,8,3.75,1.44,7,3.5,1.44,8.5,3.75,1.4,7,3.75,1.45,49,9.3,7.64,4,3.69,1.5,1.44,31,1.96,1.84,1.95,1.87,21,1,2.05,1.97,1.9,1.84
I1,29/01/06,Chievo,Reggina,4,0,H,0,0,D,N. Stefanini,13,8,7,5,19,20,4,5,0,4,0,0,1.72,3,5,1.75,2.95,5.4,1.7,3.15,5,1.7,3.2,4.7,1.73,2.88,5,1.75,3.2,4.6,1.72,3,4.8,1.67,3.1,5.5,1.75,3.1,5,49,1.8,1.73,3.31,3.13,5.9,5.01,29,2.2,2,1.75,1.7,19,-0.5,1.87,1.81,2.05,2.02
I1,29/01/06,Empoli,Parma,1,2,A,0,1,A,P. Rodomonti,14,5,8,4,24,24,5,2,2,3,0,0,2.1,3,3.25,2.2,3,3.25,2.1,3,3.4,2.2,2.9,3.2,2.25,2.88,3,2.2,3,3.2,2.1,3,3.2,2.1,3,3.4,2.2,3,3.2,49,2.35,2.2,3.14,2.99,3.55,3.26,30,2,1.91,1.91,1.81,19,-0.25,2.02,1.99,1.9,1.87
I1,29/01/06,Lecce,Inter,0,2,A,0,0,D,M. Trefoloni,7,13,3,6,25,18,1,6,2,3,1,0,7,3.75,1.4,8.4,4.15,1.35,8,3.8,1.4,7,3.6,1.45,7,3.75,1.4,8.5,4,1.4,8,3.5,1.4,8.5,3.75,1.4,7,4,1.4,49,9.6,7.93,4.25,3.83,1.5,1.41,29,1.85,1.68,2.2,2.03,20,1.25,1.87,1.84,2.1,2.02
I1,29/01/06,Messina,Cagliari,1,0,H,0,0,D,D. Tombolini,11,9,8,5,14,18,9,4,5,2,0,0,2,3,3.5,1.95,2.95,4.1,2,2.9,3.9,2,2.9,3.7,2.1,3,3.2,2,2.88,4,2,2.8,3.75,1.91,2.88,4.33,2.1,2.9,3.6,49,2.15,2.03,3.11,2.94,4.4,3.79,29,2.12,2,1.8,1.71,20,-0.25,1.83,1.8,2.11,2.06
I1,29/01/06,Roma,Livorno,3,0,H,2,0,H,D. Messina,17,5,10,2,11,13,4,6,0,2,0,0,1.61,3.4,5,1.65,3.3,5.35,1.65,3.3,5.25,1.6,3.4,5.2,1.67,3.2,5,1.62,3.3,5.5,1.66,3.1,5,1.62,3.25,5.75,1.55,3.3,6,49,1.73,1.64,3.55,3.32,6,5.39,31,2.07,1.91,1.9,1.81,19,-0.75,1.95,1.92,2,1.94
I1,29/01/06,Treviso,Lazio,0,1,A,0,0,D,P. Tagliavento,11,4,7,2,30,23,10,5,1,3,0,0,2.6,2.87,2.6,2.7,2.9,2.6,2.8,2.9,2.5,2.8,2.8,2.6,2.75,3,2.38,2.75,3,2.5,2.75,2.9,2.4,2.75,2.8,2.62,2.75,3,2.5,49,3,2.78,3,2.91,2.75,2.54,29,2.25,2.08,1.75,1.65,19,0,1.98,1.92,1.95,1.89
I1,29/01/06,Udinese,Fiorentina,0,0,D,0,0,D,M. Saccani,5,10,3,2,23,19,5,5,5,2,0,0,2.87,3,2.3,3.05,2.95,2.3,2.9,2.9,2.4,2.8,2.9,2.5,2.8,2.88,2.38,3.2,3,2.3,3.1,2.87,2.2,3,2.88,2.38,2.75,3.1,2.35,49,3.35,3,3.2,2.99,2.5,2.33,31,2.1,1.94,1.85,1.75,20,0.25,1.92,1.9,2.02,1.96
I1,04/02/06,Parma,Roma,0,3,A,0,0,D,M. Trefoloni,7,19,4,10,29,14,5,7,5,2,0,0,3.6,3.1,2.1,3.4,3.05,2.1,3.5,2.95,2.1,3.1,3,2.2,3.2,3,2.1,3.5,3.1,2.1,3.5,2.87,2.05,3.4,3,2.1,3.25,3.1,2.1,53,3.75,3.41,3.2,3.05,2.2,2.11,35,2,1.91,1.95,1.81,20,0.25,2.04,2,1.9,1.87
I1,04/02/06,Siena,Ascoli,1,1,D,0,1,A,T. Pieri,10,7,6,5,16,27,11,4,4,0,0,0,1.9,3,4.5,1.9,2.95,4.35,1.9,2.9,4.3,1.9,2.9,4.1,1.91,3,3.75,1.85,3.1,4.6,1.83,3,4,1.83,3,4.5,1.85,3,4.35,52,2,1.87,3.15,3,5.3,4.27,31,2.19,1.99,1.82,1.74,19,-0.5,1.95,1.92,1.98,1.94
I1,05/02/06,Cagliari,Empoli,4,1,H,3,0,H,G. Paparesta,9,8,7,3,14,21,6,6,4,1,0,0,1.8,3.2,4.75,1.78,3.15,4.6,1.8,3.1,4.5,1.8,3,4.4,1.73,3.1,4.5,1.8,3.1,4.5,1.8,3,4.2,1.75,3,5,1.75,3.2,4.5,52,1.87,1.78,3.35,3.09,5.5,4.64,29,2.05,1.94,1.87,1.77,18,-0.5,1.83,1.79,2.14,2.06
I1,05/02/06,Fiorentina,Lecce,1,0,H,1,0,H,N. Rizzoli,14,6,9,1,25,24,3,3,1,3,0,0,1.3,4.5,12,1.29,4.5,10,1.3,4.5,9,1.3,4.4,8.5,1.25,4.5,10,1.28,4.33,11,1.22,5,9.5,1.25,4.75,11,1.28,4.5,10,52,1.33,1.29,5,4.45,14,10.15,29,1.8,1.69,2.2,2.01,18,-1.5,2.1,2.01,1.87,1.83
I1,05/02/06,Inter,Chievo,1,0,H,1,0,H,S. Racalbuto,21,0,11,0,16,24,6,5,2,1,0,0,1.33,4.33,10,1.34,4.2,8.75,1.35,4,9,1.35,4,8,1.29,4.33,9,1.33,4.4,9.5,1.25,4.5,10,1.33,4.2,9,1.33,4.35,8.5,51,1.4,1.33,4.65,4.23,12,9.05,28,1.83,1.68,2.2,2.02,17,-1.25,2,1.93,1.95,1.93
I1,05/02/06,Juventus,Udinese,1,0,H,0,0,D,A. Dattilo,17,2,8,1,18,17,12,5,1,3,0,1,1.25,5,13,1.2,5.55,11.5,1.23,5,12,1.22,4.8,11,1.2,5,11,1.22,5.5,12,1.2,5,11,1.2,5,15,1.2,5.5,12,52,1.25,1.22,5.65,5.07,15,12.21,29,1.8,1.68,2.2,2.01,18,-1.5,1.88,1.83,2.09,2.01
I1,05/02/06,Lazio,Milan,0,0,D,0,0,D,M. Saccani,8,13,2,7,18,27,4,9,1,1,0,0,3.6,3.1,2.1,3.35,3.1,2.1,3.5,3,2.1,3.3,3,2.1,3.2,3,2.1,3.4,3.1,2.15,3.4,3,2,3.4,3,2.1,3.4,3,2.1,51,3.75,3.42,3.3,3.06,2.2,2.09,31,2,1.89,1.99,1.83,18,0.25,2.06,2.02,1.86,1.84
I1,05/02/06,Livorno,Messina,2,2,D,0,0,D,R. Rosetti,8,7,5,3,17,18,4,3,5,1,0,1,1.83,3,5,1.8,3,4.75,1.8,3.1,4.5,1.8,2.9,4.6,1.73,3.1,4.5,1.8,3.1,4.5,1.72,3.1,4.5,1.7,3.2,5,1.8,2.9,5,52,1.9,1.77,3.25,3.08,5.5,4.76,29,2.15,2.04,1.75,1.68,18,-0.5,1.93,1.89,2,1.96
I1,05/02/06,Reggina,Palermo,2,2,D,1,1,D,D. Messina,5,8,2,4,1,2,2,7,2,4,0,0,2.5,2.87,3,2.45,2.8,3,2.4,2.85,3,2.4,2.9,2.9,2.25,2.88,3,2.38,2.88,3,2.25,3,2.87,2.4,2.88,3,2.35,2.9,3,52,2.74,2.41,3,2.87,3.15,2.95,29,2.15,1.97,1.85,1.74,18,0,1.88,1.83,2.05,1.99
I1,05/02/06,Sampdoria,Treviso,1,1,D,1,0,H,P. Bertini,10,11,4,5,20,37,4,6,2,2,0,0,1.44,4,7.5,1.42,3.8,7.65,1.44,3.6,8,1.45,3.6,7,1.4,3.75,7,1.4,3.8,8,1.4,3.6,7.5,1.44,3.6,7.5,1.4,3.75,8,52,1.54,1.43,4,3.68,9.5,7.68,29,2,1.87,1.93,1.84,19,-1,2.05,1.92,1.95,1.89
I1,08/02/06,Ascoli,Livorno,0,0,D,0,0,D,S. Farina,8,3,6,1,15,18,6,0,0,1,0,0,2.4,2.87,3.2,2.37,2.8,3.15,2.4,2.85,3,2.55,2.85,2.8,2.2,3,3,2.38,2.88,3,2.37,2.9,2.8,2.38,3,2.88,2.5,2.75,2.75,51,2.5,2.32,3.17,2.89,3.76,3.12,33,2.3,2.11,1.72,1.64,22,-0.25,1.98,1.94,1.99,1.91
I1,08/02/06,Chievo,Sampdoria,1,1,D,0,1,A,E. Morganti,13,8,6,5,25,18,5,7,1,4,0,1,2.3,3,3.25,2.35,2.85,3.1,2.2,3,3.2,2.3,2.8,3.1,2.1,3,3.2,2.2,3,3.2,2.1,3,3.2,2.1,3,3.4,2.1,3,3.2,51,2.47,2.23,3.2,2.96,3.54,3.22,33,2.2,2.02,1.8,1.7,22,-0.25,2.05,2,1.93,1.85
I1,08/02/06,Fiorentina,Inter,2,1,H,1,0,H,M. Trefoloni,9,10,5,4,22,20,4,7,2,2,0,0,3,3,2.4,3,2.95,2.35,2.95,2.95,2.35,2.9,2.8,2.5,2.8,2.88,2.38,3,3,2.4,2.75,2.9,2.4,2.75,3,2.5,2.7,3.1,2.3,51,3.25,2.91,3.29,2.97,2.68,2.4,36,2.1,1.94,1.95,1.78,22,0.25,1.8,1.74,2.22,2.12
I1,08/02/06,Juventus,Parma,1,1,D,1,1,D,L. Palanca,12,5,5,2,48,20,10,0,0,2,0,0,1.16,6.5,15,1.15,6.5,13.75,1.17,6,13,1.2,5,12,1.14,6,12,1.17,6.5,15,1.14,6,12,1.1,7,21,1.17,5.5,12,51,1.24,1.16,7.2,6.06,21,14.31,33,1.75,1.66,2.25,2.08,21,-1.75,2.08,2.03,1.85,1.82
I1,08/02/06,Lecce,Empoli,1,2,A,0,2,A,M. Bergonzi,13,10,5,5,28,22,3,1,2,2,1,0,2.1,3,3.75,2.1,3.05,3.4,2.15,2.9,3.4,2.2,2.9,3.2,2.2,3,3,2.2,2.88,3.4,2.2,2.87,3.1,2.1,3,3.4,2.2,2.9,3.1,51,2.23,2.08,3.3,2.99,4.09,3.5,33,2.2,2.02,1.8,1.71,22,-0.25,1.8,1.76,2.17,2.11
I1,08/02/06,Messina,Siena,0,0,D,0,0,D,A. Giannoccaro,10,5,6,2,15,20,0,7,0,0,0,0,2.1,3,3.75,2.05,2.9,3.75,2.15,2.9,3.5,2.1,2.7,3.7,2.1,3,3.2,2.2,2.88,3.4,2.15,2.9,3.2,2,3,3.75,2.1,2.9,3.25,51,2.3,2.12,3.1,2.9,4.2,3.55,33,2.3,2.09,1.75,1.65,22,-0.25,1.91,1.85,2.05,2
I1,08/02/06,Milan,Treviso,5,0,H,1,0,H,N. Stefanini,15,3,11,2,13,15,6,2,0,2,0,0,1.16,6,19,1.17,5.7,14.5,1.15,6,15,1.17,5.4,13,1.14,6,12,1.15,6,15,1.11,6.5,15,1.14,6,17,1.15,5.5,11,51,1.25,1.17,6.85,5.9,18.5,14.37,33,1.77,1.67,2.25,2.07,21,-1.75,2.12,2.07,1.85,1.81
I1,08/02/06,Palermo,Lazio,3,1,H,1,0,H,G. Rocchi,8,8,5,2,26,14,2,5,3,2,0,1,2.2,2.87,3.6,2.15,2.9,3.45,2.25,2.9,3.2,2.3,2.8,3.1,2.25,2.88,3,2.25,2.9,3.2,2.3,2.9,2.9,2,3,3.75,2.25,2.9,3,51,2.2,2.07,3.15,2.94,4.55,3.62,33,2.15,1.98,1.86,1.74,22,-0.25,1.76,1.74,2.21,2.13
I1,08/02/06,Roma,Cagliari,4,3,H,2,2,D,O. Girardi,19,6,12,5,24,21,7,1,2,3,1,1,1.4,4.33,7.5,1.35,4.1,8.75,1.37,4,8,1.37,3.8,8,1.4,3.75,7,1.36,4,8.5,1.33,4,8,1.33,4.33,8.5,1.33,4,8,51,1.6,1.42,4.2,3.83,11,7.46,32,1.8,1.7,2.2,2.05,20,-1,2.15,2.07,1.85,1.77
I1,08/02/06,Udinese,Reggina,1,2,A,1,1,D,P. Mazzoleni,14,7,3,4,18,21,5,4,0,3,0,0,1.72,3.1,5.5,1.7,3.15,5.2,1.77,3,5,1.85,3,4.2,1.73,2.88,5,1.75,3.1,4.75,1.8,2.9,4.5,1.7,3.2,5,1.75,2.9,5,51,1.8,1.72,3.4,3.09,6.65,5.11,33,2.3,2.05,1.75,1.68,21,-0.5,1.76,1.72,2.21,2.12
I1,11/02/06,Lazio,Udinese,1,1,D,1,1,D,A. De Marco,9,8,3,4,20,28,4,4,1,2,0,0,1.9,3,4.5,1.91,3,4.15,1.85,3,4.4,1.9,2.9,4.1,1.8,2.88,4.5,1.91,3.1,4.2,1.83,3,4,1.7,3.2,5,1.8,3.1,4.5,53,2.05,1.9,3.2,3.02,4.93,4.17,38,2.15,1.99,1.8,1.74,21,-0.5,2.15,2.05,1.85,1.8
I1,11/02/06,Treviso,Chievo,1,2,A,0,1,A,T. Pieri,14,14,9,7,20,17,5,4,0,2,0,0,3,2.87,2.5,3,2.85,2.4,2.9,2.95,2.4,2.65,2.8,2.65,2.75,3,2.38,3,3,2.4,2.62,2.9,2.5,2.75,3,2.5,2.8,2.9,2.5,53,3.05,2.85,3.15,2.92,2.7,2.47,35,2.35,2.1,1.7,1.65,20,0,2.13,2,1.86,1.82
I1,12/02/06,Cagliari,Lecce,0,0,D,0,0,D,G. Rocchi,5,11,2,7,17,21,4,4,3,2,0,1,1.61,3.4,6,1.65,3.25,5.4,1.65,3.2,5.5,1.7,3.2,4.7,1.62,3.25,5,1.67,3.1,5.5,1.66,3.1,5,1.62,3.25,5.75,1.6,3.2,6,53,1.65,1.57,3.6,3.36,7.75,6.04,36,1.89,1.8,2.17,1.93,19,-1,2,1.96,1.96,1.88
I1,12/02/06,Empoli,Palermo,0,1,A,0,0,D,S. Farina,7,8,3,3,25,26,4,3,3,2,0,1,2.87,2.87,2.6,2.75,2.8,2.65,2.65,2.9,2.65,2.65,2.8,2.65,2.5,2.88,2.62,2.7,2.88,2.6,2.6,2.8,2.6,2.5,3,2.75,2.5,2.9,2.8,52,3.06,2.73,3.01,2.88,2.75,2.61,34,2,1.87,2.01,1.85,20,0,2.15,2.02,1.85,1.8
I1,12/02/06,Inter,Juventus,1,2,A,0,0,D,G. Paparesta,12,7,7,4,27,27,10,4,2,3,0,0,2.5,2.75,3.2,2.45,2.9,2.9,2.55,2.85,2.8,2.6,2.8,2.8,2.5,2.8,2.75,2.5,2.88,3,2.4,2.87,2.8,2.5,2.88,2.88,2.6,2.8,2.75,53,2.6,2.46,3.2,2.87,3.35,2.94,39,2.2,2.02,1.82,1.71,20,0,1.8,1.73,2.27,2.1
I1,12/02/06,Livorno,Fiorentina,2,0,H,0,0,D,M. De Santis,7,12,3,2,21,21,5,5,1,2,0,1,2.87,3,2.5,2.8,2.85,2.55,2.75,2.85,2.55,2.65,2.8,2.65,2.5,2.75,2.8,2.8,2.9,2.62,2.62,2.9,2.5,2.6,3,2.6,2.6,3,2.6,50,3.15,2.78,3,2.86,2.75,2.57,34,2.21,2.06,1.75,1.68,18,0,2.05,1.96,1.94,1.85
I1,12/02/06,Parma,Ascoli,0,0,D,0,0,D,M. Saccani,5,10,2,7,25,35,2,3,2,4,0,0,1.9,3,4.5,1.85,3,4.45,1.9,3,4.2,1.9,2.8,4.3,1.83,2.88,4.33,1.91,3,4.2,1.9,3,3.75,1.8,3.2,4.33,1.85,3,4.35,52,2,1.87,3.2,3,5.2,4.3,36,2.2,2.06,1.71,1.67,20,-0.5,2.05,1.94,1.95,1.91
I1,12/02/06,Reggina,Milan,1,4,A,1,2,A,D. Tombolini,8,13,4,7,12,22,7,2,2,3,0,0,6,3.2,1.66,5.7,3.15,1.65,5.5,3.2,1.65,4.7,3.2,1.7,5,3.1,1.67,5.5,3.3,1.67,4.5,3.1,1.72,5.25,3.25,1.67,5.5,3.25,1.6,53,7.26,5.84,3.55,3.32,1.71,1.6,36,1.97,1.83,2,1.89,20,1,1.88,1.83,2.11,2.03
I1,12/02/06,Sampdoria,Messina,4,2,H,1,1,D,P. Tagliavento,23,18,11,8,27,30,6,4,3,2,0,1,1.72,3.1,5.5,1.72,3,5.5,1.7,3.1,5.25,1.75,3,4.5,1.73,2.88,5,1.7,3.2,5,1.7,3,5,1.57,3.4,6,1.65,3.1,5.5,53,1.78,1.68,3.4,3.17,6.25,5.29,36,2.11,1.97,1.85,1.76,19,-0.75,2.02,1.98,1.92,1.89
I1,12/02/06,Siena,Roma,0,2,A,0,0,D,N. Ayroldi,14,14,6,6,31,13,6,2,5,2,0,0,3.75,3,2.1,3.75,2.9,2.05,3.75,3,2,3.6,3,2,3.5,3.2,1.91,4,3.1,1.91,3.75,3,1.9,4,3.1,1.91,4,3,1.9,53,4.4,3.87,3.2,3.03,2.15,1.96,35,1.88,1.79,2.06,1.94,19,0.5,1.93,1.84,2.05,2.01
I1,18/02/06,Livorno,Inter,0,0,D,0,0,D,P. Bertini,6,10,2,3,16,16,4,6,1,3,0,0,4,3.2,1.9,4,3.1,1.9,3.8,3,2,3.7,2.9,2,3.75,3,1.91,3.75,3.1,1.95,3.6,3,1.95,3.5,3,2.1,3.75,3,2,52,4,3.72,3.1,3.03,2.23,2,33,2.17,2.03,1.78,1.71,21,0.5,1.75,1.7,2.25,2.15
I1,18/02/06,Messina,Juventus,2,2,D,1,1,D,S. Farina,10,13,5,6,34,25,7,2,2,3,0,1,7,3.4,1.57,7,3.25,1.55,7,3.25,1.55,5.2,3.4,1.6,7,3.2,1.5,7,3.65,1.5,5.5,3.5,1.53,7,3.5,1.5,6.5,3.5,1.5,51,7.2,6.48,3.6,3.3,1.74,1.56,32,2.15,1.96,1.85,1.77,18,0.75,2.02,1.87,2.05,1.99
I1,18/02/06,Milan,Cagliari,1,0,H,1,0,H,E. Morganti,10,2,5,0,20,18,11,6,0,3,0,0,1.22,5.5,13,1.18,5.5,15,1.2,5.5,13,1.22,4.8,11,1.17,5.5,12,1.22,5.5,12,1.2,5,11,1.14,6.5,15,1.2,5.5,11,52,1.24,1.21,6.5,5.38,16,12.59,36,1.65,1.58,2.35,2.24,19,-1.5,1.97,1.88,1.98,1.95
I1,19/02/06,Chievo,Palermo,0,0,D,0,0,D,C. Brighi,4,12,2,1,15,20,7,5,2,4,0,0,2.2,2.87,3.6,2.25,2.8,3.35,2.2,2.85,3.4,2.2,2.9,3.2,2,3,3.5,2.2,2.75,3.5,2.05,2.9,3.4,2,3,3.75,2.1,2.9,3.6,50,2.4,2.17,3.1,2.9,3.8,3.42,30,2.1,1.98,1.83,1.73,20,-0.25,1.93,1.88,2,1.97
I1,19/02/06,Fiorentina,Lazio,1,2,A,0,1,A,P. Tagliavento,18,6,7,3,18,27,5,2,1,1,0,0,1.66,3.2,6,1.63,3.2,5.75,1.67,3.2,5.5,1.7,3.2,4.7,1.57,3.1,6,1.62,3.4,5.75,1.57,3.3,5.5,1.57,3.4,6,1.6,3.25,5.5,51,1.73,1.63,3.46,3.25,6.55,5.62,30,2.07,1.94,1.86,1.78,19,-0.75,2,1.95,1.92,1.9
I1,19/02/06,Lecce,Reggina,0,0,D,0,0,D,A. De Marco,8,10,3,3,30,27,2,4,5,3,0,0,2.37,3,3.1,2.35,3,2.95,2.35,2.9,3,2.4,2.9,2.9,2.38,3,2.75,2.4,2.8,3.05,2.3,2.9,2.9,2.1,3,3.4,2.35,3.1,2.8,50,2.45,2.34,3.2,2.96,3.4,3,30,2.1,1.98,1.85,1.75,19,-0.25,2.07,2.05,1.87,1.82
I1,19/02/06,Roma,Empoli,1,0,H,1,0,H,D. Messina,10,6,6,3,15,19,6,5,1,3,0,0,1.33,4.5,9.5,1.33,4.25,9,1.33,4.25,9,1.3,4.4,8.5,1.25,4.5,10,1.3,4.5,9,1.25,4.5,10,1.25,5,10,1.22,5,11,51,1.39,1.3,5,4.49,11,9.51,30,1.75,1.62,2.25,2.13,19,-1.25,1.93,1.87,2.05,1.98
I1,19/02/06,Sampdoria,Ascoli,1,2,A,0,0,D,G. Rocchi,8,15,4,8,25,23,4,2,2,3,1,0,1.66,3.2,6,1.65,3.1,6,1.65,3.1,6,1.65,3.3,4.9,1.62,3,6,1.53,3.5,6,1.57,3.3,5.5,1.53,3.4,6.5,1.6,3.1,6,51,1.67,1.61,3.5,3.22,7,5.96,30,2.02,1.91,1.9,1.8,19,-0.75,1.92,1.89,2.01,1.96
I1,19/02/06,Treviso,Parma,0,1,A,0,1,A,A. Romeo,13,6,5,3,18,26,10,1,3,2,0,0,2.6,2.87,2.87,2.45,3,2.8,2.5,2.8,2.9,2.5,2.8,2.9,2.5,2.8,2.75,2.4,3.05,2.8,2.5,2.9,2.62,2.38,2.88,3,2.4,3,2.75,51,2.75,2.5,3.1,2.93,3,2.79,30,2.2,2.06,1.75,1.67,20,0,1.88,1.81,2.08,1.99
I1,19/02/06,Udinese,Siena,1,2,A,1,2,A,P. Rodomonti,13,10,5,3,12,12,6,2,2,4,1,0,1.83,3.1,4.75,1.88,2.9,4.5,1.85,3.05,4.33,1.9,2.9,4.1,1.8,3.2,4,1.85,3.2,4,1.9,2.87,4,1.83,3.25,4,1.85,2.9,4.5,51,1.92,1.85,3.35,3.06,4.85,4.27,30,2.1,1.98,1.85,1.73,20,-0.5,1.9,1.85,2.06,1.98
I1,25/02/06,Parma,Fiorentina,2,4,A,2,2,D,G. Paparesta,11,14,7,6,30,24,4,7,4,0,0,0,3,2.87,2.5,3.05,2.9,2.35,3,2.9,2.35,3,2.8,2.4,2.8,2.88,2.38,3.1,2.9,2.4,2.8,2.9,2.37,2.88,2.88,2.5,2.8,3,2.4,51,3.3,2.97,3,2.9,2.63,2.41,36,2.2,2.04,1.8,1.7,21,0,2.15,2.05,1.82,1.76
I1,25/02/06,Reggina,Livorno,1,1,D,0,0,D,N. Rizzoli,12,7,7,5,22,17,9,7,4,3,0,0,2.5,2.87,3,2.4,2.8,3.1,2.4,2.8,3,2.4,2.7,3.1,2.38,2.88,2.8,2.5,2.88,3,2.5,2.75,2.8,2.38,2.88,3,2.35,2.8,3.1,51,2.6,2.44,2.98,2.85,3.25,2.96,33,2.29,2.11,1.72,1.65,21,-0.25,2.12,2.09,1.82,1.77
I1,26/02/06,Ascoli,Messina,1,0,H,0,0,D,M. De Santis,15,11,7,4,14,25,8,2,1,3,0,0,2.1,2.8,4,2.2,2.7,3.65,2.2,2.8,3.4,2.1,2.8,3.5,2,2.8,3.75,2.2,2.8,3.5,2.05,2.7,3.75,2.1,2.8,3.75,2,2.8,4,50,2.25,2.12,3,2.78,4.3,3.74,32,2.3,2.11,1.7,1.64,20,-0.25,1.87,1.83,2.05,2.02
I1,26/02/06,Cagliari,Chievo,2,2,D,1,0,H,S. Farina,5,9,2,3,19,25,6,7,4,2,1,0,2.4,2.87,3.2,2.3,2.9,3.15,2.4,2.8,3,2.3,2.8,3.1,2.25,2.88,3,2.4,2.88,3,2.3,2.9,2.9,2.25,2.88,3.25,2.2,2.9,3.2,50,2.45,2.31,3.05,2.88,3.5,3.13,32,2.2,2.02,1.75,1.7,19,-0.25,1.95,1.92,1.96,1.92
I1,26/02/06,Empoli,Treviso,1,1,D,0,0,D,P. Tagliavento,7,6,4,3,20,26,4,1,3,4,0,1,1.83,3,5,1.75,3.1,4.9,1.85,3,4.4,1.8,3.1,4.2,1.8,3.2,4,1.8,3.1,4.5,1.72,3.25,4.2,1.8,3.2,4.33,1.8,3.1,4.35,50,1.9,1.79,3.3,3.12,5.25,4.55,32,2.2,2,1.8,1.71,19,-0.5,1.91,1.86,2.01,1.98
I1,26/02/06,Inter,Udinese,3,1,H,1,0,H,P. Dondarini,15,10,7,4,20,19,4,1,0,2,1,1,1.36,4.33,9,1.35,4.25,8.2,1.36,4,9,1.35,4,8,1.29,4.5,8,1.36,4.33,8.5,1.28,4.5,8,1.33,4.33,8.5,1.3,4.35,8.5,50,1.44,1.35,4.65,4.24,10.4,8.52,32,1.8,1.71,2.2,1.99,19,-1,1.88,1.84,2.07,1.99
I1,26/02/06,Juventus,Lecce,3,1,H,2,1,H,P. Rodomonti,13,5,7,3,21,18,8,3,3,2,0,1,1.16,6.5,15,1.13,6.7,16,1.12,6.5,18,1.15,5.7,14,1.1,6.5,17,1.14,6.5,19,1.11,6.5,15,1.11,6.5,21,1.14,6.5,13,50,1.18,1.13,7.5,6.53,21,16.66,34,1.7,1.62,2.3,2.17,19,-1.75,1.98,1.94,1.95,1.92
I1,26/02/06,Lazio,Roma,0,2,A,0,1,A,M. Trefoloni,10,6,2,3,12,24,7,3,2,5,0,0,2.6,2.87,2.87,2.55,2.85,2.8,2.6,2.8,2.8,2.7,2.8,2.7,2.75,2.75,2.5,2.7,2.88,2.75,2.6,2.8,2.6,2.75,2.88,2.62,2.6,2.9,2.7,50,2.85,2.63,3,2.85,2.96,2.72,35,2.14,2,1.8,1.72,20,0,1.92,1.86,2.05,1.95
I1,26/02/06,Palermo,Milan,0,2,A,0,0,D,T. Pieri,12,9,3,4,16,26,8,3,3,3,0,1,4,2.8,2.1,3.7,3.05,2,3.4,3,2.1,3.6,3,2,3.4,3,2,3.6,3.1,2.1,3.6,3,1.95,3.6,3.1,2,4,3,1.9,50,4,3.54,3.2,3.01,2.4,2.06,32,1.97,1.86,1.95,1.86,20,0.5,1.81,1.74,2.18,2.13
I1,26/02/06,Siena,Sampdoria,1,0,H,0,0,D,S. Racalbuto,12,14,5,6,12,16,5,8,1,3,0,1,2.6,2.87,2.87,2.45,2.8,3,2.4,2.85,3,2.5,2.9,2.8,2.38,2.88,2.8,2.5,2.88,2.88,2.4,2.8,2.87,2.2,2.88,3.4,2.25,2.9,3.1,50,2.63,2.44,3,2.86,3.4,2.94,32,2.2,2.02,1.75,1.69,19,0,1.78,1.75,2.21,2.05
I1,04/03/06,Milan,Empoli,3,0,H,0,0,D,P. Dondarini,17,4,8,0,8,13,6,3,1,0,0,0,1.2,5.5,17,1.17,5.75,15,1.17,5.5,16,1.2,5,12,1.14,5.5,15,1.17,6,17,1.14,5.5,15,1.11,6.75,19,1.17,6,10,47,1.23,1.17,6.4,5.66,18,14.38,32,1.71,1.64,2.2,2.1,19,-1.5,2.05,1.95,2,1.88
I1,04/03/06,Sampdoria,Juventus,0,1,A,0,0,D,M. Trefoloni,4,11,2,4,26,18,10,5,2,0,0,0,4.1,3,2,4.35,3,1.87,4,3,1.95,3.7,2.9,2,4,3,1.83,4,3,2,4,2.87,1.9,4.33,3.1,1.83,4,3,1.9,47,4.3,3.85,3.1,2.94,2.25,2,35,2.15,1.97,1.83,1.76,19,0.25,1.93,1.91,1.98,1.96
I1,05/03/06,Chievo,Lazio,2,2,D,2,1,H,P. Mazzoleni,8,11,4,5,21,26,6,5,2,2,0,0,2.3,2.87,3.4,2.3,2.75,3.35,2.3,2.8,3.25,2.2,2.8,3.3,2.1,2.8,3.5,2.3,2.9,3.1,2.2,2.87,3.1,2.1,2.8,3.75,2.25,2.9,3,46,2.4,2.25,2.97,2.83,3.75,3.29,30,2.2,2.04,1.72,1.68,20,-0.25,2.05,2,1.93,1.85
I1,05/03/06,Fiorentina,Siena,2,1,H,1,1,D,D. Messina,10,11,6,5,20,21,5,3,3,2,0,0,1.53,3.75,6.5,1.47,3.55,7.25,1.5,3.5,6.75,1.5,3.6,6,1.4,3.5,8,1.53,3.6,6.5,1.5,3.3,6.5,1.44,3.75,7.5,1.45,3.6,6.5,46,1.61,1.49,3.83,3.6,8,6.67,30,1.9,1.82,2.02,1.9,20,-1,2.08,2,1.85,1.81
I1,05/03/06,Lecce,Palermo,2,0,H,0,0,D,L. Banti,11,6,5,3,18,17,2,7,2,2,0,0,3.1,3,2.4,3.15,3.05,2.2,3.1,2.9,2.3,2.9,2.9,2.4,3,2.88,2.25,3,2.88,2.38,3.1,2.8,2.25,3.5,3,2.1,2.9,3,2.25,46,3.5,3.1,3.15,2.93,2.4,2.29,30,2.2,1.99,1.8,1.72,20,0.25,1.84,1.78,2.14,2.09
I1,05/03/06,Livorno,Cagliari,0,1,A,0,0,D,M. Saccani,10,5,4,3,20,15,10,1,1,4,0,0,1.72,3.2,5.5,1.7,3.1,5.35,1.7,3.1,5.25,1.75,3.2,4.3,1.67,3,5.5,1.7,3.1,5.25,1.66,3.1,5,1.7,3.2,5,1.7,2.9,5.5,47,1.8,1.71,3.2,3.1,5.8,5.19,30,2.12,1.99,1.8,1.73,19,-0.5,1.86,1.78,2.1,2.04
I1,05/03/06,Messina,Parma,0,1,A,0,0,D,P. Bertini,20,9,9,5,11,11,13,8,1,4,0,0,2.2,2.9,3.6,2.2,2.8,3.5,2.2,2.8,3.5,2.2,2.8,3.3,2.2,2.75,3.25,2.25,2.8,3.3,2.15,2.8,3.3,2.15,2.75,3.75,2.2,2.8,3.25,46,2.27,2.18,2.95,2.81,3.95,3.5,30,2.2,2.06,1.8,1.67,19,-0.25,1.95,1.92,1.97,1.93
I1,05/03/06,Roma,Inter,1,1,D,1,0,H,T. Pieri,9,11,3,5,23,21,2,10,2,2,0,0,2.6,3,2.8,2.6,2.85,2.75,2.6,2.9,2.7,2.6,2.8,2.8,2.38,3,2.75,2.6,2.88,2.88,2.37,2.8,2.9,2.5,2.88,2.88,2.4,3,2.75,47,2.7,2.55,3.1,2.89,3,2.77,33,2.1,1.97,1.82,1.75,20,0,1.89,1.83,2.07,1.98
I1,05/03/06,Treviso,Reggina,0,1,A,0,0,D,G. Paparesta,12,6,5,3,27,23,4,3,5,2,0,0,2.5,3,2.9,2.7,2.8,2.7,2.6,2.85,2.75,2.6,2.8,2.8,2.5,3,2.6,2.6,2.88,2.7,2.6,2.8,2.6,2.6,2.88,2.75,2.4,2.8,2.9,46,2.7,2.55,3.1,2.88,3.05,2.77,30,2.2,2.08,1.71,1.66,20,0,1.81,1.76,2.14,2.05
I1,05/03/06,Udinese,Ascoli,1,1,D,0,0,D,R. Rosetti,11,9,3,3,32,23,3,7,3,1,0,1,1.8,3.2,4.75,1.8,3,4.75,1.8,3.1,4.5,1.8,3,4.4,1.83,3,4,1.85,3.1,4.2,1.9,2.87,4,1.83,3,4.5,1.85,2.9,4.35,47,1.9,1.82,3.25,3.06,5.75,4.47,30,2.16,2.01,1.8,1.73,19,-0.5,1.9,1.84,2.06,1.99
I1,11/03/06,Inter,Sampdoria,1,0,H,1,0,H,N. Rizzoli,15,6,6,2,16,10,4,8,2,1,0,0,1.44,4,7.5,1.45,3.65,7.4,1.42,3.75,8,1.45,3.6,7,1.33,3.75,9,1.4,4,8.5,1.4,3.6,7.5,1.4,3.8,8,1.35,4,8,48,1.55,1.43,4,3.77,8.9,7.67,33,1.94,1.82,1.98,1.91,19,-1,2,1.95,1.95,1.9
I1,11/03/06,Siena,Treviso,1,0,H,0,0,D,A. Dattilo,8,7,5,4,24,20,7,6,4,2,0,0,1.66,3.2,6,1.65,3.2,5.5,1.6,3.25,6,1.5,3.5,6.3,1.53,3.25,6,1.53,3.4,6.5,1.57,3.3,5.5,1.53,3.4,6.5,1.55,3.4,6,48,1.67,1.59,3.8,3.34,6.75,6.01,31,2.15,2.04,1.75,1.69,20,-0.75,1.95,1.9,2,1.96
I1,12/03/06,Ascoli,Roma,3,2,H,3,0,H,P. Bertini,12,18,8,8,20,18,4,10,3,1,0,1,4,3,2,4,3,1.95,3.8,3,2,3.5,2.8,2.1,4,3.2,1.8,4,3,2,4,3,1.83,3.8,3.2,1.91,4.35,3,1.8,47,4.45,3.88,3.25,3.01,2.12,1.96,30,2.2,2.06,1.75,1.67,19,0.5,1.83,1.77,2.13,2.09
I1,12/03/06,Empoli,Chievo,2,1,H,0,0,D,A. De Marco,10,6,4,2,22,18,8,7,4,3,0,0,2.75,2.87,2.75,2.75,2.8,2.65,2.65,2.9,2.65,2.6,2.8,2.8,2.75,2.8,2.5,2.62,2.88,2.7,2.75,2.8,2.5,2.62,3,2.62,2.5,3,2.75,47,2.8,2.65,3.15,2.89,2.82,2.66,30,2.15,2,1.83,1.73,18,0,1.9,1.87,2.03,1.95
I1,12/03/06,Juventus,Milan,0,0,D,0,0,D,M. De Santis,8,6,3,2,24,15,3,3,1,3,0,1,2.3,2.75,3.6,2.2,2.9,3.6,2.3,2.85,3.3,2.3,2.8,3.1,2.1,3,3.2,2.2,3,3.4,2.1,2.87,3.3,2.15,2.88,3.5,2.2,2.9,3.1,45,2.41,2.23,3,2.87,3.65,3.34,32,2.19,2.03,1.8,1.7,18,-0.25,2.06,2.02,1.88,1.83
I1,12/03/06,Lazio,Reggina,3,1,H,2,0,H,N. Stefanini,10,4,6,3,23,23,7,2,3,4,0,0,1.66,3.2,6,1.67,3.05,5.85,1.7,3,5.5,1.75,3,4.7,1.67,2.88,5.5,1.7,3.1,5.25,1.66,3.1,5,1.62,3.2,6,1.6,3.1,5.5,47,1.75,1.68,3.35,3.14,6.5,5.51,30,2.12,2.03,1.75,1.7,18,-0.5,1.75,1.74,2.15,2.11
I1,12/03/06,Messina,Lecce,2,1,H,1,1,D,S. Racalbuto,15,6,7,3,20,24,8,3,5,3,0,0,1.9,3,4.5,1.83,3.05,4.5,1.8,3,4.75,1.8,3.1,4.2,1.8,3.2,4,1.83,3.1,4.33,1.8,2.9,4.5,1.83,3,4.5,1.8,3,4.35,47,1.92,1.82,3.25,3.04,5.1,4.48,30,2.2,2.09,1.7,1.66,18,-0.5,1.93,1.89,1.98,1.95
I1,12/03/06,Palermo,Udinese,2,0,H,0,0,D,S. Farina,6,6,3,5,14,22,2,3,3,2,0,0,1.9,3,4.5,1.9,3,4.2,1.9,3,4.25,1.9,2.8,4.3,1.91,3.2,3.5,1.91,3.1,4,1.9,3,3.75,1.83,3.2,4.2,1.9,2.9,4.35,47,2.09,1.89,3.2,2.99,4.75,4.25,30,2.14,1.97,1.85,1.76,18,-0.5,2.05,2.02,1.89,1.85
I1,12/03/06,Parma,Livorno,2,1,H,1,1,D,G. Paparesta,6,16,5,9,27,13,1,6,4,2,0,0,2.3,2.87,3.4,2.3,2.85,3.2,2.35,2.8,3.2,2.4,2.6,3.3,2.2,2.8,3.2,2.3,2.8,3.2,2.25,2.75,3.2,2.25,2.88,3.25,2.3,2.8,3.25,47,2.52,2.33,3,2.8,3.6,3.19,30,2.3,2.12,1.7,1.64,18,-0.25,2.13,2.06,1.83,1.8
I1,18/03/06,Livorno,Juventus,1,3,A,0,1,A,P. Dondarini,5,7,3,3,26,25,2,4,2,1,0,0,5,3,1.83,5.3,2.95,1.75,4.75,3,1.8,4.8,2.8,1.8,5,3.1,1.67,5,3.1,1.8,5,3,1.7,4.75,3,1.8,5.5,3.1,1.65,49,6,4.96,3.2,2.99,2.1,1.79,33,2.18,2.03,1.8,1.71,18,0.5,2.04,1.99,1.9,1.86
I1,18/03/06,Treviso,Cagliari,1,2,A,1,1,D,A. Giannoccaro,8,7,3,4,27,21,0,5,3,3,0,1,3.25,3,2.3,2.95,3.05,2.3,2.95,2.9,2.4,3.3,3,2,2.88,3,2.25,3,3,2.4,2.8,3,2.3,3.2,3,2.2,3,3,2.3,48,3.39,2.98,3.1,2.97,2.5,2.34,30,2.42,2.14,1.71,1.63,17,0.25,1.92,1.87,2.03,1.98
I1,19/03/06,Chievo,Siena,4,1,H,1,1,D,L. Palanca,13,7,8,4,14,20,6,5,2,3,0,2,2,2.87,4.33,1.95,2.9,4.15,2,2.85,4,1.9,2.8,4.3,1.91,2.75,4.33,2,2.88,4,1.9,2.87,4,1.8,3,4.75,1.9,3.1,4,47,2.1,1.95,3.1,2.92,4.75,4.14,29,2.25,2.01,1.8,1.72,18,-0.5,2.1,2.06,1.83,1.79
I1,19/03/06,Fiorentina,Ascoli,3,1,H,0,1,A,M. Saccani,16,7,9,3,16,21,6,2,1,3,0,1,1.44,3.75,8.5,1.45,3.55,7.9,1.45,3.75,7.5,1.45,3.6,7,1.44,3.6,6.5,1.5,3.6,6.5,1.4,3.5,8,1.4,4,7.5,1.45,3.6,7.5,47,1.56,1.46,4,3.66,8.5,7.18,29,2.07,1.93,1.87,1.79,18,-1,2.13,2.01,1.85,1.8
I1,19/03/06,Inter,Lazio,3,1,H,1,0,H,T. Pieri,21,8,10,6,18,8,14,6,2,1,0,0,1.5,3.6,7.5,1.5,3.5,6.85,1.5,3.5,7,1.6,3.5,5,1.5,3.4,6.5,1.53,3.5,7,1.44,3.5,7,1.44,3.7,7.5,1.45,3.75,7,47,1.6,1.5,3.8,3.58,8,6.79,32,2.05,1.94,1.9,1.79,17,-1,2.1,2.04,1.82,1.78
I1,19/03/06,Lecce,Parma,1,2,A,0,0,D,N. Rizzoli,16,11,10,5,15,22,8,3,2,4,0,0,2.4,3,3,2.25,3.1,3,2.35,3,2.9,2.5,2.8,2.9,2.38,3,2.75,2.38,3,2.88,2.4,2.9,2.75,2.38,3,2.88,2.5,3,2.75,47,2.63,2.41,3.1,2.99,3.1,2.86,29,2.2,1.99,1.8,1.73,17,0,1.8,1.75,2.15,2.04
I1,19/03/06,Reggina,Empoli,0,2,A,0,0,D,S. Farina,8,10,3,5,24,19,6,3,4,2,1,0,2,3,4,1.83,3,4.6,1.9,2.9,4.3,1.85,2.9,4.4,1.8,3,4.33,1.91,3,4.2,1.8,3,4.2,1.83,3,4.5,1.9,2.9,4.35,47,2,1.88,3.1,2.99,5,4.32,29,2.12,2.01,1.8,1.71,17,-0.5,2,1.95,1.94,1.89
I1,19/03/06,Roma,Messina,2,1,H,1,0,H,M. Bergonzi,17,7,7,6,14,29,11,4,1,3,0,1,1.5,3.6,7.5,1.45,3.65,7.5,1.45,3.75,7.5,1.45,3.6,7,1.36,3.75,8,1.5,3.75,7,1.36,3.75,8,1.5,3.6,6.5,1.4,3.75,8.5,47,1.56,1.45,4,3.68,9,7.33,32,2.05,1.91,1.95,1.82,18,-1,2.08,2,1.85,1.8
I1,19/03/06,Sampdoria,Palermo,0,2,A,0,0,D,N. Ayroldi,15,14,7,7,18,19,7,2,4,3,0,0,2,3,4,2.05,2.9,3.75,2.05,2.9,3.75,2,2.8,3.8,1.91,3,3.75,2.1,2.88,3.6,1.9,3,3.75,1.91,3.1,4,2,3.2,3.5,47,2.17,2.03,3.2,2.93,4.25,3.81,29,2.16,2.01,1.8,1.72,18,-0.25,1.81,1.79,2.13,2.07
I1,19/03/06,Udinese,Milan,0,4,A,0,1,A,M. Trefoloni,6,6,4,4,14,11,4,3,1,0,0,0,5.5,3.4,1.66,5.5,3.2,1.65,5.25,3.2,1.67,4.3,3.2,1.75,4.5,3.25,1.67,5.2,3.25,1.67,4.5,3.2,1.7,4.33,3.2,1.8,5,3.5,1.6,46,5.8,4.99,3.58,3.27,1.8,1.69,30,2.07,1.95,1.86,1.78,17,0.75,1.96,1.91,2,1.95
I1,22/03/06,Cagliari,Fiorentina,0,0,D,0,0,D,M. De Santis,12,13,4,6,17,29,6,4,2,5,0,0,2.87,2.3,3,3.55,2.15,2.85,3.25,2.25,2.7,3.4,2.1,2.7,,,,,,,3,2.37,2.7,3.2,2.38,2.75,,,,14,3.45,3.24,2.38,2.26,2.8,2.68,,,,,,,,,,,
I1,26/03/06,Ascoli,Chievo,2,2,D,1,1,D,A. Dattilo,9,4,4,3,16,22,5,7,1,2,0,0,2.37,2.75,3.4,2.4,2.7,3.2,2.38,2.75,3.25,2.4,2.7,3.1,2.2,2.62,3.5,2.3,2.8,3.25,2.3,2.62,3.2,2.25,2.88,3.25,2.3,2.9,3,50,2.5,2.33,2.9,2.77,3.5,3.22,28,2.2,2.04,1.77,1.68,17,-0.25,2.05,2.03,1.87,1.84
I1,26/03/06,Cagliari,Reggina,0,2,A,0,2,A,D. Messina,14,6,6,2,23,27,6,3,4,5,0,0,1.9,3,4.5,1.9,2.9,4.4,1.9,2.9,4.5,1.85,3,4.2,1.8,2.88,4.5,1.91,3,4.2,1.9,2.87,4,1.8,3,4.75,1.85,2.9,4.5,50,2,1.88,3.14,2.94,5.25,4.41,28,2.2,2.03,1.75,1.69,16,-0.5,2,1.98,1.92,1.89
I1,26/03/06,Empoli,Livorno,2,1,H,1,0,H,E. Morganti,16,8,6,3,18,24,0,4,1,2,0,0,2.4,2.87,3.2,2.55,2.75,2.9,2.5,2.85,2.95,2.5,2.7,3,2.25,2.88,3,2.5,2.8,2.9,2.4,2.75,2.9,2.5,2.88,2.88,2.35,2.8,2.9,50,2.55,2.45,3,2.83,3.35,2.95,27,2.25,2.05,1.75,1.67,17,0,1.78,1.76,2.13,2.04
I1,25/03/06,Juventus,Roma,1,1,D,1,0,H,M. Trefoloni,5,9,3,4,19,20,2,6,1,3,1,0,1.72,3.1,5.5,1.65,3.25,5.4,1.75,3.1,5,1.7,3.2,4.7,1.67,3.1,5,1.75,3.2,5,1.8,3.1,4,1.62,3.25,5.75,1.7,3.25,4.5,50,1.8,1.72,3.35,3.17,5.85,5.07,31,2.2,1.97,1.85,1.76,17,-0.5,1.86,1.82,2.09,2.06
I1,26/03/06,Lazio,Sampdoria,2,0,H,0,0,D,R. Rosetti,11,4,3,1,21,31,6,3,2,6,0,0,1.9,3,4.5,1.95,3.05,3.9,1.95,3,4,1.9,3,4,1.8,3,4.33,1.91,3.1,4.2,1.83,3,4,1.8,3.2,4.33,1.8,2.9,4.5,50,2,1.91,3.2,3.05,4.5,4.03,28,2.15,2.02,1.75,1.7,17,-0.5,2.09,2.03,1.88,1.84
I1,26/03/06,Messina,Udinese,1,1,D,1,1,D,P. Bertini,6,12,4,7,16,23,7,4,1,3,0,0,2.3,2.87,3.4,2.3,2.9,3.15,2.33,2.85,3.2,2.4,2.7,3.1,2.2,2.8,3.2,2.3,2.88,3.2,2.2,2.8,3.2,2.15,2.88,3.5,2.1,2.8,3.4,50,2.45,2.28,3.04,2.87,3.55,3.2,27,2.25,2.06,1.73,1.66,17,-0.25,2.05,2.02,1.88,1.85
I1,25/03/06,Milan,Fiorentina,3,1,H,1,1,D,G. Paparesta,11,6,6,3,16,18,10,2,2,1,0,0,1.61,3.4,6,1.55,3.55,5.85,1.62,3.4,5.5,1.6,3.4,5.2,1.62,3.1,5.5,1.65,3.4,5.5,1.6,3,6,1.53,3.5,6.25,1.53,3.4,6,50,1.67,1.6,3.65,3.41,6.25,5.65,31,1.85,1.79,2.09,1.95,17,-0.75,1.9,1.87,2.05,2
I1,26/03/06,Palermo,Treviso,1,0,H,0,0,D,M. De Santis,8,8,5,3,16,19,4,6,1,1,0,0,1.33,4.5,9.5,1.3,4.5,9.5,1.33,4.3,9,1.35,4,8,1.36,3.75,8,1.33,4.2,9,1.3,4.5,7.5,1.33,4.2,9,1.3,4,9.5,50,1.4,1.33,5,4.19,12,9.09,28,1.9,1.83,2.01,1.9,15,-1.25,1.9,1.88,2.05,1.99
I1,25/03/06,Parma,Inter,1,0,H,1,0,H,P. Tagliavento,11,18,9,9,25,18,2,14,4,4,0,0,4.75,3.1,1.83,4.55,3.05,1.8,4.25,3,1.91,4,3,1.9,4,2.88,1.91,4.5,3,1.91,3.75,3,1.9,3.8,3.2,1.91,3.75,3,1.9,50,4.85,4.25,3.25,3.08,1.95,1.86,29,2.11,1.98,1.85,1.76,18,0.5,1.94,1.9,2,1.96
I1,26/03/06,Siena,Lecce,1,2,A,0,1,A,O. Pantana,11,12,7,4,20,19,6,3,2,5,1,0,1.57,3.4,5.5,1.6,3.4,5.5,1.6,3.4,5.75,1.7,3.2,4.7,1.53,3.25,6,1.62,3.4,5.25,1.53,3.5,5.5,1.53,3.4,6.5,1.55,3.25,6,50,1.7,1.6,3.75,3.36,6.75,5.67,28,2.1,1.97,1.8,1.74,16,-0.75,1.94,1.88,2.02,1.98
I1,01/04/06,Inter,Messina,3,0,H,3,0,H,P. Rodomonti,13,4,7,0,12,15,6,1,0,1,0,0,1.33,4.5,9.5,1.26,4.6,11.75,1.3,4.5,9,1.3,4.4,8.5,1.25,4.5,10,1.25,5,12,1.25,4.5,10,1.29,4.5,10,1.28,4.5,10,50,1.35,1.29,4.83,4.45,12.5,10.1,35,1.87,1.77,2.11,1.97,18,-1.25,1.96,1.94,1.96,1.93
I1,01/04/06,Lecce,Milan,1,0,H,0,0,D,P. Dondarini,12,8,6,5,17,18,6,3,2,1,0,0,6.5,3.6,1.53,5.9,3.8,1.5,6.5,3.5,1.53,5,3.5,1.6,6.5,3.6,1.44,6.5,3.8,1.5,6,3.75,1.44,7,3.8,1.44,6.5,3.7,1.45,50,7.35,6.31,4,3.68,1.63,1.5,33,1.9,1.78,2.03,1.94,20,0.75,2.05,2.02,1.91,1.87
I1,01/04/06,Treviso,Juventus,0,0,D,0,0,D,S. Racalbuto,5,15,1,6,26,17,3,14,3,4,0,0,7.5,4.33,1.4,8,4.3,1.35,8,4.25,1.36,8,4.2,1.33,9,3.75,1.33,9,4.33,1.36,8,4.33,1.3,9,4.2,1.33,8,4.35,1.3,49,10,8.38,4.67,4.19,1.45,1.35,33,2.05,1.88,1.95,1.84,20,1,2.15,2.07,1.83,1.8
I1,02/04/06,Chievo,Livorno,2,1,H,1,1,D,N. Rizzoli,6,6,4,4,20,26,5,1,1,2,1,0,2,2.87,4.33,2.05,2.7,4.2,2.05,2.7,4.2,2,2.8,3.9,1.91,2.75,4.33,2,2.88,4,1.9,2.7,4.33,1.83,3,4.5,1.9,2.9,4,50,2.15,1.99,3,2.83,4.59,4.06,30,2.27,2.06,1.75,1.68,22,-0.25,1.83,1.81,2.13,2.09
I1,02/04/06,Fiorentina,Roma,1,1,D,1,0,H,D. Messina,8,17,5,7,16,24,4,7,3,4,0,0,2.3,3,3.25,2.3,2.9,3.15,2.25,3,3.2,2.3,3,2.9,2.25,2.88,3,2.3,3,3.2,2.2,2.87,3.1,2.1,3,3.5,2.2,3.1,2.9,50,2.4,2.25,3.1,2.94,3.7,3.17,34,2.1,1.94,1.95,1.79,22,-0.25,2.05,1.99,1.93,1.88
I1,02/04/06,Lazio,Empoli,3,3,D,2,1,H,N. Ayroldi,13,4,8,3,20,24,8,4,1,1,0,0,1.61,3.4,6,1.6,3.35,5.75,1.6,3.25,6,1.6,3.4,5.2,1.62,3,6,1.57,3.4,6,1.57,3.3,5.5,1.53,3.4,6.5,1.55,3.25,5.5,50,1.7,1.59,3.5,3.28,7,5.89,30,2.18,2,1.8,1.73,20,-0.75,1.9,1.86,2.08,2.02
I1,02/04/06,Palermo,Ascoli,1,1,D,1,0,H,F. Squillace,5,4,4,2,15,11,1,6,1,2,1,0,1.66,3.4,5.5,1.65,3.15,5.75,1.7,3.1,5.4,1.75,3.1,4.5,1.73,2.88,5,1.7,3.3,4.75,1.66,3.1,5,1.67,3.2,5.5,1.65,3.1,5,50,1.8,1.68,3.39,3.15,6.25,5.29,31,2.11,1.98,1.85,1.74,21,-0.75,2.06,2,1.93,1.87
I1,02/04/06,Reggina,Siena,1,1,D,0,1,A,R. Rosetti,11,5,4,2,8,18,5,7,0,3,0,0,2.3,2.25,4.33,2.3,2.2,4.75,2.6,2,4.5,2.4,1.9,4.5,2.25,2.2,4.5,2.38,2.25,4.2,2.37,2.1,4.33,2.5,2,4.5,,,,40,2.75,2.44,2.3,2.14,5,4.28,20,2.34,2.09,1.75,1.65,11,0,1.62,1.55,2.6,2.45
I1,02/04/06,Sampdoria,Cagliari,1,1,D,1,0,H,M. Saccani,7,5,5,3,25,15,5,1,3,3,0,0,2.1,2.8,4,2,2.85,3.95,2,2.9,4.1,1.85,2.8,4.6,1.91,2.88,4,1.95,2.88,4.2,1.9,2.75,4.2,1.83,3,4.33,2,2.9,3.75,50,2.14,1.96,3.05,2.91,4.7,4.07,30,2.28,2.06,1.75,1.68,21,-0.25,1.88,1.85,2.08,2.05
I1,02/04/06,Udinese,Parma,2,0,H,1,0,H,S. Farina,11,2,4,1,15,26,4,4,4,2,0,0,1.83,3.1,4.75,1.75,3.15,4.65,1.8,3.25,4.15,1.85,3,4.2,1.83,3,4,1.8,3.25,4.2,1.8,3.1,4,1.83,3.25,4,1.75,3.25,4.2,49,1.85,1.8,3.28,3.11,5,4.36,29,2.2,2.04,1.74,1.69,21,-0.5,1.86,1.81,2.18,2.06
I1,08/04/06,Ascoli,Inter,1,2,A,1,0,H,S. Farina,8,14,3,8,18,18,1,3,3,1,0,1,4.75,3.2,1.8,5.35,3.1,1.7,5,3.2,1.7,4.2,3.1,1.8,4.5,2.88,1.8,5.5,3.25,1.7,4.33,3.2,1.72,4.5,3.1,1.8,4.5,3.25,1.75,48,5.75,4.74,3.3,3.16,1.9,1.75,33,2.18,2,1.85,1.73,22,0.5,2,1.95,1.98,1.93
I1,08/04/06,Livorno,Udinese,0,2,A,0,1,A,M. De Santis,12,6,6,4,16,18,3,1,1,0,0,1,2.62,2.62,3.2,2.6,2.65,2.95,2.65,2.55,3,2.6,2.7,2.9,2.4,2.5,3.25,2.62,2.5,3.1,2.6,2.4,3.1,2.62,2.5,3,2.5,2.5,3.2,42,2.9,2.6,2.75,2.56,3.25,3.07,26,2.37,2.11,1.75,1.65,19,0,1.84,1.76,2.1,2.05
I1,09/04/06,Cagliari,Palermo,1,1,D,1,0,H,E. Morganti,11,7,5,3,15,12,2,7,1,2,0,0,2.25,2.8,3.6,2.2,2.75,3.55,2.25,2.7,3.5,2.2,2.7,3.5,2.2,2.62,3.5,2.25,2.62,3.6,2.25,2.62,3.3,2.2,2.75,3.6,2.25,2.7,3.4,44,2.38,2.26,2.84,2.64,4,3.58,25,2.25,2.06,1.75,1.67,16,-0.25,1.93,1.9,1.98,1.95
I1,09/04/06,Empoli,Sampdoria,2,1,H,1,0,H,G. Paparesta,5,12,4,4,22,22,2,5,0,1,0,0,2.4,2.7,3.4,2.4,2.55,3.45,2.25,2.6,3.6,2.2,2.6,3.6,2.25,2.5,3.6,2.38,2.5,3.6,2.37,2.5,3.3,2.25,2.5,3.8,,,,41,2.5,2.36,2.7,2.56,3.8,3.5,23,2.2,2.06,1.7,1.66,13,-0.25,2.1,2.09,1.81,1.79
I1,09/04/06,Juventus,Fiorentina,1,1,D,0,0,D,T. Pieri,15,11,4,5,17,20,10,0,3,3,0,0,1.72,3.3,5,1.75,3.25,4.45,1.7,3.2,5,1.75,3.2,4.3,1.67,3.2,5,1.7,3.3,5.2,1.66,3.1,5,1.73,3.25,4.75,1.55,3.25,5.5,48,1.8,1.68,3.35,3.24,5.75,5.07,32,2.15,1.97,1.83,1.76,19,-0.75,2.09,2.02,1.9,1.84
I1,09/04/06,Messina,Treviso,3,1,H,1,1,D,M. Trefoloni,12,2,7,2,18,13,6,2,5,3,0,0,1.25,4.75,9,1.28,4.5,10,1.25,4.5,10,1.27,4.4,10,1.25,4.5,10,1.25,4.75,11,1.2,5,11,1.25,4.5,12,,,,43,1.34,1.27,5,4.6,12,9.65,22,2.1,2.03,1.86,1.72,13,-1.25,1.9,1.89,2.01,1.98
I1,09/04/06,Milan,Chievo,4,1,H,1,1,D,P. Bertini,18,9,9,4,12,14,9,3,0,2,0,0,1.33,4.5,9.5,1.35,4.15,8.5,1.33,4.3,8.5,1.37,3.8,8,1.3,4,9,1.33,4.5,9,1.28,4.33,8.5,1.36,4,8.5,1.35,4.35,8.5,48,1.4,1.33,4.5,4.24,10,8.64,30,1.81,1.71,2.2,2.03,19,-1.25,1.97,1.92,2,1.93
I1,09/04/06,Parma,Reggina,4,0,H,2,0,H,G. Rocchi,12,14,5,4,22,15,1,7,0,0,1,1,,,,3.25,1.55,6.5,3.25,1.55,6,3,1.5,6,,,,,,,3.4,1.5,6,3.5,1.44,7,,,,24,3.5,3.12,1.7,1.56,7.5,6.46,11,2.59,2.4,1.55,1.53,8,0,1.56,1.55,2.62,2.51
I1,09/04/06,Roma,Lecce,3,1,H,2,0,H,M. Saccani,6,12,5,2,24,18,8,4,3,1,0,0,1.33,4.5,9.5,1.3,4.6,8.85,1.33,4.3,8.5,1.35,4.2,7.5,1.29,4.33,9,1.33,4.33,8.5,1.25,5,8,1.29,4.75,9,1.3,4,10,48,1.37,1.33,5,4.33,10,8.47,29,1.85,1.73,2.15,2.02,19,-1.25,1.91,1.87,2.03,1.98
I1,09/04/06,Siena,Lazio,2,3,A,2,2,D,N. Rizzoli,16,12,9,10,22,19,5,4,1,3,0,0,2.8,2.2,3.2,2.9,2.1,3.5,2.85,2.25,3,2.8,2.2,3.1,,,,2.9,2.15,3.4,2.87,2.25,3,2.88,2.15,3.25,,,,38,3.2,2.89,2.35,2.17,3.55,3.27,15,2.35,2.16,1.65,1.6,11,0,1.8,1.76,2.13,2.06
I1,14/04/06,Milan,Inter,1,0,H,0,0,D,M. De Santis,8,11,4,5,24,18,3,4,4,4,0,0,2.4,3,3.1,2.35,2.9,3.05,2.4,2.9,3.1,2.5,2.9,2.9,2.25,2.88,3,2.4,3,3,2.25,2.87,3,2.4,2.88,3,2.4,3,2.75,48,2.62,2.36,3.1,2.9,3.25,2.98,33,2.32,2.08,1.75,1.67,23,0,1.76,1.7,2.27,2.09
I1,15/04/06,Cagliari,Juventus,1,1,D,1,0,H,N. Ayroldi,2,16,1,5,31,30,1,9,4,2,2,0,4.33,2.87,2,4.15,2.8,2,4.3,2.8,1.95,3.9,2.8,2,4.5,2.88,1.8,4.4,2.8,2,3.8,2.87,1.95,3.75,3,2,4,3.2,1.8,51,5.5,4.36,3.1,2.87,2.05,1.89,30,2.26,2.05,1.75,1.68,25,0.5,1.92,1.85,2.07,2
I1,15/04/06,Chievo,Messina,2,0,H,1,0,H,G. Paparesta,9,10,3,2,19,25,3,8,3,4,1,0,1.9,3.25,4,1.9,3.25,3.7,1.87,3.15,4,1.9,3.2,3.6,1.8,3.2,4,1.85,3.25,4,1.8,3.25,3.8,1.8,3.25,4.2,1.85,3.2,3.75,50,1.96,1.86,3.4,3.19,4.5,3.98,30,2.02,1.91,1.92,1.82,24,-0.5,1.97,1.95,2,1.92
I1,15/04/06,Empoli,Siena,2,1,H,2,0,H,S. Racalbuto,10,14,4,9,15,19,4,5,2,2,0,0,,,,2.45,1.85,5.75,2.6,1.85,5.6,2.3,1.75,5.5,2.38,1.8,7,,,,2.75,1.66,6,2.5,1.67,6,,,,24,3.1,2.66,1.86,1.78,6.55,5.67,6,1.97,1.94,1.93,1.91,8,0,1.56,1.47,2.5,2.47
I1,15/04/06,Lazio,Livorno,3,1,H,1,0,H,M. Trefoloni,4,5,4,3,23,24,2,2,2,3,0,1,1.57,3.5,6.5,1.5,3.45,7,1.53,3.4,6.5,1.55,3.4,5.8,1.5,3.25,6.5,1.53,3.4,7.5,1.53,3.25,6,1.5,3.5,7,1.55,3.4,5.5,50,1.61,1.54,3.6,3.38,7.5,6.39,29,1.95,1.84,2.07,1.89,24,-0.75,1.81,1.77,2.13,2.11
I1,15/04/06,Lecce,Udinese,1,2,A,1,1,D,P. Tagliavento,15,10,6,4,19,18,4,6,1,4,0,0,3.2,3.1,2.25,2.95,3.2,2.25,3,3.1,2.25,2.7,3.1,2.4,2.5,3.25,2.4,3,3.1,2.25,3,2.87,2.25,3,3.2,2.2,,,,49,3.5,2.97,3.3,3.09,2.4,2.26,29,2.05,1.93,1.85,1.79,24,0.25,1.96,1.92,1.96,1.94
I1,15/04/06,Palermo,Roma,3,3,D,0,3,A,R. Rosetti,15,10,7,6,21,19,4,1,3,3,0,0,3.1,3.1,2.3,3,3,2.3,3,3,2.3,2.9,3,2.3,2.88,3,2.25,3.3,3,2.25,3,3,2.2,,,,3.25,3,2.1,50,3.25,2.96,3.2,2.99,2.53,2.31,30,2.12,1.93,2,1.79,24,0,2.18,2.04,1.78,1.71
I1,15/04/06,Reggina,Ascoli,2,0,H,2,0,H,C. Brighi,5,7,4,0,19,14,7,9,3,1,1,0,1.9,2.8,5,1.83,2.85,5,1.85,2.7,5.25,1.85,2.5,5.2,1.8,2.75,5,1.83,2.7,5.5,1.8,2.5,6,1.83,2.75,5,,,,44,2.01,1.87,2.9,2.67,6,5.09,24,2.36,2.13,1.67,1.63,20,-0.5,2.09,2.01,1.9,1.85
I1,15/04/06,Sampdoria,Parma,1,2,A,1,0,H,O. Girardi,10,12,3,5,18,22,3,2,0,1,0,0,1.9,2.5,5.5,2,2.4,5,2,2.4,5.4,2.1,2.3,4.7,2.1,2.5,4,2,2.4,5.5,2,2.25,5.5,1.91,2.38,5.5,,,,39,2.05,1.98,2.75,2.42,6.5,5.44,21,2.2,2.06,1.75,1.68,18,-0.5,2.03,1.99,1.93,1.88
I1,15/04/06,Treviso,Fiorentina,1,3,A,1,1,D,P. Rodomonti,5,8,1,5,16,16,6,5,1,2,0,0,10,5,1.28,10,4.6,1.27,10,4.75,1.27,8.5,4.4,1.3,11,5,1.2,10,5,1.25,11,5,1.2,10,5,1.2,10,4.35,1.28,50,12,9.82,5.04,4.75,1.35,1.26,25,2,1.92,1.95,1.82,17,1.25,2.12,2.08,1.83,1.8
I1,22/04/06,Ascoli,Cagliari,2,2,D,1,0,H,M. De Santis,23,5,7,3,18,14,8,2,4,2,1,2,2.5,2.1,4,2.75,2,4.15,2.65,2,3.9,2.6,2,4,,,,2.6,2.1,4.2,2.6,2,4.2,2.5,2,4,,,,40,2.97,2.65,2.1,2.04,4.55,3.97,20,2.4,2.17,1.7,1.62,13,0,1.65,1.63,2.43,2.29
I1,22/04/06,Fiorentina,Empoli,2,1,H,1,0,H,S. Farina,19,7,11,5,24,23,7,4,1,3,0,0,1.25,5,8,1.25,5,10,1.25,4.75,10,1.3,4.4,8.5,1.29,4.33,9,1.25,5,10,1.22,5,9.5,1.25,5,10,1.25,4.5,10,49,1.33,1.27,5.21,4.72,12.5,9.75,30,1.8,1.7,2.3,2.06,22,-1.5,2,1.95,1.94,1.91
I1,22/04/06,Inter,Reggina,4,0,H,3,0,H,N. Rizzoli,16,4,13,2,16,13,5,1,0,0,0,0,1.25,5,8,1.25,5,10,1.25,4.75,10,1.3,4.4,8.5,1.25,4.5,10,1.25,5,12,1.22,5,9.5,1.25,5,10,1.28,4.5,8.5,48,1.33,1.27,5.3,4.69,12.5,9.74,29,1.83,1.71,2.2,2.03,23,-1.5,1.96,1.92,2,1.93
I1,22/04/06,Juventus,Lazio,1,1,D,0,1,A,G. Paparesta,24,4,9,3,20,13,15,3,2,3,0,1,1.61,3.4,5,1.55,3.25,6.75,1.6,3.3,5.75,1.6,3.4,5.2,1.53,3.25,6,1.62,3.4,6,1.53,3.3,6,1.53,3.4,6.5,1.55,3.2,6,49,1.62,1.56,3.57,3.32,7.6,6.18,29,2,1.93,1.92,1.8,23,-1,2.13,2.06,1.83,1.79
I1,22/04/06,Lecce,Treviso,1,1,D,1,0,H,G. Lops,17,18,8,11,18,22,8,4,0,2,1,0,1.61,3.4,5,1.67,3.4,4.85,1.7,3.3,4.5,1.8,3,4.4,,,,1.67,3.2,5.25,1.61,3.4,4.8,1.67,3.4,4.8,1.65,3.25,4.5,47,1.82,1.67,3.6,3.32,5.5,4.85,30,1.81,1.77,2.17,1.97,20,-0.75,2.16,2.06,1.89,1.83
I1,22/04/06,Livorno,Palermo,3,1,H,2,0,H,P. Bertini,13,13,8,6,23,13,3,4,3,2,0,0,3,3,2.25,2.8,3.1,2.4,2.85,3,2.35,2.8,2.9,2.5,,,,2.88,2.95,2.4,2.8,2.87,2.37,3,2.88,2.38,2.75,2.9,2.5,47,3.05,2.87,3.2,2.94,2.71,2.43,30,2.2,2.04,1.75,1.69,23,0,2.07,2,1.88,1.82
I1,22/04/06,Messina,Milan,1,3,A,1,2,A,T. Pieri,6,11,3,6,23,14,3,5,5,4,3,1,3.5,3.25,1.9,4.1,3.2,1.85,4,3.25,1.83,3.6,3.2,1.9,4.33,3,1.8,3.6,3.2,1.95,4,3,1.83,3.75,3.25,1.91,4.35,3.1,1.8,47,4.4,3.97,3.4,3.19,1.95,1.85,28,2.09,1.95,1.86,1.77,22,0.5,1.92,1.88,2.06,1.99
I1,22/04/06,Parma,Siena,1,1,D,0,1,A,M. Bergonzi,8,7,3,1,16,20,4,3,1,1,0,0,2.4,2.1,4.33,2.25,2.25,4.25,2.35,2.2,4,2.3,2.3,3.8,,,,2.5,2.2,4,2.5,2.1,4,2.2,2.2,4.33,2.5,2.1,4,38,2.88,2.49,2.3,2.18,4.65,3.96,19,2.17,2.04,1.75,1.71,13,0,1.78,1.69,2.38,2.22
I1,22/04/06,Roma,Sampdoria,0,0,D,0,0,D,E. Morganti,11,5,4,3,15,20,3,5,2,6,1,0,1.33,4.5,6.5,1.35,4,9,1.35,4,8,1.4,3.7,7.5,1.33,3.75,9,1.4,4,7.5,1.3,4.33,8,1.36,4,8.5,1.3,4.33,8,49,1.4,1.35,4.6,4.16,9.55,8.18,30,1.85,1.74,2.08,1.97,24,-1.25,1.96,1.91,2.01,1.95
I1,22/04/06,Udinese,Chievo,1,1,D,0,0,D,D. Messina,12,5,7,1,21,16,4,1,2,1,0,0,2.4,2,4.75,2.55,2.1,4.3,2.5,2,4.1,2.5,2,4.3,,,,2.5,2.1,4.5,2.5,2.05,4.2,2.38,2,4.5,2.5,2.05,4.2,40,2.8,2.52,2.25,2.05,4.75,4.35,20,2.24,2.12,1.7,1.65,13,-0.25,2.23,2.2,1.74,1.71
I1,30/04/06,Cagliari,Parma,3,1,H,2,0,H,R. Rosetti,10,8,5,3,6,21,1,5,0,1,0,0,1.44,4,7.5,1.48,3.65,6.8,1.4,3.75,7.5,1.4,3.7,7.5,1.36,3.75,8,1.4,3.8,8,1.33,4,8,1.4,3.8,8,,,,46,1.54,1.42,4,3.73,9,7.49,29,1.95,1.82,2.07,1.91,18,-1,2.05,2,1.91,1.86
I1,30/04/06,Chievo,Roma,4,4,D,2,3,A,T. Pieri,8,15,7,10,25,17,3,9,1,3,0,0,3.25,3.2,2.2,3.15,3.15,2.15,3.1,3.1,2.15,3.2,3.1,2.1,2.87,3,2.25,3.1,3.1,2.2,3,2.87,2.25,2.75,3.2,2.38,3.1,3.1,2.1,54,3.3,3.06,3.43,3.11,2.37,2.2,31,1.97,1.88,2.07,1.85,24,0.25,2.07,1.91,2.02,1.99
I1,30/04/06,Empoli,Inter,1,0,H,0,0,D,P. Bertini,8,12,1,3,16,17,2,7,1,1,0,0,5,3.3,1.72,5,3.05,1.75,4.5,3.05,1.8,4,3,1.9,4,3.2,1.8,5,3,1.75,4.5,3.1,1.72,4.33,3.2,1.8,4.5,3.2,1.7,53,5.5,4.59,3.25,3.11,1.92,1.78,30,1.91,1.78,2.07,1.94,23,0.5,2.02,1.96,2,1.91
I1,30/04/06,Lazio,Lecce,1,0,H,0,0,D,G. Gava,8,3,2,2,15,22,7,3,0,4,0,1,1.2,5.5,17,1.18,5.7,13.5,1.2,5.5,11,1.25,4.6,10.5,1.16,5.5,12,1.2,5.5,12,1.14,5.5,15,1.14,6,19,1.17,5.5,12,51,1.25,1.19,6.17,5.41,17,12.45,29,1.65,1.57,2.5,2.25,20,-1.5,1.88,1.81,2.12,2.06
I1,30/04/06,Milan,Livorno,2,0,H,1,0,H,S. Racalbuto,17,4,9,2,15,24,6,2,0,0,0,0,1.2,5.5,17,1.22,5.5,10.5,1.2,5.5,11,1.2,5,12,1.14,5.5,15,1.2,5.5,15,1.2,5,11,1.18,5.5,15,1.17,5,15,54,1.21,1.19,7,5.48,17,12.8,27,1.63,1.56,2.52,2.29,19,-1.75,2.02,1.89,2.05,1.99
I1,30/04/06,Palermo,Fiorentina,1,0,H,0,0,D,M. Trefoloni,7,10,4,2,23,20,2,7,2,4,0,0,3.75,3.2,2,3.75,3,2,3.65,3,2,3.8,2.8,2,3.4,3,2,3.75,3,2,3.3,2.87,2.1,3.75,2.88,2,3.6,2.9,2,53,4,3.57,3.15,2.98,2.3,2.05,31,1.85,1.78,2.12,1.95,23,0.25,1.97,1.92,1.98,1.95
I1,30/04/06,Reggina,Messina,3,0,H,0,0,D,D. Messina,12,9,8,5,12,23,2,3,3,3,0,1,1.9,3.25,4,2,3.3,3.35,1.95,3.2,3.5,2,3.1,3.4,1.9,3.2,3.5,2,3.1,3.6,1.95,3,3.6,1.91,3.25,3.75,1.9,3,3.75,53,2.05,1.95,3.3,3.12,4.29,3.69,31,2.13,2.02,1.75,1.7,25,-0.5,2.04,2.01,1.9,1.87
I1,30/04/06,Sampdoria,Udinese,1,1,D,0,0,D,L. Palanca,9,9,6,3,8,9,4,3,0,0,0,0,3.1,1.66,5,3,1.65,5.9,3.1,1.65,5.25,3.2,1.5,5,,,,,,,3.2,1.66,4.8,3,1.62,6,,,,31,3.25,3.11,1.82,1.67,5.5,4.97,15,2.2,2.05,1.83,1.7,10,0,1.6,1.55,2.5,2.37
I1,30/04/06,Siena,Juventus,0,3,A,0,3,A,D. Tombolini,12,6,5,5,12,14,4,5,1,0,0,0,9,4,1.4,8.65,4,1.36,8.5,3.75,1.38,7.5,3.7,1.4,7,3.75,1.4,9.5,3.8,1.4,7.5,3.6,1.4,7,3.75,1.44,8.5,3.75,1.35,54,11,8.61,4.3,3.79,1.44,1.38,34,1.95,1.84,2.05,1.88,22,1.25,2.07,1.97,2.03,1.91
I1,30/04/06,Treviso,Ascoli,2,2,D,2,1,H,A. Dattilo,7,14,4,9,18,20,2,8,0,1,0,0,3.75,2.2,2.5,4,2.1,2.65,4,2.1,2.6,3.8,1.85,2.7,,,,4,2.15,2.6,4.2,2.15,2.37,4.33,2.2,2.2,,,,42,4.8,4.02,2.2,2.09,2.9,2.57,18,2.05,1.95,1.96,1.81,14,0,2.5,2.34,1.69,1.6
I1,07/05/06,Ascoli,Lazio,1,4,A,1,3,A,L. Marelli,9,8,5,6,26,16,2,3,3,1,0,0,2.87,2.5,3,3.15,2.37,2.8,3,2.45,2.8,2.9,2.4,2.9,,,,3,2.5,2.75,2.9,2.5,2.62,3.2,2.5,2.6,2.7,2.7,2.6,43,3.2,2.97,2.56,2.43,3.05,2.76,24,1.8,1.68,2.2,2.05,15,0,2.02,1.99,1.91,1.88
I1,07/05/06,Fiorentina,Reggina,5,2,H,3,0,H,T. Pieri,16,9,9,5,8,18,4,2,1,2,0,0,1.12,7,21,1.1,7.55,17.5,1.1,7,19,1.1,6.5,17,,,,1.1,7,21,1.07,7,19,1.05,8,29,1.11,6.5,15,46,1.13,1.09,9,7.2,29,18.86,25,1.55,1.52,2.65,2.36,16,-1.75,1.9,1.88,2.02,2
I1,07/05/06,Inter,Siena,1,1,D,0,0,D,A. De Marco,11,9,7,5,9,11,2,3,1,2,1,0,1.4,4,9,1.36,4,9,1.35,4,9,1.35,4,8,1.29,4,10,1.36,3.8,9.5,1.36,3.4,10,1.36,3.75,10,1.4,3.6,7.5,49,1.4,1.35,4.35,3.84,11,9.04,28,1.7,1.6,2.35,2.16,16,-1.25,2.05,2.01,1.94,1.87
I1,07/05/06,Juventus,Palermo,2,1,H,1,0,H,M. De Santis,10,6,6,4,30,4,5,3,3,1,0,0,1.14,6.5,21,1.15,6.5,13.5,1.16,6,14,1.15,5.7,14,1.14,6,12,1.17,6.5,15,1.14,5.5,15,1.1,6.5,23,1.15,5.5,12,47,1.18,1.14,6.8,6.07,21,14.41,28,1.65,1.6,2.45,2.19,17,-1.75,2.17,2.08,1.83,1.79
I1,07/05/06,Lecce,Chievo,0,0,D,0,0,D,O. Pantana,17,11,4,5,20,14,8,7,2,0,1,0,5.5,3.1,1.72,5,3.05,1.75,5.25,3.1,1.7,4.4,3,1.8,6,2.8,1.67,6,3.1,1.65,6,2.8,1.66,5.75,3.25,1.62,,,,47,6,5.31,3.2,3.01,1.86,1.69,25,1.8,1.67,2.2,2.06,14,0.5,2.01,1.97,1.98,1.92
I1,07/05/06,Livorno,Sampdoria,0,0,D,0,0,D,N. Stefanini,8,3,3,1,16,23,4,4,1,0,0,0,2.4,2.4,4,2.35,2.3,4.2,2.2,2.5,4,2.2,2.4,3.8,,,,2.3,2.4,4,2.25,2.25,4.2,2,2.4,4.5,,,,43,2.46,2.25,2.52,2.36,4.6,4.08,26,1.81,1.75,2.15,1.97,14,-0.25,2.04,2,1.93,1.89
I1,07/05/06,Messina,Empoli,1,2,A,0,1,A,D. Preschern,12,4,4,3,10,5,4,4,4,0,1,0,2.37,2.75,3.4,2.35,2.65,3.4,2.25,2.75,3.4,2.3,2.6,3.3,,,,2.3,2.75,3.3,2.37,2.5,3.3,2.2,2.75,3.5,,,,41,2.51,2.3,2.9,2.65,3.5,3.34,26,1.9,1.8,2.08,1.91,15,-0.25,2.15,2.12,1.83,1.78
I1,07/05/06,Parma,Milan,2,3,A,0,2,A,G. Paparesta,9,8,7,6,19,20,5,6,2,2,0,0,9,5,1.3,10,4.1,1.33,9,4.5,1.3,8.5,4.4,1.3,8,4,1.33,10,4.75,1.3,8.5,4.2,1.3,11,4.33,1.29,12,3.75,1.3,49,12,9.76,5,4.42,1.35,1.28,26,1.7,1.63,2.3,2.11,16,1.25,2.15,2.09,1.82,1.79
I1,07/05/06,Roma,Treviso,1,0,H,1,0,H,R. Rosetti,15,9,5,3,19,17,8,4,0,3,0,0,1.1,8,26,1.11,7.5,16,1.1,7,19,1.1,6.5,17,1.1,6.5,17,1.11,7,17,1.1,6.5,15,1.1,6.5,23,1.1,6.5,17,47,1.12,1.1,8.25,7.03,28,18.31,25,1.62,1.54,2.65,2.32,16,-1.75,1.85,1.8,2.15,2.1
I1,07/05/06,Udinese,Cagliari,2,0,H,1,0,H,L. Banti,13,13,8,5,13,17,4,6,0,2,0,0,1.72,3,6,1.75,2.75,6.25,1.77,2.8,5.5,1.85,2.6,5,1.8,2.75,5,1.75,2.75,6,1.72,2.75,5.5,1.67,3,6,,,,48,1.89,1.76,3,2.76,6.5,5.52,26,1.8,1.66,2.2,2.06,14,-0.75,2.2,2.14,1.8,1.75
I1,14/05/06,Cagliari,Inter,2,2,D,2,2,D,M. Mazzoleni,8,12,2,3,12,14,2,3,0,3,0,0,2.62,2.87,2.6,3.05,2.65,2.55,2.85,2.7,2.55,2.7,2.6,2.7,2.75,2.75,2.5,3,2.7,2.5,3,2.7,2.37,2.75,2.62,2.75,2.9,2.6,2.5,52,3.05,2.82,2.88,2.7,2.8,2.6,26,1.89,1.77,2.07,1.97,17,0,2,1.95,1.97,1.91
I1,14/05/06,Chievo,Fiorentina,0,2,A,0,1,A,M. Bergonzi,8,13,3,6,20,16,6,2,0,0,0,0,8.5,3.25,1.44,7.2,3.4,1.5,8,3.25,1.5,6,3.2,1.5,8,3,1.5,8.5,3.4,1.44,9,3.1,1.44,7,3.4,1.5,7,3.4,1.45,50,8.8,7,3.3,3.12,1.71,1.54,24,1.75,1.65,2.25,2.08,17,0.75,1.93,1.86,2.08,2.03
I1,14/05/06,Empoli,Ascoli,1,2,A,1,0,H,R. Herberg,11,8,6,4,21,17,5,2,1,1,1,0,1.8,2.7,5,1.8,2.55,6.75,1.75,2.65,6,1.75,2.6,5,1.66,2.62,7,1.75,2.62,6.5,1.8,2.6,5.5,1.73,2.75,6.5,1.8,2.5,6,51,1.88,1.76,2.88,2.66,7,5.99,26,1.75,1.65,2.25,2.09,17,-0.5,1.9,1.84,2.12,2.04
I1,14/05/06,Lazio,Parma,1,0,H,0,0,D,A. Giannoccaro,8,8,4,2,15,20,4,5,0,0,0,0,1.8,2.7,5,1.9,2.65,5.15,1.87,2.65,5,1.8,2.6,4.8,1.8,2.75,5,1.85,2.75,5,1.83,2.62,5,1.73,2.88,5.75,1.8,2.5,6,53,1.91,1.79,3.1,2.74,6.6,5.37,26,1.7,1.61,2.45,2.15,17,-0.5,1.85,1.79,2.16,2.1
I1,14/05/06,Milan,Roma,2,1,H,1,1,D,A. De Marco,12,8,5,4,16,19,6,5,1,2,0,1,1.61,3.6,4.5,1.7,3.8,4.05,1.65,3.5,4.5,1.7,3.4,3.8,1.61,3.5,4.5,1.67,3.75,4.2,1.57,3.6,4.8,1.57,3.75,5,1.55,3.75,4.5,54,1.71,1.63,3.85,3.56,5.7,4.73,28,1.7,1.6,2.3,2.16,19,-0.75,1.86,1.82,2.1,2.06
I1,14/05/06,Palermo,Messina,1,0,H,1,0,H,O. Pantana,9,9,3,3,15,17,3,4,0,0,0,0,1.36,3.8,8,1.37,3.9,9,1.35,3.75,9.5,1.45,3.5,6,1.36,3.75,8,1.33,4,10,1.4,3.5,8,1.33,3.75,11,1.35,3.6,8.5,54,1.45,1.36,4.2,3.82,11,8.91,24,1.67,1.61,2.35,2.16,17,-1.25,2.05,1.99,1.93,1.9
I1,14/05/06,Reggina,Juventus,0,2,A,0,1,A,L. Banti,4,14,1,6,15,16,1,10,3,2,0,0,15,5,1.18,15,4.3,1.25,17,4.25,1.23,,,,15,4.5,1.2,19,4.33,1.22,21,3.6,1.25,29,3.75,1.25,10.5,5,1.2,47,35,15.19,4.6,4.11,1.4,1.26,24,1.71,1.63,2.25,2.12,19,1.5,1.99,1.85,2.07,1.98
I1,14/05/06,Sampdoria,Lecce,1,3,A,0,1,A,F. Squillace,16,15,6,8,27,13,7,5,2,0,0,0,1.57,2.87,7,1.6,2.8,8.75,1.6,2.75,8,1.65,2.7,5.6,1.61,2.62,8,1.57,2.88,8.5,1.66,2.62,7,1.5,3,9,,,,53,1.66,1.56,3.35,2.91,9.5,7.72,24,1.75,1.65,2.25,2.07,15,-0.75,1.8,1.77,2.16,2.13
I1,14/05/06,Siena,Livorno,0,0,D,0,0,D,O. Girardi,10,8,5,1,18,17,2,5,0,0,0,0,2.3,2.25,4.2,2.35,2.25,4.4,2.35,2.25,4.15,2.3,2.4,3.3,,,,,,,2.25,2.3,4,2.3,2.2,4.5,,,,45,2.53,2.34,2.55,2.31,4.5,3.95,23,1.8,1.7,2.16,2.03,17,-0.25,2.11,2.07,1.87,1.83
I1,14/05/06,Treviso,Udinese,2,1,H,1,1,D,M. Ciampi,15,6,10,2,12,16,8,1,3,1,0,1,3.8,2.3,2.4,4.05,2.25,2.45,4.25,2.25,2.3,3.3,2.3,2.4,,,,,,,3.5,2.37,2.37,4,2.38,2.25,,,,44,4.36,3.95,2.51,2.32,2.52,2.31,23,1.95,1.81,2,1.93,16,0.25,1.86,1.83,2.09,2.07
