Div,Date,HomeTeam,AwayTeam,FTHG,FTAG,FTR,HTHG,HTAG,HTR,B365H,B365D,B365A,BWH,BWD,BWA,GBH,GBD,GBA,IWH,IWD,IWA,LBH,LBD,LBA,SBH,SBD,SBA,WHH,WHD,WHA,SJH,SJD,SJA,VCH,VCD,VCA,BSH,BSD,BSA,Bb1X2,BbMxH,BbAvH,BbMxD,BbAvD,BbMxA,BbAvA,BbOU,BbMx>2.5,BbAv>2.5,BbMx<2.5,BbAv<2.5,BbAH,BbAHh,BbMxAHH,BbAvAHH,BbMxAHA,BbAvAHA
B1,16/08/08,Cercle Brugge,Anderlecht,0,3,A,0,1,A,2.38,3.3,2.75,2.4,3.3,2.55,2.5,3.2,2.5,2.6,3.1,2.3,2.5,3.2,2.5,2.55,3.2,2.5,2.5,3.25,2.4,2.63,3.3,2.5,2.35,3.25,2.65,2.3,3.2,2.75,24,2.55,2.41,3.4,3.24,3.05,2.64,17,2.11,1.95,1.85,1.78,11,0,1.85,1.77,2.18,2.01
B1,16/08/08,Dender,Standard,1,3,A,0,1,A,5,3.5,1.65,5,3.5,1.6,4.5,3.5,1.65,4,3.3,1.7,4,3.4,1.72,4.5,3.4,1.7,4.2,3.4,1.7,4.5,3.5,1.73,4.5,3.4,1.65,4.75,3.3,1.67,24,5.5,4.87,3.7,3.49,1.73,1.64,17,2.05,1.89,1.95,1.83,11,0,4.33,3.57,1.33,1.26
B1,16/08/08,Roeselare,Kortrijk,2,2,D,1,1,D,2.1,3.2,3.3,2.05,3.25,3.15,1.85,3.25,3.75,1.85,3.2,3.5,1.83,3.3,3.6,2.1,3.25,3,1.83,3.3,3.6,1.91,3.4,3.6,2.1,3.25,3,2.1,3.25,3.1,23,2.28,2.05,3.4,3.27,3.6,3.24,16,1.85,1.79,2.08,1.93,10,-0.25,2,1.96,1.92,1.91
B1,16/08/08,Tubize,Mouscron,1,2,A,0,1,A,3.2,3.4,2.2,2.55,3.3,2.4,2.8,3.2,2.25,2.4,3.2,2.4,2.5,3.2,2.5,3,3.2,2.2,2.7,3.25,2.25,2.6,3.4,2.4,2.8,3.25,2.25,2.88,3.25,2.2,22,3.25,2.82,3.3,3.22,2.43,2.3,17,2.2,1.99,1.8,1.71,10,0,2.23,2.11,1.75,1.69
B1,16/08/08,Waregem,Lokeren,0,0,D,0,0,D,1.95,3.2,3.6,1.8,3.3,3.95,1.85,3.25,3.75,1.9,3.2,3.5,1.9,3.2,3.5,1.9,3.3,3.7,1.83,3.3,3.6,1.95,3.3,3.8,2,3.25,3.25,1.91,3.25,3.6,24,2.17,1.93,3.4,3.27,4,3.6,17,2.12,1.97,1.85,1.76,11,-0.5,2.15,2.09,1.8,1.79
B1,16/08/08,Westerlo,Charleroi,1,0,H,1,0,H,2.25,3.25,2.88,2.3,3.25,2.7,2.2,3.3,2.8,2.1,3.1,3,2.25,3.2,2.75,2.35,3.2,2.75,2.2,3.25,2.75,2.2,3.3,3.1,2.25,3.25,2.8,2.25,3.2,2.8,24,2.4,2.27,3.4,3.24,3.1,2.84,17,2.12,1.97,1.8,1.75,11,0,1.72,1.67,2.2,2.16
B1,17/08/08,Genk,Germinal,1,1,D,1,0,H,1.73,3.4,5,1.75,3.35,4.2,1.78,3.25,4,1.85,3.2,3.5,1.8,3.3,3.75,1.85,3.3,3.75,1.7,3.3,4.33,1.9,3.3,4,1.65,3.4,4.5,1.73,3.4,4.2,24,1.77,1.71,3.45,3.39,5,4.45,16,1.85,1.79,2.06,1.94,11,0,1.3,1.27,3.5,3.37
B1,17/08/08,Gent,Bergen,5,0,H,3,0,H,1.44,3.75,7.5,1.4,4,6.8,1.5,3.75,5.5,1.4,3.9,6,1.44,3.6,6.5,1.5,3.75,6,1.44,3.75,6,1.44,4,7.5,1.45,3.75,6.5,1.44,3.75,6.5,22,1.5,1.45,4,3.79,7.5,6.66,14,1.85,1.75,2.07,1.99,11,-1,1.83,1.8,2.1,2.08
B1,23/08/08,Anderlecht,Gent,2,2,D,2,2,D,1.65,3.4,5,1.65,3.55,4.5,1.6,3.5,5,1.5,3.7,5,1.53,3.5,5.5,1.6,3.6,5,1.6,3.4,4.8,1.62,3.4,6,1.55,3.6,5,1.62,3.4,5,41,1.71,1.62,3.68,3.48,6,5.2,30,1.8,1.71,2.12,2.04,16,-0.75,1.98,1.93,1.99,1.93
B1,23/08/08,Charleroi,Roeselare,1,0,H,0,0,D,1.5,3.6,6.5,1.6,3.45,5.15,1.65,3.4,4.75,1.7,3.3,4,1.57,3.5,5,1.55,3.6,5.5,1.62,3.5,4.5,1.57,3.4,6.5,1.55,3.6,5,1.53,3.6,5.5,41,1.67,1.56,3.76,3.54,7.02,5.62,30,2,1.88,1.97,1.86,16,-1,2,1.93,1.97,1.93
B1,23/08/08,Germinal,Dender,1,1,D,1,1,D,1.53,3.75,5.5,1.6,3.45,5.2,1.6,3.5,5,1.55,3.5,4.8,1.44,3.75,6,1.6,3.5,5.2,1.62,3.5,4.5,1.5,3.75,6.5,1.55,3.5,5,1.53,3.6,5.5,40,1.65,1.56,4,3.58,6.5,5.58,29,1.95,1.83,2.03,1.91,15,-1,2.05,2,1.89,1.86
B1,23/08/08,Kortrijk,Cercle Brugge,2,1,H,1,0,H,3,3.25,2.2,2.8,3.2,2.25,2.7,3.2,2.3,2.5,3.2,2.3,2.75,3.2,2.25,2.65,3.2,2.45,2.5,3.3,2.38,2.8,3.25,2.4,2.8,3.2,2.25,2.62,3.2,2.38,41,3.07,2.8,3.45,3.23,2.45,2.31,30,1.91,1.78,2.01,1.89,16,0,2.26,2.14,1.75,1.68
B1,23/08/08,Lokeren,Tubize,4,1,H,2,0,H,1.65,3.6,4.75,1.7,3.45,4.3,1.67,3.4,4.5,1.65,3.3,4.4,1.53,3.5,5.5,1.7,3.4,4.5,1.67,3.4,4.33,1.57,3.5,6,1.65,3.4,4.5,1.67,3.4,4.5,40,1.73,1.66,3.63,3.44,5.76,4.83,30,2.25,2.1,1.75,1.66,15,-0.75,1.96,1.9,2.02,1.97
B1,23/08/08,Mouscron,Mechelen,3,1,H,1,1,D,2.05,3.3,3.4,2.05,3.2,3.2,2,3.2,3.3,2.1,3.1,3,1.91,3.4,3.25,2,3.25,3.4,2,3.3,3.1,1.95,3.4,3.6,2,3.25,3.25,2,3.25,3.3,39,2.15,2.04,3.49,3.26,3.65,3.3,29,2.14,1.99,1.85,1.75,16,-0.25,1.84,1.81,2.13,2.07
B1,23/08/08,Standard,Westerlo,3,0,H,2,0,H,1.33,4.2,10,1.35,4.25,7.5,1.4,3.8,7.5,1.35,4,7,1.33,4,8,1.4,4,7.25,1.36,4,7,1.33,4.5,9,1.35,4,8,1.33,4.33,7.5,41,1.4,1.35,4.85,4.31,10.32,8.07,30,1.97,1.83,2,1.91,17,-1.25,1.92,1.87,2.04,2
B1,24/08/08,Bergen,Genk,3,1,H,2,0,H,3.6,3.3,1.95,2.9,3.3,2.15,3,3.2,2.15,2.75,3.2,2.2,2.8,3.2,2.2,2.9,3.2,2.25,2.75,3.25,2.2,3.3,3.3,2.05,3,3.25,2.1,3.1,3.2,2.1,40,3.6,3.13,3.3,3.25,2.25,2.11,30,1.99,1.87,1.95,1.86,16,0.25,2.13,2.09,1.83,1.79
B1,29/08/08,Tubize,Club Brugge,1,4,A,0,3,A,7,3.75,1.53,5.35,3.75,1.52,5.25,3.6,1.55,5,3.7,1.5,6,3.75,1.44,6,3.75,1.5,5,3.5,1.57,5.5,3.75,1.57,5.5,4,1.5,6,3.6,1.5,38,7.25,5.8,4,3.66,1.6,1.53,30,2.03,1.88,1.95,1.85,14,1,1.82,1.79,2.13,2.06
B1,30/08/08,Anderlecht,Kortrijk,4,0,H,2,0,H,1.29,4.75,9,1.23,5,10,1.25,5,9,1.27,4.3,8.5,1.2,5.5,9,1.28,4.75,9,1.3,4.2,8.5,1.25,5,11,1.22,5,10,1.25,5,9,39,1.3,1.25,6,5.05,13.1,9.77,29,1.65,1.57,2.4,2.23,14,-1.5,1.99,1.97,1.96,1.91
B1,30/08/08,Cercle Brugge,Bergen,2,1,H,1,0,H,1.7,3.25,4.75,1.65,3.4,4.7,1.6,3.4,5,1.7,3.2,4.2,1.57,3.5,5,1.7,3.4,4.5,1.65,3.4,4.5,1.62,3.5,5.5,1.65,3.4,4.5,1.7,3.4,4.33,37,1.78,1.68,3.85,3.43,5.5,4.66,27,1.95,1.84,1.98,1.89,13,-0.5,1.84,1.77,2.19,2.11
B1,30/08/08,Dender,Mouscron,1,2,A,0,1,A,2.5,3.3,2.5,2.45,3.2,2.55,2.4,3.2,2.6,2.4,3.2,2.4,2.5,3.2,2.5,2.4,3.2,2.7,2.3,3.3,2.6,2.5,3.25,2.63,2.5,3.2,2.5,2.5,3.2,2.5,38,2.73,2.46,3.38,3.21,2.7,2.59,28,2.04,1.89,1.95,1.84,14,0,1.97,1.9,1.97,1.92
B1,30/08/08,Genk,Lokeren,1,0,H,0,0,D,1.62,3.4,5.5,1.7,3.35,4.5,1.65,3.4,4.6,1.7,3.2,4.2,1.72,3.4,4,1.65,3.4,5,1.65,3.4,4.5,1.67,3.5,5,1.6,3.4,5,1.67,3.4,4.5,39,1.8,1.68,3.89,3.41,5.25,4.7,29,2.09,1.95,1.91,1.78,14,-0.75,2.04,2,1.92,1.89
B1,30/08/08,Mechelen,Waregem,0,2,A,0,0,D,2,3.4,3.25,2.2,3.2,2.9,2.15,3.2,3,2.1,3,3.1,2.1,3.2,3,2.2,3.2,3,2.2,3.2,2.8,2.1,3.25,3.25,2,3.2,3.3,2.1,3.3,3,38,2.21,2.12,3.6,3.25,3.47,3.08,29,2.05,1.9,1.95,1.83,14,-0.25,1.88,1.86,2.05,2.02
B1,30/08/08,Westerlo,Germinal,1,0,H,0,0,D,2.25,3.3,2.8,2.4,3.2,2.6,2.3,3.2,2.75,2.3,3,2.7,2.2,3.2,2.8,2.4,3.2,2.7,2.15,3.2,2.9,2.38,3.2,2.8,2.2,3.2,3,2.38,3.2,2.62,34,2.46,2.33,3.41,3.21,3.1,2.75,24,2.14,1.99,1.85,1.75,11,0,1.75,1.74,2.17,2.08
B1,31/08/08,Gent,Charleroi,2,0,H,1,0,H,1.62,3.5,5,1.65,3.4,4.8,1.7,3.4,4.3,1.6,3.4,4.6,1.72,3.4,4,1.65,3.4,5,1.7,3.25,4.5,1.67,3.75,4.5,1.65,3.4,4.5,1.62,3.4,5,37,1.75,1.67,3.75,3.42,5,4.63,28,1.8,1.74,2.1,1.99,13,-0.75,2.01,1.97,1.93,1.91
B1,31/08/08,Roeselare,Standard,1,1,D,0,1,A,5.5,3.6,1.57,4.7,3.65,1.6,4.5,3.5,1.65,4.4,3.3,1.65,4.5,3.5,1.61,5,3.6,1.6,4.5,3.4,1.65,5,3.5,1.67,6,3.75,1.45,5.5,3.6,1.53,35,6.5,5.31,3.8,3.56,1.7,1.57,27,1.74,1.68,2.2,2.08,12,1,2.05,1.93,1.97,1.93
B1,13/09/08,Bergen,Anderlecht,1,2,A,1,1,D,5.75,3.75,1.5,5.7,3.5,1.55,5.5,3.5,1.55,4.6,3.4,1.6,5,3.5,1.57,5.2,3.5,1.6,5,3.4,1.6,5.5,3.5,1.62,5,3.4,1.6,5.5,3.6,1.53,36,6.18,5.44,4.22,3.58,1.65,1.57,25,1.7,1.65,2.24,2.09,9,1,1.88,1.85,2.05,2.04
B1,13/09/08,Club Brugge,Dender,1,1,D,0,1,A,1.2,5.25,12,1.22,5.25,10.5,1.22,5,11,1.22,4.8,9.5,1.2,5,11,1.25,5,10,1.25,4.5,10,1.22,5.5,12,1.22,5,11,1.22,5,11,36,1.28,1.23,6.02,5.25,14.74,10.71,25,1.72,1.64,2.27,2.12,10,-1.5,1.81,1.77,2.14,2.09
B1,13/09/08,Germinal,Roeselare,3,0,H,0,0,D,1.5,3.5,6.5,1.58,3.5,5.35,1.55,3.5,5.5,1.65,3.3,4.4,1.53,3.5,5.5,1.55,3.6,5.5,1.6,3.4,5,1.57,3.75,5.5,1.57,3.5,5.5,1.53,3.6,5.5,34,1.6,1.55,4.14,3.59,6.86,5.62,23,1.91,1.83,2,1.87,7,-1,1.98,1.96,1.94,1.92
B1,13/09/08,Lokeren,Westerlo,1,1,D,1,0,H,2.2,3.1,3,2.2,3.15,3,2.2,3.1,3,2.2,3.1,2.8,2.1,3.2,3,2.2,3.2,3,2.2,3.2,2.8,2.1,3.3,3.25,2.2,3.2,3,2.2,3.2,2.88,36,2.33,2.18,3.38,3.2,3.3,3.02,25,2.25,2.06,2,1.69,9,-0.25,2.02,2.01,1.91,1.87
B1,13/09/08,Mechelen,Tubize,0,0,D,0,0,D,1.5,3.6,6,1.55,3.5,5.8,1.5,3.6,6,1.6,3.4,4.6,1.57,3.5,5,1.55,3.6,5.5,1.55,3.4,5.5,1.57,3.5,6,1.53,3.5,5.5,1.5,3.6,6,34,1.57,1.53,4.04,3.58,7.26,5.96,24,1.95,1.85,1.98,1.85,7,-1,1.91,1.89,2.03,2
B1,13/09/08,Mouscron,Gent,4,2,H,3,0,H,2.88,3.1,2.25,2.7,3.25,2.35,2.75,3.2,2.3,2.6,3.1,2.3,2.6,3.1,2.4,2.8,3.2,2.3,2.5,3.25,2.4,2.63,3.25,2.5,2.7,3.2,2.35,2.75,3.2,2.3,34,2.95,2.68,3.59,3.22,2.55,2.4,24,1.95,1.85,1.96,1.86,9,0,2.13,2.06,1.83,1.8
B1,13/09/08,Standard,Kortrijk,2,0,H,1,0,H,1.17,6,10,1.17,6,12,1.2,5.5,10,1.22,4.8,9.5,1.17,5.5,12,1.2,5.5,12,1.2,5,11,1.22,5.5,12,1.2,5.5,11,1.2,5.5,10,36,1.22,1.2,6.98,5.68,16.26,11.4,25,1.55,1.53,2.52,2.35,10,-1.75,1.94,1.93,1.98,1.96
B1,14/09/08,Charleroi,Cercle Brugge,3,2,H,2,2,D,2.6,3.1,2.55,2.3,3.2,2.8,2.45,3.1,2.6,2.3,3.2,2.5,2.25,3.25,2.7,2.5,3.2,2.55,2.3,3.2,2.65,2.3,3.3,2.88,2.4,3.2,2.65,2.6,3.2,2.4,35,2.65,2.46,3.3,3.19,2.88,2.61,25,2.17,1.99,1.8,1.72,9,0,1.94,1.88,2,1.98
B1,14/09/08,Waregem,Genk,1,3,A,1,1,D,2.88,3.1,2.38,2.75,3.3,2.25,2.8,3.2,2.25,2.75,3.2,2.2,2.75,3.1,2.3,2.8,3.2,2.3,2.65,3.2,2.3,2.88,3.25,2.38,3.1,3.2,2.1,2.8,3.2,2.25,34,3.11,2.84,3.3,3.21,2.45,2.28,25,1.96,1.86,2.02,1.84,9,0.25,1.94,1.92,2,1.97
B1,19/09/08,Anderlecht,Charleroi,2,0,H,0,0,D,1.4,4.33,8,1.28,4.5,9,1.35,4.4,7,1.3,4.2,8,1.33,4,8,1.3,4.5,9,1.33,4,8,1.36,4.5,9,1.3,4.35,9,1.33,4.5,7.5,41,1.49,1.37,4.55,4.21,9,7.8,31,1.85,1.7,2.2,2.06,17,-1,1.93,1.83,2.15,2.03
B1,20/09/08,Cercle Brugge,Germinal,1,0,H,1,0,H,2,3.25,3.5,2.1,3.2,3.15,2,3.2,3.3,2,3.1,3.2,1.91,3.2,3.5,2,3.25,3.4,2,3.2,3.2,2.1,3.3,3.5,2,3.25,3.25,2,3.25,3.3,38,2.13,2.02,3.47,3.26,3.7,3.36,28,1.88,1.81,2.08,1.92,11,-0.25,1.84,1.81,2.08,2.06
B1,20/09/08,Dender,Waregem,2,0,H,1,0,H,2.38,3.25,2.75,2.45,3.2,2.55,2.3,3.2,2.7,2.45,3.1,2.45,2.25,3.2,2.75,2.3,3.2,2.8,2.4,3.1,2.6,2.5,3.25,2.75,2.35,3.25,2.65,2.5,3.2,2.5,39,2.62,2.42,3.3,3.2,2.92,2.68,29,2.02,1.89,1.9,1.83,12,0,1.9,1.84,2.07,2
B1,20/09/08,Gent,Mechelen,1,2,A,1,1,D,1.36,4.33,7.5,1.35,4,8.1,1.4,4.1,6.5,1.4,3.9,6,1.44,3.6,6.5,1.4,4,7.25,1.4,3.75,7,1.4,4,9,1.35,4.35,7,1.4,4,7,39,1.45,1.4,4.6,4.07,9,7.27,29,1.7,1.64,2.33,2.13,13,-1.25,2.05,2,1.92,1.87
B1,20/09/08,Kortrijk,Bergen,1,0,H,1,0,H,2.1,3.25,3.25,2.25,3.2,2.9,2.1,3.2,3.1,2.1,3.1,3,2,3.2,3.2,2.15,3.2,3.1,2.05,3.2,3.1,2.25,3.25,3.2,2.25,3.25,2.75,2.2,3.25,2.88,40,2.36,2.18,3.35,3.22,3.4,3.02,29,1.98,1.86,1.95,1.86,12,-0.25,2.08,2.05,1.86,1.83
B1,20/09/08,Roeselare,Lokeren,0,1,A,0,0,D,2.25,3.25,2.88,2.2,3.2,2.9,2.3,3.1,2.8,2.2,3.2,2.75,2.38,3.2,2.6,2.25,3.2,2.9,2.25,3.2,2.75,2.4,3.1,3,2.35,3.25,2.65,2.38,3.2,2.62,40,2.59,2.34,3.3,3.19,3,2.77,29,2.2,2.03,1.8,1.71,12,0,1.89,1.82,2.1,2.01
B1,20/09/08,Westerlo,Mouscron,0,0,D,0,0,D,2.2,3.25,3,2.4,3.2,2.65,2.25,3.2,2.8,2.2,3.2,2.75,2.38,3.2,2.6,2.3,3.2,2.8,2.3,3.2,2.65,2.3,3.3,3,2.35,3.25,2.65,2.38,3.25,2.62,39,2.45,2.32,3.3,3.21,3.2,2.79,28,2.19,2,1.85,1.73,12,-0.25,2.14,2.08,1.83,1.8
B1,21/09/08,Genk,Club Brugge,0,1,A,0,0,D,2.5,3.2,2.62,2.55,3.2,2.5,2.5,3.2,2.5,2.5,3.2,2.5,2.5,3.2,2.5,2.55,3.2,2.5,2.5,3.1,2.5,2.63,3.3,2.63,2.5,3.25,2.5,2.4,3.2,2.6,35,2.63,2.49,3.3,3.19,2.7,2.57,20,1.81,1.72,2.15,1.98,3,0,1.85,1.82,1.9,1.85
B1,21/09/08,Tubize,Standard,0,1,A,0,1,A,6.5,4,1.44,8,4.2,1.35,6.5,4.1,1.4,6,3.9,1.4,7,3.75,1.4,6.75,3.75,1.45,6,3.75,1.45,8,3.8,1.44,6.5,3.75,1.45,6.5,3.75,1.44,35,8,6.95,4.3,3.93,1.45,1.42,20,1.73,1.64,2.2,2.11,4,1.5,1.64,1.62,2.2,2.13
B1,24/09/08,Mechelen,Club Brugge,1,1,D,0,1,A,4.75,3.4,1.67,4.85,3.4,1.65,4.5,3.4,1.7,3.7,3.2,1.8,5,3.25,1.62,4.5,3.4,1.7,4.2,3.4,1.7,5.5,3.75,1.67,4.35,3.4,1.7,,,,29,5.5,4.67,3.75,3.41,1.78,1.69,24,1.95,1.8,2.05,1.94,15,0.75,1.92,1.86,2.03,2.01
B1,26/09/08,Standard,Anderlecht,2,1,H,0,0,D,2.1,3.4,3.4,2.2,3.2,2.95,2.15,3.25,3.2,2.3,3.1,2.8,2.2,3.2,2.8,2.25,3.2,2.9,2.25,3.1,2.8,2.3,3.3,3.2,2.1,3.25,3.1,2.1,3.2,3.1,40,2.25,2.11,3.4,3.23,3.75,3.22,34,2.16,2.01,1.83,1.73,18,-0.25,1.89,1.83,2.09,2.03
B1,27/09/08,Bergen,Roeselare,2,0,H,1,0,H,1.8,3.5,4.5,1.8,3.25,4,1.9,3.25,3.75,1.9,3.2,3.4,1.91,3.25,3.4,1.9,3.25,3.75,1.9,3.3,3.4,1.91,3.4,4,1.8,3.25,4,1.8,3.3,4,37,1.91,1.83,3.68,3.33,4.5,3.96,31,2.02,1.9,1.93,1.83,16,-0.5,1.88,1.82,2.1,2.06
B1,27/09/08,Charleroi,Kortrijk,1,2,A,0,0,D,1.62,3.75,5.5,1.6,3.5,5.3,1.65,3.5,4.75,1.7,3.2,4.2,1.57,3.25,5.5,1.65,3.4,5,1.67,3.3,4.5,1.62,3.6,6,1.7,3.4,4.5,1.62,3.5,5,37,1.75,1.63,3.78,3.44,6,5.14,31,1.94,1.81,2,1.92,16,-0.75,1.94,1.88,2.02,1.99
B1,27/09/08,Club Brugge,Westerlo,2,0,H,1,0,H,1.44,4.2,7.5,1.4,3.85,7.5,1.45,3.75,6.5,1.4,3.9,6,1.4,3.75,7,1.45,3.75,6.75,1.44,3.75,6,1.5,4,7,1.45,3.75,6,1.44,3.75,7,36,1.5,1.45,4.42,3.85,7.75,6.72,30,1.98,1.84,1.98,1.9,17,-1.25,2.14,2.1,1.82,1.79
B1,27/09/08,Lokeren,Cercle Brugge,1,1,D,1,1,D,2.75,3.3,2.5,2.55,3.3,2.45,2.5,3.2,2.5,2.2,3.1,2.8,2.25,3.2,2.75,2.45,3.25,2.6,2.4,3.1,2.6,2.5,3.2,2.88,2.5,3.25,2.5,2.4,3.25,2.62,36,2.79,2.48,3.35,3.21,2.88,2.6,31,2.15,1.99,1.83,1.75,16,0,2.06,1.91,2,1.91
B1,27/09/08,Waregem,Tubize,1,0,H,0,0,D,1.55,4,6,1.65,3.3,5.2,1.65,3.5,4.75,1.65,3.3,4.4,1.57,3.5,5,1.65,3.4,5,1.67,3.3,4.5,1.62,3.6,6,1.65,3.4,4.5,1.57,3.5,5.5,37,1.66,1.59,4.06,3.51,6.1,5.41,31,2.05,1.87,1.98,1.87,16,-1,2.07,2,1.9,1.85
B1,28/09/08,Germinal,Gent,2,2,D,1,0,H,2.25,3.3,3.1,2.25,3.3,2.8,2.4,3.2,2.65,2.4,3.1,2.5,2.38,3.2,2.62,2.4,3.25,2.65,2.3,3.1,2.75,2.4,3.3,2.88,2.4,3.25,2.6,2.3,3.25,2.8,36,2.4,2.31,3.5,3.23,3.3,2.8,30,1.93,1.8,2.03,1.93,15,0,1.75,1.67,2.39,2.16
B1,28/09/08,Mouscron,Genk,1,2,A,1,0,H,2.35,3.3,3,2.35,3.3,2.7,2.4,3.2,2.65,2.3,3.1,2.6,2.5,3.2,2.5,2.4,3.25,2.65,2.4,3.1,2.6,2.4,3.25,2.88,2.4,3.25,2.65,2.4,3.25,2.62,36,2.6,2.38,3.48,3.22,3,2.7,30,1.9,1.8,2.05,1.94,16,0,1.79,1.75,2.14,2.06
B1,29/09/08,Mechelen,Dender,4,1,H,4,0,H,1.73,3.6,4.75,1.75,3.4,4.25,1.85,3.3,3.8,1.85,3.2,3.5,1.83,3.2,3.75,1.9,3.25,3.75,1.8,3.3,3.75,1.85,3.4,4.33,1.75,3.3,4.35,1.83,3.3,4,29,1.9,1.82,3.6,3.32,4.75,4.05,24,2,1.87,2,1.87,12,-0.5,1.88,1.82,2.1,2.07
B1,03/10/08,Anderlecht,Mouscron,2,1,H,1,0,H,1.44,4.33,6.5,1.4,4,7.25,1.4,4,7.5,1.35,4,7,1.4,3.75,7,1.4,4,7.25,1.33,4,8,1.4,4.33,8,1.4,3.75,7.5,1.44,4,6.5,40,1.44,1.39,4.86,4.2,9.45,7.29,30,1.75,1.66,2.26,2.12,18,-1.25,2.05,1.99,1.93,1.86
B1,04/10/08,Bergen,Charleroi,1,1,D,0,0,D,2.25,3.3,3.1,2.3,3.2,2.8,2.35,3.2,2.8,2.3,3.1,2.6,2.2,3.25,2.75,2.25,3.2,2.9,2.25,3.2,2.75,2.4,3.2,2.88,2.25,3.25,2.8,2.25,3.2,2.88,37,2.4,2.3,3.3,3.2,3.1,2.82,29,2.09,1.98,1.84,1.76,13,-0.25,2.1,2.06,1.85,1.82
B1,04/10/08,Genk,Mechelen,2,1,H,2,1,H,1.44,4.33,6.5,1.48,3.65,6.5,1.45,4,6.5,1.5,3.7,5,1.4,4,6.5,1.45,3.75,6.75,1.44,3.75,6,1.44,4,7.5,1.4,4,7,1.5,3.6,6.5,37,1.5,1.44,4.33,3.92,7.5,6.66,29,1.8,1.7,2.15,2.06,14,-1,1.92,1.87,2.05,1.96
B1,04/10/08,Gent,Lokeren,1,1,D,0,1,A,1.62,3.6,5,1.65,3.3,5.15,1.7,3.4,4.6,1.7,3.2,4.2,1.7,3.2,4.5,1.65,3.4,5,1.67,3.4,4.33,1.67,3.6,5,1.6,3.4,5,1.67,3.4,4.75,38,1.75,1.66,3.9,3.45,5.6,4.84,29,1.92,1.82,1.99,1.91,14,-0.75,1.92,1.89,2.04,1.99
B1,04/10/08,Kortrijk,Germinal,0,0,D,0,0,D,2.62,3.25,2.62,2.4,3.2,2.7,2.5,3.2,2.6,2.3,3.1,2.6,2.4,3.25,2.5,2.5,3.2,2.55,2.4,3.25,2.5,2.6,3.25,2.63,2.4,3.2,2.65,2.5,3.2,2.6,36,2.75,2.5,3.25,3.21,2.75,2.58,28,2,1.88,1.96,1.86,12,0,2.05,1.93,1.92,1.87
B1,04/10/08,Tubize,Dender,2,1,H,1,0,H,2.4,3.25,2.88,2.3,3.2,2.8,2.4,3.2,2.75,2.3,3.2,2.5,2.4,3.2,2.5,2.35,3.2,2.75,2.4,3.2,2.5,2.5,3.2,2.75,2.35,3.25,2.65,2.38,3.2,2.7,37,2.5,2.39,3.25,3.19,2.88,2.71,29,2.05,1.95,1.88,1.79,13,0,1.86,1.79,2.1,2.04
B1,04/10/08,Westerlo,Waregem,3,2,H,1,1,D,1.85,3.4,4.33,2,3.25,3.4,1.9,3.3,3.75,1.9,3.2,3.4,1.85,3.3,3.5,1.95,3.3,3.5,1.91,3.2,3.5,1.95,3.4,3.8,1.85,3.25,3.75,1.83,3.3,4,36,2,1.91,3.4,3.28,4.33,3.7,29,2.13,2.03,1.81,1.72,13,-0.5,1.95,1.92,2,1.95
B1,05/10/08,Cercle Brugge,Standard,4,1,H,1,0,H,3.3,3.2,2.2,3.25,3.15,2.1,3,3.25,2.2,3.1,3.2,2,2.9,3.25,2.1,3.3,3.2,2.05,3,3.2,2.1,3.4,3.25,2.1,2.9,3.25,2.2,3,3.2,2.2,36,3.4,3.03,3.3,3.22,2.3,2.18,28,1.99,1.84,1.95,1.89,12,0.25,1.88,1.85,2.06,2.03
B1,05/10/08,Roeselare,Club Brugge,0,1,A,0,0,D,6,3.8,1.57,4.8,3.35,1.68,5,3.5,1.65,4.4,3.3,1.65,4.5,3.5,1.62,5,3.4,1.65,5,3.4,1.6,5.5,3.6,1.62,5,3.4,1.6,5.5,3.5,1.57,37,6,5.14,3.8,3.51,1.7,1.61,29,1.98,1.87,1.93,1.86,14,0.75,2.11,2.08,1.83,1.8
B1,18/10/08,Dender,Genk,2,4,A,1,1,D,4,3.4,1.91,3.6,3.3,1.9,3.7,3.3,1.9,3.7,3.2,1.8,3.6,3.25,1.85,3.3,3.25,2,3.25,3.25,1.95,4,3.5,1.85,4,3.25,1.8,3.8,3.4,1.83,35,4.25,3.73,3.5,3.31,2,1.87,28,1.86,1.77,2.13,1.97,11,0.5,1.97,1.94,1.98,1.93
B1,18/10/08,Germinal,Charleroi,1,2,A,1,2,A,1.91,3.4,3.75,1.9,3.2,3.75,1.95,3.2,3.6,2,3.2,3.1,1.91,3.2,3.5,1.9,3.25,3.75,1.9,3.25,3.5,1.95,3.3,3.8,1.85,3.25,3.75,1.83,3.3,4,34,2,1.91,3.4,3.25,4,3.66,26,2.01,1.9,1.93,1.82,9,-0.5,1.96,1.94,2,1.94
B1,18/10/08,Lokeren,Kortrijk,2,0,H,1,0,H,1.95,3.3,3.5,1.95,3.3,3.4,1.95,3.2,3.6,1.85,3.2,3.5,1.91,3.2,3.5,2,3.25,3.4,1.95,3.2,3.4,1.85,3.3,4.25,1.9,3.25,3.75,1.91,3.3,3.6,35,2.05,1.94,3.35,3.25,4.25,3.56,28,2.11,1.97,1.86,1.76,11,-0.5,2.02,2,1.91,1.87
B1,18/10/08,Mechelen,Westerlo,1,3,A,0,1,A,2.2,3.25,3,2.2,3.2,2.9,2.2,3.2,3,2.2,3.1,2.8,2.25,3.2,2.75,2.1,3.2,3.2,2.1,3.25,2.9,2.25,3.25,3.1,2.2,3.25,2.9,2.3,3.2,2.8,35,2.35,2.23,3.35,3.21,3.2,2.91,28,2.15,2.01,1.8,1.73,11,-0.25,2.06,2,1.9,1.88
B1,18/10/08,Mouscron,Roeselare,2,0,H,0,0,D,1.53,3.6,6,1.5,3.6,6,1.57,3.5,5.5,1.6,3.4,4.6,1.53,3.5,5.5,1.5,3.6,6.25,1.53,3.5,5.5,1.53,3.6,7,1.55,3.5,5.5,1.53,3.6,6,34,1.63,1.54,3.7,3.53,7,5.81,27,1.94,1.82,2.02,1.92,11,-0.75,1.79,1.77,2.2,2.13
B1,18/10/08,Standard,Bergen,2,1,H,1,0,H,1.2,5.5,13,1.15,5.8,14,1.2,5.5,12,1.2,5,10,1.2,5,11,1.2,5.5,12,1.2,5.5,9,1.18,6.5,13,1.22,5,11,1.22,5,12,33,1.27,1.21,6.5,5.43,15,11.4,26,1.7,1.64,2.26,2.11,11,-1.5,1.94,1.91,2.02,1.96
B1,18/10/08,Tubize,Gent,0,1,A,0,0,D,5.5,3.6,1.57,5.35,3.55,1.55,4.5,3.5,1.67,4,3.3,1.7,4.5,3.5,1.62,5.2,3.5,1.6,4.2,3.3,1.7,5.5,3.6,1.62,4.5,3.4,1.65,4.75,3.5,1.62,35,5.5,4.91,3.7,3.49,1.75,1.63,28,1.8,1.75,2.1,1.98,11,0.75,2.1,2.02,1.91,1.86
B1,19/10/08,Club Brugge,Cercle Brugge,3,1,H,1,1,D,1.75,3.5,4.75,1.65,3.45,4.65,1.73,3.4,4.4,1.65,3.4,4.2,1.67,3.4,4.33,1.7,3.4,4.5,1.7,3.3,4.2,1.7,3.5,5,1.7,3.3,4.5,1.67,3.4,4.75,34,1.82,1.72,3.6,3.4,5,4.4,27,1.96,1.86,1.95,1.86,11,-0.5,1.87,1.85,2.1,2.02
B1,19/10/08,Waregem,Anderlecht,4,0,H,1,0,H,4.75,3.5,1.75,4.55,3.35,1.68,4.4,3.4,1.73,4,3.3,1.7,4,3.4,1.73,5,3.4,1.65,4.2,3.3,1.7,4.75,3.4,1.75,4.5,3.3,1.7,4.5,3.4,1.7,35,5,4.54,3.5,3.39,1.75,1.7,28,1.88,1.78,2.04,1.95,11,0.25,1.98,1.93,1.97,1.95
B1,24/10/08,Kortrijk,Mouscron,2,2,D,1,1,D,2.4,3.3,2.9,2.3,3.2,2.75,2.3,3.25,2.8,2.2,3.1,2.8,2.25,3.25,2.7,2.4,3.2,2.7,2.25,3.2,2.75,2.4,3.3,2.88,2.35,3.25,2.65,2.4,3.2,2.6,37,2.45,2.31,3.48,3.23,3.08,2.81,28,1.93,1.84,1.99,1.91,15,0,1.76,1.72,2.21,2.11
B1,25/10/08,Anderlecht,Mechelen,7,1,H,4,1,H,1.29,5.25,10,1.18,5.5,12,1.25,5,10,1.22,4.8,9.5,1.25,4.5,10,1.25,5,10,1.25,4.8,9,1.27,5.5,11,1.25,5,9.5,1.25,5,9,37,1.29,1.25,5.8,5.1,14.5,10.03,28,1.64,1.59,2.32,2.21,13,-1.5,1.9,1.85,2.08,2.03
B1,25/10/08,Bergen,Germinal,0,0,D,0,0,D,2.4,3.3,2.9,2.25,3.2,2.8,2.3,3.25,2.8,2.3,3.1,2.6,2.37,3.2,2.6,2.4,3.2,2.7,2.25,3.2,2.7,2.5,3.3,2.8,2.35,3.25,2.65,2.4,3.2,2.6,36,2.62,2.35,3.36,3.23,2.9,2.74,27,2.03,1.9,1.91,1.82,12,0,1.86,1.78,2.1,2.03
B1,25/10/08,Cercle Brugge,Dender,1,2,A,1,1,D,1.44,4.2,7.5,1.4,3.95,6.85,1.5,3.75,6,1.45,3.8,5.4,1.44,3.6,6.5,1.5,3.75,6,1.5,3.6,5.5,1.44,4.2,7.5,1.45,3.8,6.5,1.44,3.75,6.5,37,1.52,1.46,4.52,3.82,7.6,6.56,28,1.67,1.6,2.37,2.2,13,-1,1.8,1.76,2.21,2.14
B1,25/10/08,Charleroi,Lokeren,1,1,D,1,1,D,2.1,3.3,3.5,2.05,3.25,3.2,2.05,3.2,3.3,2,3.2,3.1,1.9,3.2,3.5,2.1,3.2,3.2,2,3.2,3.2,2.1,3.2,3.6,2,3.25,3.25,2,3.25,3.3,37,2.15,2.04,3.46,3.24,3.68,3.32,28,2.14,2.02,1.85,1.73,13,-0.25,1.86,1.81,2.1,2.08
B1,25/10/08,Roeselare,Waregem,0,3,A,0,1,A,2.75,3.3,2.5,2.55,3.3,2.4,2.5,3.2,2.6,2.5,3.1,2.4,2.5,3.2,2.5,2.6,3.25,2.45,2.4,3.1,2.6,2.6,3.3,2.5,2.6,3.25,2.4,2.6,3.2,2.4,37,3,2.6,3.4,3.22,2.6,2.46,28,1.89,1.81,2.04,1.92,13,0,2.18,2.05,1.83,1.78
B1,25/10/08,Westerlo,Tubize,4,1,H,2,0,H,1.44,4.2,7.5,1.5,3.6,6,1.5,3.7,6.25,1.5,3.7,5,1.4,3.75,7,1.5,3.6,6.25,1.5,3.6,5.5,1.44,4,7.5,1.45,3.8,6.5,1.44,3.75,6.5,37,1.5,1.47,4.52,3.77,7.75,6.49,28,1.93,1.8,2.05,1.93,13,-1,1.88,1.84,2.08,2.03
B1,26/10/08,Genk,Standard,0,0,D,0,0,D,2.9,3.3,2.4,2.75,3.2,2.3,2.6,3.25,2.45,2.8,3.1,2.2,2.6,3.2,2.37,2.8,3.2,2.3,2.6,3.1,2.4,2.8,3.3,2.4,2.75,3.25,2.25,2.75,3.2,2.3,36,2.98,2.72,3.5,3.22,2.55,2.36,28,1.94,1.81,2,1.92,12,0,2.21,2.11,1.75,1.71
B1,26/10/08,Gent,Club Brugge,3,0,H,0,0,D,2.8,3.3,2.5,2.8,3.2,2.25,2.75,3.2,2.35,2.6,3.1,2.3,2.6,3.2,2.37,2.7,3.2,2.4,2.6,3.1,2.4,2.63,3.3,2.6,2.75,3.25,2.25,2.62,3.2,2.4,37,2.8,2.66,3.44,3.22,2.65,2.41,28,2,1.88,1.91,1.85,13,0,2.03,1.98,1.93,1.84
B1,29/10/08,Club Brugge,Waregem,2,0,H,0,0,D,1.33,4.5,8,1.32,4.5,8,1.4,4.25,7.5,1.3,4.2,8,1.33,4,8,1.4,4,7.25,1.35,4.2,7,1.4,4.5,8,1.33,4.35,8,1.4,4,7,29,1.46,1.38,4.5,4.15,8.5,7.49,25,1.78,1.72,2.1,2.01,12,-1,1.91,1.89,2.02,2
B1,31/10/08,Standard,Charleroi,1,2,A,1,1,D,1.3,5.25,9.5,1.25,5,10,1.25,5,10,1.3,4.2,8,1.29,4.33,9,1.25,5,10,1.25,4.5,9.5,1.27,5,10,1.28,4.5,8.5,1.25,5,9,40,1.3,1.27,6.09,4.97,11.92,9.6,31,1.71,1.64,2.25,2.14,17,-1.5,2.05,1.96,1.92,1.86
B1,01/11/08,Club Brugge,Kortrijk,4,1,H,2,1,H,1.3,5.25,9.5,1.25,5,10,1.25,5,10,1.3,4.2,8,1.25,4.5,10,1.28,4.75,9,1.35,4.2,7,1.27,5,10,1.3,4.35,8.5,1.29,4.5,9,37,1.35,1.28,5.33,4.79,11.11,9.35,27,1.7,1.65,2.23,2.1,12,-1.5,2.11,2.06,1.83,1.8
B1,01/11/08,Dender,Westerlo,2,2,D,0,1,A,2.9,3.3,2.38,2.75,3.3,2.25,2.75,3.25,2.35,2.5,3.2,2.3,2.6,3.2,2.38,2.8,3.2,2.3,2.75,3.2,2.25,2.8,3.2,2.38,2.75,3.2,2.3,2.75,3.2,2.3,36,2.96,2.75,3.54,3.23,2.47,2.34,27,1.86,1.82,2.06,1.92,11,0,2.17,2.11,1.75,1.73
B1,01/11/08,Lokeren,Bergen,0,0,D,0,0,D,1.91,3.4,4,1.85,3.35,3.8,1.85,3.3,4,1.8,3.1,3.8,1.8,3.3,3.75,1.75,3.4,4.2,1.8,3.3,3.75,1.8,3.3,4.25,2,3.2,3.4,1.83,3.3,3.8,37,2.04,1.87,3.48,3.3,4.35,3.8,27,2.31,2.12,1.7,1.64,12,-0.5,2.04,2.01,1.91,1.85
B1,01/11/08,Mechelen,Roeselare,1,2,A,0,0,D,1.7,3.3,4.5,1.75,3.45,4,1.75,3.4,4.25,1.7,3.2,4.2,1.67,3.3,4.5,1.7,3.4,4.5,1.7,3.4,4.2,1.7,3.4,4.75,1.7,3.4,4.35,1.7,3.4,4.33,35,1.8,1.73,3.79,3.4,4.8,4.41,27,1.93,1.85,2,1.88,12,-0.75,2.06,2.03,1.86,1.84
B1,01/11/08,Mouscron,Cercle Brugge,0,1,A,0,0,D,2.35,3.3,3,2.35,3.25,2.7,2.3,3.25,2.85,2.2,3.1,2.8,2.2,3.2,2.8,2.25,3.2,2.9,2.2,3.2,2.8,2.3,3.25,2.88,2.2,3.25,2.9,2.3,3.2,2.75,36,2.56,2.3,3.42,3.23,3,2.81,26,1.75,1.68,2.27,2.07,11,0,1.79,1.73,2.2,2.13
B1,01/11/08,Tubize,Genk,1,3,A,0,1,A,6,3.75,1.57,5.1,3.6,1.55,5.25,3.6,1.6,4.6,3.4,1.6,5.5,3.6,1.5,6.5,3.6,1.5,5.25,3.5,1.55,5.25,3.5,1.62,5.5,3.5,1.55,6,3.6,1.5,37,6.8,5.68,4.24,3.61,1.62,1.55,27,1.83,1.75,2.1,1.98,12,1,1.93,1.9,2.02,1.95
B1,02/11/08,Germinal,Anderlecht,1,3,A,1,0,H,4,3.25,1.83,4.3,3.5,1.68,4.1,3.4,1.8,3.7,3.2,1.8,4,3.4,1.73,4.2,3.25,1.8,4,3.3,1.75,4.25,3.3,1.8,3.6,3.25,1.9,3.8,3.3,1.83,33,4.4,3.99,3.5,3.33,1.96,1.81,25,1.75,1.67,2.2,2.09,10,0.5,1.96,1.94,1.96,1.93
B1,02/11/08,Waregem,Gent,0,2,A,0,0,D,2.6,3.2,2.5,2.6,3.2,2.4,2.6,3.25,2.5,2.4,3.2,2.4,2.5,3.2,2.5,2.55,3.2,2.5,2.6,3.1,2.4,2.6,3.25,2.5,2.65,3.3,2.3,2.62,3.2,2.38,32,2.85,2.63,3.4,3.21,2.55,2.42,24,1.91,1.77,2.1,1.95,11,0,2.17,2.08,1.85,1.77
B1,07/11/08,Cercle Brugge,Waregem,2,0,H,0,0,D,1.75,3.75,4.33,1.85,3.35,3.65,1.8,3.3,4.2,1.75,3.2,4,1.73,3.4,4,1.8,3.25,4.3,1.8,3.4,3.6,1.85,3.5,4.25,1.75,3.25,4.35,1.7,3.3,4.5,34,1.8,1.73,3.92,3.47,5.42,4.4,27,1.73,1.69,2.2,2.05,15,-0.5,1.77,1.71,2.26,2.13
B1,08/11/08,Anderlecht,Lokeren,2,3,A,0,2,A,1.36,4.75,8.5,1.25,5,9,1.3,4.75,7.5,1.3,4.2,8,1.36,4,7,1.3,4.5,9,1.3,4.2,8.5,1.33,4.5,9,1.28,4.5,8.5,1.3,4.5,8.5,34,1.36,1.31,5.09,4.58,10.57,8.62,25,1.73,1.65,2.2,2.11,13,-1.5,2.18,2.09,1.8,1.77
B1,08/11/08,Bergen,Mouscron,0,0,D,0,0,D,2.4,3.3,2.9,2.25,3.2,2.8,2.3,3.2,2.75,2.2,3.1,2.8,2.5,3.2,2.5,2.4,3.15,2.7,2.3,3.25,2.6,2.4,3.3,2.75,2.35,3.25,2.65,2.3,3.25,2.7,34,2.5,2.34,3.46,3.23,3,2.75,25,2.06,1.93,1.91,1.8,13,0,1.75,1.72,2.17,2.07
B1,08/11/08,Gent,Dender,1,1,D,1,0,H,1.4,4.33,8,1.38,4,7.2,1.4,4.2,7,1.4,3.9,6,1.33,4,8,1.4,4,7.25,1.4,4,7,1.4,4.33,7,1.35,4,7.5,1.36,4.2,7,34,1.42,1.39,5.1,4.15,9.38,7.32,25,1.67,1.59,2.44,2.22,14,-1.25,1.95,1.91,2,1.97
B1,08/11/08,Kortrijk,Mechelen,0,0,D,0,0,D,2,3.5,3.6,1.95,3.25,3.4,1.95,3.2,3.5,2,3.2,3.1,1.91,3.25,3.4,1.9,3.25,3.75,2.05,3.25,3,2.05,3.25,3.5,2,3.25,3.25,2,3.25,3.3,34,2.1,2,3.81,3.28,3.76,3.41,26,1.85,1.76,2.1,1.97,14,-0.5,2.04,2,1.91,1.85
B1,08/11/08,Roeselare,Tubize,1,2,A,1,1,D,1.83,3.5,4.2,1.8,3.35,3.9,1.85,3.3,4,1.85,3.2,3.5,1.73,3.4,4,1.8,3.25,4,1.9,3.4,3.25,1.83,3.4,4,1.8,3.25,4,1.8,3.3,4,35,1.95,1.84,3.74,3.35,4.42,3.89,26,2.04,1.9,1.92,1.82,14,-0.5,1.88,1.84,2.07,2
B1,08/11/08,Westerlo,Genk,1,0,H,0,0,D,2.7,3.25,2.6,2.5,3.3,2.45,2.5,3.25,2.5,2.45,3.1,2.45,2.5,3.2,2.5,2.5,3.2,2.55,2.5,3.25,2.4,2.6,3.2,2.6,2.4,3.25,2.6,2.5,3.2,2.5,34,2.78,2.55,3.5,3.23,2.65,2.51,26,1.85,1.77,2.08,1.95,13,0,2.06,1.96,1.92,1.85
B1,09/11/08,Charleroi,Club Brugge,2,2,D,0,0,D,3.2,3.3,2.25,3.25,3.2,2.1,3.1,3.2,2.15,3.1,3,2.1,2.75,3.25,2.2,3,3.2,2.2,3,3.2,2.1,3.3,3.3,2.1,3.25,3.25,2,3.1,3.25,2.1,35,3.35,3.14,3.43,3.24,2.35,2.12,26,1.97,1.88,1.93,1.84,13,0.25,1.9,1.85,2.05,2.02
B1,09/11/08,Germinal,Standard,1,3,A,1,1,D,3.6,3.3,2.05,3.4,3.25,1.95,3.6,3.25,1.95,3.9,3.3,1.75,3.75,3.3,1.8,3.9,3.3,1.85,3.25,3.25,1.95,3.6,3.3,1.95,3.75,3.25,1.85,3.5,3.3,1.91,34,3.9,3.58,3.49,3.28,2.11,1.93,25,1.95,1.85,1.99,1.88,12,0.5,1.85,1.82,2.11,2.06
B1,14/11/08,Westerlo,Gent,3,2,H,2,1,H,2.5,3.3,2.75,2.3,3.2,2.75,2.45,3.2,2.75,2.3,3.1,2.6,2.4,3.1,2.6,2.4,3.2,2.7,2.3,3.1,2.7,2.4,3.3,2.8,2.5,3.2,2.6,2.3,3.2,2.75,36,2.59,2.4,3.43,3.21,2.9,2.71,31,1.94,1.85,1.97,1.88,15,0,1.88,1.8,2.07,2.01
B1,15/11/08,Dender,Kortrijk,1,0,H,0,0,D,2.3,3.25,2.8,2.25,3.1,2.95,2.2,3.2,3,2.1,3.1,3,2.2,3.25,2.75,2.25,3.2,2.9,2.1,3.2,3,2.25,3.25,3.1,2.25,3.3,2.8,2.2,3.1,3,34,2.4,2.24,3.65,3.22,3.1,2.9,28,1.75,1.66,2.16,2.01,13,0,1.76,1.67,2.24,2.16
B1,15/11/08,Genk,Roeselare,1,1,D,0,0,D,1.25,5.25,10,1.23,5,10,1.27,5,8.5,1.3,4.2,8,1.25,4.5,10,1.25,5,10,1.25,4.8,9,1.27,5.5,10,1.25,5,9,1.25,5,9,34,1.27,1.25,5.8,5.06,13,9.64,28,1.67,1.56,2.5,2.28,14,-1.5,1.78,1.74,2.22,2.14
B1,15/11/08,Mechelen,Bergen,0,0,D,0,0,D,2.05,3.25,3.4,1.95,3.2,3.6,2.1,3.2,3.2,2,3.1,3.2,2.1,3.2,3,2.15,3.2,3.1,2.1,3.2,3,2.05,3.3,3.5,2.1,3.3,3.1,2,3.2,3.4,32,2.2,2.07,3.3,3.23,3.6,3.24,28,1.96,1.85,1.95,1.87,13,-0.5,2.14,2.12,1.81,1.77
B1,15/11/08,Mouscron,Charleroi,2,1,H,2,0,H,2.2,3.25,3,2.1,3.25,3.1,2.2,3.2,3,2.1,3.1,3,2.2,3.2,2.8,2.3,3.2,2.8,2.25,3.2,2.75,2.2,3.25,3.2,2.2,3.3,2.8,2.25,3.25,2.8,32,2.25,2.15,3.3,3.22,3.5,3.03,27,1.93,1.81,2.02,1.92,13,-0.25,1.95,1.93,1.98,1.95
B1,15/11/08,Tubize,Cercle Brugge,3,0,H,1,0,H,4.33,3.4,1.75,4.6,3.4,1.7,4.25,3.3,1.75,3.4,3.3,1.85,4,3.4,1.72,4,3.4,1.8,3.2,3.2,2,4.33,3.4,1.83,4,3.5,1.75,4.33,3.3,1.73,33,4.85,4.26,3.5,3.38,1.83,1.75,28,1.76,1.7,2.14,2.04,13,0.5,2.12,2.09,1.83,1.8
B1,15/11/08,Waregem,Germinal,2,2,D,0,2,A,2,3.25,3.5,2.1,3.2,3.2,2,3.2,3.5,2,3.1,3.2,2,3.2,3.2,2.1,3.1,3.3,1.9,3.25,3.5,2.1,3.3,3.4,2.1,3.3,3.1,2,3.25,3.3,33,2.26,2.03,3.4,3.25,3.75,3.3,27,2.05,1.92,1.95,1.81,12,-0.5,2.26,2.21,1.74,1.71
B1,16/11/08,Club Brugge,Anderlecht,1,1,D,1,0,H,2.3,3.25,2.9,2.2,3.15,3,2.1,3.2,3.2,2,3.1,3.2,2.2,3.25,2.75,2.05,3.2,3.3,2.15,3.1,3,2.15,3.2,3.3,2.25,3.1,2.8,2.2,3.2,2.9,33,2.45,2.22,3.3,3.19,3.3,2.96,27,2,1.86,1.95,1.87,12,0,1.79,1.71,2.25,2.12
B1,16/11/08,Lokeren,Standard,1,1,D,0,0,D,3.25,3.25,2.1,3.4,3.2,2,3.2,3.2,2.1,2.8,3.1,2.2,3,3.2,2.1,3.1,3.2,2.15,3.2,3.2,2,3.5,3.25,2.1,3.2,3.2,2.1,3.1,3.2,2.1,31,3.5,3.21,3.4,3.21,2.2,2.07,26,2.09,1.92,1.86,1.81,12,0.25,2.06,2.03,1.88,1.86
B1,22/11/08,Anderlecht,Westerlo,2,0,H,1,0,H,1.44,4.33,7,1.4,3.85,7.75,1.45,3.8,7,1.4,3.9,6,1.5,3.5,6,1.45,4,6.25,1.45,4,6.25,1.44,4,7.5,1.45,4,6,1.44,3.75,6.5,35,1.5,1.44,4.4,3.87,8,6.8,25,1.66,1.6,2.3,2.2,14,-1.25,2.09,2.08,1.84,1.81
B1,22/11/08,Bergen,Club Brugge,1,2,A,1,0,H,4.33,3.4,1.85,4.85,3.4,1.65,4.6,3.4,1.73,3.8,3.1,1.8,3.75,3.3,1.8,4.2,3.4,1.75,4.2,3.4,1.75,4.75,3.5,1.73,4.5,3.4,1.7,4.2,3.4,1.73,35,5,4.36,3.6,3.37,1.95,1.75,27,2.02,1.9,1.91,1.82,14,0.5,1.99,1.95,1.94,1.9
B1,22/11/08,Cercle Brugge,Mechelen,2,1,H,1,1,D,1.67,3.75,5.5,1.55,3.5,5.85,1.62,3.5,5.25,1.6,3.4,4.6,1.57,3.5,5,1.6,3.6,5,1.6,3.6,5,1.62,3.6,5.5,1.6,3.6,4.5,1.6,3.5,5,33,1.67,1.6,3.91,3.53,5.85,5.25,27,1.75,1.66,2.2,2.09,14,-0.75,1.88,1.87,2.05,2.01
B1,22/11/08,Charleroi,Tubize,3,2,H,0,2,A,1.44,4.33,7,1.55,3.45,5.9,1.53,3.75,6,1.55,3.5,4.8,1.44,3.6,6.5,1.5,3.8,5.75,1.5,3.8,5.75,1.44,4,7.5,1.5,3.6,6,1.5,3.6,6,34,1.55,1.49,4.36,3.73,7.5,6.29,26,1.75,1.67,2.25,2.07,14,-1,1.9,1.85,2.05,2.01
B1,22/11/08,Germinal,Lokeren,0,2,A,0,0,D,2.2,3.3,3.3,2.25,3,3,2.25,3.2,3,2.3,3.1,2.6,2.2,3,3,2.25,3.2,2.9,2.25,3.2,2.9,2.25,3.25,3,2.25,3.25,2.8,2.3,3.2,2.75,33,2.45,2.22,3.3,3.17,3.56,2.98,26,2.2,2.04,1.75,1.7,12,0,1.67,1.64,2.45,2.17
B1,22/11/08,Roeselare,Dender,2,2,D,1,1,D,2.4,3.3,2.88,2.3,3.2,2.8,2.3,3.25,2.9,2.2,3.1,2.8,2.2,3.25,2.75,2.5,3.15,2.6,2.5,3.15,2.6,2.38,3.25,2.88,2.25,3.25,2.75,2.5,3.2,2.5,35,2.53,2.31,3.4,3.22,3.1,2.8,27,1.93,1.84,2,1.89,13,0,1.8,1.72,2.22,2.06
B1,22/11/08,Standard,Mouscron,3,1,H,1,0,H,1.36,4.5,9,1.35,4.25,8,1.37,4.25,8,1.35,4,7,1.36,4,7,1.35,4.3,7.75,1.35,4.3,7.75,1.36,4.5,8.5,1.35,4,7.5,1.36,4.2,7,33,1.4,1.35,5.05,4.3,10.92,7.91,26,1.65,1.6,2.31,2.2,14,-1.25,1.9,1.84,2.06,2.04
B1,23/11/08,Gent,Genk,2,3,A,0,1,A,2.1,3.3,3.2,2.05,3.3,3.2,2.2,3.25,3.1,2.2,3.1,2.8,2.2,3.25,2.75,2.1,3.2,3.2,2.1,3.2,3.2,2.2,3.25,3.2,2.2,3.25,2.8,2.2,3.25,2.88,32,2.3,2.16,3.3,3.23,3.2,3.02,26,1.87,1.75,2.06,1.99,13,-0.25,1.88,1.86,2.08,2.02
B1,28/11/08,Dender,Anderlecht,0,2,A,0,1,A,5,3.75,1.67,5.35,3.5,1.6,4.75,3.5,1.6,4.6,3.4,1.6,4.5,3.5,1.61,4.75,3.5,1.65,5,3.5,1.57,6,3.5,1.62,5,3.5,1.6,4.5,3.5,1.67,41,6.44,5.31,4.11,3.58,1.67,1.59,33,1.68,1.64,2.3,2.15,18,1,1.9,1.84,2.04,2
B1,29/11/08,Genk,Cercle Brugge,3,2,H,2,1,H,1.73,3.4,4.5,1.65,3.45,4.9,1.7,3.4,4.4,1.65,3.4,4.2,1.72,3.4,4,1.7,3.4,4.5,1.7,3.4,4.2,1.67,3.5,5,1.7,3.4,4.5,1.7,3.4,4.33,39,1.83,1.71,3.66,3.41,5,4.51,30,1.87,1.75,2.08,1.99,14,-0.5,1.84,1.81,2.1,2.07
B1,29/11/08,Gent,Roeselare,4,0,H,2,0,H,1.29,4.75,9.5,1.3,4.7,8.5,1.33,4.5,7.5,1.4,3.9,6,1.33,4,8,1.3,4.5,9,1.36,3.75,8,1.36,4.5,8,1.3,4.5,8,1.33,4.5,7.5,38,1.37,1.32,5.2,4.55,11,8.48,29,1.62,1.54,2.5,2.32,14,-1.5,1.95,1.92,1.99,1.94
B1,29/11/08,Mouscron,Lokeren,2,0,H,1,0,H,2.2,3.25,3,2.1,3.1,3.3,2.15,3.2,3,2.2,3.1,2.8,2.2,3.2,2.8,2.25,3.2,2.88,2.2,3.2,2.8,2.15,3.2,3.25,2.2,3.25,2.9,2.25,3.2,2.8,35,2.37,2.2,3.35,3.2,3.31,2.99,27,2.1,2.02,1.84,1.73,13,0,1.7,1.62,2.38,2.25
B1,29/11/08,Tubize,Kortrijk,3,3,D,1,1,D,2.3,3.2,2.88,2.15,3.25,3.05,2.2,3.2,2.9,2.2,3.1,2.8,2.3,3.2,2.62,2.38,3.2,2.7,2.2,3.2,2.8,2.4,3.2,2.8,2.4,3.25,2.65,2.38,3.2,2.62,38,2.52,2.32,3.3,3.2,3.07,2.8,29,2.05,1.94,1.91,1.79,14,0,1.8,1.74,2.12,2.04
B1,29/11/08,Waregem,Charleroi,4,2,H,3,1,H,2.2,3.25,3,2.2,3.2,3,2.15,3.2,3,2.2,3,2.9,2.25,3.25,2.7,2.25,3.2,2.88,2.3,3.25,2.6,2.2,3.25,3.1,2.25,3.25,2.75,2.25,3.2,2.8,38,2.36,2.23,3.35,3.22,3.26,2.91,30,2,1.86,1.95,1.86,14,0,1.69,1.58,2.28,2.2
B1,29/11/08,Westerlo,Bergen,2,1,H,1,0,H,1.57,3.6,5.25,1.55,3.45,6,1.6,3.5,5,1.6,3.4,4.6,1.57,3.5,5,1.55,3.6,5.5,1.6,3.25,5.5,1.62,3.5,5.5,1.55,3.6,5,1.57,3.4,5.5,39,1.7,1.58,3.89,3.53,6,5.45,30,1.92,1.8,2.02,1.92,14,-0.75,1.86,1.85,2.11,2.04
B1,30/11/08,Club Brugge,Germinal,3,0,H,2,0,H,1.44,4.2,6,1.32,4.5,8.25,1.33,4.5,7.5,1.3,4.2,8,1.33,4.33,7,1.35,4.2,8,1.33,4.2,7.5,1.36,4.5,8,1.4,4,7,1.36,4.2,7,36,1.45,1.36,4.55,4.29,9,7.48,27,1.76,1.69,2.16,2.05,12,-1.25,2.1,2.06,1.86,1.83
B1,30/11/08,Mechelen,Standard,0,0,D,0,0,D,4.75,3.5,1.67,5.25,3.5,1.6,4.75,3.4,1.65,4.2,3.4,1.65,4.33,3.4,1.66,4.75,3.5,1.65,5,3.4,1.6,5.25,3.4,1.67,4.5,3.4,1.65,5,3.4,1.62,35,5.5,4.88,3.6,3.45,1.74,1.65,28,1.79,1.71,2.13,2.02,13,0.75,1.96,1.93,1.98,1.95
B1,05/12/08,Cercle Brugge,Gent,3,1,H,0,0,D,2.4,3.3,2.88,2.25,3,3,2.35,3.25,2.8,2.2,3.1,2.8,2.38,3.2,2.6,2.2,3.2,3,2.25,3.2,2.75,2.4,3.2,3,2.3,3.3,2.65,2.3,3.2,2.75,38,2.49,2.31,3.43,3.2,3,2.84,32,1.75,1.65,2.26,2.11,19,0,1.81,1.71,2.16,2.09
B1,06/12/08,Anderlecht,Tubize,5,1,H,3,0,H,1.2,6,11,1.2,5.1,12,1.2,5.5,11,1.2,5,10,1.17,5.5,12,1.18,5.75,12,1.22,5,9.5,1.2,6.5,13,1.2,5.5,11,1.2,6,10,36,1.22,1.19,6.94,5.93,16,11.56,28,1.45,1.43,2.8,2.63,15,-2,2.04,1.99,1.93,1.86
B1,06/12/08,Bergen,Dender,5,2,H,2,1,H,2.1,3.25,3.25,2.15,3.1,3.1,2.1,3.2,3.1,2.1,3.1,3,2,3.2,3.2,2.15,3.2,3.1,2.1,3.2,3,2.15,3.25,3.4,2.1,3.25,3,2.1,3.25,3.1,35,2.2,2.09,3.53,3.23,3.66,3.21,29,1.95,1.83,2.01,1.9,15,-0.25,1.84,1.82,2.1,2.06
B1,06/12/08,Charleroi,Mechelen,1,2,A,1,1,D,1.67,3.4,5,1.6,3.5,4.9,1.67,3.4,4.6,1.65,3.3,4.4,1.62,3.5,4.5,1.65,3.5,4.75,1.65,3.4,4.5,1.7,3.5,5.25,1.65,3.5,4.5,1.67,3.4,4.75,35,1.8,1.68,3.86,3.46,5.25,4.7,30,1.79,1.7,2.13,2.04,15,-0.75,2.01,1.97,1.92,1.9
B1,06/12/08,Germinal,Mouscron,3,0,H,1,0,H,2.2,3.25,3,2.15,3.15,3.05,2.2,3.25,2.9,2.4,3.1,2.5,2.2,3.25,2.75,2.25,3.2,2.88,2.2,3.25,2.75,2.38,3.2,3,2.25,3.3,2.75,2.3,3.2,2.75,35,2.3,2.21,3.42,3.21,3.4,2.98,28,1.99,1.85,2,1.88,15,0,1.66,1.62,2.29,2.19
B1,06/12/08,Roeselare,Westerlo,1,0,H,0,0,D,3.25,3.3,2.1,2.95,3.25,2.15,2.85,3.25,2.2,2.8,3.1,2.2,2.88,3.3,2.1,2.9,3.3,2.2,3.2,3.2,2,3.4,3.25,2.15,3,3.25,2.1,3.1,3.25,2.1,36,3.6,3.14,3.56,3.26,2.25,2.12,29,1.93,1.83,2,1.89,15,0,2.62,2.36,1.62,1.53
B1,06/12/08,Standard,Waregem,1,2,A,1,0,H,1.36,4.5,7.5,1.28,4.5,9,1.3,4.5,8.5,1.3,4.2,8,1.29,4.33,9,1.3,4.5,9,1.3,4.5,7.5,1.36,4.5,9,1.28,4.5,8.5,1.3,4.5,8.5,36,1.38,1.31,4.97,4.53,9.55,8.63,30,1.71,1.62,2.25,2.15,14,-1.25,1.9,1.89,2.04,1.99
B1,07/12/08,Kortrijk,Genk,3,1,H,0,0,D,3.25,3.25,2.1,3.35,3.2,2,3.1,3.2,2.1,3.2,3.1,2,3,3.2,2.1,3.25,3.25,2.05,3,3.2,2.1,3.5,3.2,2.15,3,3.25,2.1,3.3,3.25,2,35,3.6,3.24,3.58,3.24,2.15,2.08,29,1.81,1.74,2.1,1.98,15,0,2.38,2.31,1.57,1.54
B1,07/12/08,Lokeren,Club Brugge,2,0,H,1,0,H,2.88,3.2,2.3,3,3,2.25,2.75,3.2,2.3,2.6,3.1,2.3,2.75,3.2,2.25,3,3.1,2.25,2.75,3.2,2.25,3.2,3.2,2.25,2.6,3.3,2.35,2.62,3.2,2.38,35,3.2,2.82,3.31,3.19,2.56,2.33,29,2.15,2,1.8,1.73,15,0,2.2,2.07,1.83,1.75
B1,12/12/08,Mechelen,Germinal,2,1,H,0,0,D,2.5,3.3,2.75,2.2,3.25,2.95,2.6,3.1,2.6,2.3,3.1,2.6,2.37,3.2,2.6,2.38,3.2,2.7,2.25,3.2,2.75,2.38,3.2,3,2.25,3.2,2.8,2.38,3.2,2.62,32,2.7,2.42,3.35,3.21,2.8,2.68,27,2,1.87,2,1.87,14,0,1.97,1.87,2,1.94
B1,13/12/08,Dender,Lokeren,1,1,D,1,1,D,3.25,3.25,2.2,2.75,3.15,2.35,2.75,3.25,2.3,2.6,3.1,2.3,2.75,3.2,2.25,2.8,3.2,2.3,2.75,3.2,2.25,2.8,3.2,2.4,2.75,3.25,2.25,2.7,3.25,2.3,35,3.45,2.95,3.32,3.19,2.35,2.24,28,2.16,2.01,1.83,1.74,16,0.25,1.96,1.92,1.97,1.94
B1,13/12/08,Genk,Charleroi,1,0,H,0,0,D,1.53,4,6,1.55,3.55,5.65,1.6,3.5,5.25,1.55,3.5,4.8,1.5,3.5,6,1.5,3.75,6,1.57,3.5,5,1.62,3.6,5.5,1.45,3.6,6.5,1.57,3.6,5,35,1.62,1.53,4.28,3.71,6.6,5.79,29,1.73,1.66,2.27,2.12,17,-1,1.94,1.89,2.01,1.93
B1,13/12/08,Gent,Kortrijk,1,1,D,1,1,D,1.5,4,6.5,1.45,3.65,7.15,1.45,3.75,7,1.45,3.8,5.4,1.57,3.25,5.5,1.45,4,6,1.5,3.4,6,1.5,3.8,6.5,1.4,3.8,6.5,1.5,3.6,6,35,1.57,1.48,4.24,3.78,7.5,6.4,29,1.65,1.54,2.65,2.33,17,-1,1.94,1.89,2,1.94
B1,13/12/08,Tubize,Bergen,2,1,H,0,0,D,2.8,3.25,2.5,2.4,3.2,2.65,2.5,3.2,2.6,2.3,3.1,2.6,2.37,3.2,2.6,2.7,3.2,2.4,2.4,3.25,2.5,2.6,3.2,2.6,2.5,3.25,2.5,2.5,3.2,2.5,34,2.95,2.59,3.3,3.19,2.75,2.51,27,1.99,1.87,2,1.87,16,0,2.1,2.01,1.85,1.8
B1,13/12/08,Waregem,Mouscron,2,1,H,1,1,D,2.05,3.3,3.6,2.1,3.2,3.2,2.05,3.25,3.3,2.1,3.1,3,2,3.2,3.2,2.05,3.2,3.3,2.1,3.25,2.9,2.1,3.25,3.25,1.95,3.25,3.4,2.1,3.25,3.1,32,2.1,2.03,3.61,3.27,3.85,3.34,26,1.93,1.83,2,1.91,15,-0.5,2.06,2.03,1.86,1.82
B1,13/12/08,Westerlo,Cercle Brugge,1,2,A,0,0,D,2.05,3.3,3.6,1.95,3.05,3.7,1.95,3.3,3.5,1.9,3.2,3.4,2,3.2,3.2,2,3.25,3.4,2,3.2,3.2,1.9,3.4,3.8,2,3.25,3.25,1.91,3.3,3.5,34,2.19,1.99,3.4,3.26,3.8,3.46,28,1.88,1.76,2.08,1.98,16,-0.5,2.19,2.12,1.78,1.76
B1,14/12/08,Club Brugge,Standard,1,4,A,0,3,A,2.62,3.2,2.62,2.25,3.2,2.9,2.3,3.2,2.85,2.1,3.1,3,2.25,3.25,2.7,2.55,3.2,2.5,2.3,3.1,2.7,2.4,3.2,2.8,2.3,3.2,2.7,2.3,3.2,2.75,34,2.74,2.47,3.3,3.17,2.9,2.66,28,2.18,2.05,1.8,1.7,14,0,1.95,1.88,2,1.94
B1,14/12/08,Roeselare,Anderlecht,0,3,A,0,0,D,8,4.75,1.36,7.15,4,1.4,7,4,1.4,6,3.9,1.4,6,3.75,1.44,7.25,4,1.4,6.5,3.6,1.44,6.5,3.8,1.5,6.5,3.8,1.4,7,4,1.4,34,9.2,7.19,4.75,4.06,1.46,1.41,28,1.62,1.54,2.56,2.33,16,1.5,1.86,1.78,2.06,1.98
B1,16/12/08,Kortrijk,Waregem,1,0,H,1,0,H,2.38,3.4,2.88,2.25,3.1,2.9,2.3,3.2,2.75,2.3,3,2.7,2.2,3.25,2.75,2.25,3.2,2.75,2.3,3.2,2.62,2.38,3.2,3,2.25,3.25,2.8,2.3,3.2,2.75,32,2.47,2.3,3.44,3.24,3.15,2.85,27,1.94,1.81,1.98,1.92,15,0,1.82,1.73,2.2,2.11
B1,19/12/08,Anderlecht,Genk,2,0,H,1,0,H,1.57,3.8,6,1.5,3.7,5.7,1.6,3.6,5,1.6,3.4,4.6,1.57,3.5,5,1.55,3.5,5.75,1.6,3.4,4.8,1.57,3.75,6,1.6,3.4,5,1.57,3.6,5,37,1.63,1.57,4.1,3.64,6.2,5.49,28,1.67,1.58,2.5,2.27,18,-1,2.05,1.95,1.9,1.86
B1,20/12/08,Bergen,Waregem,2,2,D,1,1,D,2.25,3.25,3.25,2.4,3.2,2.7,2.3,3.2,2.8,2.3,3.1,2.6,2.4,3.25,2.5,2.38,3.15,2.75,2.3,3.25,2.6,2.4,3.2,2.88,2.2,3.25,2.9,2.25,3.2,2.8,35,2.4,2.27,3.42,3.22,3.31,2.9,26,2.02,1.91,1.91,1.83,13,-0.25,2,1.95,1.95,1.92
B1,20/12/08,Cercle Brugge,Roeselare,4,3,H,3,0,H,1.4,4.33,8.5,1.4,3.75,8,1.45,3.75,7,1.45,3.8,5.4,1.36,4,7,1.4,3.8,8,1.44,3.75,6,1.44,4,7.5,1.45,3.75,6.5,1.44,3.75,6.5,34,1.5,1.42,4.69,3.96,9.15,7.3,25,1.67,1.59,2.4,2.23,14,-1.25,1.91,1.87,2.04,2.01
B1,20/12/08,Charleroi,Dender,2,0,H,1,0,H,1.61,3.75,5.5,1.6,3.5,5,1.65,3.4,5,1.7,3.3,4,1.62,3.25,5,1.65,3.4,5,1.7,3.25,4.33,1.7,3.5,5,1.65,3.4,4.35,1.67,3.4,4.5,35,1.7,1.62,4,3.5,5.86,5.07,26,1.78,1.72,2.14,2.02,14,-1,2.12,2.03,1.85,1.8
B1,20/12/08,Germinal,Tubize,2,0,H,1,0,H,1.57,3.8,6,1.6,3.55,4.9,1.6,3.4,5.25,1.65,3.4,4.2,1.67,3.4,4.33,1.6,3.5,5.2,1.67,3.4,4.33,1.62,3.6,5.5,1.65,3.4,4.5,1.57,3.4,5.5,35,1.75,1.6,4.06,3.54,6.04,5.25,26,1.75,1.68,2.2,2.07,14,-1,2.05,1.98,1.9,1.85
B1,20/12/08,Lokeren,Mechelen,2,2,D,1,0,H,1.83,3.4,4.5,1.7,3.4,4.6,1.7,3.3,4.75,1.7,3.3,4,1.62,3.25,5,1.73,3.3,4.5,1.73,3.25,4.2,1.73,3.4,5,1.75,3.3,4.35,1.73,3.3,4.33,34,1.88,1.74,3.5,3.37,5,4.43,26,2.23,2.07,1.8,1.68,13,-0.5,1.88,1.85,2.07,2.03
B1,20/12/08,Mouscron,Club Brugge,5,1,H,3,1,H,3,3.25,2.4,3,3.2,2.2,3,3.2,2.2,2.8,3.1,2.2,2.75,3.25,2.2,2.75,3.2,2.35,2.7,3.2,2.25,3,3.25,2.3,2.8,3.25,2.25,2.75,3.2,2.3,33,3.1,2.86,3.39,3.23,2.54,2.28,24,2.12,1.99,1.85,1.76,12,0,2.2,2.14,1.79,1.71
B1,21/12/08,Kortrijk,Westerlo,0,0,D,0,0,D,2.3,3.25,3.2,2.35,3.15,2.8,2.4,3.2,2.7,2.4,3.1,2.5,2.2,3.25,2.75,2.3,3.2,2.8,2.4,3.2,2.5,2.5,3.2,2.75,2.4,3.2,2.65,2.4,3.2,2.62,32,2.5,2.37,3.3,3.2,3.2,2.75,24,1.96,1.86,1.96,1.87,13,0,1.76,1.72,2.17,2.1
B1,21/12/08,Standard,Gent,2,1,H,1,0,H,1.5,4.2,6.5,1.45,3.6,7,1.55,3.6,5.75,1.5,3.7,5,1.53,3.5,5.5,1.55,3.5,5.75,1.5,3.4,6,1.57,3.6,6,1.5,3.6,6,1.53,3.6,5.5,32,1.57,1.5,4.2,3.7,7.5,6.19,24,1.7,1.62,2.35,2.16,14,-1,1.91,1.87,2.03,1.98
B1,16/01/09,Anderlecht,Cercle Brugge,1,2,A,1,1,D,1.36,4.5,9,1.3,4.5,8.25,1.35,4.5,7.5,1.37,4,7,1.33,4,8,1.3,4.75,8,1.33,4,8,1.33,4.5,9,1.35,4.35,7.5,1.3,4.5,8.5,37,1.41,1.35,4.76,4.39,9.5,8.05,30,1.6,1.51,2.55,2.4,17,-1.25,2.02,1.97,1.93,1.89
B1,17/01/09,Bergen,Gent,1,2,A,1,1,D,2.8,3.3,2.3,2.9,3.3,2.15,2.9,3.25,2.25,2.5,3.2,2.3,2.7,3.3,2.2,2.9,3.3,2.2,2.6,3.25,2.3,2.8,3.25,2.38,2.8,3.2,2.3,2.62,3.2,2.38,36,3.05,2.81,3.62,3.25,2.5,2.29,28,1.7,1.65,2.21,2.12,14,0,2.21,2.14,1.73,1.69
B1,17/01/09,Club Brugge,Mechelen,3,0,H,1,0,H,1.45,4,6,1.45,3.6,7,1.45,4.1,6.5,1.33,4.2,8,1.36,4,7,1.36,4.5,7,1.4,3.75,7,1.4,4,8,1.4,4.2,7,1.44,3.75,6.5,35,1.5,1.42,4.42,4.04,8,6.83,29,1.74,1.65,2.3,2.13,14,-1,1.9,1.86,2.09,2
B1,17/01/09,Kortrijk,Roeselare,2,1,H,2,0,H,1.67,3.5,4.75,1.65,3.45,4.6,1.67,3.4,4.75,1.7,3.3,4,1.67,3.3,4.5,1.65,3.4,5,1.67,3.4,4.33,1.67,3.5,5,1.65,3.5,4.75,1.62,3.4,5,36,1.73,1.64,3.81,3.48,6,4.9,27,2,1.9,1.96,1.84,14,-0.75,1.95,1.93,2,1.94
B1,17/01/09,Lokeren,Waregem,2,1,H,1,0,H,2.1,3.2,3.3,2.15,3.1,3.1,2,3.3,3.5,1.8,3.2,3.7,1.8,3.2,4,2.1,3.25,3,2,3.2,3.2,1.95,3.3,3.75,2.1,3.2,3.2,2,3.2,3.4,35,2.15,1.99,3.5,3.22,4,3.52,28,2.12,2.03,1.8,1.71,14,-0.25,1.85,1.83,2.07,2.03
B1,17/01/09,Mouscron,Tubize,1,1,D,0,1,A,1.45,3.8,6.5,1.55,3.5,5.5,1.53,3.6,6,1.5,3.7,5,1.53,3.5,5.5,1.45,3.75,7,1.5,3.6,5.5,1.44,3.8,7.5,1.5,3.7,6,1.5,3.6,6,34,1.57,1.5,4.11,3.67,7.5,6.2,27,1.71,1.6,2.35,2.21,14,-1,2.03,1.99,1.92,1.87
B1,17/01/09,Standard,Dender,3,2,H,2,2,D,1.2,6.5,13,1.16,6,12,1.18,6,12,1.2,5,10,1.17,5.5,12,1.18,5.75,12,1.17,6,10,1.18,6.5,12,1.2,5.5,12,1.14,6,15,35,1.23,1.18,7.13,6.1,15.5,12.06,28,1.5,1.47,2.7,2.53,14,-1.75,1.88,1.83,2.06,2.04
B1,18/01/09,Charleroi,Westerlo,1,2,A,0,1,A,2.1,3.3,3.5,2.1,3.15,3.15,2.15,3.2,3.1,2.2,3.1,2.8,2.1,3.2,3,2.15,3.2,3.1,2.1,3.2,3,2.1,3.2,3.4,2.2,3.1,3.1,2.2,3.2,2.88,35,2.3,2.16,3.4,3.21,3.53,3.09,28,2.05,1.92,1.9,1.81,14,-0.25,1.92,1.89,2.01,1.98
B1,18/01/09,Germinal,Genk,4,1,H,1,0,H,2.6,3.3,2.62,2.55,3.3,2.4,2.6,3.25,2.45,2.5,3.2,2.3,2.5,3.1,2.5,2.3,3.3,2.75,2.5,3.1,2.5,2.6,3.2,2.6,2.4,3.25,2.65,2.5,3.2,2.5,36,2.65,2.51,3.4,3.22,3.01,2.55,28,1.75,1.66,2.25,2.11,14,0,1.85,1.81,2.14,2.01
B1,24/01/09,Cercle Brugge,Kortrijk,0,1,A,0,1,A,1.57,3.6,5.25,1.5,3.65,5.75,1.57,3.5,5.5,1.55,3.5,4.8,1.57,3.5,5,1.6,3.5,5.2,1.57,3.5,5,1.57,3.75,5.5,1.55,3.5,5.5,1.53,3.6,5.5,36,1.61,1.56,4.05,3.6,6.5,5.51,28,1.67,1.63,2.26,2.15,13,-0.75,1.8,1.78,2.15,2.11
B1,24/01/09,Dender,Germinal,0,1,A,0,0,D,3.2,3.25,2.1,2.75,3.2,2.3,2.85,3.2,2.3,2.5,3.2,2.3,2.6,3.2,2.37,2.9,3.2,2.25,2.5,3.25,2.4,3,3.25,2.25,2.9,3.2,2.25,2.88,3.2,2.2,36,3.3,2.89,3.5,3.24,2.38,2.24,28,1.85,1.79,2.12,1.94,13,0,2.34,2.24,1.67,1.62
B1,24/01/09,Genk,Bergen,2,0,H,1,0,H,1.44,4,6.5,1.4,3.85,7.1,1.45,3.9,6.5,1.45,3.8,5.4,1.4,3.75,7,1.44,3.75,7,1.5,3.6,5.5,1.44,4,7,1.4,4,7,1.44,3.75,6.5,36,1.55,1.45,4.42,3.87,7.77,6.69,28,1.75,1.68,2.22,2.07,13,-1,1.81,1.78,2.14,2.1
B1,24/01/09,Mechelen,Mouscron,2,2,D,1,2,A,2.3,3.25,2.8,2.25,3.2,2.85,2.3,3.2,2.85,2.2,3.2,2.75,2.2,3.25,2.75,2.25,3.3,2.8,2.3,3.25,2.6,2.3,3.2,3,2.3,3.2,2.8,2.3,3.2,2.75,33,2.43,2.29,3.4,3.23,3.15,2.84,27,2.08,1.91,1.91,1.83,13,0,1.75,1.69,2.21,2.14
B1,24/01/09,Roeselare,Charleroi,3,1,H,2,1,H,2.7,3.2,2.4,2.6,3.25,2.4,2.65,3.2,2.45,2.4,3.2,2.4,2.5,3.2,2.5,2.6,3.3,2.4,2.5,3.1,2.5,2.75,3.2,2.5,2.65,3.2,2.35,2.5,3.2,2.5,35,2.81,2.63,3.41,3.21,2.62,2.45,28,2.02,1.91,1.94,1.82,13,0,2.04,1.99,1.9,1.83
B1,24/01/09,Tubize,Lokeren,2,1,H,0,1,A,2.9,3.2,2.25,2.85,3.25,2.2,2.75,3.2,2.35,2.5,3.2,2.3,2.75,3.25,2.2,3,3.2,2.2,2.8,3.25,2.2,3,3.2,2.3,2.7,3.2,2.35,2.8,3.2,2.25,36,3.1,2.84,3.33,3.21,2.55,2.3,28,2.16,1.99,1.85,1.75,13,0,2.16,2.06,1.82,1.75
B1,25/01/09,Waregem,Club Brugge,3,1,H,1,0,H,2.7,3.25,2.4,2.75,3.2,2.3,2.8,3.25,2.3,2.9,3.2,2.1,2.75,3.25,2.2,2.7,3.3,2.35,2.6,3.25,2.3,3,3.25,2.25,2.8,3.2,2.3,2.62,3.2,2.38,33,3,2.77,3.36,3.22,2.52,2.33,26,1.95,1.84,2,1.89,13,0,2.14,2.05,1.8,1.76
B1,25/01/09,Westerlo,Standard,0,1,A,0,0,D,3.4,3.25,2,3.4,3.35,1.95,3.4,3.25,2,3.3,3.3,1.9,2.75,3.25,2.2,3.3,3.2,2.05,2.9,3.25,2.1,3.5,3.25,2.05,3.6,3.3,1.9,3.5,3.3,1.91,35,3.87,3.38,3.44,3.27,2.2,2.01,28,2,1.87,1.95,1.86,13,0.5,1.87,1.84,2.06,2.04
B1,31/01/09,Bergen,Cercle Brugge,1,1,D,0,1,A,3.25,3.2,2.2,2.8,3.2,2.25,3,3.25,2.25,3,3.1,2.1,3.1,3.3,2,3,3.3,2.15,2.8,3.2,2.2,3,3.25,2.2,2.75,3.25,2.25,3,3.25,2.15,37,3.5,3.2,3.47,3.26,2.25,2.1,28,1.86,1.74,2.1,1.99,16,0,2.4,2.3,1.57,1.53
B1,31/01/09,Club Brugge,Tubize,3,1,H,1,0,H,1.3,5,8.5,1.2,5.6,10,1.25,5.25,10,1.2,5,10,1.22,5,10,1.2,5.75,10.5,1.25,4.5,10,1.25,5.25,10,1.25,5,10,1.25,5,10,37,1.33,1.26,5.93,5.24,11,9.52,27,1.66,1.57,2.4,2.27,15,-1.5,2,1.97,1.94,1.91
B1,31/01/09,Germinal,Westerlo,2,1,H,0,0,D,1.9,3.3,3.6,2,3.25,3.3,2,3.25,3.5,2,3.2,3.1,1.91,3.2,3.5,2,3.25,3.4,2,3.2,3.2,2.1,3.25,3.25,1.9,3.25,3.5,2,3.25,3.3,37,2.1,1.96,3.68,3.31,3.9,3.52,28,1.99,1.86,1.93,1.86,15,0,1.5,1.44,2.75,2.62
B1,31/01/09,Kortrijk,Anderlecht,1,3,A,1,0,H,4.75,3.6,1.66,4.4,3.35,1.7,4.5,3.5,1.7,4,3.3,1.7,4.2,3.25,1.73,4.2,3.4,1.75,3.8,3.25,1.8,4.5,3.4,1.73,4.5,3.4,1.7,4.33,3.3,1.73,37,5.2,4.57,3.96,3.49,1.75,1.7,27,1.73,1.67,2.17,2.08,15,0.75,2.03,1.98,1.9,1.88
B1,31/01/09,Mouscron,Dender,0,2,A,0,0,D,1.57,3.5,5.5,1.6,3.5,5,1.6,3.6,5.5,1.55,3.5,4.8,1.62,3.25,5,1.55,3.6,5.5,1.6,3.4,5,1.62,3.6,5,1.5,3.6,5.5,1.53,3.6,5.5,36,1.69,1.59,3.92,3.58,5.8,5.32,26,1.67,1.6,2.35,2.22,15,0,1.22,1.21,4.3,4.05
B1,31/01/09,Standard,Roeselare,3,0,H,2,0,H,1.2,5.5,11,1.2,5.6,10,1.2,5.75,12,1.17,5.5,11,1.2,5,11,1.2,5.75,10.5,1.12,6.5,12,1.2,5.75,11,1.15,6,12,1.17,6,11,37,1.22,1.19,7.15,6.01,17.65,12.15,27,1.5,1.48,2.75,2.49,16,-2,2.09,2.07,1.86,1.78
B1,31/01/09,Waregem,Mechelen,1,1,D,0,0,D,1.8,3.4,4,1.8,3.2,4.1,1.8,3.3,4.25,1.75,3.3,3.8,1.7,3.25,4.33,1.8,3.25,4.2,1.73,3.25,4.2,1.73,3.4,4.5,1.85,3.25,3.75,1.75,3.3,4.2,37,1.88,1.8,3.8,3.37,4.5,4.12,26,1.8,1.71,2.16,2.02,15,-0.5,1.88,1.85,2.06,2.02
B1,01/02/09,Charleroi,Gent,2,5,A,1,2,A,2.6,3.25,2.5,2.4,3.2,2.6,2.55,3.2,2.6,2.3,3.1,2.6,2.5,3.1,2.5,2.4,3.3,2.6,2.5,3.1,2.5,2.5,3.2,2.6,2.6,3.25,2.4,2.5,3.2,2.5,36,2.73,2.53,3.35,3.2,2.81,2.57,26,1.8,1.72,2.14,2.02,13,0,1.98,1.89,1.99,1.89
B1,01/02/09,Lokeren,Genk,1,2,A,1,0,H,2.4,3.25,2.7,2.3,3.2,2.75,2.35,3.2,2.8,2.4,3.1,2.5,2.2,3.2,2.8,2.25,3.2,2.9,2.3,3.3,2.6,2.38,3.2,2.8,2.25,3.25,2.8,2.3,3.2,2.75,36,2.6,2.36,3.3,3.19,3.05,2.77,26,2.14,2.01,1.83,1.74,14,0,1.86,1.76,2.1,2.03
B1,06/02/09,Kortrijk,Standard,0,2,A,0,0,D,5,3.75,1.66,4.7,3.4,1.65,4.75,3.4,1.7,4.4,3.3,1.65,4.33,3.4,1.66,4.75,3.5,1.65,4.5,3.5,1.62,5,3.5,1.7,5,3.4,1.6,4.5,3.5,1.67,37,5.78,4.88,4.05,3.52,1.75,1.65,30,1.94,1.83,2,1.92,19,0.75,2.07,2.01,1.88,1.85
B1,07/02/09,Anderlecht,Bergen,3,2,H,1,2,A,1.2,5.5,13,1.17,5.5,13,1.2,5.75,12,1.17,5.5,11,1.16,5.5,12,1.17,6,13,1.17,5.5,12,1.2,6,12,1.2,5.5,11,1.17,6,12,36,1.23,1.18,7.43,5.82,18.46,12.69,28,1.55,1.47,2.71,2.5,16,-2,2.08,2,1.88,1.84
B1,07/02/09,Dender,Club Brugge,0,2,A,0,0,D,4.33,3.4,1.72,4.6,3.5,1.65,4.5,3.4,1.75,4,3.3,1.7,3.75,3.3,1.8,4.6,3.5,1.67,4.33,3.4,1.67,5,3.5,1.7,4.35,3.3,1.75,4.2,3.3,1.75,36,5,4.37,3.79,3.41,1.81,1.73,28,1.8,1.72,2.15,2.03,15,0.75,1.88,1.81,2.1,2.08
B1,07/02/09,Genk,Waregem,1,2,A,0,2,A,1.66,3.4,4.75,1.7,3.3,4.55,1.7,3.4,4.75,1.65,3.3,4.4,1.57,3.5,5,1.65,3.4,5,1.67,3.4,4.33,1.67,3.5,5.25,1.65,3.4,4.5,1.62,3.4,5,35,1.7,1.65,3.96,3.46,5.78,4.87,27,1.75,1.65,2.2,2.11,15,-0.75,1.88,1.85,2.07,2.02
B1,07/02/09,Gent,Mouscron,2,0,H,1,0,H,1.57,3.5,5.5,1.6,3.4,5.2,1.62,3.5,5.25,1.6,3.4,4.6,1.57,3.5,5,1.6,3.5,5.2,1.57,3.5,5,1.62,3.6,5.5,1.6,3.4,5,1.62,3.5,5,35,1.65,1.57,4.19,3.55,6.9,5.55,27,1.68,1.64,2.24,2.14,15,-1,1.95,1.91,2.01,1.92
B1,07/02/09,Roeselare,Germinal,2,2,D,2,2,D,3.1,3.2,2.15,3,3.3,2.1,3.2,3.3,2.1,3.1,3.2,2,3.2,3.2,2,3.2,3.2,2.1,3,3.2,2.1,3.6,3.3,2,3.25,3.25,2,3.1,3.2,2.1,36,3.83,3.23,3.4,3.24,2.15,2.07,28,1.89,1.79,2.08,1.95,15,0.25,2.12,2.07,1.84,1.81
B1,07/02/09,Tubize,Mechelen,1,5,A,1,3,A,2.5,3.2,2.62,2.1,3.2,3.1,2.4,3.2,2.75,2.3,3.1,2.6,2.25,3.25,2.7,2.2,3.25,2.95,2.25,3.2,2.75,2.35,3.2,3,2.4,3.25,2.6,2.38,3.2,2.62,34,2.52,2.33,3.3,3.21,3.1,2.8,28,1.88,1.8,2.05,1.93,14,0,1.8,1.73,2.12,2.08
B1,08/02/09,Cercle Brugge,Charleroi,2,2,D,1,1,D,1.57,3.5,5.5,1.55,3.5,5.75,1.6,3.5,5.5,1.55,3.5,4.8,1.57,3.5,5,1.6,3.5,5.2,1.57,3.5,5,1.62,3.6,5.5,1.6,3.4,5,1.57,3.5,5.5,32,1.62,1.56,4.23,3.56,6.6,5.55,24,1.73,1.67,2.2,2.07,13,-1,1.95,1.91,1.97,1.9
B1,08/02/09,Westerlo,Lokeren,1,0,H,0,0,D,2,3.2,3.5,2,3.2,3.4,2,3.25,3.5,1.9,3.2,3.4,1.9,3.2,3.5,2,3.1,3.6,1.91,3.2,3.5,1.95,3.2,4,1.9,3.25,3.6,2,3.2,3.4,33,2.05,1.97,3.3,3.21,4.48,3.55,26,2.28,2.11,1.7,1.65,13,-0.5,2.03,2.01,1.9,1.87
B1,14/02/09,Bergen,Kortrijk,1,1,D,0,0,D,2.1,3.3,3.2,2.2,3.2,2.9,2.2,3.25,3,2.1,3.2,2.9,2.25,3.25,2.7,2.25,3.2,2.9,2.1,3.2,3,2.25,3.2,3.2,2,3.25,3.25,2.2,3.25,2.88,32,2.25,2.15,3.35,3.24,3.71,3.1,25,2.15,2,1.81,1.75,13,-0.25,1.88,1.86,2.06,2.01
B1,14/02/09,Germinal,Cercle Brugge,1,1,D,0,0,D,2.15,3.3,3.1,2.15,3.3,2.9,2.15,3.25,3.1,2,3.3,3,2.1,3.2,3,2.2,3.3,2.9,2,3.2,3.2,2.2,3.25,3.25,2.1,3.25,3.1,2.1,3.3,3,32,2.2,2.12,3.42,3.26,3.65,3.14,25,1.92,1.79,2.05,1.95,13,-0.25,1.86,1.84,2.07,2.03
B1,14/02/09,Lokeren,Roeselare,2,1,H,0,1,A,1.66,3.4,5,1.7,3.25,4.6,1.67,3.5,4.75,1.65,3.4,4.2,1.62,3.5,4.5,1.65,3.4,5,1.7,3.3,4.33,1.67,3.6,5.25,1.7,3.3,4.5,1.67,3.4,4.75,33,1.78,1.68,3.65,3.43,5.26,4.74,25,2.23,2.07,1.85,1.7,13,-0.75,2.04,2,1.91,1.88
B1,14/02/09,Mechelen,Gent,3,3,D,1,2,A,2.7,3.3,2.37,2.7,3.25,2.3,2.75,3.25,2.35,2.5,3.2,2.3,2.5,3.2,2.4,2.6,3.3,2.4,2.8,3.2,2.2,3,3.25,2.4,2.8,3.25,2.25,2.7,3.25,2.3,31,3.15,2.79,3.35,3.24,2.4,2.32,25,1.82,1.74,2.11,2.01,13,0,2.24,2.17,1.7,1.68
B1,14/02/09,Mouscron,Westerlo,0,0,D,0,0,D,2.4,3.3,2.7,2.25,3.25,2.8,2.4,3.25,2.7,2.3,3.2,2.5,2.38,3.2,2.5,2.3,3.3,2.75,2.38,3.1,2.62,2.4,3.2,2.95,2.4,3.25,2.6,2.38,3.25,2.62,32,2.6,2.4,3.35,3.21,2.95,2.69,25,2.2,2.04,1.8,1.7,13,0,1.89,1.82,2.06,2.01
B1,14/02/09,Standard,Tubize,4,0,H,2,0,H,1.22,5.75,10,1.2,5.5,10.5,1.2,5.75,11,1.15,6,12,1.2,5,11,1.18,5.75,12,1.17,5.5,12,1.22,6,12,1.2,5,12,1.18,5.5,12,33,1.22,1.19,6.8,5.79,18.1,11.98,26,1.57,1.48,2.63,2.47,14,-1.75,1.82,1.78,2.1,2.08
B1,14/02/09,Waregem,Dender,1,0,H,0,0,D,1.57,3.5,5.75,1.55,3.4,5.7,1.6,3.5,5.5,1.55,3.5,4.8,1.5,3.6,5.5,1.57,3.6,5.25,1.57,3.5,5,1.62,3.5,6,1.55,3.5,5.5,1.57,3.5,5.5,33,1.68,1.59,3.78,3.53,6,5.47,25,1.74,1.68,2.17,2.07,13,-0.75,1.88,1.84,2.07,2.04
B1,15/02/09,Charleroi,Anderlecht,0,1,A,0,0,D,4.33,3.5,1.72,4.2,3.3,1.75,4.75,3.5,1.67,4.2,3.4,1.65,4.33,3.4,1.67,4.75,3.5,1.65,4.33,3.4,1.67,5,3.5,1.7,4.5,3.4,1.65,4.75,3.4,1.67,29,5.2,4.57,3.6,3.43,1.73,1.69,23,1.7,1.64,2.25,2.13,13,0.75,1.96,1.91,1.98,1.96
B1,15/02/09,Club Brugge,Genk,0,2,A,0,1,A,1.9,3.25,3.8,1.85,3.25,3.75,1.85,3.3,4,1.75,3.3,3.9,1.8,3.3,3.75,1.8,3.25,4.2,1.8,3.3,3.75,1.91,3.4,4,1.8,3.25,4,1.83,3.3,3.8,32,1.94,1.84,3.4,3.31,4.3,3.87,25,1.86,1.78,2.1,1.97,13,-0.5,1.95,1.93,1.98,1.95
B1,18/02/09,Gent,Anderlecht,1,2,A,0,1,A,3,3.3,2.2,2.8,3.2,2.3,2.85,3.25,2.3,3.1,3,2.1,2.75,3.25,2.2,2.9,3.3,2.2,2.75,3.2,2.25,3.25,3.25,2.15,2.8,3.25,2.2,2.75,3.25,2.3,27,3.25,2.87,3.5,3.25,2.41,2.27,21,1.73,1.66,2.23,2.09,13,0,2.3,2.14,1.74,1.67
B1,20/02/09,Genk,Mouscron,1,1,D,1,1,D,1.4,4.5,8,1.5,3.6,6,1.45,3.75,7,1.45,3.6,5.8,1.44,3.6,6.5,1.45,3.75,7,1.4,3.75,7,1.44,3.8,8,1.45,3.75,7,1.44,3.75,6.5,34,1.56,1.46,4.05,3.78,8.01,6.94,30,1.79,1.69,2.14,2.08,18,-1,1.98,1.9,1.98,1.94
B1,21/02/09,Cercle Brugge,Lokeren,0,0,D,0,0,D,1.8,3.4,4,1.8,3.25,4,1.75,3.3,4.33,1.75,3.2,4,1.83,3.3,3.6,1.75,3.25,4.5,1.8,3.25,3.8,1.75,3.3,4.5,1.7,3.4,4.35,1.75,3.3,4.2,34,1.84,1.78,3.64,3.33,4.75,4.22,30,2.06,1.94,1.86,1.81,15,-0.5,1.84,1.81,2.1,2.07
B1,21/02/09,Dender,Mechelen,1,2,A,0,2,A,2.3,3.2,2.87,2.3,3.15,2.8,2.35,3.2,2.75,2.4,3.1,2.5,2.25,3.25,2.7,2.4,3.3,2.6,2.3,3.2,2.62,2.38,3.2,2.8,2.3,3.3,2.7,2.4,3.2,2.6,33,2.47,2.35,3.42,3.23,3,2.75,30,1.83,1.73,2.15,2.01,15,0,1.75,1.72,2.24,2.08
B1,21/02/09,Gent,Germinal,1,3,A,0,0,D,1.66,3.4,5,1.7,3.1,4.8,1.73,3.3,4.5,1.7,3.3,4,1.67,3.4,4.33,1.75,3.4,4.2,1.67,3.3,4.5,1.7,3.4,4.75,1.75,3.4,4,1.73,3.4,4.2,35,1.83,1.72,3.74,3.4,5,4.44,30,1.75,1.71,2.18,2.04,15,-0.75,2.12,2.09,1.84,1.8
B1,21/02/09,Kortrijk,Charleroi,1,1,D,0,1,A,2.1,3.4,3.1,2.1,3.2,3,2.05,3.25,3.3,1.9,3.2,3.4,1.91,3.25,3.4,2,3.25,3.4,1.9,3.25,3.4,2,3.25,3.5,2.1,3.25,3.1,1.91,3.3,3.5,35,2.18,2.04,3.42,3.26,3.75,3.33,29,1.97,1.87,1.95,1.87,16,0,1.62,1.54,2.5,2.36
B1,21/02/09,Roeselare,Bergen,3,2,H,0,0,D,2.1,3.25,3.25,2.1,3.2,3.1,2.1,3.2,3.2,2,3.2,3.1,2.1,3.3,2.88,2.05,3.3,3.25,2.1,3.2,3,2.15,3.2,3.2,2.2,3.3,2.9,2.1,3.2,3.1,34,2.2,2.08,3.44,3.26,3.69,3.22,30,1.98,1.9,1.94,1.84,15,-0.25,1.86,1.83,2.09,2.05
B1,21/02/09,Tubize,Waregem,0,6,A,0,2,A,3,3.2,2.2,2.75,3.2,2.3,2.9,3.25,2.25,2.8,3.1,2.2,2.75,3.25,2.2,2.8,3.3,2.25,2.75,3.2,2.25,3,3.2,2.25,2.8,3.25,2.25,2.75,3.2,2.3,34,3.31,2.91,3.49,3.24,2.3,2.23,30,1.75,1.69,2.16,2.06,15,0.25,1.98,1.94,1.97,1.94
B1,22/02/09,Anderlecht,Standard,4,2,H,1,1,D,2.25,3.2,3,2.2,3.2,3,2.2,3.2,3,2.2,3.1,2.8,2.2,3,3,2.2,3.2,3,2.2,3.2,2.8,2.15,3.2,3.2,2.1,3.2,3.2,2.2,3.2,2.88,32,2.29,2.21,3.32,3.2,3.41,3.04,29,2,1.89,1.93,1.85,15,-0.25,1.98,1.92,1.97,1.93
B1,22/02/09,Westerlo,Club Brugge,1,1,D,0,1,A,2.7,3.2,2.45,2.65,3.15,2.4,2.75,3.2,2.35,2.6,3.1,2.3,2.5,3.3,2.38,2.6,3.3,2.4,2.62,3.2,2.3,2.75,3.2,2.5,2.7,3.2,2.35,2.75,3.2,2.3,34,2.91,2.71,3.3,3.21,2.6,2.4,29,2.1,1.96,1.9,1.78,14,0,2.09,2.04,1.86,1.78
B1,27/02/09,Mechelen,Genk,2,1,H,1,0,H,3,3.4,2.3,2.95,3.25,2.2,2.9,3.25,2.3,2.8,3.1,2.2,2.75,3.25,2.2,2.8,3.3,2.25,2.62,3.2,2.3,3.05,3.2,2.3,2.65,3.25,2.35,2.8,3.2,2.25,35,3.17,2.88,3.49,3.24,2.4,2.3,31,1.73,1.66,2.21,2.11,19,0,2.29,2.16,1.72,1.67
B1,28/02/09,Charleroi,Bergen,3,0,H,2,0,H,2,3.4,3.4,1.8,3.35,4.05,1.83,3.25,4.25,1.8,3.2,3.7,1.9,3.2,3.5,1.8,3.25,4.2,,,,1.83,3.4,4.1,1.9,3.25,3.75,1.91,3.25,3.6,34,2.06,1.93,3.43,3.27,4.2,3.67,30,1.9,1.78,2.1,1.96,16,-0.5,2.06,2.02,1.89,1.86
B1,28/02/09,Club Brugge,Roeselare,2,1,H,1,0,H,1.36,4.5,6.5,1.3,4.55,9,1.27,5,10,1.3,4.2,8,1.25,5,8,1.28,4.75,9,1.3,4.33,8,1.25,5.5,10,1.25,5,9.5,1.25,5,9,34,1.36,1.29,5.5,4.85,11,9.15,30,1.75,1.59,2.3,2.21,17,-1.5,2.22,2.15,1.79,1.72
B1,28/02/09,Dender,Tubize,4,0,H,2,0,H,1.85,3.3,4,1.85,3.4,3.75,1.85,3.3,4,1.8,3.2,3.7,1.83,3.3,3.6,1.8,3.4,4,1.9,3.2,3.5,1.95,3.3,3.75,1.83,3.25,4,1.8,3.3,4,33,1.95,1.86,3.6,3.32,4.5,3.91,30,1.75,1.66,2.2,2.1,16,-0.5,1.92,1.9,2.01,1.98
B1,28/02/09,Germinal,Kortrijk,3,0,H,2,0,H,1.66,3.75,4.75,1.6,3.5,5,1.65,3.5,5,1.6,3.4,4.6,1.66,3.4,4.33,1.65,3.4,5,1.67,3.4,4.33,1.67,3.4,5,1.65,3.4,4.5,1.62,3.5,5,33,1.68,1.63,3.93,3.49,6.02,5.07,30,1.93,1.82,2.03,1.92,16,-0.75,1.86,1.82,2.09,2.06
B1,28/02/09,Mouscron,Anderlecht,1,1,D,0,0,D,5.75,3.75,1.55,5.5,3.65,1.55,5.25,3.6,1.6,4.8,3.5,1.55,5,3.5,1.57,5.25,3.5,1.6,4.8,3.4,1.62,5.5,3.5,1.62,5,3.4,1.6,5.5,3.6,1.53,33,6.51,5.59,4.05,3.61,1.62,1.56,29,1.75,1.66,2.3,2.12,16,1,1.9,1.85,2.07,2.01
B1,28/02/09,Waregem,Westerlo,1,1,D,1,1,D,2,3.25,3.5,1.9,3.25,3.75,1.95,3.25,3.7,2,3.2,3.1,2,3.2,3.2,1.9,3.25,3.75,1.9,3.25,3.4,2,3.25,3.6,2.05,3.25,3.25,2,3.2,3.4,33,2.16,2.03,3.45,3.25,3.75,3.4,30,2.05,1.94,1.9,1.81,16,-0.5,2.16,2.13,1.79,1.77
B1,01/03/09,Lokeren,Gent,0,1,A,0,0,D,2.62,3.25,2.45,2.7,3,2.5,2.65,3.2,2.5,2.5,3.1,2.4,2.5,3.25,2.37,2.5,3.2,2.6,2.62,3.2,2.3,2.75,3.2,2.5,2.8,3.25,2.3,2.62,3.2,2.38,33,3.2,2.72,3.39,3.19,2.6,2.41,29,2.03,1.92,1.88,1.81,15,0,2.19,2.05,1.8,1.75
B1,01/03/09,Standard,Cercle Brugge,4,0,H,2,0,H,1.44,3.75,7.5,1.5,3.55,6.5,1.45,3.75,7.5,1.4,3.9,6,1.44,3.6,6.5,1.4,4,7.5,1.4,3.75,7,1.5,3.75,6.5,1.4,3.75,7.5,1.4,3.75,7.5,30,1.5,1.44,4.22,3.83,8.8,7.04,27,1.63,1.55,2.4,2.29,16,-1.25,2.03,2.01,1.9,1.87
B1,06/03/09,Bergen,Standard,0,1,A,0,0,D,6.5,3.6,1.57,6.2,3.5,1.5,6.25,3.6,1.55,5,3.7,1.5,5.5,3.6,1.5,6,3.75,1.5,5.5,3.5,1.53,6.25,3.75,1.53,5.5,3.6,1.55,6,3.6,1.5,32,7,6.1,3.85,3.64,1.58,1.53,26,1.8,1.75,2.12,2,15,1,1.86,1.82,2.06,2
B1,07/03/09,Anderlecht,Waregem,2,0,H,2,0,H,1.4,4.5,8,1.35,4,9,1.35,4.33,8.5,1.35,4,7,1.36,4,7,1.35,4,9,1.36,4,7,1.36,4.5,8.5,1.3,4.35,8,1.36,4.2,7,34,1.43,1.37,4.75,4.25,9,7.93,29,1.62,1.53,2.55,2.37,17,-1.25,1.99,1.94,1.94,1.91
B1,07/03/09,Charleroi,Germinal,0,0,D,0,0,D,2.5,3.25,2.8,2.4,3.2,2.6,2.5,3.25,2.6,2.3,3.1,2.6,2.38,3.2,2.6,2.55,3.2,2.55,2.25,3.2,2.75,2.4,3.2,2.88,2.4,3.25,2.65,2.38,3.2,2.62,34,2.6,2.41,3.3,3.18,3,2.73,30,1.95,1.86,2.01,1.88,16,0,1.84,1.78,2.13,2.03
B1,07/03/09,Genk,Dender,4,3,H,1,0,H,1.4,4.5,8,1.35,3.85,9,1.35,4.33,8.5,1.35,4,7,1.36,4,7,1.35,4,9,1.36,4,7,1.36,4.5,8.5,1.3,4.35,8,1.4,4,7,35,1.46,1.38,4.5,4.17,9.5,7.83,29,1.74,1.66,2.25,2.11,17,-1.25,2.12,2.03,1.85,1.82
B1,07/03/09,Gent,Tubize,2,0,H,2,0,H,1.28,5.5,9.5,1.25,5,10,1.3,4.75,9,1.25,4.5,9,1.29,4.5,8,1.25,5,10,1.29,4.33,8.5,1.29,5,10,1.28,4.5,8.5,1.25,4.75,10,34,1.33,1.28,5.69,4.8,12.13,9.67,29,1.57,1.52,2.58,2.39,16,-1.5,1.76,1.72,2.27,2.15
B1,07/03/09,Kortrijk,Lokeren,2,3,A,0,0,D,2.4,3.1,3.1,2.25,3.1,2.9,2.3,3.2,2.9,2.2,3.1,2.8,2.2,3.2,2.8,2.2,3,3.2,2.25,3.2,2.75,2.35,3.15,3,2.25,3.2,2.8,2.25,3.2,2.8,35,2.48,2.3,3.25,3.15,3.2,2.92,29,2.36,2.12,1.7,1.65,16,0,1.76,1.7,2.17,2.12
B1,07/03/09,Roeselare,Mouscron,2,0,H,1,0,H,1.85,3.6,4,,,,2,3.3,3.5,2.1,3.1,3,,,,1.95,3.2,3.6,2,3.2,3.2,1.91,3.4,4,2,3.25,3.2,2,3.25,3.3,21,2,1.89,3.6,3.36,4.17,3.74,18,1.95,1.88,1.97,1.86,13,-0.5,1.94,1.92,1.98,1.97
B1,08/03/09,Cercle Brugge,Club Brugge,1,3,A,0,2,A,2.8,3.2,2.37,3.1,3,2.2,2.9,3.2,2.3,2.8,3.1,2.2,3.2,3.2,2,2.9,3.2,2.25,3.2,3.2,2,3.05,3.25,2.25,2.65,3.2,2.35,2.62,3.2,2.38,33,3.25,2.88,3.31,3.19,2.43,2.29,27,1.98,1.85,2,1.88,13,0,2.24,2.12,1.76,1.69
B1,08/03/09,Westerlo,Mechelen,0,1,A,0,1,A,1.8,3.4,4.2,1.85,3.2,3.85,1.85,3.35,4,1.8,3.2,3.7,1.73,3.4,4,1.9,3.25,3.75,1.8,3.25,3.75,1.85,3.3,4,1.8,3.3,4,1.91,3.25,3.6,31,1.91,1.84,3.58,3.31,4.6,3.97,25,1.95,1.87,2,1.86,12,-0.5,1.9,1.84,2.08,2.04
B1,13/03/09,Mechelen,Anderlecht,2,1,H,0,0,D,4.5,3.6,1.75,4.7,3.3,1.7,4.5,3.4,1.75,4.2,3.2,1.7,4,3.4,1.72,4.2,3.4,1.75,4.33,3.3,1.7,4.75,3.5,1.73,4.35,3.3,1.75,4.2,3.3,1.75,32,5.25,4.56,3.94,3.45,1.8,1.71,27,1.73,1.65,2.25,2.15,16,0.75,1.96,1.9,1.98,1.96
B1,14/03/09,Dender,Cercle Brugge,1,0,H,0,0,D,2.88,3.4,2.38,2.7,3.2,2.4,2.6,3.25,2.5,2.4,3.2,2.4,2.6,3.2,2.37,2.7,3.25,2.35,2.5,3.25,2.38,2.8,3.25,2.4,2.7,3.25,2.3,2.5,3.2,2.5,31,2.98,2.71,3.41,3.22,2.5,2.38,27,1.67,1.61,2.3,2.18,14,0,2.2,2.11,1.77,1.74
B1,14/03/09,Germinal,Bergen,2,0,H,0,0,D,1.44,4.2,7.5,1.45,3.75,6.75,1.45,4,6.75,1.55,3.5,4.8,1.4,3.75,7,1.36,4.2,7.5,1.44,3.75,6,1.44,4,7,1.4,3.8,7,1.44,3.75,6.5,31,1.49,1.45,4.36,3.85,8,6.77,27,1.89,1.77,2.1,2,15,-1,1.89,1.85,2.05,2
B1,14/03/09,Lokeren,Charleroi,0,0,D,0,0,D,2.1,3.25,3.6,1.85,3.25,3.95,2,3.2,3.6,2,3.1,3.2,1.83,3.3,3.6,2,3.25,3.4,1.91,3.2,3.5,1.9,3.3,4,1.9,3.25,3.6,1.95,3.25,3.4,31,2.22,1.99,3.35,3.24,4,3.51,27,2.25,2.09,1.73,1.69,14,-0.5,2.22,2.14,1.8,1.76
B1,14/03/09,Mouscron,Kortrijk,1,0,H,0,0,D,2.7,3.25,2.62,2.4,3.2,2.6,2.4,3.25,2.75,2.3,3,2.7,2.25,3.2,2.75,2.5,3.3,2.5,2.5,3.1,2.5,2.5,3.25,2.7,2.25,3.25,2.9,2.3,3.1,2.8,28,2.77,2.48,3.35,3.19,2.8,2.63,24,2.06,1.92,1.92,1.84,13,0,2,1.93,1.95,1.9
B1,14/03/09,Tubize,Westerlo,1,2,A,1,0,H,4.33,3.6,1.8,4,3.3,1.8,4,3.4,1.83,,,,3.6,3.3,1.83,4,3.3,1.83,3.75,3.2,1.83,4.2,3.4,1.83,3.75,3.3,1.85,3.8,3.25,1.83,30,4.4,3.91,3.86,3.35,1.91,1.83,25,1.83,1.73,2.2,2.03,13,0.5,2.09,2.04,1.85,1.83
B1,14/03/09,Waregem,Roeselare,0,0,D,0,0,D,1.75,3.5,4.75,1.6,3.55,5.05,1.65,3.5,5,1.65,3.4,4.2,1.61,3.25,5,1.62,3.5,5,1.67,3.4,4.33,1.67,3.5,5,1.65,3.5,4.5,1.7,3.4,4.33,31,1.83,1.67,3.64,3.46,5.5,4.78,27,1.83,1.74,2.1,2.01,14,-0.75,2.12,2.08,1.86,1.8
B1,15/03/09,Club Brugge,Gent,1,4,A,1,4,A,1.8,3.4,4,1.75,3.3,4.35,1.83,3.3,4.2,1.75,3.4,3.7,1.75,3.3,4,1.75,3.4,4.2,1.83,3.2,3.75,1.8,3.4,4.33,1.85,3.25,4,1.91,3.3,3.5,29,2,1.84,3.4,3.32,4.35,3.87,26,1.7,1.65,2.3,2.13,13,-0.5,1.98,1.97,1.95,1.9
B1,15/03/09,Standard,Genk,2,0,H,1,0,H,1.57,3.5,6,1.55,3.55,5.65,1.55,3.6,6,1.5,3.7,5,1.53,3.5,5.5,1.55,3.5,5.75,1.57,3.6,4.8,1.57,3.5,6.5,1.55,3.6,5,1.53,3.6,5.5,29,1.62,1.53,3.9,3.62,7,5.97,26,1.7,1.65,2.25,2.12,14,-1,1.98,1.94,1.94,1.89
B1,20/03/09,Kortrijk,Club Brugge,2,3,A,1,2,A,3.75,3.3,2,3.75,3.15,1.9,3.4,3.25,2.05,3.3,3.3,1.9,3.75,3.3,1.8,3.6,3.3,1.91,3.6,3.3,1.83,4,3.4,1.8,3.4,3.25,2,3.5,3.3,1.91,31,3.8,3.54,3.57,3.27,2.15,1.98,27,1.95,1.84,2,1.92,17,0.5,1.86,1.81,2.1,2.05
B1,21/03/09,Anderlecht,Germinal,2,0,H,0,0,D,1.4,4,7,1.4,3.8,7.3,1.45,3.75,7,1.45,3.8,5.4,1.44,3.6,6.5,1.45,3.75,6.75,1.4,3.75,7,1.44,3.8,7,1.45,3.6,7.5,1.44,3.75,6.5,28,1.48,1.43,4.5,3.87,8.5,7.11,24,1.7,1.63,2.26,2.15,14,-1,1.84,1.79,2.14,2.09
B1,21/03/09,Bergen,Lokeren,0,2,A,0,0,D,2.25,3.2,3,2.4,3.2,2.65,2.4,3.2,2.7,2.2,3.2,2.75,2.5,3.25,2.4,2.3,3.2,2.8,2.25,3.2,2.75,2.4,3.1,2.75,2.35,3.25,2.7,2.38,3.2,2.62,28,3.3,2.41,3.3,3.19,3.26,2.76,23,2.35,2.18,1.67,1.62,14,0,1.72,1.69,2.22,2.13
B1,21/03/09,Cercle Brugge,Mouscron,0,1,A,0,1,A,1.57,3.75,5.25,1.71,3.4,4.3,1.7,3.4,4.5,1.6,3.4,4.6,,,,1.7,3.4,4.5,1.62,3.4,4.8,1.67,3.5,4.75,1.65,3.4,5,1.62,3.4,5,25,1.73,1.65,3.78,3.49,6,4.97,20,1.93,1.77,2.1,1.99,11,-0.75,1.96,1.92,2,1.95
B1,21/03/09,Genk,Tubize,3,0,H,3,0,H,1.22,5.5,11,1.2,5.5,10.25,1.25,5,10,1.15,6,12,1.25,5,8,1.2,5.75,10.5,1.25,5,8,1.27,5,9.5,1.2,5.5,11,1.22,5.5,9,28,1.3,1.23,6.15,5.38,13.5,10.31,24,1.5,1.46,2.67,2.56,14,-1.75,2.1,2.05,1.86,1.83
B1,21/03/09,Roeselare,Mechelen,1,0,H,0,0,D,2.2,3.3,3,2.2,3.15,3,2.1,3.25,3.15,2.2,3.2,2.75,2.2,3.25,2.75,2.3,3.3,2.75,2.1,3.2,3,2.35,3.25,2.75,2.25,3.25,2.8,2.25,3.2,2.75,28,2.3,2.22,3.55,3.25,3.45,2.96,24,1.85,1.74,2.12,2.02,14,-0.25,1.92,1.9,2.03,1.97
B1,21/03/09,Westerlo,Dender,3,1,H,1,1,D,1.57,3.75,5.25,1.5,3.7,5.8,1.6,3.6,5,1.5,3.7,5,1.53,3.5,5.5,1.55,3.75,5.2,1.53,3.5,5.5,1.57,3.6,5.5,1.6,3.4,5,1.62,3.5,5,29,1.64,1.58,3.98,3.61,6,5.44,24,1.88,1.79,2.08,1.97,14,-0.75,1.83,1.8,2.1,2.07
B1,22/03/09,Charleroi,Standard,1,0,H,1,0,H,4.75,3.5,1.66,4.8,3.6,1.6,4.5,3.5,1.67,4.6,3.4,1.6,4.33,3.4,1.67,4.5,3.4,1.7,4.5,3.3,1.67,4.75,3.4,1.7,4.5,3.3,1.7,4.75,3.4,1.67,28,5.7,4.83,3.87,3.46,1.7,1.67,24,1.93,1.83,2,1.92,14,0.75,2,1.97,1.95,1.9
B1,22/03/09,Gent,Waregem,1,0,H,0,0,D,1.65,3.6,4.75,1.6,3.4,5.25,1.65,3.4,5,1.7,3.3,4,1.57,3.5,5,1.7,3.4,4.5,1.62,3.4,4.8,1.67,3.5,4.75,1.6,3.4,5,1.62,3.5,5,28,1.67,1.62,3.84,3.51,6.16,5.19,24,1.73,1.63,2.25,2.15,14,-0.75,1.88,1.84,2.1,2.04
B1,04/04/09,Club Brugge,Charleroi,2,1,H,1,0,H,1.5,4,7,1.45,3.9,6,1.37,4.25,7.5,1.4,3.9,6,1.4,4,6.5,1.44,3.75,7,1.33,4,8,1.4,4.5,7.5,1.4,4,7,1.44,3.75,6.5,28,1.54,1.45,4.36,3.99,7.6,6.64,24,1.8,1.71,2.14,2.03,11,-1,2.04,2,1.9,1.89
B1,04/04/09,Dender,Gent,1,1,D,1,1,D,4.75,3.6,1.72,4.35,3.45,1.7,4.4,3.4,1.72,3.9,3.3,1.75,4,3.4,1.73,4.2,3.5,1.73,4.2,3.3,1.73,4.75,3.5,1.75,4.5,3.3,1.7,4.2,3.3,1.75,27,5,4.52,3.9,3.42,1.77,1.73,24,1.65,1.62,2.28,2.17,11,0.75,1.91,1.89,2.02,1.99
B1,04/04/09,Genk,Westerlo,1,4,A,1,2,A,1.66,3.6,5.25,1.7,3.3,4.5,1.65,3.5,4.75,1.7,3.3,4,1.67,3.3,4.5,1.65,3.4,5,1.7,3.3,4.33,1.7,3.5,5,1.7,3.3,4.5,1.73,3.4,4.2,28,1.74,1.68,3.85,3.44,5.5,4.87,24,1.88,1.77,2.1,1.97,11,-0.75,2.02,1.97,1.95,1.92
B1,04/04/09,Mechelen,Kortrijk,1,1,D,0,0,D,1.85,3.5,4.2,1.8,3.25,4,1.83,3.3,4,1.75,3.3,3.9,1.8,3.25,3.75,1.8,3.4,4,1.83,3.3,3.6,1.85,3.3,4.25,1.9,3.25,3.6,1.8,3.3,4,28,1.95,1.84,3.58,3.32,4.4,4,24,1.97,1.83,1.95,1.89,11,-0.5,1.92,1.89,2.05,2
B1,04/04/09,Mouscron,Bergen,3,2,H,2,1,H,1.9,3.3,4.2,1.75,3.25,4.3,1.73,3.25,4.8,1.7,3.2,4.2,,,,1.75,3.4,4,1.67,3.3,4.5,1.83,3.3,4.5,1.7,3.3,4.5,1.73,3.4,4.2,26,1.95,1.8,3.45,3.33,4.75,4.25,21,2.03,1.9,1.95,1.85,10,-0.5,1.95,1.94,1.98,1.95
B1,04/04/09,Tubize,Roeselare,0,1,A,0,1,A,3.1,3.3,2.3,2.65,3.35,2.35,2.65,3.25,2.4,2.5,3.2,2.3,2.62,3.2,2.3,2.7,3.4,2.3,2.62,3.1,2.38,2.8,3.35,2.4,2.75,3.25,2.3,2.75,3.2,2.3,28,3.2,2.79,3.41,3.26,2.4,2.33,24,1.78,1.71,2.2,2.03,11,0,2.25,2.11,1.75,1.7
B1,04/04/09,Waregem,Cercle Brugge,3,1,H,0,1,A,2,3.4,3.6,1.9,3.3,3.55,1.95,3.25,3.6,1.9,3.3,3.3,1.91,3.2,3.5,1.95,3.3,3.5,1.91,3.2,3.5,1.95,3.35,3.75,1.9,3.3,3.5,1.91,3.3,3.5,29,2.16,1.98,3.48,3.3,3.75,3.56,24,1.8,1.74,2.11,1.99,10,-0.5,2.16,2.12,1.8,1.78
B1,05/04/09,Lokeren,Anderlecht,0,0,D,0,0,D,5,3.6,1.6,4.35,3.4,1.7,4.5,3.4,1.72,4,3.3,1.7,4,3.4,1.73,4.5,3.4,1.7,3.75,3.3,1.8,5,3.5,1.7,4.35,3.4,1.7,4.33,3.4,1.7,27,5.5,4.68,3.6,3.42,1.75,1.69,23,2.09,1.93,1.9,1.81,11,0.75,2.02,2,1.93,1.88
B1,05/04/09,Standard,Germinal,3,1,H,2,1,H,1.36,4.33,7.5,1.45,3.95,6,1.36,4.25,7.75,1.35,4,7,1.36,4,7,1.35,4.2,8,1.33,4,8,1.36,4.5,8.5,1.4,3.6,8,1.4,4,7,27,1.49,1.38,4.5,4.19,8.5,7.57,24,1.8,1.7,2.1,2.05,12,-1.25,2.25,2.21,1.74,1.72
B1,10/04/09,Roeselare,Genk,1,0,H,1,0,H,3.2,3.25,2.25,3.1,3.3,2.1,3.2,3.2,2.1,2.8,3.1,2.2,2.75,3.25,2.2,2.8,3.3,2.25,2.8,3.2,2.2,3.2,3.3,2.15,2.8,3.25,2.25,2.8,3.2,2.25,32,3.22,3.05,3.31,3.21,2.4,2.2,26,1.88,1.79,2.03,1.95,13,0,2.3,2.23,1.65,1.58
B1,11/04/09,Bergen,Mechelen,0,1,A,0,1,A,2.25,3.3,3.2,2.3,3.3,2.75,2.25,3.3,2.8,2.3,3.2,2.5,2.3,3.2,2.62,2.25,3.3,2.8,2.2,3.2,2.8,2.25,3.3,3.1,2.4,3.25,2.65,2.38,3.2,2.62,34,2.38,2.25,3.39,3.25,3.37,2.91,31,2.01,1.9,1.92,1.84,16,0,1.75,1.63,2.34,2.2
B1,11/04/09,Cercle Brugge,Tubize,4,1,H,1,0,H,1.4,4.5,8,1.45,3.8,6.8,1.4,4,7,1.4,3.9,6,1.44,3.6,6.5,1.4,4.2,6.75,1.4,3.75,7,1.4,4.2,8,1.4,4,7,1.4,4,7,34,1.45,1.39,4.78,4.11,9,7.56,30,1.67,1.62,2.36,2.18,16,-1.25,1.92,1.85,2.04,2.02
B1,11/04/09,Charleroi,Mouscron,1,0,H,1,0,H,1.95,3.4,3.8,1.95,3.25,3.55,2,3.25,3.4,2.1,3.1,3,1.91,3.2,3.5,1.95,3.3,3.5,1.95,3.2,3.3,2.05,3.25,3.5,2,3.25,3.4,2,3.2,3.4,33,2.1,1.83,3.7,3.34,4.97,4.02,29,2.06,1.94,1.88,1.81,16,-0.5,1.87,1.79,2.15,2.08
B1,11/04/09,Germinal,Waregem,1,2,A,0,1,A,1.91,3.5,4,1.75,3.4,4.2,1.85,3.3,3.8,1.85,3.2,3.5,1.91,3.2,3.5,1.9,3.4,3.6,1.83,3.3,3.6,1.85,3.4,4,1.83,3.25,3.75,1.91,3.3,3.5,34,2.03,1.89,3.63,3.32,4.25,3.79,31,1.92,1.81,2.05,1.94,17,-0.5,2.02,1.96,1.97,1.92
B1,11/04/09,Kortrijk,Dender,1,2,A,0,0,D,2,3.3,3.8,1.9,3.35,3.6,2,3.25,3.4,2,3.1,3.2,1.91,3.25,3.5,1.95,3.3,3.5,2,3.2,3.2,1.95,3.3,3.75,1.91,3.3,3.5,2.1,3.2,3.1,32,2.1,1.98,3.35,3.25,4,3.52,29,1.96,1.82,1.99,1.92,16,-0.5,2.04,2.01,1.88,1.86
B1,11/04/09,Standard,Lokeren,1,0,H,1,0,H,1.33,4.75,10,1.3,4.35,9.5,1.35,4.25,8,1.3,4.2,8,1.36,4,7,1.35,4.2,8,1.3,4.33,8,1.33,4.5,9,1.35,4,7.5,1.36,4.2,7,32,1.36,1.33,4.75,4.36,10,8.65,31,1.91,1.77,2.06,1.98,17,-1.25,1.83,1.8,2.1,2.06
B1,12/04/09,Anderlecht,Club Brugge,1,0,H,1,0,H,1.67,3.5,5,1.67,3.4,4.8,1.7,3.4,4.5,1.7,3.4,4.3,1.7,3.3,4.33,1.73,3.5,4.2,1.67,3.4,4.33,1.75,3.4,4.75,1.65,3.4,5,1.73,3.4,4.2,33,1.75,1.7,3.92,3.42,5.62,4.71,30,1.82,1.73,2.15,2.03,15,-0.75,1.91,1.88,2.05,1.99
B1,12/04/09,Gent,Westerlo,2,0,H,2,0,H,1.8,3.3,4.2,1.75,3.4,4.2,1.75,3.4,4.25,1.8,3.1,3.8,1.73,3.4,4,1.75,3.4,4.2,1.73,3.4,4,1.83,3.4,4.25,1.7,3.4,4.5,1.8,3.3,4,33,1.88,1.77,3.67,3.36,4.6,4.28,30,1.88,1.74,2.12,2.01,15,0,1.33,1.3,3.25,3.13
B1,17/04/09,Genk,Gent,2,2,D,1,1,D,2.62,3.3,2.62,2.4,3.25,2.6,2.35,3.25,2.7,2.4,3.1,2.5,2.3,3.2,2.62,2.4,3.3,2.6,2.38,3.1,2.62,2.6,3.25,2.6,2.6,3.25,2.6,2.38,3.1,2.7,34,2.88,2.6,3.44,3.22,2.7,2.54,29,1.76,1.69,2.3,2.08,16,0,2.07,1.96,1.88,1.85
B1,18/04/09,Club Brugge,Bergen,3,2,H,1,2,A,1.29,5.25,9.5,1.2,5.35,11,1.15,6.5,13,1.17,5.5,11,1.16,5.5,12,1.22,5.75,9,1.2,5.5,9,1.17,6.5,14,1.2,5.5,11,1.17,6.5,10,32,1.29,1.21,6.5,5.74,13.94,10.91,27,1.61,1.54,2.4,2.32,13,-1.5,1.98,1.89,2.01,1.96
B1,18/04/09,Lokeren,Germinal,1,0,H,0,0,D,2.38,3.25,3,2.15,3.15,3.05,2.2,3.1,3.1,2.2,3.2,2.75,2.25,3,2.87,2.25,3.2,2.9,2.25,3.2,2.75,2.25,3.1,3.2,2.35,3.25,2.65,2.38,3.1,2.7,32,2.51,2.29,3.33,3.16,3.2,2.92,27,2.12,2.01,1.8,1.73,13,0,1.81,1.73,2.2,2.11
B1,18/04/09,Mechelen,Cercle Brugge,0,1,A,0,0,D,2.38,3.25,3,2.15,3.1,3.1,2.2,3.2,3,2,3.2,3.1,2.2,3,3,2.3,3.25,2.8,2.25,3.2,2.75,2.1,3.25,3.4,2.35,3.25,2.65,2.25,3.1,2.88,32,2.41,2.25,3.36,3.2,3.25,2.98,27,1.81,1.72,2.12,2.02,13,0,1.77,1.69,2.2,2.12
B1,18/04/09,Mouscron,Standard,0,3,A,0,1,A,6,3.75,1.57,5,3.5,1.6,4.5,3.5,1.67,4.2,3.4,1.65,5.5,3.5,1.53,4.75,3.8,1.6,5,3.3,1.6,4.8,3.65,1.67,5.5,3.5,1.55,5,3.5,1.62,30,6.01,5.29,4.12,3.55,1.69,1.61,24,1.91,1.79,2.05,1.95,12,0.75,2.14,2.1,1.81,1.79
B1,18/04/09,Tubize,Charleroi,3,1,H,1,1,D,4.33,3.5,1.83,4,3.3,1.8,3.75,3.3,1.85,,,,3.5,3.2,1.9,4,3.4,1.8,3.75,3.3,1.8,3.5,3.4,2,4,3.3,1.85,3.4,3.25,1.95,32,4.5,3.88,3.65,3.37,2,1.85,27,1.82,1.75,2.1,1.99,13,0.5,1.98,1.93,1.98,1.94
B1,18/04/09,Waregem,Kortrijk,5,1,H,0,0,D,1.73,3.4,5,1.7,3.4,4.4,1.75,3.4,4.25,1.7,3.3,4,1.72,3.2,4.33,1.7,3.4,4.5,1.7,3.3,4.33,1.75,3.45,4.5,1.7,3.4,4.35,1.7,3.4,4.33,31,1.83,1.75,3.78,3.4,5,4.38,27,1.85,1.76,2.11,1.97,13,-0.75,2.1,2.06,1.83,1.81
B1,19/04/09,Dender,Roeselare,3,1,H,1,0,H,2.38,3.3,2.62,2.25,3.3,2.75,2.3,3.3,2.75,2.2,3,2.9,2.25,3.2,2.75,2.3,3.3,2.75,2.25,3.2,2.75,2.5,3.3,2.63,2.5,3.25,2.5,2.3,3.2,2.75,31,2.63,2.38,3.4,3.22,2.88,2.72,26,1.91,1.8,2.02,1.94,13,0,1.91,1.8,2.05,1.99
B1,19/04/09,Westerlo,Anderlecht,0,1,A,0,0,D,4.5,3.5,1.73,4.05,3.4,1.75,4.25,3.4,1.75,4,3.2,1.75,4,3.4,1.72,4.75,3.5,1.65,3.75,3.3,1.8,4.25,3.4,1.8,4.5,3.4,1.65,4.2,3.4,1.75,32,5.1,4.38,3.76,3.4,1.83,1.74,27,1.93,1.8,2.02,1.93,13,0.5,2.17,2.13,1.8,1.76
B1,24/04/09,Germinal,Club Brugge,2,0,H,1,0,H,2.6,3.2,2.75,2.7,3.25,2.3,2.6,3.2,2.45,2.8,3.1,2.2,2.8,3.2,2.2,2.4,3.3,2.6,2.6,3.1,2.4,2.75,3.25,2.5,2.4,3.2,2.6,2.75,3.2,2.3,30,2.75,2.56,3.35,3.19,3.04,2.57,29,1.9,1.8,2.05,1.94,15,0,1.9,1.83,2.13,1.98
B1,25/04/09,Anderlecht,Dender,4,0,H,3,0,H,1.14,6,15,1.15,6,14,1.15,6.5,12,1.15,6,12,1.17,5.5,12,1.18,5.75,12,1.17,5.5,12,1.14,7.5,16,1.18,5.5,12,1.17,6,11,30,1.18,1.16,7.76,6.37,17.79,13.23,28,1.5,1.46,2.75,2.53,13,-1.75,1.75,1.71,2.23,2.2
B1,25/04/09,Bergen,Westerlo,0,2,A,0,1,A,3.4,3.2,2.05,3.9,3.2,1.85,3.4,3.25,2,2.9,3.4,2,3.4,3.25,1.91,3.75,3.25,1.85,3.5,3.2,1.9,3.75,3.3,2,3.2,3.2,2.1,3.4,3.2,2,29,3.81,3.47,3.41,3.25,2.11,1.99,27,2.1,1.98,1.83,1.77,13,0.5,1.82,1.79,2.13,2.1
B1,25/04/09,Charleroi,Waregem,1,0,H,0,0,D,2.1,3.3,3.2,2.1,3.25,3.15,2.15,3.25,3,2.2,3.2,2.75,2.2,3.2,2.8,2.3,3.2,2.8,2.15,3.2,2.9,2.2,3.3,3.2,2.1,3.2,3.2,2.2,3.25,2.88,29,2.3,2.18,3.45,3.25,3.33,3.03,27,1.92,1.82,2.02,1.91,13,-0.25,1.96,1.91,2,1.97
B1,25/04/09,Kortrijk,Tubize,2,2,D,2,1,H,1.5,3.8,6,1.5,3.5,6.25,1.53,3.75,5.5,1.6,3.4,4.6,1.5,3.6,5.5,1.45,4,6.25,1.5,3.6,5.5,1.53,3.8,6.5,1.5,3.6,6,1.57,3.5,5.4,29,1.57,1.51,4.15,3.72,7.05,5.98,27,1.73,1.67,2.17,2.09,13,-1,1.95,1.92,1.99,1.96
B1,25/04/09,Lokeren,Mouscron,3,0,H,1,0,H,1.8,3.3,4.2,1.8,3.25,4,1.75,3.3,4.33,1.85,3.2,3.5,1.8,3.3,3.75,1.75,3.4,4.2,1.8,3.3,3.75,1.8,3.3,4.75,1.7,3.4,4.35,1.8,3.3,4,28,1.86,1.78,3.56,3.32,4.99,4.25,25,2.21,2.09,1.79,1.69,12,-0.5,1.83,1.81,2.11,2.08
B1,25/04/09,Standard,Mechelen,4,1,H,4,0,H,1.18,6,13,1.2,5.5,11,1.2,6,10,1.2,5,10,1.22,5,10,1.2,5.75,10.5,1.2,5.5,11,1.2,6,12,1.18,5.5,12,1.2,5.5,11,28,1.23,1.19,7.11,5.86,17.92,12,26,1.53,1.49,2.62,2.46,12,-1.75,1.81,1.78,2.15,2.12
B1,26/04/09,Cercle Brugge,Genk,1,3,A,1,0,H,2.75,3.25,2.37,2.5,3.2,2.55,2.45,3.25,2.6,2.3,3.2,2.5,2.5,3.1,2.5,2.5,3.3,2.5,2.5,3.1,2.5,2.6,3.25,2.6,2.65,3.2,2.35,2.4,3.2,2.62,29,2.93,2.55,3.38,3.22,2.7,2.54,27,1.73,1.64,2.25,2.14,12,0,2.09,1.97,1.87,1.83
B1,26/04/09,Roeselare,Gent,1,3,A,0,1,A,3.2,3.3,2.1,2.85,3.25,2.2,3,3.25,2.15,2.75,3.2,2.2,3.4,3.25,1.91,2.8,3.3,2.25,2.9,3.2,2.15,3.1,3.3,2.2,3.2,3.2,2.1,2.88,3.25,2.2,29,3.55,3.12,3.53,3.25,2.3,2.13,27,1.74,1.67,2.2,2.09,13,0.25,2.03,1.98,1.94,1.9
B1,01/05/09,Club Brugge,Lokeren,2,3,A,0,2,A,1.44,4.2,7,1.4,4,7,1.45,3.75,7,1.45,3.8,5.4,1.4,3.75,7,1.45,3.75,6.75,1.4,3.75,7,1.45,4,7.5,1.4,3.75,7.5,1.5,3.75,6,30,1.56,1.46,4.14,3.9,7.22,6.65,29,1.83,1.72,2.1,2.02,15,-1,2,1.92,2,1.92
B1,02/05/09,Dender,Bergen,0,0,D,0,0,D,1.44,4,6.5,1.45,3.8,6.5,1.45,3.75,7,1.4,3.9,6,1.44,3.6,6.5,1.36,4.2,7.5,1.44,3.75,6,1.45,4,7.5,1.4,3.75,7.5,1.44,4,6,29,1.5,1.44,4.4,3.91,8,6.75,28,1.67,1.62,2.25,2.16,12,-1,1.89,1.86,2.05,2.02
B1,02/05/09,Gent,Cercle Brugge,2,1,H,1,1,D,1.36,4.33,7.5,1.3,4.5,8.5,1.35,4.5,7,1.35,4,7,1.4,3.75,7,1.36,4.5,6.75,1.4,3.75,7,1.36,4.5,8.5,1.35,4,8.5,1.33,4.5,7.5,29,1.4,1.36,4.85,4.29,10.15,7.95,28,1.63,1.56,2.42,2.27,12,-1.25,1.86,1.84,2.07,2.04
B1,02/05/09,Mechelen,Charleroi,2,1,H,0,1,A,2.3,3.25,2.87,2.35,3.3,2.6,2.3,3.2,2.8,2.3,3.2,2.5,2.2,3.2,2.8,2.25,3.3,2.8,2.25,3.1,2.8,2.3,3.3,3,2.25,3.2,2.9,2.3,3.2,2.75,30,2.44,2.32,3.3,3.22,3.16,2.82,29,1.9,1.8,2.07,1.93,12,-0.25,2.1,2.07,1.84,1.81
B1,02/05/09,Mouscron,Germinal,3,1,H,1,1,D,2.6,3.25,2.5,2.55,3.2,2.5,2.6,3.15,2.5,2.4,3.2,2.4,2.37,3.2,2.6,2.6,3.3,2.4,2.4,3.1,2.6,2.63,3.25,2.63,2.6,3.2,2.4,2.5,3.2,2.5,28,2.92,2.62,3.35,3.18,2.65,2.48,26,2.02,1.92,1.92,1.82,12,0,2.09,2,1.85,1.81
B1,02/05/09,Waregem,Standard,0,0,D,0,0,D,5.5,3.6,1.57,5.5,3.4,1.57,5.25,3.5,1.6,4.8,3.5,1.55,4.5,3.3,1.66,4.75,3.5,1.67,4.8,3.4,1.61,5.5,3.75,1.62,5,3.5,1.6,5,3.6,1.57,29,5.9,4.99,4.05,3.55,1.67,1.6,28,1.7,1.65,2.21,2.11,12,0.75,2.09,2.04,1.88,1.83
B1,02/05/09,Westerlo,Roeselare,1,0,H,0,0,D,1.57,3.6,5.5,1.5,3.75,5.55,1.57,3.6,5.25,1.5,3.7,5,1.57,3.5,5,1.6,3.5,5.2,1.57,3.3,5.5,1.6,3.75,5.5,1.55,3.5,5.5,1.57,3.6,5,29,1.67,1.58,3.89,3.61,6.32,5.35,28,1.81,1.75,2.05,1.96,12,-0.75,1.83,1.79,2.15,2.1
B1,03/05/09,Genk,Kortrijk,0,1,A,0,0,D,1.4,4,7.5,1.4,4,6.8,1.4,4.25,6.5,1.4,3.9,6,1.44,3.6,6.5,1.4,4,7,1.4,3.75,7,1.4,4.5,7.5,1.35,4,8,1.36,4.2,7,24,1.45,1.4,4.5,4.05,8.5,7.05,25,1.62,1.56,2.4,2.26,12,-1.25,1.9,1.88,2.05,2
B1,03/05/09,Tubize,Anderlecht,1,1,D,0,0,D,11,6,1.2,12,6.25,1.15,10,6.25,1.18,12,6,1.15,9,5.5,1.2,11,6.5,1.17,9,5.5,1.2,11,7.5,1.18,10,5.5,1.2,9,6,1.2,28,14,11.27,7.5,6.2,1.2,1.18,28,1.48,1.43,2.8,2.62,12,1.75,2.18,2.13,1.81,1.76
B1,08/05/09,Germinal,Mechelen,3,1,H,1,0,H,1.91,3.5,4,1.95,3.3,3.35,1.9,3.3,3.7,2,3.2,3.1,1.91,3.25,3.4,1.9,3.25,3.75,1.95,3.25,3.3,2,3.25,3.75,1.9,3.2,3.6,1.95,3.3,3.4,31,2,1.88,3.72,3.37,4.17,3.75,30,1.88,1.75,2.08,2,15,-0.5,1.92,1.89,2.02,1.97
B1,09/05/09,Anderlecht,Roeselare,3,1,H,1,0,H,1.14,7.5,19,1.14,6.2,14,1.15,6.5,13,1.15,6,12,1.14,6,12,1.14,7,12,1.17,5.5,11,1.14,7.5,16,1.14,6.5,13,1.17,6,13,28,1.17,1.15,7.5,6.55,19,14.12,29,1.45,1.41,2.85,2.68,10,-2,1.85,1.81,2.09,2.03
B1,09/05/09,Bergen,Tubize,1,1,D,0,1,A,2.05,3.5,3.5,2.15,3.3,2.95,2.1,3.3,3.1,2.2,3.2,2.75,2.2,3.2,2.8,2.05,3.3,3,2.1,3.2,3,2.2,3.2,3.3,2,3.25,3.4,2.15,3.2,3,28,2.2,2.08,3.58,3.29,3.73,3.22,28,1.83,1.72,2.1,1.99,9,-0.25,1.8,1.78,2.15,2.11
B1,09/05/09,Cercle Brugge,Westerlo,2,1,H,1,1,D,2.62,3.3,2.62,2.4,3.25,2.6,2.5,3.3,2.5,2.4,3.2,2.4,2.4,3.25,2.5,2.5,3.3,2.5,2.3,3.2,2.62,2.63,3.25,2.63,2.6,3.25,2.4,2.5,3.2,2.5,30,2.74,2.52,3.36,3.25,2.7,2.56,30,1.88,1.77,2.08,1.97,11,0,2,1.92,1.95,1.88
B1,09/05/09,Charleroi,Genk,3,0,H,0,0,D,2.25,3.3,3.2,2.3,3.3,2.7,2.3,3.25,2.75,2.2,3.2,2.75,2.1,3.2,3,2.3,3.3,2.75,2.4,3.2,2.5,2.3,3.3,3,2.25,3.25,2.8,2.2,3.2,2.88,29,2.35,2.26,3.43,3.26,3.3,2.89,29,1.88,1.79,2.06,1.95,10,0,1.68,1.64,2.34,2.24
B1,09/05/09,Kortrijk,Gent,0,2,A,0,1,A,4,3.75,1.83,3.7,3.4,1.82,3.75,3.35,1.85,3.4,3.2,1.9,3.6,3.4,1.83,3.75,3.4,1.85,3.5,3.2,1.91,4.33,3.5,1.8,4,3.3,1.8,3.6,3.4,1.85,28,4.33,3.94,3.95,3.41,1.87,1.82,28,1.73,1.66,2.3,2.09,10,0.5,2.09,2.04,1.88,1.84
B1,09/05/09,Lokeren,Dender,0,2,A,0,1,A,1.73,3.6,4.75,1.58,3.55,5,1.65,3.6,4.6,1.65,3.5,4,1.62,3.5,4.5,1.6,3.75,4.75,1.57,3.5,5,1.67,3.6,5.25,1.7,3.4,4.5,1.67,3.4,4.75,29,1.81,1.67,3.73,3.53,5.25,4.78,29,1.87,1.77,2.07,1.98,10,-0.75,2.07,2.03,1.86,1.85
B1,09/05/09,Mouscron,Waregem,0,2,A,0,2,A,2.38,3.3,3,2.2,3.3,2.8,2.25,3.25,2.85,2.2,3.2,2.75,2.25,3.2,2.75,2.3,3.3,2.75,2.25,3.2,2.75,2.4,3.25,2.88,2.2,3.25,2.9,2.25,3.25,2.8,27,2.41,2.28,3.43,3.26,3.08,2.84,26,1.91,1.81,2.03,1.93,10,-0.25,2.08,2.06,1.86,1.82
B1,09/05/09,Standard,Club Brugge,2,0,H,1,0,H,1.44,4.33,7,1.45,3.8,6.25,1.47,3.75,6.5,1.55,3.5,4.8,1.5,3.6,5.5,1.5,3.75,6,1.5,3.4,6,1.45,4,7.5,1.45,3.8,6.5,1.5,3.75,5.5,29,1.52,1.47,4.38,3.85,7.6,6.46,29,1.7,1.64,2.25,2.13,10,-1,1.86,1.81,2.14,2.05
B1,15/05/09,Mechelen,Lokeren,3,0,H,0,0,D,2,3.3,3.8,2,3.2,3.4,2.1,3.2,3.2,2.2,3.2,2.75,2.2,3.2,2.8,2.05,3.4,3.1,2.1,3.3,2.9,2.2,3.2,3.3,2.1,3.25,3.1,2.15,3.2,3,33,2.26,2.13,3.42,3.26,3.8,3.16,28,1.83,1.75,2.11,2,16,-0.25,1.94,1.86,2.04,2
B1,16/05/09,Club Brugge,Mouscron,4,1,H,3,1,H,1.44,3.75,7.5,1.35,4.25,7.8,1.4,4,7,1.4,3.9,6,1.36,4,7,1.4,4.25,6.5,1.44,4,5.5,1.4,4.33,8,1.44,4,6.5,1.44,4,6,30,1.46,1.41,4.6,4.05,8.34,6.97,24,1.62,1.57,2.38,2.28,11,-1,1.77,1.75,2.2,2.12
B1,16/05/09,Dender,Charleroi,1,2,A,0,1,A,1.53,3.8,5.75,1.55,3.85,5.1,1.65,3.4,5,1.5,3.7,5,1.5,3.6,5.5,1.55,3.75,5.2,1.53,3.6,5,1.6,3.8,5.5,1.57,3.6,5.5,1.62,3.6,4.75,31,1.66,1.57,4.12,3.67,6.25,5.16,25,1.75,1.64,2.37,2.13,11,-1,2.15,2.09,1.85,1.75
B1,16/05/09,Genk,Anderlecht,0,2,A,0,1,A,8,4,1.4,6.5,3.9,1.45,6.5,3.75,1.45,6,3.9,1.4,6,3.5,1.5,6.75,3.75,1.45,7,3.75,1.4,7,4.2,1.45,6.5,4,1.44,7,4,1.4,31,8.96,6.74,4.5,3.94,1.5,1.44,26,1.65,1.56,2.45,2.27,11,1,2.27,2.18,1.73,1.71
B1,16/05/09,Gent,Standard,0,1,A,0,1,A,4.33,3.8,1.67,4.55,3.6,1.65,4.5,3.6,1.65,4.4,3.5,1.6,4,3.4,1.73,4.7,3.5,1.65,4.5,3.5,1.62,4.65,3.75,1.7,4.5,3.6,1.65,4.5,3.5,1.67,31,5,4.55,4,3.58,1.74,1.67,26,1.65,1.59,2.45,2.22,11,0.75,2.02,1.97,1.95,1.89
B1,16/05/09,Roeselare,Cercle Brugge,1,2,A,1,0,H,2.6,3.25,2.5,2.7,3.4,2.3,2.6,3.25,2.45,2.4,3.2,2.4,2.75,3.2,2.25,2.6,3.3,2.4,2.5,3.2,2.4,2.8,3.35,2.4,2.6,3.3,2.4,2.6,3.2,2.4,31,2.8,2.65,3.48,3.26,2.61,2.4,26,1.75,1.64,2.25,2.14,11,0,2.02,1.95,1.91,1.83
B1,16/05/09,Tubize,Germinal,1,0,H,0,0,D,3.75,3.25,1.95,3.1,3.3,2.1,3.1,3.25,2.1,2.75,3.2,2.2,3.5,3.2,1.91,3.25,3.4,2,3,3.2,2.1,3.5,3.25,2.1,3,3.3,2.15,3.3,3.25,2,31,3.75,3.26,3.61,3.29,2.15,2.05,26,1.65,1.6,2.35,2.2,11,0,2.65,2.43,1.58,1.5
B1,16/05/09,Waregem,Bergen,3,0,H,1,0,H,1.33,4.33,8.5,1.3,4.6,8.5,1.3,4.75,8,1.25,4.7,8,1.29,4.5,8,1.28,4.7,9,1.33,4.33,7,1.3,5,9.5,1.3,4.5,8.5,1.3,4.5,8.5,31,1.35,1.31,5.15,4.58,11.05,8.48,26,1.65,1.58,2.4,2.23,11,-1.25,1.84,1.79,2.09,2.07
B1,16/05/09,Westerlo,Kortrijk,1,3,A,0,1,A,1.91,3.6,3.4,2,3.5,3.15,1.95,3.4,3.3,2,3.4,2.9,1.73,3.6,3.75,1.91,3.5,3.4,2,3.4,3,2,3.4,3.6,1.91,3.6,3.25,1.95,3.25,3.5,29,2.1,1.96,3.68,3.44,3.93,3.36,24,1.85,1.76,2.08,1.97,10,-0.5,2.03,1.99,1.92,1.87
