Div,Date,HomeTeam,AwayTeam,FTHG,FTAG,FTR,HTHG,HTAG,HTR,Referee,HS,AS,HST,AST,HF,AF,HC,AC,HY,AY,HR,AR,B365H,B365D,B365A,BWH,BWD,BWA,IWH,IWD,IWA,LBH,LBD,LBA,PSH,PSD,PSA,WHH,WHD,WHA,SJH,SJD,SJA,VCH,VCD,VCA,Bb1X2,BbMxH,BbAvH,BbMxD,BbAvD,BbMxA,BbAvA,BbOU,BbMx>2.5,BbAv>2.5,BbMx<2.5,BbAv<2.5,BbAH,BbAHh,BbMxAHH,BbAvAHH,BbMxAHA,BbAvAHA
E2,02/08/13,Sheffield United,Notts County,2,1,H,1,0,H,K Stroud,28,5,7,2,8,19,4,1,1,3,0,1,1.95,3.6,4.33,1.9,3.25,3.75,1.85,3.2,3.5,1.95,3.4,4,1.96,3.45,4.34,1.95,3.3,4,1.91,3.5,4,1.95,3.5,4.3,37,2,1.91,3.6,3.36,4.5,4,29,2.25,2.15,1.77,1.67,18,-0.5,1.98,1.94,1.98,1.92
E2,03/08/13,Bristol City,Bradford,2,2,D,1,1,D,S Martin,12,10,5,2,8,11,2,6,0,0,0,0,2,3.5,4.2,1.85,3.25,4,1.85,3.2,3.5,1.83,3.5,4.33,2,3.58,3.98,1.91,3.5,4,1.91,3.3,3.75,2,3.5,4,35,2.01,1.92,3.58,3.34,4.4,3.89,30,2.04,1.96,1.92,1.82,13,-0.5,2.02,1.97,1.92,1.87
E2,03/08/13,Carlisle,Leyton Orient,1,5,A,1,2,A,J Simpson,5,15,2,9,8,9,7,5,2,2,1,0,2.6,3.5,2.8,2.35,3.2,2.75,2.4,3.1,2.5,2.37,3.4,2.87,2.55,3.45,2.87,2.5,3.3,2.8,2.38,3.25,2.8,2.5,3.4,2.9,35,2.6,2.44,3.5,3.28,2.9,2.77,30,2.01,1.93,1.97,1.86,16,-0.25,2.21,2.12,1.8,1.75
E2,03/08/13,Crawley Town,Coventry,3,2,H,2,0,H,L Collins,16,14,6,2,6,7,6,5,0,0,0,0,2.1,3.6,3.75,2.05,3.2,3.3,2.1,3.1,3,2.2,3.4,3.2,2.02,3.59,3.89,2.1,3.4,3.4,2,3.3,3.5,2.05,3.5,3.8,36,2.15,2.03,3.6,3.38,3.88,3.49,30,2.06,1.98,1.92,1.8,16,-0.25,1.86,1.77,2.19,2.11
E2,03/08/13,Crewe,Rotherham,3,3,D,2,1,H,S Duncan,7,13,4,7,8,14,4,4,0,1,0,0,2.4,3.4,3.2,2.3,3.2,2.8,2.3,3.1,2.6,2.3,3.4,3,2.38,3.42,3.15,2.3,3.3,3.1,2.3,3.2,3,2.4,3.4,3.1,34,2.4,2.33,3.42,3.24,3.3,2.96,29,2.09,2,1.89,1.79,16,-0.25,2.12,2.04,1.87,1.82
E2,03/08/13,Gillingham,Colchester,0,1,A,0,0,D,K Hill,14,15,6,5,15,11,8,1,2,0,0,0,2.1,3.5,3.75,2,3.25,3.4,2.1,3.1,3,2.05,3.4,3.5,2.1,3.48,3.75,2.15,3.3,3.4,2.05,3.25,3.4,2.1,3.4,3.8,35,2.15,2.07,3.5,3.28,3.75,3.44,30,2.1,2.02,1.85,1.77,16,-0.25,1.82,1.78,2.14,2.08
E2,03/08/13,Peterboro,Swindon,1,0,H,1,0,H,J Linington,10,11,2,6,15,15,6,5,2,4,0,0,2.1,3.6,3.75,1.91,3.4,3.5,2,3.2,3.1,1.9,3.4,4,2.07,3.63,3.68,1.95,3.5,3.75,1.95,3.3,3.6,2.05,3.6,3.8,35,2.1,1.97,3.63,3.38,4,3.66,30,1.86,1.79,2.08,2,16,-0.5,2.07,1.99,1.89,1.86
E2,03/08/13,Port Vale,Brentford,1,1,D,1,1,D,S Bratt,6,11,3,4,5,8,5,10,1,0,0,0,3.3,3.5,2.3,2.9,3.2,2.25,2.6,3.1,2.3,2.8,3.4,2.4,3.38,3.42,2.26,3,3.25,2.38,3.13,3.2,2.2,3.4,3.4,2.25,35,3.38,3.07,3.5,3.24,2.38,2.26,30,2.13,2.04,1.85,1.75,16,0.25,2,1.93,2,1.93
E2,03/08/13,Preston,Wolves,0,0,D,0,0,D,A Haines,6,12,2,2,11,10,7,8,2,2,0,0,2.8,3.4,2.7,2.55,3.2,2.55,2.45,3.1,2.45,2.62,3.3,2.62,2.83,3.37,2.63,2.6,3.2,2.75,2.6,3.2,2.6,2.8,3.4,2.62,35,2.83,2.63,3.4,3.23,2.75,2.59,30,2.11,2.03,1.84,1.76,16,0,2.03,1.94,1.92,1.87
E2,03/08/13,Shrewsbury,Milton Keynes Dons,0,0,D,0,0,D,G Sutton,10,10,5,2,10,15,6,6,0,1,0,0,3.3,3.5,2.3,2.9,3.2,2.25,2.8,3.1,2.2,3,3.4,2.3,3.32,3.46,2.27,3.1,3.3,2.3,3.13,3.2,2.2,3.25,3.4,2.3,35,3.32,3.05,3.5,3.27,2.4,2.26,31,2.08,1.98,1.94,1.81,16,0.25,1.96,1.9,1.99,1.95
E2,03/08/13,Stevenage,Oldham,3,4,A,1,0,H,D Sheldrake,11,11,5,6,13,20,7,9,7,4,0,0,2.38,3.4,3.25,2.15,3.2,3.1,2.2,3.1,2.8,2.2,3.3,3.25,2.32,3.38,3.3,2.25,3.25,3.25,2.2,3.2,3.13,2.38,3.4,3.25,35,2.41,2.26,3.4,3.24,3.3,3.07,23,2.25,2.1,1.84,1.66,15,-0.25,2.03,1.98,1.92,1.87
E2,03/08/13,Walsall,Tranmere,3,1,H,2,1,H,B Malone,16,6,6,1,10,17,9,6,0,5,0,0,2.3,3.4,3.4,2.05,3.25,3.3,2,3.2,3.1,2.1,3.4,3.4,2.25,3.43,3.39,2.05,3.4,3.6,2.1,3.2,3.2,2.3,3.4,3.3,35,2.3,2.16,3.5,3.27,3.6,3.24,30,2.06,1.99,1.92,1.8,16,-0.25,2,1.94,1.97,1.91
E2,10/08/13,Bradford,Carlisle,4,0,H,3,0,H,O Langford,25,5,15,1,13,6,8,2,0,0,0,0,1.8,3.75,5,1.7,3.4,4.6,1.7,3.4,3.9,1.8,3.5,4.5,1.79,3.83,4.73,1.83,3.1,5,1.73,3.5,4.5,1.83,3.75,4.6,33,1.83,1.75,3.83,3.52,5.2,4.6,30,1.95,1.88,1.98,1.91,16,-0.75,2.05,2.01,1.89,1.86
E2,10/08/13,Brentford,Sheffield United,3,1,H,1,0,H,K Woolmer,9,4,6,3,8,11,4,2,1,3,0,0,2.2,3.4,3.6,2.1,3.2,3.2,2.1,3.1,3,2.25,3.25,3.2,2.18,3.33,3.69,2.25,3.1,3.4,2.05,3.2,3.4,2.25,3.25,3.6,33,2.25,2.14,3.4,3.24,3.69,3.38,21,2.3,2.17,1.73,1.61,16,-0.25,1.88,1.83,2.09,2.04
E2,10/08/13,Colchester,Port Vale,1,0,H,0,0,D,D Deadman,10,9,6,3,5,10,8,8,4,1,0,0,2.4,3.4,3.2,2.3,3.2,2.8,2.3,3.1,2.6,2.37,3.3,2.9,2.47,3.39,3.04,2.5,3.1,2.9,2.3,3.3,2.8,2.5,3.4,3,33,2.5,2.37,3.4,3.25,3.2,2.9,30,2.03,1.97,1.92,1.83,15,-0.25,2.13,2.09,1.82,1.79
E2,10/08/13,Leyton Orient,Shrewsbury,3,0,H,0,0,D,P Miller,23,12,7,4,5,10,5,6,1,1,0,0,1.83,3.6,5,1.7,3.4,4.6,1.75,3.4,3.7,1.83,3.5,4.2,1.83,3.67,4.7,1.83,3.1,5,1.73,3.4,4.33,1.83,3.6,4.75,33,1.83,1.78,3.67,3.5,5,4.46,21,2.12,2,1.83,1.7,16,-0.75,2.1,2.04,1.87,1.83
E2,10/08/13,Milton Keynes Dons,Crewe,1,0,H,1,0,H,R Lewis,19,10,5,2,11,15,5,3,2,1,0,0,1.73,3.75,5.5,1.65,3.5,4.75,1.65,3.4,4.2,1.75,3.6,4.5,1.7,3.9,5.36,1.8,3.25,5,1.67,3.5,5.25,1.8,3.75,4.8,33,1.8,1.69,3.9,3.56,5.5,4.96,30,1.94,1.87,2.02,1.93,13,-0.5,1.71,1.68,2.3,2.25
E2,10/08/13,Notts County,Peterboro,2,4,A,1,1,D,S Duncan,16,18,7,9,14,13,2,5,0,1,0,0,3,3.4,2.5,2.85,3.2,2.3,2.6,3.1,2.3,2.75,3.3,2.5,3.18,3.48,2.34,2.9,3.1,2.5,2.8,3.3,2.3,2.9,3.4,2.5,33,3.18,2.87,3.48,3.31,2.5,2.36,30,1.92,1.86,2,1.93,16,0.25,1.9,1.82,2.1,2.05
E2,10/08/13,Oldham,Walsall,0,1,A,0,1,A,G Sutton,13,7,2,2,7,12,9,12,1,1,0,0,2.4,3.4,3.2,2.25,3.2,2.9,2.2,3.1,2.8,2.3,3.25,3.1,2.41,3.32,3.18,2.5,3.1,2.9,2.25,3.3,2.88,2.4,3.4,3.12,33,2.5,2.32,3.4,3.27,3.2,2.99,21,2.2,2.08,1.8,1.65,15,-0.25,2.07,2.02,1.88,1.85
E2,10/08/13,Rotherham,Preston,0,0,D,0,0,D,T Kettle,9,7,1,4,9,10,2,10,3,1,0,0,2.5,3.4,3,2.35,3.2,2.75,2.3,3.1,2.6,2.4,3.3,2.87,2.43,3.44,3.05,2.5,3.1,2.9,2.38,3.25,2.8,2.5,3.4,2.9,33,2.5,2.38,3.45,3.28,3.05,2.87,30,1.98,1.91,1.96,1.89,12,-0.25,2.1,2.06,1.84,1.81
E2,10/08/13,Swindon,Stevenage,1,0,H,1,0,H,D Whitestone,12,5,6,1,7,12,10,6,3,0,0,0,1.85,3.6,4.75,1.75,3.4,4.25,1.75,3.4,3.7,1.83,3.5,4.33,1.88,3.58,4.58,1.91,3.1,4.5,1.8,3.4,4.33,1.91,3.5,4.5,33,1.91,1.81,3.6,3.42,4.8,4.36,21,2.1,2.01,1.84,1.72,16,-0.5,1.89,1.85,2.06,2.02
E2,10/08/13,Tranmere,Crawley Town,3,3,D,2,1,H,K Hill,11,7,4,6,9,5,3,5,3,0,0,0,2.63,3.4,2.88,2.3,3.25,2.8,2.3,3.1,2.6,2.4,3.25,2.9,2.56,3.26,3.01,2.7,3.1,2.7,2.4,3.25,2.75,2.7,3.2,2.9,33,2.7,2.46,3.4,3.22,2.99,2.81,21,2.3,2.13,1.74,1.62,15,-0.25,2.18,2.12,1.8,1.77
E2,10/08/13,Wolves,Gillingham,4,0,H,3,0,H,S Attwell,25,13,10,3,5,13,10,2,0,2,0,0,1.8,3.75,5,1.7,3.4,4.6,1.7,3.4,3.9,1.7,3.6,5,1.8,3.7,4.88,1.83,3.1,5,1.73,3.5,4.5,1.83,3.7,4.75,33,1.83,1.75,3.75,3.52,5,4.62,30,2.02,1.95,1.9,1.84,16,-0.75,2.06,2.01,1.89,1.85
E2,11/08/13,Coventry,Bristol City,5,4,H,3,0,H,D Coote,21,10,16,6,12,13,3,4,2,4,0,0,3.1,3.5,2.4,2.85,3.2,2.3,2.6,3.1,2.3,3,3.4,2.25,3.18,3.42,2.36,2.9,3.1,2.5,2.88,3.25,2.3,3,3.4,2.5,31,3.2,2.97,3.5,3.25,2.5,2.31,28,2.02,1.95,1.9,1.84,13,0.25,1.88,1.83,2.09,2.05
E2,17/08/13,Bristol City,Wolves,1,2,A,0,1,A,D Sheldrake,11,13,3,8,9,11,7,11,2,3,0,0,2.9,3.5,2.55,2.65,3.1,2.5,2.4,3.1,2.5,2.62,3.3,2.62,2.96,3.44,2.49,2.5,3.2,2.62,2.75,3.25,2.5,2.75,3.5,2.62,33,2.96,2.76,3.5,3.29,2.63,2.47,30,1.93,1.85,2.02,1.94,,,,,,
E2,17/08/13,Carlisle,Coventry,0,4,A,0,3,A,P Tierney,11,18,3,10,8,11,8,4,2,3,0,0,2.8,3.5,2.63,2.5,3.2,2.6,2.5,3.1,2.4,2.62,3.25,2.62,2.84,3.46,2.57,2.6,3.4,2.5,2.6,3.25,2.6,2.88,3.5,2.5,33,2.85,2.64,3.5,3.28,2.75,2.58,21,1.85,1.74,2.15,2.01,,,,,,
E2,17/08/13,Crawley Town,Rotherham,1,2,A,1,1,D,J Linington,15,14,7,6,12,9,6,9,2,0,0,0,2.25,3.5,3.4,2.05,3.25,3.3,2.1,3.1,3,2.2,3.3,3.3,2.2,3.52,3.45,2.2,3.3,3,2.1,3.3,3.3,2.25,3.5,3.3,32,2.25,2.13,3.56,3.35,3.6,3.26,29,1.9,1.81,2.09,1.98,,,,,,
E2,17/08/13,Crewe,Tranmere,2,1,H,1,0,H,A Madley,9,7,6,4,12,13,5,6,1,2,0,1,2.3,3.4,3.3,2.2,3.2,3,2,3.2,3.1,2.25,3.3,3.1,2.43,3.37,3.12,2.25,3.3,2.9,2.3,3.25,3,2.45,3.4,3.1,33,2.45,2.29,3.5,3.27,3.3,3.02,30,2.06,1.98,1.87,1.81,,,,,,
E2,17/08/13,Gillingham,Brentford,1,1,D,1,0,H,S Rushton,3,15,2,5,18,6,5,6,3,1,0,0,3.8,3.5,2.1,3.2,3.2,2.1,2.8,3.1,2.2,3.4,3.4,2.1,3.69,3.45,2.13,3.25,3.3,2.1,3.4,3.3,2.05,3.6,3.5,2.15,33,3.8,3.38,3.5,3.33,2.2,2.1,30,2.06,1.97,1.91,1.82,,,,,,
E2,17/08/13,Peterboro,Oldham,2,1,H,1,0,H,T Harrington,14,12,5,3,13,15,5,3,1,1,0,0,1.65,4,6,1.57,3.6,5.5,1.6,3.5,4.5,1.57,3.75,6,1.61,4.16,5.97,1.62,3.75,4.8,1.53,3.75,6,1.65,4.1,5.5,33,1.67,1.58,4.16,3.79,6.6,5.68,28,1.75,1.67,2.28,2.16,,,,,,
E2,17/08/13,Port Vale,Bradford,2,1,H,1,0,H,C Boyeson,8,9,5,3,11,10,4,5,3,1,0,0,2.63,3.5,2.8,2.45,3.2,2.65,2.3,3.1,2.6,2.4,3.4,2.8,2.58,3.44,2.84,2.25,3.3,2.88,2.5,3.25,2.75,2.62,3.5,2.75,33,2.63,2.53,3.5,3.28,2.88,2.7,30,1.92,1.84,2.02,1.95,,,,,,
E2,17/08/13,Preston,Milton Keynes Dons,2,2,D,2,1,H,M Brown,14,8,5,3,11,4,4,0,0,1,0,0,2.4,3.4,3.2,2.3,3.25,2.8,2.1,3.1,3,2.37,3.2,3,2.38,3.26,3.29,2.25,3.3,2.88,2.3,3.2,2.88,2.4,3.4,3.12,33,2.45,2.34,3.4,3.23,3.27,2.98,21,2.26,2.06,1.79,1.67,,,,,,
E2,17/08/13,Sheffield United,Colchester,1,1,D,1,1,D,R Clark,12,3,5,1,14,20,5,4,3,1,0,0,1.8,3.75,5,1.7,3.3,4.75,1.65,3.4,4.2,1.72,3.5,5,1.77,3.72,5.1,1.67,3.6,4.5,1.67,3.4,5,1.8,3.7,5,33,1.8,1.71,3.75,3.53,5.2,4.86,30,2.04,1.95,1.94,1.85,,,,,,
E2,17/08/13,Shrewsbury,Swindon,2,0,H,1,0,H,K Woolmer,14,8,4,2,10,9,1,5,1,3,0,0,3.4,3.4,2.3,3.1,3.2,2.15,2.8,3.1,2.2,2.9,3.3,2.37,3.4,3.39,2.27,2.88,3.3,2.3,3.13,3.2,2.2,3.2,3.4,2.38,33,3.4,3.1,3.5,3.27,2.38,2.26,30,2.06,1.98,1.87,1.82,,,,,,
E2,17/08/13,Stevenage,Leyton Orient,0,1,A,0,1,A,B Malone,10,5,3,1,9,4,6,5,2,3,0,0,3.1,3.3,2.5,2.7,3.2,2.4,2.45,3.1,2.45,2.87,3.4,2.37,3.07,3.41,2.43,2.7,3.3,2.4,2.88,3.25,2.38,3,3.4,2.5,33,3.1,2.88,3.42,3.24,2.5,2.4,30,1.99,1.9,1.96,1.89,,,,,,
E2,17/08/13,Walsall,Notts County,1,1,D,0,0,D,I Williamson,12,14,6,6,10,10,5,4,0,2,0,0,2.2,3.5,3.5,2.1,3.2,3.2,2,3.2,3.1,2.2,3.3,3.3,2.21,3.46,3.46,2.15,3.3,3.1,2.15,3.3,3.2,2.2,3.5,3.5,33,2.25,2.15,3.5,3.32,3.5,3.26,30,1.95,1.85,2.02,1.94,,,,,,
E2,23/08/13,Colchester,Carlisle,1,1,D,0,1,A,G Ward,20,11,8,5,4,11,14,5,0,4,0,0,1.75,3.8,5.25,1.75,3.25,4.5,1.75,3.4,3.7,1.8,3.5,4.5,1.76,3.9,4.91,1.67,3.8,5,1.73,3.5,4.8,1.8,3.75,4.6,33,1.8,1.72,3.97,3.59,5.25,4.74,30,1.88,1.81,2.08,1.98,17,-0.75,2.07,1.92,1.98,1.94
E2,23/08/13,Wolves,Crawley Town,2,1,H,1,0,H,S Hooper,10,12,6,4,13,7,9,8,2,3,0,0,1.7,4,5.25,1.7,3.4,4.6,1.7,3.4,3.9,1.66,3.75,5,1.73,3.97,5.01,1.73,3.6,5.5,1.73,3.75,4.8,1.73,4,5,33,1.75,1.67,4.04,3.67,5.5,4.97,30,1.91,1.8,2.1,2,17,-0.75,1.9,1.86,2.04,2
E2,24/08/13,Bradford,Sheffield United,2,0,H,1,0,H,C Foy,9,9,6,5,11,12,7,7,1,1,0,0,2.5,3.4,3,2.4,3.2,2.7,2.3,3.1,2.6,2.5,3.3,2.75,2.47,3.4,3.02,2.3,3.2,2.62,2.38,3.25,2.88,2.6,3.3,2.9,34,2.6,2.41,3.4,3.19,3.07,2.86,29,2.13,2,1.88,1.79,16,0,1.81,1.75,2.17,2.09
E2,24/08/13,Brentford,Walsall,1,0,H,1,0,H,M Haywood,9,6,4,2,8,8,1,8,1,1,0,0,1.8,3.75,5,1.75,3.4,4.25,1.75,3.4,3.7,1.72,3.75,4.5,1.75,3.87,5.02,1.8,3.3,3.75,1.73,3.5,4.8,1.8,3.8,4.75,34,1.83,1.73,3.8,3.52,5.2,4.62,29,2.02,1.88,2.01,1.91,12,-0.75,2,1.95,1.94,1.9
E2,24/08/13,Leyton Orient,Crewe,2,0,H,2,0,H,K Stroud,9,9,5,4,17,14,4,10,3,3,0,0,1.8,3.75,5,1.65,3.5,4.75,1.7,3.4,3.9,1.8,3.5,4.5,1.75,3.83,5.04,1.73,3.4,4,1.73,3.6,5,1.83,3.7,4.6,34,1.83,1.72,3.83,3.52,5.4,4.71,29,1.96,1.87,2.01,1.91,12,-0.75,2.07,1.96,1.94,1.89
E2,24/08/13,Milton Keynes Dons,Bristol City,2,2,D,0,1,A,G Salisbury,9,8,4,4,18,15,5,4,1,0,0,0,2.05,3.5,4,1.9,3.3,3.7,1.9,3.2,3.4,2.05,3.4,3.5,2.04,3.57,3.86,2,3.2,3.2,1.95,3.4,3.75,2.1,3.5,3.7,34,2.1,1.97,3.63,3.34,4.05,3.69,29,2,1.93,1.92,1.86,12,-0.5,2.11,1.99,1.95,1.86
E2,24/08/13,Notts County,Stevenage,0,1,A,0,0,D,T Kettle,8,8,2,4,19,15,6,4,2,3,0,0,2.1,3.6,3.75,2.05,3.2,3.3,2,3.2,3.1,2,3.3,3.75,2.04,3.56,3.85,1.91,3.2,3.5,2.05,3.4,3.5,2.1,3.5,3.75,34,2.14,2.03,3.6,3.31,3.85,3.54,29,2.2,2.07,1.8,1.73,12,-0.5,2.08,2.03,1.88,1.82
E2,24/08/13,Oldham,Port Vale,3,1,H,1,1,D,C Sarginson,19,12,10,4,10,13,6,9,1,3,0,0,2.38,3.4,3.25,2.2,3.2,3,2.3,3.1,2.6,2.37,3.3,2.9,2.39,3.44,3.11,2.25,3.2,2.75,2.3,3.3,3,2.4,3.4,3.1,34,2.44,2.3,3.45,3.27,3.25,2.96,29,2,1.92,1.94,1.87,15,-0.25,2.05,2,1.9,1.86
E2,24/08/13,Rotherham,Shrewsbury,2,2,D,0,1,A,D Whitestone,10,8,4,5,12,6,2,5,2,1,0,0,2,3.6,4,1.87,3.3,3.8,1.9,3.2,3.4,1.9,3.4,4,1.96,3.55,4.18,1.8,3.3,3.75,1.91,3.4,3.8,1.95,3.5,4.1,34,2,1.92,3.6,3.33,4.18,3.85,29,1.94,1.87,2,1.91,15,-0.5,1.98,1.94,1.95,1.91
E2,24/08/13,Swindon,Gillingham,2,2,D,1,1,D,I Williamson,14,13,7,6,11,17,4,3,0,1,0,0,1.85,3.6,4.75,1.8,3.3,4.1,1.8,3.3,3.6,1.9,3.4,4,1.85,3.69,4.54,1.8,3.3,3.75,1.8,3.4,4.5,1.91,3.6,4.4,34,1.91,1.81,3.82,3.42,5,4.33,29,2.06,1.98,1.94,1.81,15,-0.5,1.93,1.81,2.15,2.06
E2,24/08/13,Tranmere,Peterboro,0,5,A,0,3,A,J Simpson,5,20,1,13,10,11,5,4,3,0,1,0,4,3.6,2,3.75,3.25,1.9,3.4,3.2,1.9,3.25,3.5,2.1,3.89,3.67,2,3.2,3.2,2,4,3.3,1.91,3.6,3.6,2.05,34,4,3.64,3.67,3.39,2.1,1.96,29,1.85,1.77,2.14,2.02,15,0.5,1.93,1.88,2.09,1.98
E2,25/08/13,Coventry,Preston,4,4,D,1,1,D,R Madley,13,9,5,7,9,16,3,5,1,1,0,0,2.25,3.5,3,2.25,3.2,2.9,2.3,3.1,2.6,2.37,3.3,2.9,2.46,3.42,3.02,2.15,3.2,2.9,2.3,3.3,2.88,2.5,3.4,2.9,32,2.5,2.35,3.5,3.27,3.08,2.89,29,2.12,1.95,1.92,1.83,15,-0.25,2.12,2.09,1.82,1.78
E2,31/08/13,Brentford,Carlisle,0,0,D,0,0,D,D Phillips,8,4,2,1,14,14,6,2,2,3,1,0,1.44,4.5,9,1.44,3.8,7,1.45,3.8,5.4,1.5,4,6.5,1.48,4.63,7.23,1.44,4.2,6.5,1.44,4,7,1.5,4.6,7,34,1.51,1.47,4.6,4.1,9,6.82,31,1.81,1.76,2.16,2.04,19,-1,1.94,1.85,2.08,2.01
E2,31/08/13,Colchester,Leyton Orient,1,2,A,1,1,D,K Woolmer,9,9,4,4,10,10,12,3,0,0,0,0,3,3.4,2.5,2.65,3.2,2.45,2.6,3.1,2.3,2.75,3.3,2.5,3.03,3.28,2.53,2.8,3.1,2.45,2.8,3.4,2.4,3,3.4,2.5,34,3.05,2.84,3.4,3.22,2.62,2.44,24,2.24,2.06,1.8,1.7,17,0,2.19,2.09,1.83,1.77
E2,31/08/13,Gillingham,Bristol City,1,1,D,1,1,D,M Russell,10,17,3,7,12,7,4,9,0,0,0,0,2.8,3.4,2.7,2.55,3.2,2.55,2.45,3.1,2.45,2.6,3.3,2.62,2.78,3.42,2.64,2.5,3.25,2.6,2.6,3.4,2.6,2.75,3.4,2.7,34,2.8,2.63,3.42,3.27,2.75,2.59,31,1.95,1.87,2,1.92,17,0,2.01,1.94,1.94,1.89
E2,31/08/13,Notts County,Rotherham,0,1,A,0,1,A,C Boyeson,5,17,2,9,13,13,1,6,3,1,0,0,2.75,3.4,2.75,2.5,3.2,2.6,2.4,3.1,2.5,2.6,3.3,2.62,2.73,3.42,2.7,2.5,3.25,2.6,2.6,3.4,2.6,2.75,3.4,2.7,34,2.75,2.61,3.42,3.27,2.77,2.61,31,2,1.83,2.05,1.96,17,0,2,1.92,1.99,1.91
E2,31/08/13,Oldham,Tranmere,0,1,A,0,0,D,E Ilderton,9,4,2,1,12,9,13,3,1,1,0,0,1.95,3.5,4.33,1.95,3.25,3.6,1.9,3.2,3.4,2,3.4,3.75,1.98,3.51,4.18,2,3.3,3.5,1.95,3.4,3.8,2,3.5,4.2,33,2.05,1.95,3.51,3.38,4.33,3.78,30,2.05,1.95,1.92,1.85,17,-0.5,1.98,1.94,1.96,1.92
E2,31/08/13,Peterboro,Crawley Town,0,2,A,0,1,A,D Bond,9,12,4,9,10,12,8,5,1,3,0,1,1.57,4.5,6,1.53,3.8,5.5,1.6,3.5,4.5,1.61,3.75,5.5,1.56,4.56,5.81,1.62,3.8,4.75,1.53,4,5.8,1.6,4.5,5.75,34,1.62,1.56,4.7,3.99,6,5.55,21,1.64,1.54,2.56,2.35,19,-1,2.08,1.96,1.97,1.9
E2,31/08/13,Port Vale,Wolves,1,3,A,0,0,D,G Scott,13,14,5,7,8,11,6,6,1,1,0,0,3.75,3.6,2.1,3.4,3.25,2,3.1,3.2,2,3.4,3.4,2.1,3.73,3.54,2.08,3.4,3.4,2,3.4,3.4,2.05,3.6,3.6,2.15,34,3.75,3.47,3.6,3.35,2.15,2.05,22,1.91,1.81,2.02,1.93,12,0.5,1.85,1.8,2.11,2.06
E2,31/08/13,Sheffield United,Milton Keynes Dons,0,1,A,0,0,D,D Webb,6,5,1,2,16,20,4,3,2,4,1,0,2.4,3.4,3.2,2.2,3.25,2.95,2.2,3.1,2.8,2.3,3.25,3.1,2.48,3.32,3.07,2.25,3.2,3,2.3,3.3,3,2.4,3.4,3.2,34,2.48,2.32,3.4,3.24,3.2,3.01,22,2.2,2.06,1.84,1.67,17,-0.25,2.13,2.04,1.87,1.83
E2,31/08/13,Shrewsbury,Coventry,1,1,D,0,1,A,S Rushton,7,12,3,7,6,9,7,8,0,2,0,0,2.7,3.5,2.7,2.5,3.2,2.6,2.45,3.1,2.45,2.6,3.4,2.6,2.75,3.46,2.65,2.5,3.25,2.62,2.63,3.3,2.5,2.7,3.5,2.7,34,2.75,2.63,3.5,3.28,2.75,2.57,31,1.91,1.84,2.08,1.96,17,0,2.03,1.96,1.92,1.88
E2,31/08/13,Stevenage,Bradford,1,1,D,1,0,H,G Sutton,18,11,11,2,17,18,8,7,3,3,0,0,3.3,3.5,2.3,2.9,3.2,2.25,2.6,3.1,2.3,2.9,3.3,2.37,3.34,3.47,2.26,3,3.1,2.3,3.2,3.3,2.2,3.25,3.4,2.38,34,3.3,3.04,3.5,3.28,2.4,2.28,31,2.06,1.99,1.88,1.8,17,0.25,1.95,1.88,2.13,1.98
E2,31/08/13,Swindon,Crewe,5,0,H,2,0,H,A Davies,12,4,9,4,13,13,8,2,2,3,0,0,1.83,3.75,4.75,1.72,3.4,4.4,1.75,3.4,3.7,1.83,3.5,4.33,1.83,3.73,4.61,1.75,3.5,4.33,1.8,3.4,4.8,1.83,3.75,4.75,34,1.85,1.79,3.75,3.48,4.8,4.42,31,2.05,1.87,2,1.92,17,-0.5,1.91,1.81,2.13,2.07
E2,31/08/13,Walsall,Preston,0,3,A,0,1,A,P Gibbs,7,13,2,7,11,26,6,8,0,1,0,0,2.7,3.4,2.8,2.45,3.2,2.65,2.3,3.1,2.6,2.4,3.3,2.87,2.67,3.32,2.82,2.6,3.1,2.6,2.6,3.25,2.63,2.7,3.4,2.75,34,2.75,2.55,3.4,3.22,2.88,2.71,31,2.18,2.05,1.82,1.76,14,-0.25,2.34,2.27,1.69,1.66
E2,07/09/13,Bradford,Brentford,4,0,H,1,0,H,A Haines,10,10,5,3,10,11,6,9,1,0,0,1,2.8,3.4,2.7,2.45,3.2,2.65,2.3,3.1,2.6,2.5,3.3,2.75,2.85,3.31,2.65,2.7,3.1,2.7,2.63,3.25,2.63,2.75,3.4,2.7,32,2.85,2.6,3.4,3.2,2.8,2.64,30,2.13,2.02,1.84,1.77,13,-0.25,2.42,2.3,1.69,1.64
E2,07/09/13,Carlisle,Port Vale,0,1,A,0,0,D,M Brown,9,7,2,3,11,19,9,6,1,0,0,0,2.88,3.4,2.63,2.6,3.2,2.5,2.45,3.1,2.45,2.62,3.3,2.62,2.75,3.58,2.59,2.7,3.1,2.7,2.75,3.3,2.5,2.8,3.5,2.6,32,2.88,2.67,3.58,3.28,2.7,2.53,30,1.91,1.73,2.23,2.07,15,0,2.04,1.97,1.91,1.86
E2,07/09/13,Crawley Town,Gillingham,3,2,H,0,0,D,S Rushton,17,9,10,4,5,16,10,1,2,2,1,1,1.95,3.6,4.2,1.91,3.3,3.6,1.9,3.2,3.4,1.95,3.5,3.75,1.89,3.65,4.41,1.95,3.75,4,1.9,3.5,4,1.95,3.7,4.1,32,1.95,1.89,3.75,3.45,4.41,3.9,30,1.96,1.87,2.04,1.91,14,-0.5,2.01,1.89,2.03,1.97
E2,07/09/13,Crewe,Peterboro,2,2,D,2,1,H,L Collins,4,12,3,5,9,12,1,9,0,0,0,0,4.33,3.9,1.85,3.9,3.5,1.78,3.6,3.3,1.8,4,3.4,1.91,4.53,3.93,1.8,4.2,4,1.85,4.5,3.5,1.8,4.4,4,1.83,31,4.8,4.13,4,3.58,1.91,1.81,27,1.65,1.57,2.5,2.33,13,0.5,2.13,2.06,1.9,1.8
E2,07/09/13,Milton Keynes Dons,Swindon,1,1,D,0,1,A,S Attwell,10,11,3,6,11,12,11,7,2,4,0,1,2.38,3.4,3.25,2.1,3.2,3.2,2.2,3.1,2.8,2.15,3.25,3.4,2.36,3.28,3.32,2.38,3.3,3.2,2.2,3.3,3.4,2.4,3.4,3.2,32,2.45,2.28,3.4,3.23,3.4,3.06,24,2.19,2.1,1.8,1.67,14,-0.25,2.1,2,1.98,1.86
E2,07/09/13,Rotherham,Sheffield United,3,1,H,0,1,A,A D'Urso,10,4,7,1,12,14,4,3,2,2,0,0,2.6,3.4,2.9,2.25,3.2,2.9,2.3,3.1,2.6,2.38,3.25,3,2.59,3.25,2.97,2.5,3.1,3,2.4,3.3,2.8,2.6,3.3,2.9,32,2.65,2.42,3.4,3.21,3,2.84,30,2.25,2.06,1.8,1.74,14,-0.25,2.21,2.13,1.79,1.76
E2,07/09/13,Tranmere,Stevenage,0,0,D,0,0,D,C Pawson,14,5,2,1,10,22,4,4,2,4,0,0,2.6,3.3,3,2.55,3.2,2.55,2.2,3.1,2.8,2.3,3.3,3.1,2.55,3.34,2.95,2.5,3.1,3,2.5,3.25,2.75,2.63,3.3,2.9,32,2.65,2.47,3.4,3.19,3.1,2.82,24,2.23,2.06,1.77,1.68,14,-0.25,2.27,2.2,1.75,1.71
E2,08/09/13,Coventry,Colchester,2,0,H,1,0,H,S Martin,20,2,11,0,10,12,6,4,0,0,0,0,1.7,3.75,4.75,1.7,3.5,4.5,1.8,3.3,3.6,1.83,3.5,4.33,1.74,3.94,4.95,1.75,4,4.8,1.73,3.6,4.8,1.83,3.6,5,32,1.83,1.73,4,3.64,5.1,4.49,30,1.9,1.82,2.1,1.96,14,-0.5,1.83,1.73,2.22,2.17
E2,09/09/13,Preston,Oldham,2,1,H,2,0,H,M Naylor,7,11,2,5,19,12,1,12,3,0,0,0,1.83,3.5,4.33,1.8,3.4,4,1.85,3.2,3.5,1.83,3.5,4.33,1.94,3.57,4.26,1.95,3.6,4.2,1.9,3.5,4.33,1.95,3.6,4.2,31,2,1.89,3.6,3.39,4.33,3.97,29,2.02,1.92,1.92,1.85,14,-0.5,1.96,1.92,1.99,1.94
E2,14/09/13,Bradford,Colchester,2,2,D,1,2,A,T Harrington,15,11,7,4,8,13,8,4,1,3,0,1,1.73,3.8,5.5,1.72,3.5,4.25,1.7,3.4,3.9,1.72,3.5,5,1.69,3.98,5.36,1.73,3.3,5.5,1.67,3.6,5.25,1.7,3.9,5.75,34,1.73,1.68,3.98,3.59,5.75,4.95,29,2.05,1.97,1.9,1.81,14,-0.75,1.93,1.88,2.03,1.97
E2,14/09/13,Bristol City,Peterboro,0,3,A,0,1,A,J Adcock,7,10,3,6,9,11,10,5,2,2,0,0,3,3.5,2.45,2.65,3.3,2.4,2.6,3.1,2.3,2.62,3.5,2.5,2.85,3.57,2.5,3,3,2.5,2.8,3.3,2.4,2.8,3.6,2.5,34,3.05,2.77,3.6,3.34,2.5,2.39,23,1.62,1.54,2.5,2.33,14,0,2.12,2.04,1.85,1.79
E2,14/09/13,Carlisle,Sheffield United,1,0,H,0,0,D,D Bond,6,6,4,3,17,16,9,5,4,2,0,0,3.8,3.5,2.1,3.3,3.2,2.05,3,3.1,2.1,3.4,3.4,2.1,3.69,3.55,2.1,3.5,3.1,2.2,3.6,3.4,2,3.75,3.5,2.1,34,4.05,3.51,3.55,3.33,2.15,2.04,30,2.09,2.01,1.9,1.78,14,0.25,2.16,2.1,1.82,1.77
E2,14/09/13,Crawley Town,Shrewsbury,1,1,D,0,0,D,G Ward,13,11,9,5,8,8,10,2,1,0,0,0,1.85,3.8,4.5,1.8,3.4,4,1.85,3.2,3.5,1.83,3.5,4.2,1.83,3.83,4.43,1.91,3.1,4.5,1.8,3.5,4.5,1.83,3.8,4.6,34,1.85,1.81,3.83,3.48,4.65,4.19,24,1.85,1.74,2.08,2,15,-0.5,1.87,1.81,2.1,2.05
E2,14/09/13,Crewe,Walsall,0,3,A,0,0,D,K Hill,11,12,3,8,13,9,8,4,0,0,0,0,2.88,3.4,2.6,2.55,3.2,2.55,2.45,3.1,2.45,2.62,3.3,2.62,2.93,3.41,2.52,2.75,3,2.75,2.8,3.25,2.5,3,3.4,2.55,33,3,2.73,3.41,3.23,2.75,2.5,29,2,1.9,1.96,1.88,12,-0.25,2.51,2.44,1.62,1.57
E2,14/09/13,Leyton Orient,Port Vale,3,2,H,2,1,H,M Russell,14,6,9,2,16,10,5,3,3,4,0,0,1.8,3.8,4.75,1.7,3.4,4.5,1.75,3.4,3.7,1.72,3.75,4.5,1.81,3.84,4.63,1.83,3.2,4.8,1.73,3.75,4.5,1.8,3.8,4.8,34,1.83,1.74,3.84,3.57,5.2,4.49,29,1.98,1.88,2,1.9,14,-0.75,2.06,2,1.88,1.85
E2,14/09/13,Milton Keynes Dons,Notts County,3,1,H,2,0,H,S Mathieson,17,6,10,3,10,14,11,1,1,3,0,0,1.75,3.8,5.25,1.7,3.4,4.5,1.7,3.4,3.9,1.72,3.75,4.5,1.76,3.73,5.16,1.8,3.2,5,1.73,3.6,4.8,1.75,3.75,5,33,1.8,1.71,3.8,3.53,5.4,4.8,23,2.1,1.96,1.92,1.76,14,-0.75,2,1.96,1.93,1.89
E2,14/09/13,Preston,Stevenage,3,0,H,1,0,H,R East,20,7,9,2,9,12,3,8,0,3,0,0,1.83,3.75,4.75,1.8,3.3,4.1,1.75,3.4,3.7,1.8,3.5,4.5,1.83,3.56,4.96,1.95,3.1,4.33,1.8,3.5,4.33,1.87,3.5,4.8,34,1.91,1.82,3.75,3.41,4.93,4.32,28,2.38,2.17,1.75,1.67,15,-0.5,1.86,1.82,2.1,2.03
E2,14/09/13,Rotherham,Oldham,3,2,H,1,1,D,R Clark,17,7,9,6,9,11,10,2,0,2,0,1,2.15,3.5,3.6,2.1,3.2,3.25,1.9,3.2,3.4,2,3.4,3.75,2.13,3.63,3.5,2.2,3.1,3.5,2.05,3.4,3.5,2.1,3.6,3.6,34,2.2,2.07,3.63,3.36,3.75,3.38,29,2.06,1.94,1.94,1.84,15,-0.5,2.15,2.1,1.81,1.77
E2,14/09/13,Tranmere,Brentford,3,4,A,1,2,A,S Duncan,9,15,7,8,10,13,10,5,2,0,0,0,4,3.5,2.05,3.4,3.25,2,3.4,3.2,1.9,3.75,3.4,2,3.88,3.35,2.11,3.6,3.1,2.15,3.5,3.4,2.05,3.8,3.4,2.15,34,4,3.57,3.5,3.31,2.15,2.02,29,2.25,2.1,1.8,1.71,15,0.25,2.11,2.06,1.85,1.8
E2,14/09/13,Wolves,Swindon,3,2,H,2,0,H,G Sutton,8,17,6,9,10,13,4,9,2,3,0,0,1.91,3.9,4.1,1.85,3.4,3.75,1.75,3.4,3.7,1.83,3.5,4.33,1.91,4.09,3.82,1.95,3.1,4.33,1.9,3.5,4,1.95,3.6,4.3,34,1.95,1.87,4.07,3.49,4.33,3.96,24,2.1,2,1.9,1.76,15,-0.75,2.3,2.22,1.74,1.69
E2,15/09/13,Coventry,Gillingham,2,1,H,1,1,D,T Kettle,16,5,8,3,9,9,7,5,1,2,0,0,1.73,4,5,1.65,3.6,4.6,1.75,3.4,3.7,1.72,3.75,4.5,1.71,4.03,5.08,1.8,3.75,4.2,1.73,3.6,4.8,1.75,4,4.8,31,1.8,1.72,4.01,3.64,5.2,4.56,24,1.77,1.69,2.22,2.06,14,-0.5,1.75,1.72,2.23,2.17
E2,17/09/13,Bristol City,Shrewsbury,1,1,D,0,1,A,T Robinson,9,9,5,2,11,7,14,3,1,1,0,0,1.91,3.6,4.5,1.75,3.4,4.2,1.8,3.3,3.6,1.83,3.5,4.2,1.88,3.69,4.41,1.85,3.5,4.33,1.8,3.5,4.33,1.87,3.6,4.6,35,1.91,1.83,3.75,3.48,4.75,4.17,34,1.93,1.81,2.03,1.98,17,-0.75,2.15,2.09,1.81,1.77
E2,17/09/13,Leyton Orient,Notts County,5,1,H,2,0,H,R Lewis,11,9,10,6,13,10,5,6,1,3,0,0,1.67,4,5.75,1.6,3.6,5,1.7,3.4,3.9,1.62,3.75,5.5,1.66,3.99,5.66,1.62,4,4.5,1.62,3.75,5.5,1.67,4,5.75,36,1.7,1.63,4,3.75,5.9,5.26,34,1.92,1.85,2.02,1.93,20,-1,2.17,2.1,1.83,1.76
E2,17/09/13,Wolves,Walsall,0,1,A,0,0,D,M Russell,13,10,3,4,14,8,8,5,2,1,0,0,1.73,4,5,1.67,3.7,4.4,1.7,3.4,3.9,1.67,3.75,5,1.71,4.09,4.94,1.57,3.8,5,1.67,3.75,5,1.73,4,5,36,1.73,1.66,4.09,3.74,5.3,4.93,33,1.75,1.69,2.28,2.13,17,-1,2.24,2.16,1.76,1.71
E2,21/09/13,Colchester,Crawley Town,1,1,D,1,1,D,K Stroud,10,9,5,4,9,5,5,6,2,0,0,0,3.2,3.4,2.4,2.85,3.1,2.35,2.6,3.1,2.3,2.8,3.4,2.4,3.13,3.44,2.39,3.1,3.1,2.4,3,3.3,2.3,3.2,3.4,2.38,33,3.2,2.92,3.44,3.27,2.46,2.33,29,2.02,1.94,1.94,1.83,14,0,2.3,2.19,1.78,1.68
E2,21/09/13,Gillingham,Bradford,0,1,A,0,1,A,S Rushton,12,10,3,2,13,15,8,6,1,2,0,0,3.25,3.5,2.3,2.95,3.25,2.2,2.8,3.1,2.2,3.1,3.4,2.25,3.19,3.52,2.31,3,3.2,2.38,3.13,3.3,2.2,3.3,3.5,2.3,33,3.35,3.06,3.52,3.29,2.38,2.24,29,1.88,1.79,2.06,1.98,13,0.25,1.95,1.9,2.01,1.95
E2,21/09/13,Notts County,Tranmere,2,0,H,1,0,H,S Stockbridge,13,6,6,2,17,11,6,4,2,2,0,0,2.4,3.4,3.2,2.2,3.1,3.1,2.2,3.1,2.8,2.25,3.4,3.1,2.4,3.4,3.13,2.4,3.1,3.1,2.3,3.3,3,2.4,3.4,3.12,33,2.45,2.3,3.4,3.25,3.2,2.99,29,2.2,2.05,1.82,1.74,13,-0.25,2.09,2.04,1.86,1.81
E2,21/09/13,Oldham,Crewe,1,1,D,0,1,A,C Boyeson,10,8,5,6,15,9,3,5,1,1,0,0,1.85,3.75,4.5,1.8,3.4,4,1.8,3.3,3.6,1.9,3.4,4,1.88,3.7,4.39,1.91,3.2,4.5,1.83,3.5,4.33,1.87,3.75,4.5,33,1.91,1.84,3.75,3.47,4.5,4.07,29,1.94,1.85,2.02,1.93,13,-0.5,1.95,1.86,2.04,1.98
E2,21/09/13,Peterboro,Milton Keynes Dons,2,1,H,2,0,H,D Drysdale ,4,19,2,10,10,12,2,13,4,0,2,0,1.95,3.6,4.2,1.87,3.4,3.7,1.9,3.2,3.4,1.9,3.6,3.75,2,3.69,3.85,2,3.3,3.8,1.95,3.5,3.75,2,3.75,3.9,33,2.02,1.93,3.69,3.41,4.25,3.75,28,1.8,1.69,2.22,2.12,13,-0.5,2.01,1.96,1.92,1.88
E2,21/09/13,Port Vale,Coventry,3,2,H,1,2,A,M Naylor,16,7,8,2,11,11,6,8,1,1,0,0,3.6,3.5,2.15,3.2,3.3,2.05,3.1,3.2,2,3.2,3.4,2.2,3.42,3.65,2.16,3.3,3.2,2.25,3.4,3.4,2.1,3.5,3.6,2.15,33,3.6,3.26,3.61,3.34,2.25,2.13,28,1.74,1.67,2.32,2.15,13,0.25,2.04,1.97,1.92,1.87
E2,21/09/13,Sheffield United,Preston,0,1,A,0,0,D,F Graham ,9,5,3,3,12,12,10,4,1,1,0,0,2.5,3.4,3,2.4,3.1,2.8,2.3,3.1,2.6,2.4,3.3,2.87,2.47,3.39,3.03,2.5,3,3,2.38,3.25,3,2.4,3.4,3.12,33,2.5,2.37,3.4,3.21,3.13,2.92,29,2.19,2.06,1.81,1.74,14,0,1.76,1.71,2.2,2.13
E2,21/09/13,Shrewsbury,Wolves,0,1,A,0,0,D,P Gibbs,11,9,4,4,7,14,3,7,0,2,1,0,4,3.6,2,3.75,3.4,1.87,3.4,3.2,1.9,4,3.4,1.9,3.95,3.57,2.01,3.8,3.3,2,3.8,3.4,1.95,3.9,3.6,2.05,33,4.1,3.77,3.6,3.37,2.05,1.94,29,1.91,1.8,2.08,1.98,13,0.5,1.93,1.88,2.01,1.96
E2,21/09/13,Stevenage,Carlisle,1,3,A,0,1,A,A Davies,8,9,2,5,21,12,4,6,3,5,0,0,2.05,3.5,4,2,3.2,3.5,1.9,3.2,3.4,2.05,3.3,3.6,2,3.5,4.09,2.05,3.3,3.6,1.95,3.4,3.8,2,3.5,4.1,33,2.1,1.97,3.5,3.33,4.1,3.72,29,2.14,2.05,1.84,1.74,13,-0.25,1.77,1.7,2.24,2.18
E2,21/09/13,Swindon,Bristol City,3,2,H,2,2,D,Taylor,11,8,6,3,10,11,7,4,2,2,0,0,2,3.6,4,1.9,3.4,3.6,1.85,3.2,3.5,2,3.4,3.75,1.95,3.65,4.11,2,3.3,3.8,1.95,3.5,3.8,2,3.6,4,33,2.01,1.95,3.65,3.4,4.2,3.72,29,1.87,1.79,2.08,1.99,13,-0.5,2.04,1.97,1.97,1.88
E2,21/09/13,Walsall,Rotherham,1,1,D,1,1,D,S Attwell,8,8,2,4,5,11,5,3,2,3,0,0,2.4,3.4,2.8,2.4,3.2,2.7,2.3,3.1,2.6,2.37,3.4,2.87,2.57,3.46,2.85,2.6,3.1,2.8,2.5,3.3,2.75,2.55,3.4,2.9,33,2.6,2.43,3.5,3.25,2.9,2.78,29,1.92,1.83,2,1.94,14,0,1.86,1.8,2.06,2.01
E2,23/09/13,Brentford,Leyton Orient,0,2,A,0,0,D,J Linington,13,8,5,3,13,18,8,2,3,3,0,0,2.2,3.4,3.2,2.25,3.1,3,2.2,3.1,2.8,2.25,3.25,3.2,2.38,3.38,3.19,2.38,3.2,3.3,2.3,3.3,3,2.3,3.4,3.3,28,2.38,2.26,3.4,3.25,3.3,3.08,26,2.1,2,1.87,1.78,12,0,1.73,1.67,2.28,2.2
E2,28/09/13,Bradford,Shrewsbury,2,1,H,0,1,A,J Linington,11,13,8,5,9,14,7,2,1,2,0,1,1.8,3.8,4.75,1.72,3.4,4.5,1.8,3.3,3.6,1.72,3.6,4.75,1.81,3.77,4.7,1.83,3.3,4.5,1.8,3.6,4.33,1.85,3.8,4.5,32,1.85,1.78,3.8,3.53,4.8,4.34,30,1.93,1.83,2.05,1.94,14,-0.75,2.12,2.06,1.85,1.8
E2,28/09/13,Bristol City,Colchester,1,1,D,0,1,A,D Phillips,22,6,7,3,5,10,15,3,1,3,0,0,1.91,3.75,4.33,1.8,3.4,4,1.85,3.2,3.5,1.95,3.5,3.75,1.88,3.67,4.44,1.95,3.3,4,1.83,3.4,4.33,1.9,3.75,4.33,32,1.95,1.86,3.75,3.43,4.44,4.08,30,1.91,1.84,2.05,1.94,11,-0.5,1.92,1.87,2.04,1.97
E2,28/09/13,Carlisle,Notts County,2,1,H,1,1,D,E Ilderton,12,18,6,10,14,10,1,6,1,0,0,0,2.6,3.4,2.88,2.45,3.2,2.65,2.4,3.1,2.5,2.3,3.3,3,2.56,3.48,2.84,2.62,3.1,2.8,2.5,3.25,2.75,2.55,3.4,2.9,32,2.62,2.47,3.48,3.23,3,2.76,30,1.95,1.86,2.04,1.91,14,-0.25,2.23,2.15,1.78,1.73
E2,28/09/13,Crawley Town,Oldham,1,0,H,1,0,H,A Davies,11,5,2,2,14,14,4,6,1,3,0,0,2,3.6,4,2,3.2,3.5,1.9,3.2,3.4,1.9,3.4,4,1.99,3.65,3.94,2,3.3,3.8,1.95,3.4,3.8,2,3.6,3.9,32,2,1.95,3.65,3.38,4.05,3.73,30,1.9,1.8,2.08,1.98,14,-0.5,2.01,1.96,1.92,1.89
E2,28/09/13,Crewe,Gillingham,0,3,A,0,1,A,O Langford,6,13,3,5,3,5,6,4,0,0,0,0,2.4,3.5,3.1,2.3,3.2,2.8,2.3,3.1,2.6,2.2,3.4,3.2,2.32,3.52,3.17,2.2,3.3,3,2.3,3.25,3,2.4,3.5,3.1,32,2.4,2.29,3.52,3.26,3.2,3,30,1.91,1.83,2.04,1.96,12,-0.5,2.37,2.29,1.69,1.63
E2,28/09/13,Leyton Orient,Walsall,1,1,D,1,0,H,G Scott,14,4,9,2,10,7,12,5,1,1,1,1,1.91,3.6,4.5,1.78,3.3,4.25,1.75,3.4,3.7,1.8,3.5,4.5,1.93,3.59,4.3,1.95,3.3,4,1.83,3.5,4,1.92,3.6,4.33,32,1.95,1.85,3.6,3.46,4.5,4.09,30,1.92,1.84,2.02,1.94,14,-0.75,2.21,2.15,1.77,1.73
E2,28/09/13,Milton Keynes Dons,Stevenage,4,1,H,3,1,H,A Woolmer,12,6,6,1,10,13,6,0,0,1,0,0,1.65,4,6,1.65,3.5,4.75,1.6,3.5,4.5,1.66,3.75,5,1.63,4.15,5.65,1.67,3.5,5.5,1.62,3.75,5.75,1.65,4.1,6,32,1.67,1.62,4.15,3.69,6,5.4,30,2.08,1.99,1.91,1.8,14,-0.75,1.83,1.8,2.12,2.06
E2,28/09/13,Preston,Swindon,2,1,H,1,0,H,M Russell,9,7,4,3,7,11,1,5,1,1,0,0,2.4,3.5,3.1,2.25,3.2,2.95,2.1,3.1,3,2.25,3.3,3.2,2.32,3.45,3.23,2.4,3.1,3.1,2.3,3.25,3,2.38,3.5,3.2,32,2.44,2.3,3.5,3.23,3.25,3.03,30,2.07,1.95,1.91,1.83,11,-0.25,2.05,2,1.91,1.85
E2,28/09/13,Rotherham,Peterboro,0,1,A,0,0,D,C Sarginson,19,5,5,2,15,13,8,6,4,0,0,0,2.75,3.6,2.63,2.55,3.2,2.5,2.6,3.1,2.3,2.62,3.5,2.5,2.59,3.71,2.67,2.7,3.1,2.7,2.6,3.4,2.6,2.6,3.7,2.7,32,2.75,2.61,3.71,3.33,2.75,2.55,23,1.74,1.65,2.33,2.17,16,0,1.95,1.9,2.01,1.92
E2,28/09/13,Tranmere,Port Vale,0,1,A,0,0,D,P Tierney,11,18,3,11,10,12,5,7,2,4,1,0,2.5,3.4,3,2.35,3.2,2.8,2.4,3.1,2.5,2.37,3.3,2.9,2.61,3.43,2.81,2.4,3.1,3.1,2.5,3.25,2.8,2.55,3.4,2.9,31,2.62,2.45,3.45,3.22,3.1,2.8,29,1.97,1.86,2.02,1.92,14,-0.25,2.22,2.14,1.77,1.74
E2,28/09/13,Wolves,Sheffield United,2,0,H,0,0,D,D Whitestone,9,9,6,3,10,8,7,5,2,1,0,0,1.91,3.6,4.5,1.75,3.5,4.2,1.75,3.4,3.7,1.8,3.5,4.5,1.94,3.53,4.32,1.91,3.3,4.2,1.9,3.5,4,1.91,3.6,4.4,32,1.94,1.85,3.7,3.41,4.5,4.17,30,2.05,1.9,1.93,1.87,14,-0.75,2.25,2.16,1.79,1.72
E2,29/09/13,Coventry,Brentford,0,2,A,0,1,A,G Salisbury,11,10,4,9,11,10,4,9,1,0,0,0,2.4,3.5,3.1,2.2,3.2,3,2.3,3.1,2.6,2.25,3.4,3.1,2.37,3.57,3.06,2.4,3.1,3.1,2.3,3.4,3,2.4,3.5,3,32,2.4,2.3,3.57,3.29,3.2,2.95,30,1.84,1.76,2.16,2.03,14,-0.25,2.1,2.05,1.86,1.81
E2,04/10/13,Sheffield United,Crawley Town,1,1,D,0,1,A,P Tierney,11,9,6,3,9,12,8,10,1,3,0,0,2.4,3.5,3.1,2.35,3.2,2.75,2.2,3.1,2.8,2.25,3.4,3.1,2.44,3.43,3.04,2.3,3.25,2.88,2.25,3.4,3,2.375,3.5,3.2,36,2.48,2.3,3.5,3.29,3.26,3.01,34,2.06,1.96,1.93,1.82,19,0,1.7,1.65,2.37,2.24
E2,05/10/13,Brentford,Rotherham,0,1,A,0,1,A,O Langford,12,9,5,2,11,17,7,4,1,6,0,0,2.15,3.6,3.5,1.9,3.4,3.6,1.8,3.3,3.6,2,3.4,3.75,2.1,3.65,3.58,2.1,3.3,3.5,2.05,3.4,3.4,2.05,3.6,3.75,34,2.15,2.02,3.65,3.37,3.75,3.49,32,2,1.93,1.92,1.85,15,-0.5,2.12,2.07,1.82,1.79
E2,05/10/13,Colchester,Wolves,0,3,A,0,1,A,T Robinson,13,14,8,6,7,13,8,7,2,2,0,0,4.33,3.9,1.85,4,3.4,1.8,3.9,3.4,1.7,3.8,3.6,1.9,4.37,3.82,1.85,4,3.5,1.91,4.33,3.6,1.8,4.5,3.9,1.833,35,4.7,4.22,3.9,3.58,1.91,1.79,33,1.91,1.81,2.08,1.97,15,0.5,2.15,2.09,1.92,1.78
E2,05/10/13,Gillingham,Milton Keynes Dons,3,2,H,2,2,D,J Linington,13,11,5,7,20,12,6,4,2,2,0,1,4,3.6,2,3.8,3.3,1.87,3.4,3.2,1.9,3.75,3.4,2,3.96,3.63,1.99,4,3.2,2,4,3.5,1.9,4,3.6,2,35,4.2,3.79,3.63,3.39,2,1.93,33,2.02,1.94,1.92,1.84,12,0.5,1.99,1.91,2.06,1.94
E2,05/10/13,Notts County,Crewe,4,0,H,2,0,H,P Gibbs,8,13,4,7,19,10,1,4,1,1,0,0,2.1,3.6,3.75,2,3.2,3.5,1.9,3.2,3.4,2.1,3.4,3.4,2.1,3.64,3.59,2.1,3.3,3.5,2.05,3.4,3.5,2.1,3.6,3.7,35,2.1,2.03,3.65,3.38,3.8,3.49,33,1.92,1.81,2.05,1.97,12,-0.25,1.83,1.79,2.11,2.05
E2,05/10/13,Oldham,Leyton Orient,1,1,D,1,0,H,K Wright,13,5,9,3,15,23,4,3,0,2,0,0,2.9,3.4,2.6,2.65,3.2,2.45,2.5,3.1,2.4,2.9,3.4,2.35,2.86,3.43,2.57,2.8,3.1,2.62,2.75,3.25,2.5,2.875,3.4,2.6,35,2.9,2.74,3.45,3.24,2.67,2.48,33,2.06,1.98,1.9,1.8,15,0.25,1.78,1.74,2.28,2.14
E2,05/10/13,Peterboro,Preston,2,0,H,2,0,H,C Boyeson,11,10,9,4,8,14,8,8,1,2,0,0,2.3,3.6,3.2,2.1,3.3,3.1,1.9,3.2,3.4,2.15,3.4,3.3,2.19,3.7,3.29,2.3,3.2,3.2,2.2,3.4,3.13,2.25,3.7,3.3,35,2.3,2.19,3.7,3.35,3.4,3.14,33,1.85,1.77,2.1,2.01,15,-0.25,1.99,1.93,1.97,1.92
E2,05/10/13,Port Vale,Bristol City,1,1,D,0,0,D,S Stockbridge,9,15,3,5,10,7,3,8,3,1,0,0,2.55,3.5,2.88,2.3,3.2,2.8,2.2,3.1,2.8,2.4,3.4,2.8,2.57,3.54,2.8,2.6,3.2,2.75,2.5,3.3,2.75,2.5,3.5,2.9,35,2.6,2.44,3.54,3.3,2.9,2.75,33,1.85,1.76,2.1,2.02,15,-0.25,2.22,2.13,1.79,1.75
E2,05/10/13,Shrewsbury,Carlisle,2,2,D,1,0,H,A Madley,9,13,3,5,5,4,10,9,1,0,0,0,2.1,3.5,3.8,1.95,3.3,3.5,1.85,3.2,3.5,2.1,3.3,3.5,2.03,3.57,3.9,2.1,3.3,3.5,1.95,3.5,3.6,2.05,3.5,3.9,35,2.1,1.98,3.57,3.35,4,3.65,33,2.08,1.99,1.88,1.79,12,-0.5,2.11,2.01,1.89,1.84
E2,05/10/13,Stevenage,Coventry,0,1,A,0,1,A,G Scott,9,11,3,3,15,14,4,4,2,1,0,0,3.75,3.6,2.1,3.4,3.25,2,3.4,3.2,1.9,3.4,3.4,2.1,3.75,3.66,2.04,3.5,3.3,2.1,3.6,3.4,2.05,3.7,3.6,2.1,35,3.85,3.52,3.66,3.37,2.1,2.01,33,1.88,1.8,2.08,1.97,15,0.25,2.16,2.11,1.82,1.77
E2,05/10/13,Swindon,Tranmere,1,0,H,1,0,H,C Breakspear,10,4,5,1,16,9,5,3,1,1,0,0,1.57,4.1,7,1.53,3.75,5.5,1.5,3.7,5,1.57,3.8,6,1.52,4.31,7.22,1.6,3.5,6.5,1.53,3.8,6.5,1.55,4.3,7,35,1.6,1.52,4.31,3.81,7.22,6.25,33,1.94,1.85,1.99,1.93,15,-1,2.07,1.91,2.01,1.91
E2,05/10/13,Walsall,Bradford,0,2,A,0,1,A,E Ilderton,12,6,4,3,6,2,6,3,0,0,0,0,2.5,3.4,3,2.45,3.2,2.65,2.3,3.1,2.6,2.4,3.3,2.87,2.46,3.45,3,2.62,3.1,2.8,2.5,3.25,2.8,2.55,3.4,2.9,35,2.62,2.41,3.45,3.23,3,2.83,33,1.99,1.92,1.96,1.86,17,0,1.84,1.77,2.16,2.07
E2,12/10/13,Colchester,Walsall,1,1,D,1,0,H,J Simpson,9,18,4,7,10,12,1,15,2,1,0,0,3.1,3.4,2.45,2.9,3.2,2.25,2.8,3.1,2.2,2.87,3.3,2.4,3.18,3.45,2.35,3,3.2,2.4,3,3.3,2.38,3.2,3.4,2.38,38,3.18,2.96,3.56,3.27,2.5,2.33,37,1.97,1.9,1.96,1.88,19,0.25,1.92,1.84,2.12,2.02
E2,12/10/13,Leyton Orient,Milton Keynes Dons,2,1,H,1,1,D,I Williamson,15,11,5,2,18,13,8,5,1,0,0,0,2.5,3.4,3,2.25,3.2,2.9,2.3,3.1,2.6,2.3,3.4,3,2.45,3.45,3.01,2.45,3.2,2.7,2.5,3.3,2.8,2.5,3.4,2.9,38,2.5,2.42,3.5,3.27,3.04,2.82,37,2.02,1.95,1.91,1.83,19,-0.25,2.15,2.1,1.83,1.77
E2,12/10/13,Port Vale,Peterboro,0,1,A,0,0,D,M Bull,6,16,4,7,11,14,5,7,2,4,0,0,3.75,3.7,2.05,3.4,3.4,1.95,3.1,3.2,2,3.75,3.4,2,3.86,3.71,1.99,3.8,3.3,2,3.6,3.5,1.95,3.75,3.7,2.05,38,3.86,3.63,3.8,3.43,2.05,1.97,31,1.71,1.63,2.32,2.19,19,0.5,1.92,1.87,2.02,1.98
E2,12/10/13,Preston,Crewe,0,2,A,0,1,A,T Kettle,15,7,2,2,21,14,7,3,2,3,0,0,1.57,4.33,6.25,1.48,4,5.75,1.5,3.7,5,1.53,4,6,1.56,4.29,6.33,1.57,4,5.5,1.5,4,6.5,1.57,4.3,6.5,38,1.6,1.52,4.45,3.95,6.52,6.14,37,1.87,1.8,2.08,1.98,22,-1,1.98,1.89,2.02,1.95
E2,12/10/13,Rotherham,Swindon,0,4,A,0,2,A,A Haines,6,10,0,6,13,8,7,3,4,3,0,0,2.5,3.4,3,2.25,3.2,2.9,2.3,3.1,2.6,2.25,3.4,3.1,2.44,3.47,3.01,2.4,3.1,3.1,2.38,3.3,2.88,2.5,3.4,2.9,38,2.5,2.37,3.47,3.24,3.2,2.91,37,1.98,1.89,1.96,1.89,19,-0.25,2.14,2.08,1.83,1.79
E2,12/10/13,Shrewsbury,Gillingham,2,0,H,1,0,H,G Salisbury,17,11,5,5,11,13,8,5,0,1,0,0,2.2,3.5,3.5,2.1,3.2,3.2,2,3.2,3.1,2.1,3.4,3.4,2.2,3.54,3.47,2.25,3.3,3.2,2.05,3.3,3.5,2.25,3.5,3.4,38,2.25,2.13,3.55,3.32,3.5,3.28,37,1.98,1.91,1.96,1.87,18,-0.25,1.94,1.89,2.01,1.96
E2,12/10/13,Stevenage,Brentford,2,1,H,2,1,H,C Sarginson,6,10,5,5,17,7,5,6,2,2,0,0,4,3.6,2,3.8,3.3,1.87,3.5,3.2,1.85,3.75,3.4,2,4.13,3.56,1.97,4.2,3.1,2,3.75,3.5,1.95,4,3.6,2,38,4.2,3.78,3.6,3.39,2.05,1.95,37,1.96,1.89,1.97,1.88,19,0.5,1.95,1.88,2.02,1.98
E2,13/10/13,Bradford,Tranmere,0,1,A,0,0,D,D Drysdale ,13,9,4,3,13,5,8,3,3,3,0,0,1.67,3.9,6,1.62,3.6,5,1.5,3.7,5,1.57,4,5.5,1.68,3.91,5.58,1.62,3.75,5.5,1.57,3.8,5.5,1.65,4,6,37,1.67,1.58,4.1,3.74,6.1,5.65,36,2,1.88,1.99,1.89,20,-1,2.18,2.09,1.81,1.77
E2,13/10/13,Coventry,Sheffield United,3,2,H,2,0,H,K Friend,14,13,5,6,14,13,5,5,3,2,0,0,2,3.6,4,1.9,3.4,3.6,1.9,3.2,3.4,1.9,3.4,4,1.99,3.56,4.05,2,3.2,4,1.95,3.6,3.8,2,3.6,4.1,37,2,1.93,3.65,3.38,4.2,3.81,36,1.95,1.83,2.02,1.94,17,-0.5,1.99,1.94,1.96,1.91
E2,18/10/13,Swindon,Notts County,2,0,H,2,0,H,D Deadman,16,5,7,2,10,11,8,5,2,3,0,0,1.67,4,5.75,1.57,3.75,5,1.6,3.5,4.5,1.61,3.75,5.5,1.61,4.13,6.06,1.6,3.75,5,1.57,3.75,5.8,1.65,4,5.5,39,1.67,1.6,4.17,3.76,6,5.52,36,1.85,1.76,2.12,2.02,21,-1,2.14,2.08,1.84,1.79
E2,19/10/13,Brentford,Colchester,3,1,H,0,0,D,B Malone,10,4,6,3,11,16,13,4,1,0,0,0,1.62,4.1,6,1.5,3.75,6,1.5,3.7,5,1.57,3.8,6,1.61,4.1,6.12,1.62,3.75,5.5,1.53,3.8,6,1.62,4.1,6.25,38,1.63,1.55,4.1,3.82,7,5.9,37,1.94,1.85,2.02,1.93,18,-1,2.06,1.99,1.91,1.85
E2,19/10/13,Crawley Town,Bradford,1,0,H,0,0,D,D Whitestone,14,7,10,2,9,12,5,8,1,0,0,0,2.15,3.5,3.6,2.05,3.25,3.25,2.1,3.1,3,2.2,3.4,3.2,2.08,3.53,3.76,2.2,3.4,3.2,2.1,3.4,3.4,2.25,3.4,3.5,38,2.2,2.1,3.58,3.34,3.69,3.34,37,1.95,1.88,2.02,1.9,19,-0.25,1.87,1.82,2.12,2.04
E2,19/10/13,Crewe,Bristol City,1,0,H,0,0,D,G Eltringham,12,6,6,1,8,12,3,7,2,2,0,0,3.25,3.5,2.3,3,3.2,2.2,3,3.1,2.1,2.8,3.5,2.37,3.24,3.44,2.32,3,3.2,2.4,3.13,3.3,2.25,3.2,3.5,2.25,38,3.33,3.09,3.5,3.29,2.4,2.24,37,1.91,1.82,2.02,1.96,16,0,2.43,2.3,1.69,1.62
E2,19/10/13,Gillingham,Preston,1,2,A,0,0,D,G Horwood,7,10,4,2,14,14,2,3,1,2,0,0,3.5,3.6,2.15,3.1,3.2,2.15,3.1,3.2,2,3.2,3.4,2.2,3.61,3.52,2.13,3.4,3.2,2.2,3.4,3.4,2.1,3.4,3.5,2.25,38,3.7,3.36,3.6,3.3,2.25,2.12,37,1.99,1.87,2,1.92,19,0.25,2.1,2.03,1.91,1.83
E2,19/10/13,Milton Keynes Dons,Rotherham,3,2,H,1,0,H,R Madley,16,10,8,3,6,16,8,1,3,3,0,1,2.1,3.5,3.8,1.95,3.3,3.5,1.9,3.2,3.4,2.05,3.4,3.5,2.11,3.69,3.51,2.15,3.2,3.5,2,3.4,3.6,2.1,3.6,3.7,38,2.2,2.03,3.69,3.34,3.85,3.52,37,1.91,1.84,2.02,1.94,18,-0.5,2.14,2.06,1.84,1.8
E2,19/10/13,Oldham,Carlisle,1,0,H,1,0,H,M Heywood,12,8,6,2,13,9,9,7,3,2,0,0,1.91,3.75,4.2,1.8,3.4,4,1.8,3.3,3.6,1.95,3.5,3.75,1.88,3.73,4.33,1.91,3.3,4.2,1.83,3.4,4.33,1.9,3.7,4.4,38,1.95,1.86,3.77,3.48,4.45,4.02,37,1.93,1.82,2.09,1.96,16,-0.5,1.91,1.86,2.04,1.98
E2,19/10/13,Peterboro,Shrewsbury,1,0,H,0,0,D,E Ilderton,11,11,1,4,7,4,6,3,0,0,0,0,1.62,4.33,5.75,1.53,4,5,1.5,3.7,5,1.53,4,6,1.62,4.2,5.69,1.62,3.6,6,1.57,4,5.5,1.6,4.33,5.75,38,1.63,1.57,4.33,3.88,6,5.6,37,1.85,1.76,2.13,2.03,17,-0.75,1.8,1.76,2.15,2.11
E2,19/10/13,Sheffield United,Port Vale,2,1,H,1,1,D,T Robinson,17,6,8,3,13,17,7,4,2,2,0,1,1.95,3.6,4.2,1.91,3.3,3.6,1.9,3.2,3.4,2,3.4,3.75,1.93,3.7,4.21,1.91,3.5,4,1.91,3.4,4,2,3.6,4.1,38,2,1.92,3.66,3.39,4.2,3.85,37,1.99,1.93,1.94,1.85,16,-0.5,2,1.94,1.96,1.9
E2,19/10/13,Tranmere,Leyton Orient,0,4,A,0,1,A,R Clark,4,9,2,4,7,8,5,4,2,1,1,0,4,3.6,2,3.6,3.3,1.91,3.4,3.2,1.9,3.5,3.4,2.05,4.12,3.49,2,3.75,3.2,2.05,3.8,3.3,2,4,3.5,2.05,38,4,3.71,3.6,3.32,2.06,1.99,37,2.13,1.97,1.87,1.81,19,0.5,1.89,1.85,2.06,2.01
E2,19/10/13,Walsall,Stevenage,2,1,H,1,0,H,A Madley,13,6,6,2,7,14,5,7,1,2,0,1,1.8,3.75,5,1.7,3.4,4.5,1.65,3.4,4.2,1.8,3.5,4.5,1.83,3.73,4.68,1.91,3.4,4,1.73,3.5,4.8,1.8,3.75,4.8,38,1.83,1.76,3.75,3.46,5.2,4.6,37,2.02,1.93,1.93,1.85,17,-0.5,1.83,1.77,2.16,2.09
E2,19/10/13,Wolves,Coventry,1,1,D,0,0,D,F Graham ,9,6,2,2,10,11,8,5,1,2,0,0,2.15,3.6,3.5,2.05,3.25,3.25,1.9,3.2,3.4,2.05,3.4,3.5,2.19,3.49,3.49,2.2,3.2,3.4,2.05,3.3,3.5,2.15,3.5,3.6,38,2.2,2.07,3.62,3.32,3.65,3.46,37,1.85,1.77,2.18,2.02,19,-0.25,1.87,1.82,2.11,2.04
E2,22/10/13,Bristol City,Brentford,1,2,A,0,0,D,P Gibbs,6,7,1,2,9,10,9,3,0,0,0,0,3,3.4,2.5,2.7,3.2,2.4,2.6,3.1,2.3,2.8,3.4,2.4,2.96,3.5,2.47,2.88,3.2,2.5,2.75,3.4,2.4,3,3.3,2.55,39,3,2.82,3.49,3.29,2.55,2.41,38,1.91,1.81,2.1,1.97,18,0.25,1.8,1.75,2.17,2.12
E2,22/10/13,Coventry,Leyton Orient,3,1,H,1,0,H,J Adcock,9,4,7,3,15,12,3,5,2,2,0,0,2.4,3.6,3,2.3,3.3,2.75,2.2,3.1,2.8,2.38,3.4,2.88,2.42,3.69,2.89,2.4,3.25,2.9,2.38,3.3,2.88,2.4,3.5,3.1,39,2.48,2.37,3.69,3.33,3.1,2.87,38,1.83,1.73,2.22,2.07,20,0,1.82,1.75,2.16,2.08
E2,22/10/13,Crawley Town,Port Vale,0,3,A,0,2,A,F Graham ,12,13,3,8,4,11,8,5,0,3,0,0,1.85,3.8,4.5,1.8,3.4,4,1.8,3.3,3.6,1.91,3.4,4,1.93,3.78,4.07,1.91,3.3,4.2,1.83,3.5,4,1.91,3.8,4.2,39,1.94,1.87,3.8,3.47,4.5,4.01,38,1.84,1.77,2.17,2.02,19,-0.5,1.95,1.89,2.03,1.96
E2,22/10/13,Crewe,Stevenage,0,3,A,0,3,A,S Martin,4,10,2,5,9,17,8,5,0,2,0,0,2.38,3.5,3.1,2.2,3.2,3,2.1,3.1,3,2.15,3.4,3.25,2.35,3.46,3.15,2.3,3.2,3.1,2.25,3.3,3.13,2.4,3.5,3.1,39,2.4,2.27,3.5,3.26,3.25,3.09,38,2.03,1.91,1.96,1.87,18,-0.25,2.08,2.01,1.88,1.85
E2,22/10/13,Gillingham,Notts County,2,1,H,2,0,H,D Phillips,13,12,9,5,11,9,3,8,1,1,0,0,2.4,3.5,3.1,2.25,3.2,2.9,2,3.2,3.1,2.3,3.4,3,2.39,3.61,2.99,2.3,3.3,3.1,2.3,3.4,3,2.4,3.4,3.2,39,2.41,2.32,3.62,3.32,3.2,2.95,38,1.83,1.76,2.15,2.03,19,-0.25,2.11,2.05,1.85,1.81
E2,22/10/13,Milton Keynes Dons,Carlisle,0,1,A,0,1,A,A D'Urso,12,8,3,2,10,8,9,2,1,1,0,0,1.62,4.2,6,1.55,3.8,5.25,1.5,3.7,5,1.62,3.75,5.5,1.57,4.38,6.01,1.57,4,5.5,1.57,3.8,5.5,1.6,4.33,6,39,1.62,1.57,4.38,3.89,6.2,5.64,38,1.8,1.73,2.21,2.07,22,-1,2.05,1.98,1.95,1.86
E2,22/10/13,Peterboro,Sheffield United,0,0,D,0,0,D,R East,8,6,3,1,11,12,4,4,1,2,0,0,1.73,3.9,5.25,1.62,3.75,4.6,1.7,3.4,3.9,1.67,3.75,5,1.76,3.89,4.84,1.7,3.75,4.75,1.73,3.6,4.5,1.75,3.9,5,39,1.75,1.69,4.03,3.68,5.25,4.78,38,1.92,1.82,2.1,1.96,19,-0.75,1.99,1.94,1.96,1.91
E2,22/10/13,Preston,Bradford,2,2,D,1,1,D,D Coote,11,12,4,5,19,12,8,5,2,0,0,0,2.1,3.5,3.75,2,3.2,3.5,2,3.2,3.1,2.05,3.4,3.5,2.06,3.53,3.81,2.05,3.2,3.75,2.05,3.4,3.5,2.1,3.5,3.8,39,2.14,2.05,3.53,3.34,3.81,3.5,38,2,1.9,1.95,1.88,19,-0.25,1.8,1.77,2.14,2.08
E2,22/10/13,Rotherham,Tranmere,1,1,D,0,0,D,T Harrington,15,3,7,1,13,7,7,4,2,1,0,0,1.67,4,5.75,1.6,3.6,5,1.6,3.5,4.5,1.67,3.75,5,1.64,4.07,5.73,1.67,3.5,5.5,1.62,3.75,5.5,1.67,4,5.75,39,1.67,1.62,4.08,3.7,6,5.39,38,1.87,1.8,2.08,1.99,20,-1,2.2,2.11,1.81,1.76
E2,22/10/13,Shrewsbury,Colchester,1,1,D,1,1,D,D Drysdale ,12,10,5,4,9,11,6,3,0,2,0,0,1.95,3.75,4,1.9,3.4,3.6,2,3.2,3.1,2,3.3,3.75,1.98,3.65,4,1.91,3.5,4,1.95,3.4,3.8,2,3.7,4,39,2.05,1.96,3.75,3.41,4,3.72,38,2.02,1.88,1.97,1.9,19,-0.5,2.06,1.97,1.94,1.88
E2,22/10/13,Swindon,Walsall,1,3,A,0,1,A,D Sheldrake,6,13,3,7,11,10,5,9,2,2,0,0,1.83,3.75,4.6,1.75,3.4,4.2,1.75,3.4,3.7,1.83,3.5,4.2,1.85,3.7,4.6,1.8,3.5,4.5,1.8,3.5,4.5,1.85,3.75,4.6,39,1.91,1.82,3.75,3.45,4.7,4.31,38,1.91,1.86,2.02,1.92,19,-0.5,1.92,1.84,2.08,2.02
E2,22/10/13,Wolves,Oldham,2,0,H,0,0,D,M Haywood,15,7,6,2,11,8,7,4,0,1,0,0,1.62,4.2,6,1.6,4,4.5,1.5,3.7,5,1.62,3.75,5.5,1.68,4.05,5.33,1.6,4,5.5,1.62,3.8,5,1.65,4.1,5.5,39,1.68,1.62,4.2,3.84,6,5.18,38,1.92,1.79,2.1,1.99,20,-1,2.19,2.09,1.85,1.76
E2,26/10/13,Bradford,Wolves,1,2,A,1,2,A,G Salisbury,9,12,5,5,9,13,5,7,2,2,0,0,3.4,3.5,2.25,3.2,3.2,2.1,3,3.1,2.1,3.1,3.4,2.25,3.24,3.51,2.29,3.2,3.2,2.3,3.2,3.25,2.25,3.3,3.5,2.25,35,3.4,3.13,3.51,3.25,2.3,2.22,34,1.98,1.89,1.95,1.89,16,0.25,1.95,1.91,2,1.95
E2,26/10/13,Brentford,Shrewsbury,1,0,H,1,0,H,K Stroud,18,7,7,4,13,10,3,6,1,2,0,0,1.73,3.9,5.25,1.65,3.5,4.75,1.7,3.4,3.9,1.66,3.75,5,1.62,4.09,5.92,1.7,3.6,5,1.67,3.75,5,1.7,4,5.5,35,1.73,1.65,4.09,3.69,5.92,4.9,34,1.92,1.84,2.03,1.93,16,-0.75,1.86,1.83,2.12,2.03
E2,26/10/13,Carlisle,Bristol City,2,4,A,1,0,H,S Duncan,8,7,4,4,13,15,6,2,3,0,0,0,3,3.5,2.45,2.7,3.2,2.4,2.6,3.1,2.3,2.62,3.4,2.55,3.11,3.54,2.34,2.9,3.25,2.4,3,3.2,2.4,3,3.4,2.5,35,3.11,2.85,3.54,3.24,2.55,2.39,34,1.92,1.85,2.01,1.92,15,0,2.28,2.16,1.75,1.71
E2,26/10/13,Colchester,Peterboro,1,0,H,0,0,D,S Attwell,11,12,7,5,14,9,8,7,3,4,0,1,5,3.9,1.75,4.33,3.6,1.7,3.9,3.4,1.7,4.5,3.5,1.8,4.85,3.92,1.76,4.5,3.5,1.8,4.5,3.75,1.73,4.75,3.9,1.8,35,5,4.49,3.92,3.62,1.8,1.73,29,1.75,1.68,2.23,2.12,16,0.75,1.99,1.93,2,1.92
E2,26/10/13,Leyton Orient,Rotherham,1,0,H,1,0,H,D Sheldrake,12,7,10,1,6,18,6,4,1,2,0,0,2,3.7,3.9,1.8,3.5,3.8,1.85,3.2,3.5,1.9,3.4,4,1.99,3.73,3.85,1.95,3.3,4,1.91,3.4,4,2,3.75,3.9,35,1.99,1.9,3.75,3.4,4.1,3.89,34,1.88,1.78,2.09,2,15,-0.5,1.99,1.93,1.97,1.93
E2,26/10/13,Notts County,Preston,0,1,A,0,0,D,S Mathieson,6,14,4,7,18,14,5,7,3,2,0,0,3.4,3.5,2.25,3.1,3.3,2.1,2.8,3.1,2.2,3.1,3.4,2.25,3.4,3.54,2.21,3.4,3.1,2.25,3.25,3.3,2.2,3.4,3.5,2.25,35,3.4,3.2,3.54,3.27,2.25,2.18,34,1.98,1.88,2,1.9,15,0.25,2.01,1.97,1.92,1.89
E2,26/10/13,Oldham,Swindon,2,1,H,1,0,H,J Simpson,11,3,5,2,15,13,3,3,1,2,0,0,2.88,3.5,2.55,2.75,3.2,2.35,2.6,3.1,2.3,2.75,3.3,2.5,2.89,3.49,2.51,2.8,3.2,2.5,2.88,3.3,2.4,2.9,3.5,2.55,35,3,2.8,3.5,3.26,2.55,2.42,34,2,1.89,1.96,1.88,15,0,2.17,2.11,1.79,1.75
E2,26/10/13,Port Vale,Gillingham,2,1,H,0,1,A,D Bond,13,9,8,2,7,11,6,9,0,0,0,0,2.1,3.6,3.7,1.95,3.3,3.5,1.9,3.2,3.4,2,3.4,3.75,2,3.7,3.85,2.05,3.5,3.4,2,3.4,3.5,2.1,3.6,3.7,35,2.1,1.98,3.7,3.39,3.85,3.57,34,1.9,1.83,2.05,1.95,13,-0.5,2.03,2,1.92,1.85
E2,26/10/13,Sheffield United,Crewe,3,1,H,2,0,H,B Malone,10,7,8,3,18,12,3,3,0,1,0,0,1.73,3.75,5.5,1.62,3.5,5,1.6,3.5,4.5,1.7,3.6,5,1.72,3.9,5.2,1.73,3.5,5,1.67,3.6,5.25,1.7,3.9,5.5,35,1.73,1.65,3.9,3.62,5.65,5.1,34,1.95,1.88,2,1.9,16,-0.75,1.92,1.89,2.02,1.97
E2,26/10/13,Stevenage,Crawley Town,2,0,H,1,0,H,R Clark,5,12,3,3,13,11,5,13,2,2,0,0,3.3,3.5,2.3,2.9,3.2,2.25,2.8,3.1,2.2,3,3.4,2.3,3.25,3.45,2.31,3.2,3.2,2.3,3.13,3.25,2.25,3.3,3.3,2.38,35,3.3,3.06,3.5,3.24,2.38,2.26,34,2.11,2.01,1.84,1.77,16,0.25,1.93,1.88,2.07,1.98
E2,26/10/13,Tranmere,Milton Keynes Dons,3,2,H,1,1,D,S Rushton,9,13,3,5,4,11,5,5,1,1,0,0,4.2,3.75,1.91,4,3.4,1.8,3.4,3.2,1.9,4,3.4,1.9,4.35,3.73,1.88,4,3.5,1.91,4.33,3.5,1.83,4.33,3.75,1.9,35,4.35,4.07,3.75,3.43,1.91,1.85,26,1.9,1.74,2.06,1.97,15,0.5,2.08,2.02,1.89,1.85
E2,26/10/13,Walsall,Coventry,0,1,A,0,0,D,G Ward,5,7,2,4,7,13,4,10,1,1,0,0,2.7,3.4,2.75,2.6,3.25,2.45,2.5,3.1,2.4,2.7,3.4,2.5,2.63,3.41,2.8,2.7,3.1,2.7,2.6,3.25,2.63,2.7,3.4,2.75,35,2.75,2.61,3.41,3.22,2.8,2.59,34,1.92,1.85,2,1.92,15,0,1.95,1.89,2.02,1.95
E2,29/10/13,Notts County,Oldham,3,2,H,1,1,D,S Meredith,14,9,6,2,15,15,7,6,1,1,0,0,3,3.4,2.5,2.75,3.2,2.35,2.45,3.1,2.45,2.6,3.4,2.6,2.81,3.45,2.61,2.7,3.2,2.45,2.88,3.2,2.4,3,3.4,2.5,39,3,2.74,3.45,3.23,2.63,2.51,37,2.02,1.92,1.94,1.85,20,0,2.07,2,1.9,1.82
E2,02/11/13,Bristol City,Oldham,1,1,D,1,0,H,A Madley,5,10,3,2,13,11,2,8,1,2,0,0,2.2,3.5,3.5,2.15,3.2,3.1,2.1,3.1,3,2.05,3.4,3.5,2.22,3.54,3.38,2.2,3.3,3.3,2.2,3.2,3.4,2.2,3.5,3.5,34,2.23,2.13,3.61,3.26,3.5,3.3,32,2.03,1.92,1.94,1.86,16,-0.25,1.91,1.87,2.05,1.99
E2,02/11/13,Coventry,Notts County,3,0,H,0,0,D,L Collins,15,2,11,0,13,12,6,2,2,2,0,1,1.62,4.2,6,1.57,3.7,5.25,1.55,3.5,4.8,1.57,3.8,6,1.58,4.28,6.14,1.62,3.6,6,1.57,3.8,5.8,1.62,4.3,5.75,34,1.62,1.57,4.28,3.77,6.14,5.72,32,1.85,1.76,2.14,2.03,17,-1,2.06,2,1.9,1.85
E2,02/11/13,Crawley Town,Brentford,0,1,A,0,1,A,G Scott,8,6,2,1,10,13,4,5,0,3,0,0,2.9,3.4,2.6,2.65,3.2,2.45,2.5,3.1,2.4,2.75,3.3,2.5,2.92,3.42,2.56,2.8,3.1,2.62,2.8,3.2,2.5,2.9,3.4,2.6,34,3,2.77,3.42,3.19,2.65,2.48,31,2.05,1.97,1.91,1.81,16,0,2.09,2.03,1.87,1.81
E2,02/11/13,Crewe,Bradford,0,0,D,0,0,D,J Simpson,9,15,4,5,7,10,8,7,0,2,0,0,3.4,3.5,2.25,3.1,3.2,2.15,2.8,3.1,2.2,3.1,3.4,2.25,3.46,3.5,2.2,3.3,3.2,2.25,3.4,3.2,2.1,3.4,3.5,2.25,34,3.46,3.29,3.5,3.25,2.25,2.14,32,1.95,1.87,1.97,1.9,16,0.25,2.05,1.98,1.95,1.87
E2,02/11/13,Gillingham,Carlisle,1,0,H,0,0,D,C Breakspear,3,6,1,2,13,12,0,9,1,3,1,1,2.25,3.4,3.5,2,3.25,3.4,2,3.2,3.1,2.1,3.4,3.4,2.26,3.45,3.35,2.25,3.2,3.3,2.1,3.3,3.5,2.2,3.4,3.5,34,2.26,2.11,3.45,3.27,3.5,3.35,32,1.95,1.87,2,1.9,16,-0.25,1.92,1.86,2.04,2
E2,02/11/13,Milton Keynes Dons,Walsall,1,0,H,0,0,D,D Whitestone,5,9,1,1,9,8,3,5,1,0,0,0,2.1,3.6,3.75,1.87,3.3,3.8,1.9,3.2,3.4,2,3.4,3.75,2.07,3.6,3.73,2.05,3.3,3.6,2,3.3,3.6,2.05,3.6,3.9,34,2.1,1.99,3.6,3.33,3.9,3.62,32,1.95,1.88,2,1.89,16,-0.5,2.07,2.01,1.9,1.84
E2,02/11/13,Peterboro,Leyton Orient,1,3,A,1,1,D,M Heywood,6,13,3,9,16,9,6,9,2,2,0,0,2.1,3.6,3.7,1.95,3.3,3.5,1.8,3.3,3.6,2.1,3.4,3.4,2.17,3.66,3.4,2.1,3.3,3.5,2,3.5,3.5,2.15,3.5,3.6,34,2.17,2.02,3.66,3.4,3.75,3.48,32,1.87,1.8,2.1,1.98,13,-0.25,1.88,1.79,2.12,2.05
E2,02/11/13,Preston,Tranmere,1,1,D,0,0,D,G Eltringham,13,6,7,3,16,9,4,3,3,2,0,0,1.65,4,6,1.5,3.75,6,1.55,3.5,4.8,1.57,3.8,6,1.63,3.98,6.04,1.67,3.5,5.5,1.62,3.75,5.5,1.67,4,5.75,34,1.67,1.6,4,3.68,6.04,5.53,32,2.03,1.91,1.95,1.87,16,-0.75,1.87,1.83,2.15,2.03
E2,02/11/13,Rotherham,Colchester,2,2,D,2,1,H,S Stockbridge,14,8,7,3,14,8,5,4,2,3,0,0,1.73,4,5,1.67,3.4,4.75,1.65,3.4,4.2,1.75,3.5,4.75,1.66,4.01,5.58,1.75,3.4,5,1.67,3.6,5.25,1.75,3.8,5.2,34,1.75,1.68,4.01,3.57,5.6,5.03,32,1.95,1.87,1.99,1.91,13,-0.5,1.79,1.67,2.36,2.22
E2,02/11/13,Shrewsbury,Sheffield United,2,0,H,1,0,H,S Attwell,4,10,2,2,10,9,1,6,0,1,0,1,2.9,3.5,2.55,2.55,3.2,2.55,2.5,3.1,2.4,2.75,3.3,2.5,2.84,3.34,2.65,2.8,3.1,2.62,2.75,3.13,2.6,2.9,3.3,2.62,34,2.9,2.73,3.5,3.16,2.65,2.53,25,2.3,2.16,1.7,1.65,16,0,2.08,2,1.88,1.83
E2,02/11/13,Swindon,Port Vale,5,2,H,1,0,H,A Woolmer,12,6,11,2,5,16,4,0,1,3,0,0,1.75,3.8,5.25,1.7,3.4,4.5,1.65,3.4,4.2,1.8,3.5,4.5,1.83,3.78,4.7,1.8,3.3,4.8,1.73,3.6,4.8,1.75,3.8,5,34,1.83,1.73,3.8,3.52,5.25,4.64,32,1.89,1.82,2.04,1.96,13,-0.5,1.83,1.74,2.19,2.09
E2,02/11/13,Wolves,Stevenage,2,0,H,1,0,H,K Wright,10,11,3,5,11,14,5,6,2,1,0,0,1.5,4.5,7.5,1.45,3.8,6.75,1.45,3.8,5.4,1.44,4,8,1.5,4.39,7.43,1.5,4,7,1.44,4,7,1.5,4.5,8,34,1.5,1.47,4.5,3.96,8,7.01,32,1.96,1.88,1.96,1.89,17,-1,1.88,1.81,2.09,2.04
E2,05/11/13,Bristol City,Crawley Town,2,0,H,0,0,D,B Malone,11,5,6,2,9,11,3,3,2,0,0,0,2.4,3.5,3.1,2.25,3.2,2.9,2.2,3.1,2.8,2.3,3.4,3,2.39,3.48,3.13,2.3,3.3,3.1,2.3,3.2,3,2.45,3.5,3.1,36,2.45,2.3,3.5,3.27,3.13,3,34,1.95,1.87,1.98,1.9,19,0,1.73,1.69,2.25,2.16
E2,05/11/13,Carlisle,Wolves,2,2,D,1,2,A,S Mathieson,9,11,4,6,8,16,6,6,0,1,0,0,5.75,4,1.67,5,3.75,1.57,4.2,3.4,1.65,5,3.75,1.67,5.46,4,1.69,5,4,1.65,5.25,3.75,1.62,5.5,4.1,1.67,36,5.75,5.2,4.1,3.72,1.69,1.64,34,1.95,1.83,2.03,1.94,17,1,1.76,1.71,2.25,2.14
E2,16/11/13,Brentford,Crewe,5,0,H,1,0,H,M Bull,16,3,9,1,17,9,1,4,1,3,0,0,1.45,4.5,8.5,1.4,3.9,7.5,1.45,3.8,5.4,1.5,4,6.5,1.45,4.59,8.3,1.44,4.33,7.5,1.4,4,8,1.44,4.5,7.5,34,1.5,1.43,4.59,4.13,8.5,7.48,32,1.85,1.78,2.1,2,14,-1,1.82,1.7,2.28,2.16
E2,16/11/13,Carlisle,Crawley Town,1,1,D,0,0,D,T Harrington,6,2,2,1,5,10,5,4,0,1,0,0,3.1,3.4,2.45,2.8,3.25,2.3,2.6,3.1,2.3,2.87,3.3,2.4,3.12,3.41,2.41,3,3.2,2.4,3,3.2,2.3,3,3.4,2.45,34,3.12,2.93,3.41,3.21,2.45,2.34,32,2,1.89,1.99,1.88,14,0,2.23,2.15,1.75,1.7
E2,16/11/13,Colchester,Swindon,1,2,A,0,1,A,G Horwood,10,10,4,4,6,11,5,6,1,2,0,0,3.75,3.5,2.1,3.4,3.25,2,3.1,3.2,2,3.4,3.4,2.1,3.7,3.51,2.11,3.6,3.25,2.1,3.6,3.3,2.05,3.8,3.5,2.1,34,3.75,3.5,3.5,3.27,2.17,2.05,32,1.99,1.9,1.95,1.88,16,0.25,2.08,2.04,1.88,1.83
E2,16/11/13,Leyton Orient,Preston,0,1,A,0,1,A,K Hill,4,11,1,4,14,17,5,7,2,3,0,0,2.05,3.6,3.9,1.91,3.3,3.6,2,3.2,3.1,2,3.4,3.6,2.05,3.58,3.8,2.05,3.4,3.6,2,3.4,3.6,2.05,3.6,3.9,34,2.1,2,3.6,3.36,3.9,3.57,32,2.03,1.93,1.91,1.85,16,-0.5,2.06,2.02,1.88,1.84
E2,16/11/13,Notts County,Wolves,0,1,A,0,0,D,D Webb,6,10,1,7,9,13,9,5,3,2,0,0,5,3.9,1.75,5,3.5,1.62,3.9,3.4,1.7,4.2,3.5,1.8,5.08,3.89,1.74,4.8,3.6,1.75,4.8,3.6,1.73,4.8,3.9,1.8,34,5.08,4.71,3.9,3.58,1.8,1.71,32,1.9,1.84,2.03,1.94,15,0.75,1.96,1.91,2,1.96
E2,16/11/13,Port Vale,Shrewsbury,3,1,H,2,0,H,C Boyeson,10,10,5,5,8,6,11,3,2,1,0,0,2.25,3.5,3.4,2.05,3.2,3.3,2.2,3.1,2.8,2.15,3.4,3.25,2.13,3.55,3.58,2.2,3.3,3.3,2.2,3.4,3.2,2.25,3.5,3.4,34,2.25,2.15,3.55,3.33,3.58,3.21,32,1.98,1.91,1.97,1.87,16,-0.5,2.22,2.16,1.79,1.73
E2,16/11/13,Sheffield United,Gillingham,1,2,A,1,1,D,G Eltringham,11,3,5,3,8,12,10,1,2,2,0,0,1.75,3.75,5.25,1.75,3.5,4.2,1.8,3.3,3.6,1.8,3.5,4.5,1.72,3.86,5.23,1.75,3.75,4.5,1.73,3.5,4.8,1.75,3.8,5.25,34,1.8,1.73,3.86,3.53,5.25,4.64,32,1.96,1.87,1.98,1.91,16,-0.5,1.79,1.74,2.24,2.16
E2,16/11/13,Stevenage,Rotherham,0,3,A,0,1,A,J Linington,7,9,4,8,13,12,6,6,1,1,0,0,2.9,3.4,2.6,2.75,3.1,2.4,2.5,3.1,2.4,2.7,3.4,2.5,2.91,3.39,2.55,2.75,3.2,2.62,2.8,3.2,2.5,2.88,3.4,2.6,34,2.91,2.77,3.4,3.18,2.6,2.48,32,2,1.93,1.92,1.84,16,0,2.09,2.02,1.87,1.82
E2,16/11/13,Tranmere,Bristol City,1,1,D,1,1,D,K Wright,11,6,5,5,5,13,8,3,1,2,0,0,3.2,3.4,2.38,3.1,3.2,2.15,2.8,3.1,2.2,3,3.4,2.3,3.25,3.46,2.31,3.2,3.2,2.3,3.2,3.25,2.2,3.25,3.4,2.38,34,3.25,3.09,3.46,3.26,2.38,2.23,32,2.06,1.92,1.95,1.86,15,0.25,1.95,1.9,2.01,1.96
E2,17/11/13,Bradford,Coventry,3,3,D,2,3,A,K Friend,16,15,7,9,11,20,7,9,1,3,0,0,2.7,3.4,2.5,2.6,3.2,2.5,2.5,3,2.5,2.75,3.3,2.5,2.85,3.43,2.58,2.88,3.2,2.5,2.75,3.4,2.5,2.88,3.4,2.6,34,2.88,2.75,3.43,3.19,2.6,2.49,32,2,1.91,1.92,1.86,16,0,2.09,2.01,1.87,1.83
E2,18/11/13,Walsall,Peterboro,2,0,H,1,0,H,D Coote,18,3,11,3,9,16,4,4,0,2,0,1,2.9,3.4,2.6,2.8,3.2,2.3,2.6,3.1,2.3,3,3.4,2.3,2.83,3.41,2.61,2.88,3.2,2.5,3,3.4,2.3,2.9,3.4,2.55,34,3.1,2.87,3.41,3.2,2.61,2.4,32,2.01,1.88,1.97,1.89,16,0.25,1.79,1.75,2.24,2.14
E2,23/11/13,Bristol City,Sheffield United,0,1,A,0,0,D,K Stroud,5,5,2,2,14,13,5,0,0,2,0,0,2.45,3.4,3.1,2.35,3.2,2.75,2.3,3.1,2.6,2.3,3.3,3,2.46,3.4,3.04,2.5,3.2,2.8,2.4,3.25,2.88,2.45,3.4,3.1,35,2.5,2.38,3.4,3.22,3.1,2.9,33,2.01,1.91,1.95,1.88,15,0,1.76,1.72,2.22,2.14
E2,23/11/13,Coventry,Tranmere,1,5,A,0,3,A,D Deadman,9,7,4,5,7,7,7,5,1,1,0,1,1.57,4.33,6.5,1.55,3.6,5.5,1.5,3.7,5,1.53,4,6,1.54,4.31,6.7,1.62,3.6,6,1.53,3.8,6.25,1.57,4.3,6.5,35,1.62,1.53,4.33,3.89,6.7,6.02,33,1.88,1.8,2.06,1.98,14,-1,1.96,1.92,1.96,1.9
E2,23/11/13,Crawley Town,Walsall,0,0,D,0,0,D,T Robinson,8,8,2,3,9,10,2,4,1,2,0,0,2.7,3.4,2.8,2.3,3.2,2.8,2.3,3.1,2.6,2.5,3.3,2.75,2.69,3.36,2.77,2.7,3.1,2.7,2.5,3.2,2.75,2.7,3.4,2.8,35,2.75,2.56,3.4,3.19,2.81,2.7,33,2.25,2.12,1.77,1.7,14,0,1.94,1.86,1.99,1.95
E2,23/11/13,Crewe,Port Vale,1,2,A,1,1,D,G Salisbury,9,8,3,5,11,11,5,8,1,0,0,0,3.2,3.5,2.35,3,3.3,2.15,2.8,3.1,2.2,3,3.4,2.3,3.21,3.46,2.33,3.2,3.2,2.3,3,3.25,2.3,3.12,3.5,2.38,35,3.3,3.05,3.6,3.3,2.38,2.25,33,1.92,1.84,2.08,1.95,17,0.25,1.96,1.87,2.04,1.98
E2,23/11/13,Gillingham,Oldham,0,1,A,0,0,D,G Scott,4,11,1,6,15,7,2,9,3,3,0,1,2.75,3.4,2.75,2.5,3.2,2.6,2.3,3.1,2.6,2.5,3.3,2.75,2.75,3.42,2.67,2.7,3.1,2.7,2.63,3.2,2.6,2.7,3.4,2.75,35,2.85,2.62,3.42,3.21,2.75,2.62,33,1.98,1.9,1.94,1.88,14,0,2.08,1.93,1.98,1.88
E2,23/11/13,Milton Keynes Dons,Bradford,2,3,A,1,2,A,G Ward,19,9,8,4,12,21,7,6,2,2,0,0,2.15,3.5,3.6,2,3.3,3.4,2,3.2,3.1,2.1,3.4,3.4,2.16,3.56,3.51,2.1,3.2,3.6,2.1,3.3,3.5,2.2,3.5,3.5,35,2.2,2.08,3.56,3.3,3.75,3.41,33,1.98,1.89,1.96,1.88,17,-0.25,1.93,1.87,2.06,1.99
E2,23/11/13,Peterboro,Stevenage,0,1,A,0,1,A,M Jones,8,6,2,3,17,16,3,4,2,5,0,1,1.65,4.2,5.5,1.57,3.75,5,1.55,3.5,4.8,1.57,4,5.5,1.7,4.05,5.13,1.67,3.5,5.5,1.62,3.75,5.5,1.67,4.1,5.5,35,1.67,1.62,4.35,3.77,5.5,5.27,33,1.9,1.82,2.09,1.97,15,-0.75,1.87,1.82,2.1,2.04
E2,23/11/13,Preston,Colchester,1,1,D,1,0,H,S Duncan,18,4,7,1,7,15,14,1,0,0,0,0,1.65,4,6,1.6,3.75,4.75,1.6,3.5,4.5,1.66,3.75,5,1.69,4.07,5.17,1.67,3.5,5.5,1.62,3.6,5.5,1.62,4,5.5,35,1.67,1.61,4.15,3.69,6,5.4,33,1.96,1.87,1.99,1.91,17,-0.75,1.84,1.81,2.11,2.06
E2,23/11/13,Rotherham,Carlisle,0,0,D,0,0,D,M Brown,16,6,6,2,12,15,6,6,0,0,0,1,1.73,3.8,5.5,1.62,3.8,4.5,1.65,3.4,4.2,1.72,3.75,4.5,1.72,3.88,5.17,1.75,3.4,5,1.73,3.6,4.8,1.75,3.8,5.2,35,1.73,1.66,4.02,3.63,5.76,5.07,33,1.92,1.86,2,1.93,17,-0.75,1.96,1.85,2.1,2
E2,23/11/13,Shrewsbury,Notts County,1,0,H,0,0,D,D Bond,13,14,7,6,9,13,6,9,0,1,0,0,2.15,3.5,3.6,2,3.25,3.4,2,3.2,3.1,2,3.3,3.75,2.09,3.54,3.72,2.15,3.2,3.5,2.1,3.3,3.5,2.1,3.5,3.8,35,2.15,2.07,3.54,3.3,3.72,3.45,33,2.05,1.96,1.88,1.82,17,-0.25,1.83,1.79,2.15,2.09
E2,23/11/13,Swindon,Leyton Orient,1,3,A,1,2,A,C Sarginson,9,11,3,6,16,13,5,6,2,2,1,0,2.38,3.5,3.1,2.15,3.3,3,2.2,3.1,2.8,2.37,3.3,3,2.43,3.42,3.06,2.4,3.1,3.1,2.25,3.3,3,2.4,3.5,3.1,35,2.43,2.32,3.51,3.27,3.12,2.96,33,1.95,1.86,2,1.92,17,-0.25,2.1,2.03,1.86,1.83
E2,23/11/13,Wolves,Brentford,0,0,D,0,0,D,M Naylor,10,11,3,7,12,11,6,4,0,2,0,0,2.25,3.6,3.25,2.05,3.3,3.2,2.1,3.1,3,2.05,3.4,3.5,2.28,3.64,3.15,2.2,3.3,3.3,2.2,3.3,3.2,2.3,3.6,3.2,35,2.3,2.17,3.65,3.35,3.5,3.18,33,1.92,1.83,2.04,1.96,17,-0.5,2.28,2.21,1.74,1.7
E2,26/11/13,Bradford,Notts County,1,1,D,0,1,A,T Kettle,11,9,7,5,14,14,5,2,0,4,0,1,1.83,3.75,4.75,1.7,3.4,4.6,1.6,3.5,4.5,1.73,3.75,4.5,1.85,3.79,4.45,1.8,3.5,4.5,1.8,3.6,4.33,1.87,3.75,4.5,37,1.87,1.77,3.79,3.59,5,4.4,35,1.85,1.79,2.11,2,18,-0.75,2.11,2.06,1.84,1.8
E2,26/11/13,Brentford,Peterboro,3,2,H,1,0,H,F Graham ,12,8,9,4,13,9,6,4,0,2,0,0,2.05,3.6,3.8,2,3.25,3.4,2,3.2,3.1,2,3.4,3.6,2.03,3.59,3.88,2,3.4,3.75,2,3.4,3.75,2.05,3.6,3.9,37,2.1,2.01,3.61,3.4,3.9,3.57,35,1.93,1.87,2.02,1.91,19,-0.5,2.1,1.99,1.91,1.86
E2,26/11/13,Bristol City,Leyton Orient,2,2,D,0,1,A,A Davies,14,6,5,5,14,14,9,4,2,2,0,0,3.1,3.5,2.4,2.9,3.1,2.3,2.6,3.1,2.3,3,3.4,2.3,3.13,3.51,2.35,3.1,3.3,2.3,3,3.3,2.3,3.1,3.5,2.4,37,3.13,2.99,3.51,3.29,2.4,2.3,35,1.97,1.87,1.99,1.91,18,0,2.25,2.15,1.75,1.69
E2,26/11/13,Carlisle,Crewe,2,1,H,2,0,H,A Haines,12,9,5,6,11,11,4,11,1,1,0,0,2.15,3.6,3.5,2,3.3,3.4,1.9,3.2,3.4,1.95,3.5,3.75,2.1,3.55,3.65,2.15,3.25,3.5,2.1,3.3,3.4,2.15,3.6,3.6,37,2.15,2.07,3.6,3.33,3.75,3.46,35,1.96,1.86,1.99,1.92,18,-0.5,2.16,2.09,1.82,1.77
E2,26/11/13,Colchester,Milton Keynes Dons,3,1,H,2,0,H,T Robinson,16,9,6,4,9,6,5,10,1,0,0,0,3.8,3.6,2.05,3.4,3.25,2,3.1,3.2,2,3.4,3.4,2.1,3.89,3.6,2,3.8,3.3,2,3.75,3.4,1.95,3.9,3.6,2.05,37,3.9,3.63,3.61,3.37,2.1,1.99,35,1.92,1.84,2.05,1.94,18,0.25,2.2,2.14,1.82,1.73
E2,26/11/13,Coventry,Rotherham,0,3,A,0,0,D,J Moss,5,5,2,3,10,9,2,2,2,0,0,0,2.1,3.6,3.75,1.91,3.3,3.6,1.9,3.2,3.4,2,3.4,3.75,2.09,3.65,3.6,2.05,3.4,3.6,2.05,3.4,3.5,2.1,3.6,3.6,36,2.11,2.03,3.65,3.41,3.75,3.47,34,1.83,1.76,2.11,2.03,18,-0.5,2.12,2.06,1.84,1.79
E2,26/11/13,Crawley Town,Swindon,0,0,D,0,0,D,A D'Urso,11,3,7,0,10,11,2,8,1,1,0,1,2.7,3.4,2.8,2.6,3.1,2.55,2.45,3.1,2.45,2.62,3.3,2.62,2.66,3.39,2.78,2.7,3.1,2.7,2.6,3.2,2.75,2.7,3.4,2.75,37,2.7,2.57,3.44,3.23,2.8,2.66,35,1.98,1.88,2,1.9,20,0,1.92,1.87,2.01,1.96
E2,26/11/13,Gillingham,Stevenage,3,2,H,0,1,A,B Malone,10,6,6,3,6,12,8,3,0,1,0,0,2.7,3.3,2.88,2.35,3.2,2.75,2.2,3.1,2.8,2.4,3.4,2.8,2.58,3.39,2.89,2.5,3.2,2.8,2.5,3.2,2.8,2.63,3.4,2.88,37,2.7,2.5,3.4,3.21,2.89,2.76,35,2.05,1.96,1.89,1.82,18,-0.25,2.28,2.19,1.74,1.7
E2,26/11/13,Port Vale,Preston,0,2,A,0,1,A,A Madley,4,7,2,5,19,9,13,4,5,3,0,1,3.1,3.5,2.4,2.65,3.2,2.45,2.5,3.1,2.4,2.75,3.4,2.5,3.14,3.39,2.39,2.8,3.2,2.5,2.88,3.25,2.4,3.1,3.5,2.4,37,3.14,2.9,3.5,3.26,2.5,2.37,35,1.94,1.85,2,1.93,20,0,2.26,2.14,1.75,1.71
E2,26/11/13,Sheffield United,Walsall,1,1,D,1,0,H,C Sarginson,5,5,1,3,11,6,5,2,0,0,0,0,2.7,3.4,2.8,2.35,3.2,2.75,2.4,3.1,2.5,2.38,3.3,2.9,2.65,3.34,2.84,2.5,3.2,2.8,2.5,3.2,2.8,2.7,3.4,2.8,37,2.7,2.53,3.4,3.2,2.95,2.73,32,2.2,2.11,1.76,1.69,18,-0.25,2.36,2.25,1.71,1.66
E2,26/11/13,Shrewsbury,Oldham,1,2,A,1,1,D,J Adcock,12,7,8,3,8,12,4,3,2,0,0,0,2.8,3.5,2.63,2.5,3.2,2.55,2.45,3.1,2.45,2.62,3.3,2.62,2.77,3.39,2.66,2.7,3.2,2.6,2.75,3.2,2.6,2.88,3.4,2.63,37,2.88,2.69,3.5,3.22,2.66,2.55,33,2.18,2.06,1.8,1.73,20,0,2.04,1.96,1.92,1.86
E2,26/11/13,Wolves,Tranmere,2,0,H,2,0,H,G Scott,20,4,8,1,5,8,7,2,0,2,0,0,1.5,4.33,8,1.5,3.75,6,1.5,3.7,5,1.5,4,6.5,1.48,4.5,7.63,1.53,3.75,7,1.44,4,7,1.53,4.2,7.5,37,1.53,1.47,4.49,4,8.25,6.96,35,1.97,1.88,1.98,1.89,20,-1,1.79,1.77,2.17,2.08
E2,30/11/13,Crewe,Crawley Town,1,0,H,0,0,D,J Adcock,7,9,4,4,5,13,4,5,0,2,1,0,3.2,3.6,2.3,2.95,3.25,2.2,2.8,3.1,2.2,3.1,3.2,2.3,3.37,3.5,2.23,3.2,3.2,2.3,3.2,3.3,2.2,3.2,3.4,2.38,35,3.37,3.09,3.6,3.28,2.38,2.22,32,2,1.92,1.98,1.85,17,0.25,1.98,1.91,1.98,1.94
E2,30/11/13,Leyton Orient,Sheffield United,1,1,D,0,0,D,D Deadman,14,5,7,3,13,14,5,4,2,3,0,0,1.91,3.7,4.33,1.8,3.4,4,1.75,3.4,3.7,1.83,3.5,4.33,1.92,3.67,4.24,1.95,3.3,4,1.83,3.5,4,1.95,3.6,4.3,35,1.95,1.85,3.7,3.47,4.33,4.02,33,2.02,1.95,1.9,1.83,17,-0.75,2.23,2.14,1.78,1.74
E2,30/11/13,Milton Keynes Dons,Coventry,1,3,A,1,0,H,J Simpson,9,9,3,6,16,21,3,7,2,2,0,0,2.3,3.5,3.25,2.1,3.2,3.2,2,3.2,3.1,2.25,3.4,3.1,2.31,3.56,3.17,2.3,3.2,3.2,2.2,3.4,3.2,2.3,3.5,3.2,35,2.3,2.2,3.57,3.33,3.3,3.11,24,1.75,1.68,2.2,2.09,17,-0.25,1.98,1.93,1.97,1.92
E2,30/11/13,Notts County,Brentford,0,1,A,0,1,A,N Miller,11,13,7,4,9,9,9,3,2,2,0,0,4.5,3.6,1.91,4,3.4,1.8,3.6,3.3,1.8,3.8,3.5,1.95,4.4,3.64,1.89,4,3.3,1.95,4,3.5,1.83,4.3,3.6,1.95,35,4.5,3.96,3.64,3.44,1.95,1.87,33,2.01,1.93,1.97,1.85,17,0.5,2.03,1.97,1.96,1.88
E2,30/11/13,Peterboro,Wolves,1,0,H,0,0,D,R Madley,6,13,1,5,13,12,1,3,1,2,0,0,2.8,3.5,2.63,2.5,3.2,2.6,2.45,3.1,2.45,2.6,3.3,2.62,2.74,3.39,2.71,2.7,3.1,2.7,2.6,3.3,2.63,2.7,3.5,2.7,35,2.8,2.63,3.5,3.24,2.7,2.58,33,2.03,1.95,1.93,1.83,17,0,2.03,1.93,1.97,1.9
E2,30/11/13,Preston,Bristol City,1,0,H,1,0,H,R Clark,10,9,7,2,15,7,9,3,2,0,1,1,1.85,3.75,4.5,1.8,3.4,4,1.65,3.4,4.2,1.8,3.5,4.5,1.89,3.65,4.4,1.91,3.3,4.2,1.83,3.5,4,1.91,3.75,4.3,35,1.91,1.82,3.75,3.46,4.5,4.16,33,1.95,1.85,2.03,1.92,14,-0.5,1.9,1.86,2.04,1.99
E2,30/11/13,Rotherham,Gillingham,4,1,H,3,0,H,A Woolmer,17,7,6,2,9,6,12,6,0,0,0,0,1.65,4,6,1.6,3.6,5,1.65,3.4,4.2,1.66,3.75,5,1.65,3.91,5.91,1.67,3.5,5.5,1.62,3.75,5.5,1.67,4,5.75,35,1.67,1.62,4,3.67,6,5.34,24,1.88,1.77,2.05,1.96,17,-0.75,1.87,1.79,2.14,2.08
E2,30/11/13,Stevenage,Shrewsbury,1,3,A,1,2,A,C Berry,10,11,5,7,9,4,15,3,0,0,0,0,2.2,3.5,3.5,2.1,3.2,3.25,2,3.2,3.1,2.2,3.4,3.2,2.23,3.43,3.45,2.25,3.1,3.4,2.05,3.4,3.5,2.25,3.4,3.5,35,2.25,2.13,3.5,3.28,3.5,3.3,33,2.15,2.03,1.87,1.76,17,-0.25,1.92,1.86,2.05,1.99
E2,30/11/13,Swindon,Carlisle,3,1,H,1,0,H,S Bratt,9,5,5,2,13,13,5,1,0,2,0,0,1.73,3.8,5.5,1.65,3.5,4.75,1.6,3.5,4.5,1.66,3.5,5.5,1.73,3.9,5.1,1.73,3.5,5,1.67,3.75,5.25,1.73,3.9,5.25,35,1.73,1.67,3.9,3.6,5.5,4.99,24,1.88,1.77,2.02,1.95,17,-0.75,1.96,1.92,1.98,1.94
E2,30/11/13,Tranmere,Colchester,2,1,H,1,0,H,D Whitestone,13,18,8,7,9,9,11,6,0,1,0,0,2.2,3.5,3.5,2.15,3.2,3.1,2.2,3.1,2.8,2.2,3.4,3.2,2.24,3.47,3.39,2.3,3.2,3.2,2.2,3.4,3.2,2.3,3.5,3.3,35,2.3,2.18,3.5,3.29,3.5,3.16,33,2.02,1.93,1.92,1.85,17,-0.25,2.01,1.9,2.02,1.96
E2,30/11/13,Walsall,Port Vale,0,2,A,0,1,A,M Naylor,9,5,6,3,6,17,12,2,1,0,0,0,1.83,3.8,4.6,1.8,3.4,4,1.7,3.4,3.9,1.83,3.5,4.33,1.83,3.66,4.73,1.91,3.2,4.33,1.73,3.5,4.8,1.83,3.8,4.6,35,1.91,1.78,3.8,3.49,4.75,4.33,33,1.98,1.89,1.98,1.88,17,-0.5,1.84,1.79,2.16,2.08
E2,01/12/13,Oldham,Bradford,1,1,D,1,1,D,D Webb,8,5,3,1,14,13,8,6,1,3,0,0,2.25,3.4,3.5,2.2,3.2,3,2.1,3.1,3,2.2,3.4,3.2,2.19,3.48,3.5,2.25,3.2,3.3,2.2,3.3,3.25,2.25,3.4,3.4,35,2.25,2.16,3.48,3.27,3.5,3.21,33,2.02,1.92,1.95,1.86,17,-0.25,1.92,1.88,2.03,1.97
E2,07/12/13,Notts County,Gillingham,3,1,H,1,0,H,J Simpson,5,10,3,4,8,12,8,10,1,0,0,0,2.2,3.3,3.75,2.1,3.2,3.2,2.1,3.1,3,2.2,3.4,3.2,2.16,3.48,3.56,2.2,3.3,3.3,2.1,3.3,3.4,2.15,3.4,3.6,36,2.2,2.11,3.49,3.29,3.75,3.32,34,1.95,1.87,2.01,1.9,18,-0.25,1.9,1.83,2.09,2.01
