Div,Date,HomeTeam,AwayTeam,FTHG,FTAG,FTR,HTHG,HTAG,HTR,B365H,B365D,B365A,BWH,BWD,BWA,IWH,IWD,IWA,LBH,LBD,LBA,PSH,PSD,PSA,WHH,WHD,WHA,SJH,SJD,SJA,VCH,VCD,VCA,Bb1X2,BbMxH,BbAvH,BbMxD,BbAvD,BbMxA,BbAvA,BbOU,BbMx>2.5,BbAv>2.5,BbMx<2.5,BbAv<2.5,BbAH,BbAHh,BbMxAHH,BbAvAHH,BbMxAHA,BbAvAHA
B1,26/07/13,Club Brugge,Charleroi,2,0,H,0,0,D,1.33,5,9,1.35,4.6,7,1.3,4.4,8.5,1.3,5,8,1.36,5.11,10.1,1.3,5,9,1.33,5,8.5,1.33,5.25,10,37,1.36,1.31,5.4,4.98,10.1,8.78,32,1.7,1.61,2.34,2.25,21,-1.5,2.1,1.98,1.92,1.86
B1,27/07/13,Bergen,Cercle Brugge,1,1,D,1,0,H,1.83,3.6,4.2,1.9,3.6,3.4,1.9,3.3,3.5,1.83,3.4,3.75,1.93,3.76,4.08,1.91,3.3,3.8,1.9,3.5,3.8,1.87,3.6,4,35,1.97,1.88,3.76,3.48,4.2,3.82,32,1.91,1.81,2.1,1.96,15,-0.5,1.93,1.89,2.01,1.96
B1,27/07/13,Genk,Oostende,3,0,H,1,0,H,1.44,4.75,6,1.4,4.4,6.25,1.4,4,6.5,1.4,4.33,6.5,1.43,4.81,8.04,1.5,4.2,5.5,1.4,4.5,7,1.4,4.8,8,35,1.5,1.4,4.81,4.55,8.04,6.86,25,1.67,1.59,2.48,2.25,16,-1,1.73,1.67,2.33,2.22
B1,27/07/13,Kortrijk,Oud-Heverlee Leuven,1,0,H,0,0,D,1.91,3.6,3.8,1.8,3.4,4,1.9,3.2,3.6,1.83,3.4,3.8,1.94,3.63,4.14,1.91,3.3,3.8,1.9,3.4,4,1.93,3.6,4.1,35,1.95,1.89,3.63,3.38,4.3,3.87,32,1.92,1.84,2.02,1.93,15,-0.5,1.96,1.91,1.98,1.93
B1,27/07/13,Lierse,Waregem,1,2,A,1,2,A,3,3.4,2.3,3,3.4,2.1,3,3.1,2.2,3,3.25,2.2,3.13,3.4,2.4,3,3.1,2.15,3,3.3,2.25,3,3.3,2.38,35,3.2,3.02,3.6,3.25,2.4,2.25,32,2.1,2.01,1.87,1.77,14,0.25,1.86,1.81,2.09,2.04
B1,27/07/13,Waasland-Beveren,Gent,1,1,D,0,0,D,4.2,3.6,1.83,3.9,3.5,1.8,3.5,3.3,1.9,3.8,3.4,1.83,4.25,3.68,1.91,3.75,3.4,1.91,4,3.4,1.9,4.1,3.6,1.87,34,4.3,3.91,3.7,3.44,1.91,1.87,31,2.12,1.95,1.91,1.82,14,0.5,2.02,1.97,1.93,1.87
B1,28/07/13,Anderlecht,Lokeren,2,3,A,0,1,A,1.36,5,7.5,1.35,4.6,7,1.3,4.4,8.5,1.33,4.5,7.5,1.36,5.35,9.35,1.36,4.5,7.5,1.33,4.8,8,1.33,5.2,8.5,34,1.4,1.33,5.35,4.82,9.35,8,22,1.57,1.4,2.64,2.37,18,-1.5,2.18,2.02,1.88,1.82
B1,28/07/13,Mechelen,Standard,0,2,A,0,0,D,3.1,3.3,2.3,2.95,3.4,2.15,2.9,3.2,2.2,2.88,3.25,2.25,3.12,3.51,2.36,2.88,3.3,2.3,2.88,3.4,2.25,3,3.5,2.25,35,3.3,2.97,3.6,3.31,2.36,2.25,32,1.96,1.86,2.04,1.91,15,0.25,1.91,1.86,2.04,1.99
B1,02/08/13,Cercle Brugge,Anderlecht,0,4,A,0,2,A,4.5,3.75,1.73,4.6,3.6,1.65,4.5,3.5,1.65,4.8,3.5,1.67,4.77,3.95,1.76,4.8,3.6,1.7,4.5,3.6,1.73,4.4,3.9,1.75,37,5.02,4.65,3.95,3.64,1.77,1.71,32,1.77,1.69,2.34,2.14,16,0.75,1.94,1.88,2.02,1.97
B1,03/08/13,Charleroi,Waasland-Beveren,1,1,D,0,0,D,2.05,3.3,3.6,2.15,3.2,3.1,2,3.2,3.3,2.1,3.1,3.25,2.2,3.43,3.51,2.1,3.3,3.4,2.1,3.25,3.4,2.15,3.4,3.4,33,2.25,2.11,3.5,3.26,3.65,3.32,29,2.08,1.98,1.9,1.8,13,-0.25,1.91,1.85,2.04,2
B1,03/08/13,Lokeren,Bergen,2,1,H,0,1,A,1.7,3.4,5.5,1.7,3.5,4.4,1.75,3.3,4.2,1.73,3.4,4.6,1.72,3.95,5.1,1.7,3.5,5,1.73,3.4,5,1.73,3.9,4.75,33,1.8,1.71,3.95,3.52,5.5,4.73,29,1.8,1.73,2.28,2.06,13,-0.75,1.97,1.93,1.95,1.92
B1,03/08/13,Oud-Heverlee Leuven,Genk,1,4,A,0,1,A,4.75,3.5,1.75,4.25,3.8,1.85,4.3,3.4,1.7,4.25,3.6,1.73,4.25,3.85,1.87,4.33,3.5,1.8,4.33,3.5,1.8,4.2,3.8,1.8,33,4.8,4.28,3.85,3.52,1.87,1.78,22,1.67,1.6,2.42,2.24,13,0.5,2.09,2.04,1.87,1.81
B1,03/08/13,Waregem,Kortrijk,1,0,H,0,0,D,1.91,3.5,4,1.88,3.7,4.2,1.8,3.2,4,1.85,3.25,4,1.88,3.66,4.38,1.73,3.75,4.2,1.83,3.5,4,1.85,3.6,4.3,33,1.95,1.85,3.75,3.43,4.38,4.06,29,2.02,1.9,2,1.87,13,-0.5,1.89,1.85,2.04,2
B1,04/08/13,Gent,Mechelen,2,1,H,0,1,A,1.45,4.33,7,1.5,4,5.5,1.45,3.9,6,1.45,3.8,6.5,1.52,4.49,6.64,1.5,4,6.5,1.44,3.8,7,1.5,4.4,6.5,33,1.53,1.47,4.49,4.03,7.4,6.54,28,1.8,1.73,2.18,2.06,16,-1,1.92,1.85,2.06,1.99
B1,04/08/13,Oostende,Club Brugge,1,2,A,1,1,D,6.5,4.1,1.5,6,3.8,1.5,5.5,3.8,1.5,6.5,4,1.45,6.57,4.49,1.53,6.5,3.75,1.53,6.5,4,1.5,6,4.4,1.5,34,7.5,6.36,4.5,4.01,1.55,1.49,21,1.73,1.62,2.38,2.2,15,1,2.01,1.97,1.95,1.88
B1,04/08/13,Standard,Lierse,3,0,H,2,0,H,1.36,4.5,9,1.33,4.33,8.5,1.35,4.2,7.5,1.3,4.6,9,1.37,5.1,9.4,1.33,4.5,9,1.33,4.5,9,1.33,5,9.5,33,1.38,1.34,5.2,4.63,11,8.56,21,1.7,1.62,2.48,2.21,16,-1.5,2.08,2.02,1.89,1.81
B1,09/08/13,Kortrijk,Lokeren,3,3,D,0,0,D,2.6,3.3,2.63,2.55,3.2,2.55,2.4,3.1,2.7,2.45,3.2,2.65,2.7,3.46,2.73,2.5,3.25,2.62,2.6,3.25,2.6,2.62,3.4,2.7,33,2.7,2.57,3.5,3.26,2.85,2.63,30,2.03,1.96,1.97,1.84,17,0,1.96,1.9,1.98,1.93
B1,10/08/13,Bergen,Charleroi,1,2,A,1,0,H,1.83,3.4,4.33,1.85,3.4,3.75,1.8,3.2,4,1.83,3.5,3.8,1.88,3.81,4.24,1.91,3.5,3.6,1.9,3.4,4,1.87,3.7,4,30,1.93,1.87,3.81,3.45,4.33,3.88,27,1.87,1.79,2.12,2,13,-0.5,1.94,1.9,2.02,1.95
B1,10/08/13,Lierse,Cercle Brugge,1,1,D,1,0,H,2.3,3.4,3,2.25,3.3,2.85,2.2,3.2,2.9,2.25,3.2,2.9,2.32,3.49,3.2,2.25,3.3,2.9,2.3,3.4,2.88,2.3,3.4,3.1,28,2.32,2.26,3.49,3.29,3.35,2.99,25,1.99,1.92,1.95,1.87,13,0,1.73,1.67,2.29,2.17
B1,10/08/13,Oostende,Oud-Heverlee Leuven,1,1,D,0,1,A,2.1,3.4,3.4,2.1,3.2,3.2,2.1,3.2,3.1,2.05,3.4,3.1,2.1,3.66,3.55,2.1,3.4,3.25,2.1,3.3,3.3,2.05,3.6,3.4,30,2.22,2.08,3.66,3.37,3.55,3.27,26,1.81,1.73,2.17,2.07,12,-0.25,1.87,1.82,2.1,2.04
B1,10/08/13,Waasland-Beveren,Mechelen,0,0,D,0,0,D,2.7,3.4,2.5,2.65,3.25,2.4,2.75,3.2,2.3,2.8,3.1,2.4,2.85,3.42,2.59,2.7,3.4,2.4,2.8,3.3,2.38,2.8,3.4,2.5,30,2.98,2.78,3.45,3.28,2.6,2.42,26,2.02,1.93,1.98,1.85,14,0,2.11,2.04,1.86,1.79
B1,11/08/13,Anderlecht,Gent,4,1,H,2,0,H,1.53,4.33,5.5,1.53,4.25,4.75,1.5,3.8,5.5,1.53,3.9,5.5,1.57,4.42,5.97,1.6,3.8,5,1.5,4,5.75,1.5,4.4,6.25,29,1.6,1.53,4.55,4.04,6.5,5.59,19,1.71,1.64,2.32,2.17,14,-1,1.97,1.92,2.02,1.91
B1,11/08/13,Club Brugge,Waregem,1,1,D,1,0,H,1.75,3.75,4.5,1.75,3.6,4,1.7,3.4,4.3,1.73,3.6,4.3,1.8,3.92,4.56,1.75,3.75,4,1.73,3.6,4.33,1.75,3.9,4.5,25,1.8,1.74,3.92,3.68,4.56,4.25,21,1.82,1.72,2.2,2.07,10,-0.75,2.06,2,1.9,1.85
B1,11/08/13,Genk,Standard,0,2,A,0,1,A,2.25,3.4,3.1,2.2,3.2,3,2.2,3.2,2.9,2.2,3.3,2.9,2.31,3.62,3.12,2.2,3.5,2.88,2.2,3.4,3,2.25,3.6,3.1,29,2.31,2.23,3.62,3.37,3.35,2.99,19,1.73,1.64,2.3,2.17,13,0,1.7,1.66,2.29,2.22
B1,17/08/13,Cercle Brugge,Oostende,2,0,H,2,0,H,1.95,3.5,3.8,1.95,3.3,3.5,1.9,3.2,3.6,1.91,3.25,3.7,2.04,3.55,3.88,1.91,3.4,3.75,1.95,3.4,3.6,2,3.5,3.9,30,2.12,1.97,3.55,3.38,3.9,3.64,27,2.04,1.93,1.91,1.84,,,,,,
B1,17/08/13,Charleroi,Kortrijk,1,2,A,1,2,A,2.5,3.3,2.75,2.5,3.3,2.5,2.4,3.1,2.7,2.45,3.1,2.7,2.69,3.3,2.81,2.4,3.25,2.7,2.5,3.25,2.75,2.62,3.3,2.8,30,2.69,2.5,3.4,3.21,2.95,2.71,27,2.18,2.03,1.82,1.76,,,,,,
B1,17/08/13,Gent,Lierse,2,1,H,0,1,A,1.4,4.5,7.5,1.4,4.5,6,1.4,4,6.5,1.36,4.33,7.5,1.39,4.86,9.37,1.4,4.33,7,1.4,4.33,8,1.36,4.8,9.5,30,1.47,1.38,4.86,4.46,9.5,7.53,27,1.76,1.68,2.25,2.14,,,,,,
B1,17/08/13,Lokeren,Genk,3,1,H,1,0,H,2.6,3.4,2.6,2.45,3.4,2.5,2.65,3.2,2.4,2.45,3.4,2.5,2.57,3.62,2.74,2.5,3.3,2.6,2.6,3.4,2.6,2.55,3.6,2.7,30,2.7,2.55,3.65,3.35,2.74,2.59,20,1.71,1.61,2.35,2.24,,,,,,
B1,17/08/13,Mechelen,Club Brugge,1,2,A,0,1,A,2.9,3.5,2.3,3.1,3.2,2.15,2.8,3.1,2.3,2.9,3.25,2.25,3.02,3.59,2.38,2.8,3.3,2.38,2.88,3.4,2.3,2.9,3.5,2.4,30,3.02,2.86,3.6,3.35,2.44,2.31,27,1.75,1.69,2.34,2.13,,,,,,
B1,17/08/13,Waregem,Bergen,2,0,H,1,0,H,1.62,4,5,1.65,3.6,4.6,1.6,3.6,4.8,1.65,3.5,4.8,1.67,4,5.55,1.62,3.75,5,1.62,3.8,5,1.67,4,5.25,30,1.68,1.63,4,3.76,5.9,4.96,27,1.91,1.8,2.05,1.98,,,,,,
B1,18/08/13,Standard,Oud-Heverlee Leuven,1,0,H,0,0,D,1.29,5.5,9.5,1.28,4.6,9.75,1.25,4.8,9.5,1.25,5.2,9.5,1.27,6.06,12.91,1.25,5.5,10,1.29,5.25,9.5,1.29,6,10.5,30,1.32,1.27,6.06,5.43,12.91,9.62,16,1.58,1.46,2.7,2.59,,,,,,
B1,18/08/13,Waasland-Beveren,Anderlecht,0,3,A,0,0,D,6.5,4.5,1.44,5.5,4.4,1.44,6,3.9,1.45,6,4.33,1.4,6.96,4.55,1.5,6.5,4.33,1.44,5.8,4.33,1.44,6.5,4.5,1.5,30,6.96,6.08,4.6,4.27,1.52,1.46,19,1.68,1.56,2.4,2.33,,,,,,
B1,24/08/13,Kortrijk,Mechelen,1,2,A,0,1,A,1.91,3.6,3.75,1.95,3.25,3.6,1.9,3.2,3.6,1.95,3.3,3.5,2.03,3.53,3.94,1.91,3.4,3.75,1.95,3.4,3.75,2,3.5,3.75,32,2.04,1.96,3.7,3.35,4,3.66,28,2.1,1.99,1.94,1.8,15,-0.5,2.05,2,1.89,1.85
B1,24/08/13,Lierse,Waasland-Beveren,1,0,H,0,0,D,2.3,3.25,3.1,2.15,3.2,3.1,2.1,3.1,3.2,2.15,3.2,3,2.27,3.5,3.35,2.15,3.25,3.1,2.2,3.25,3.2,2.2,3.5,3.25,30,2.3,2.19,3.6,3.27,3.35,3.12,29,2.03,1.96,1.97,1.82,15,-0.25,1.97,1.92,1.99,1.94
B1,24/08/13,Oud-Heverlee Leuven,Lokeren,2,1,H,0,0,D,4.5,3.5,1.8,3.8,3.5,1.8,4,3.2,1.8,4.1,3.5,1.75,4.4,3.8,1.85,4.33,3.5,1.75,4.33,3.5,1.8,4.4,3.8,1.8,32,4.5,4.21,3.83,3.49,1.85,1.79,26,1.75,1.68,2.26,2.13,15,0.75,1.86,1.79,2.13,2.07
B1,25/08/13,Anderlecht,Charleroi,5,2,H,2,1,H,1.22,6,12,1.2,6.25,9,1.22,5,10,1.22,5.5,12,1.23,6.55,15.5,1.22,6,10,1.22,6,11,1.22,6.5,13,32,1.25,1.21,6.9,5.84,15.5,12.05,18,1.57,1.48,2.8,2.55,15,-1.75,1.92,1.87,2.04,1.98
B1,25/08/13,Bergen,Standard,0,2,A,0,1,A,4.33,3.6,1.8,4.5,3.7,1.65,4.8,3.6,1.6,4.25,3.6,1.73,4.57,3.83,1.82,4,3.6,1.75,4.33,3.6,1.8,4.3,3.8,1.8,32,5,4.29,3.86,3.57,1.81,1.76,28,1.88,1.72,2.2,2.08,15,0.75,1.86,1.82,2.09,2.04
B1,25/08/13,Club Brugge,Gent,1,1,D,1,1,D,2.1,3.5,3.3,1.95,3.4,3.4,1.85,3.3,3.7,2,3.4,3.25,2.15,3.7,3.4,2.05,3.6,3.1,2.05,3.5,3.25,2.1,3.7,3.3,32,2.15,2.05,3.7,3.41,3.7,3.33,20,1.73,1.63,2.44,2.2,15,-0.25,1.88,1.82,2.09,2.04
B1,25/08/13,Genk,Cercle Brugge,1,0,H,1,0,H,1.4,4.75,7,1.4,4.4,6.5,1.4,4,6.5,1.4,4.33,6.5,1.43,4.84,7.95,1.44,4.33,6,1.4,4.5,7,1.4,4.8,7.5,32,1.45,1.4,5.3,4.49,8,6.99,19,1.67,1.61,2.44,2.22,16,-1,1.68,1.65,2.35,2.27
B1,25/08/13,Oostende,Waregem,1,1,D,1,1,D,3.4,3.4,2.1,3.4,3.4,1.95,3.3,3.2,2,3.3,3.2,2.05,3.56,3.53,2.15,3.1,3.3,2.15,3.3,3.4,2.05,3.4,3.5,2.15,32,3.8,3.35,3.54,3.32,2.15,2.08,27,1.97,1.87,2.01,1.93,15,0.25,2.08,2,1.9,1.85
B1,31/08/13,Cercle Brugge,Oud-Heverlee Leuven,1,1,D,0,0,D,1.95,3.5,3.75,1.95,3.3,3.5,1.9,3.3,3.5,1.91,3.4,3.4,2.02,3.69,3.8,1.91,3.4,3.75,1.95,3.4,3.75,1.95,3.6,3.8,33,2.05,1.95,3.69,3.39,3.85,3.63,30,1.82,1.74,2.16,2.06,15,-0.5,2.02,1.97,1.93,1.89
B1,31/08/13,Gent,Bergen,1,0,H,1,0,H,1.44,4.33,7,1.48,3.9,6,1.37,4.1,7,1.4,4.33,6,1.45,4.79,7.45,1.44,4,6.5,1.44,4,7,1.44,4.75,7,33,1.5,1.43,4.79,4.26,7.6,6.71,22,1.68,1.6,2.38,2.24,16,-1,1.81,1.72,2.23,2.15
B1,31/08/13,Lokeren,Oostende,1,0,H,0,0,D,1.44,4.33,7,1.44,4,6.5,1.45,3.9,6,1.4,4.2,6.5,1.44,4.83,7.75,1.44,4,6.5,1.44,4,7.5,1.4,4.8,8.5,33,1.48,1.43,4.83,4.2,8.5,6.94,26,1.75,1.64,2.32,2.19,16,-1,1.82,1.74,2.25,2.13
B1,31/08/13,Mechelen,Lierse,0,0,D,0,0,D,1.57,3.75,6,1.65,3.6,4.6,1.6,3.6,4.8,1.6,3.7,5.25,1.62,4.09,5.9,1.61,3.75,5,1.62,3.6,5.75,1.62,4,5.5,32,1.7,1.6,4.09,3.72,6,5.42,29,1.9,1.78,2.15,2,16,-1,2.25,2.08,1.82,1.76
B1,01/09/13,Charleroi,Genk,1,1,D,1,1,D,4.5,3.75,1.75,4,3.6,1.75,4,3.4,1.75,4.1,3.8,1.7,4.57,3.94,1.79,4,3.75,1.75,4.33,3.6,1.73,4.3,3.9,1.8,33,5.1,4.25,3.94,3.59,1.85,1.76,21,1.68,1.62,2.38,2.22,15,0.75,1.89,1.83,2.07,2.02
B1,01/09/13,Standard,Kortrijk,2,0,H,0,0,D,1.36,4.75,8.5,1.4,4,7.5,1.3,4.6,8,1.33,4.6,8.5,1.38,4.98,9.37,1.36,4.5,7.5,1.36,4.33,9,1.36,4.8,9.5,32,1.4,1.35,4.98,4.58,10.5,8.2,21,1.8,1.7,2.2,2.07,15,-1.5,2.2,2.12,1.81,1.74
B1,01/09/13,Waasland-Beveren,Club Brugge,1,2,A,0,1,A,4.5,3.75,1.75,4.2,3.6,1.7,4.5,3.5,1.65,4.3,3.5,1.73,4.5,3.82,1.83,3.8,3.6,1.83,4.33,3.75,1.73,4.75,3.8,1.75,33,4.75,4.32,3.85,3.61,1.83,1.75,21,1.75,1.66,2.34,2.14,13,0.5,2.15,2.09,1.84,1.77
B1,01/09/13,Waregem,Anderlecht,4,3,H,1,1,D,4.5,3.5,1.8,3.9,3.3,1.85,4,3.2,1.8,3.9,3.6,1.75,4.03,3.82,1.93,3.5,3.6,1.91,4,3.4,1.83,3.9,3.8,1.91,33,4.5,3.89,3.82,3.45,1.94,1.87,20,1.75,1.66,2.25,2.13,15,0.5,2.01,1.95,1.95,1.9
B1,14/09/13,Anderlecht,Mechelen,5,0,H,4,0,H,1.36,4.6,8.5,1.36,4.5,7,1.35,4.2,7.5,1.36,4.5,7.5,1.37,5.17,9.32,1.36,4.5,7.5,1.36,4.5,7.5,1.36,5,8,34,1.4,1.36,5.3,4.62,9.41,7.88,23,1.58,1.51,2.62,2.45,16,-1.5,2.16,2.09,1.86,1.77
B1,14/09/13,Bergen,Waasland-Beveren,1,1,D,1,0,H,2,3.4,3.75,2,3.4,3.25,1.9,3.3,3.5,1.91,3.4,3.5,1.99,3.61,3.97,1.91,3.4,3.75,2,3.3,3.6,2,3.6,3.7,34,2,1.95,3.7,3.38,4.15,3.67,24,1.77,1.69,2.3,2.09,15,-0.5,2.02,1.97,1.92,1.88
B1,14/09/13,Club Brugge,Lierse,4,1,H,1,0,H,1.33,5,8.5,1.33,4.75,7.5,1.35,4.2,7.5,1.35,4.6,8,1.34,5.36,10.23,1.33,5,7.5,1.36,4.8,8,1.36,5.25,8.5,34,1.39,1.34,5.38,4.81,10.33,8.14,23,1.6,1.52,2.64,2.53,18,-1.5,2.16,2.03,1.87,1.81
B1,14/09/13,Kortrijk,Gent,3,0,H,1,0,H,3.4,3.4,2.1,3.25,3.4,2,3.3,3.2,2,3.3,3.3,2.05,3.55,3.46,2.18,3.4,3.4,2,3.25,3.3,2.1,3.3,3.4,2.2,34,3.55,3.3,3.6,3.33,2.2,2.1,31,1.97,1.86,1.97,1.92,15,0.25,2.03,1.97,1.93,1.88
B1,14/09/13,Lokeren,Cercle Brugge,3,0,H,2,0,H,1.53,4,6,1.5,3.75,6,1.5,3.8,5.5,1.45,4.2,5.75,1.48,4.5,7.47,1.5,4,6,1.44,4,6.5,1.5,4.5,6.5,34,1.53,1.47,4.5,4.1,7.47,6.32,24,1.73,1.65,2.38,2.15,18,-1,1.85,1.81,2.1,2.03
B1,14/09/13,Oud-Heverlee Leuven,Charleroi,0,0,D,0,0,D,2,3.5,3.6,2,3.4,3.3,2,3.2,3.3,1.95,3.3,3.4,2.07,3.63,3.7,2.1,3.25,3.25,2,3.3,3.6,2.05,3.6,3.5,34,2.12,2.03,3.65,3.35,3.7,3.45,24,1.73,1.68,2.38,2.11,15,-0.5,2.1,2.05,1.87,1.81
B1,15/09/13,Genk,Waregem,5,2,H,1,1,D,1.8,3.75,4.2,1.95,3.5,4.2,1.8,3.2,4,1.75,3.6,3.9,1.83,3.91,4.37,1.8,3.5,4,1.8,3.5,4.33,1.83,3.9,4.1,34,1.86,1.8,3.91,3.56,4.65,4.08,22,1.72,1.6,2.38,2.26,15,-0.5,1.84,1.8,2.11,2.05
B1,15/09/13,Oostende,Standard,2,4,A,1,3,A,6.5,4,1.5,5.5,4,1.5,6,3.9,1.45,5.75,3.9,1.5,6.29,4.28,1.57,6,4,1.5,5.5,4,1.53,5.75,4.2,1.57,34,6.5,5.66,4.28,4,1.6,1.53,30,1.8,1.69,2.25,2.12,18,1,1.91,1.84,2.08,2
B1,21/09/13,Charleroi,Cercle Brugge,2,0,H,0,0,D,2.3,3.4,3,2.25,3.2,2.9,2.2,3.1,3,2.25,3.1,3,2.38,3.46,3.11,2.3,3.25,2.87,2.3,3.3,3,2.38,3.4,3,33,2.4,2.28,3.5,3.28,3.11,2.96,30,1.97,1.88,2.02,1.9,15,0,1.77,1.7,2.28,2.15
B1,21/09/13,Gent,Oostende,1,1,D,0,0,D,1.4,4.75,7,1.36,5,6,1.3,4.4,8.5,1.36,4.5,7.5,1.37,5.14,9.27,1.36,4.5,7.5,1.36,4.8,7.5,1.36,5,8.5,33,1.4,1.35,5.14,4.75,9.3,7.64,22,1.67,1.59,2.48,2.26,16,-1.5,2.2,2.07,1.85,1.77
B1,21/09/13,Lierse,Kortrijk,2,0,H,1,0,H,3.1,3.25,2.3,3,3.3,2.15,3,3.1,2.2,2.9,3.1,2.3,3.26,3.42,2.33,3,3.2,2.25,3,3.2,2.3,3.12,3.4,2.3,33,3.26,2.99,3.45,3.22,2.45,2.29,30,2.12,1.99,1.9,1.79,15,0,2.34,2.19,1.73,1.67
B1,21/09/13,Mechelen,Bergen,4,2,H,2,1,H,1.75,3.6,4.5,1.75,3.6,4,1.7,3.4,4.3,1.73,3.5,4.3,1.77,3.94,4.74,1.75,3.75,4,1.73,3.5,4.5,1.75,3.9,4.4,33,1.85,1.75,3.94,3.57,4.74,4.33,24,1.75,1.67,2.25,2.12,14,-0.75,2.09,2,1.92,1.85
B1,22/09/13,Club Brugge,Anderlecht,4,0,H,1,0,H,3.1,3.4,2.25,2.95,3.25,2.2,3,3.1,2.2,3,3.3,2.15,3.2,3.56,2.29,2.88,3.5,2.2,3,3.3,2.25,3,3.5,2.3,33,3.2,3.01,3.56,3.33,2.38,2.22,23,1.7,1.63,2.38,2.18,15,0,2.34,2.24,1.71,1.64
B1,22/09/13,Standard,Lokeren,2,1,H,2,1,H,1.6,4,5.25,1.5,4,5.5,1.55,3.7,5,1.57,3.9,4.8,1.61,4.25,5.7,1.6,3.8,5,1.57,3.8,5.25,1.62,4.2,5,33,1.64,1.58,4.25,3.87,5.8,5.17,22,1.67,1.6,2.48,2.25,16,-1,2.15,2.06,1.87,1.77
B1,22/09/13,Waasland-Beveren,Genk,0,0,D,0,0,D,5.5,4,1.57,5.25,3.9,1.53,5,3.7,1.55,5.25,3.9,1.55,5.74,4.24,1.61,4.75,3.8,1.62,5.5,4,1.53,5.75,4.2,1.57,33,6.2,5.41,4.24,3.92,1.62,1.56,21,1.72,1.61,2.32,2.22,17,1,1.93,1.86,2.04,1.98
B1,22/09/13,Waregem,Oud-Heverlee Leuven,4,2,H,0,1,A,1.5,4,7,1.45,4.1,6,1.45,3.9,6,1.45,4.1,6.5,1.5,4.56,6.85,1.5,4.2,5.5,1.5,4,6.25,1.5,4.5,6.5,33,1.51,1.47,4.56,4.13,7.1,6.31,22,1.7,1.6,2.54,2.25,16,-1,1.88,1.82,2.09,2.03
B1,28/09/13,Bergen,Club Brugge,0,1,A,0,1,A,5.75,4,1.57,6,3.75,1.5,5.5,3.8,1.5,5.25,3.9,1.55,5.25,4.35,1.64,5.5,3.8,1.53,5.25,4,1.57,5,4.3,1.62,33,6.7,5.34,4.35,3.99,1.64,1.55,21,1.62,1.55,2.62,2.36,14,0.75,2.19,2.11,1.82,1.75
B1,28/09/13,Genk,Mechelen,1,0,H,0,0,D,1.5,4,7,1.5,4.25,5,1.5,3.8,5.5,1.5,4.1,5.5,1.52,4.6,6.44,1.53,3.8,5.5,1.5,4,6,1.53,4.5,5.75,33,1.55,1.5,4.6,4.11,7.1,5.79,21,1.63,1.54,2.62,2.37,17,-1,1.92,1.86,2.08,1.97
B1,28/09/13,Kortrijk,Waasland-Beveren,2,1,H,2,1,H,1.62,3.8,5.5,1.65,3.6,4.6,1.75,3.3,4.2,1.66,3.5,4.8,1.66,3.99,5.6,1.67,3.6,4.5,1.67,3.6,5,1.7,3.8,5,33,1.75,1.66,3.99,3.62,6,4.96,30,1.95,1.84,2.08,1.93,15,-1,2.3,2.19,1.73,1.68
B1,28/09/13,Lokeren,Waregem,2,4,A,0,1,A,2.05,3.6,3.3,2,3.4,3.25,2,3.2,3.3,2,3.3,3.3,2.05,3.69,3.67,2,3.4,3.3,1.95,3.5,3.5,2.05,3.6,3.4,33,2.06,1.98,3.75,3.5,3.7,3.42,23,1.77,1.62,2.4,2.21,14,-0.5,2.11,2.03,1.88,1.82
B1,28/09/13,Oostende,Charleroi,1,0,H,1,0,H,2.1,3.4,3.4,2.1,3.2,3.2,2.2,3.1,3,2.1,3.2,3.2,2.13,3.52,3.61,2.25,3.25,2.9,2.1,3.3,3.4,2.1,3.5,3.4,33,2.25,2.12,3.6,3.31,3.61,3.24,30,1.95,1.83,2.04,1.95,14,-0.25,1.87,1.82,2.1,2.03
B1,28/09/13,Oud-Heverlee Leuven,Gent,1,1,D,0,1,A,3.6,3.6,1.95,3.4,3.5,1.91,3.6,3.2,1.9,3.6,3.5,1.85,3.87,3.77,1.98,3.4,3.5,1.95,3.5,3.5,1.95,3.5,3.75,2,33,3.9,3.57,3.77,3.45,2.04,1.95,23,1.72,1.62,2.3,2.21,14,0.5,1.92,1.86,2.05,1.98
B1,29/09/13,Anderlecht,Lierse,2,0,H,0,0,D,1.18,6.5,15,1.2,6,10,1.2,5.2,11,1.22,6,11,1.23,6.89,13.26,1.25,5,10,1.2,6.25,11,1.2,6.5,15,33,1.25,1.2,7.5,6.21,17,11.92,20,1.47,1.42,2.98,2.71,17,-2,2.09,2.01,1.92,1.82
B1,29/09/13,Cercle Brugge,Standard,0,5,A,0,3,A,7,3.9,1.5,6,4.1,1.45,5.5,3.8,1.5,6,3.9,1.45,7.07,4.4,1.51,6,3.8,1.5,6.5,4,1.5,6.5,4.33,1.5,33,8,6.23,4.4,4.02,1.52,1.49,29,1.82,1.73,2.2,2.06,17,1,2.06,1.97,1.92,1.86
B1,05/10/13,Charleroi,Lokeren,2,1,H,1,0,H,3.5,3.4,2.05,3.2,3.5,2,3.3,3.2,2,3.3,3.4,1.95,3.55,3.56,2.14,3.3,3.5,2,3.4,3.4,2.05,3.5,3.5,2.1,33,3.55,3.38,3.6,3.37,2.15,2.04,26,1.75,1.66,2.3,2.16,15,0.25,2.11,2.05,1.88,1.8
B1,05/10/13,Club Brugge,Oud-Heverlee Leuven,1,0,H,1,0,H,1.3,5,10,1.3,4.6,9,1.3,4.4,8.5,1.3,4.75,8.5,1.35,5.5,9.33,1.36,4.75,7,1.33,4.8,7.5,1.36,5.5,8.5,33,1.38,1.33,5.5,4.86,10.25,8.25,21,1.5,1.46,2.88,2.56,18,-1.5,2.08,2.01,1.9,1.83
B1,05/10/13,Lierse,Bergen,2,1,H,1,0,H,2.1,3.4,3.4,2,3.5,3.2,2,3.2,3.3,2.1,3.1,3.25,2.15,3.54,3.53,2.15,3.3,3.1,2.1,3.4,3.3,2.15,3.5,3.4,33,2.25,2.12,3.55,3.34,3.53,3.23,30,2.02,1.9,1.97,1.88,14,-0.5,2.2,2.14,1.78,1.72
B1,05/10/13,Mechelen,Cercle Brugge,1,2,A,0,0,D,1.57,4,5.75,1.57,3.75,5,1.6,3.6,4.8,1.6,3.75,5,1.6,4.2,6.01,1.62,3.8,4.8,1.57,3.75,5.8,1.62,4.2,5.4,33,1.65,1.59,4.2,3.77,6.01,5.36,28,1.8,1.68,2.25,2.13,18,-1,2.16,2.05,1.85,1.8
B1,05/10/13,Waasland-Beveren,Oostende,2,0,H,1,0,H,2.38,3.25,3,2.3,3.2,2.8,2.3,3.1,2.8,2.3,3.2,2.9,2.43,3.42,3.06,2.38,3.2,2.8,2.38,3.3,2.8,2.45,3.4,3,33,2.45,2.35,3.6,3.26,3.06,2.87,30,2.04,1.94,1.92,1.84,16,0,1.77,1.72,2.23,2.12
B1,06/10/13,Anderlecht,Kortrijk,0,1,A,0,1,A,1.29,5.5,9.5,1.26,5.5,8.25,1.25,4.8,9.5,1.3,5,9,1.3,5.73,11.29,1.3,5,8.5,1.29,5.5,8.5,1.3,5.5,10,33,1.32,1.28,6,5.31,11.29,9.09,22,1.67,1.54,2.53,2.38,17,-1.5,1.97,1.9,2.02,1.93
B1,06/10/13,Gent,Genk,1,2,A,1,0,H,2.4,3.3,2.9,2.45,3.4,2.5,2.4,3.3,2.6,2.37,3.25,2.75,2.56,3.64,2.74,2.38,3.5,2.6,2.5,3.3,2.63,2.5,3.6,2.75,33,2.56,2.44,3.64,3.33,2.9,2.69,22,1.65,1.55,2.56,2.35,17,0,1.88,1.82,2.05,2
B1,06/10/13,Waregem,Standard,1,0,H,0,0,D,3.2,3.4,2.2,3,3.4,2.1,3.2,3.1,2.1,2.9,3.25,2.2,3.17,3.58,2.3,2.88,3.6,2.15,3,3.3,2.25,3,3.5,2.3,33,3.25,3.03,3.6,3.35,2.3,2.2,22,1.7,1.57,2.5,2.3,15,0.25,1.92,1.88,2.02,1.97
B1,18/10/13,Bergen,Anderlecht,0,2,A,0,2,A,5.5,4.33,1.53,5.5,4.4,1.45,5.5,3.8,1.5,5.5,3.9,1.5,5.94,4.68,1.54,5,4.2,1.53,5.75,4,1.5,5.75,4.5,1.53,38,7,5.77,4.8,4.23,1.55,1.5,26,1.65,1.57,2.56,2.3,20,1,2.06,1.98,1.92,1.86
B1,19/10/13,Cercle Brugge,Waregem,1,1,D,1,0,H,3.75,3.6,1.91,3.9,3.6,1.78,3.6,3.2,1.9,3.6,3.4,1.9,4.03,3.84,1.92,3.4,3.5,1.95,3.8,3.5,1.9,3.9,3.8,1.9,35,4.1,3.74,3.84,3.49,1.96,1.89,26,1.78,1.64,2.38,2.17,17,0.5,2,1.95,1.94,1.9
B1,19/10/13,Genk,Lierse,4,0,H,3,0,H,1.33,4.6,10,1.3,4.75,8.5,1.3,4.4,8.5,1.3,4.8,9,1.32,5.62,10.55,1.29,5,9,1.3,4.8,9.5,1.3,5.5,10,36,1.33,1.3,5.62,4.96,12,9.2,25,1.67,1.56,2.54,2.33,20,-1.5,1.95,1.9,2.02,1.93
B1,19/10/13,Lokeren,Gent,2,2,D,2,0,H,2.3,3.4,3,2.25,3.4,2.75,2.2,3.2,2.9,2.2,3.3,2.87,2.36,3.58,3.06,2.2,3.5,2.88,2.25,3.3,3,2.38,3.5,2.9,36,2.41,2.29,3.57,3.34,3.1,2.89,27,1.67,1.62,2.44,2.2,17,-0.25,2.13,2.05,1.85,1.8
B1,19/10/13,Oostende,Mechelen,0,3,A,0,3,A,2.5,3.3,2.8,2.5,3.2,2.55,2.4,3.2,2.65,2.45,3.1,2.65,2.65,3.39,2.8,2.45,3.2,2.7,2.5,3.2,2.63,2.7,3.3,2.7,36,2.7,2.52,3.6,3.2,2.85,2.68,34,1.97,1.9,2.02,1.88,18,0,1.96,1.88,2.02,1.94
B1,19/10/13,Oud-Heverlee Leuven,Waasland-Beveren,4,2,H,1,1,D,1.95,3.5,3.8,1.95,3.25,3.6,1.9,3.2,3.6,1.95,3.25,3.6,2.09,3.52,3.73,2,3.4,3.4,2,3.4,3.5,2,3.5,3.8,36,2.09,1.98,3.52,3.38,4.15,3.56,34,1.99,1.9,1.97,1.88,17,-0.5,2.09,2.01,1.89,1.84
B1,20/10/13,Kortrijk,Club Brugge,4,1,H,1,1,D,3.2,3.4,2.2,3,3.4,2.1,3.3,3.2,2,3.1,3.25,2.1,3.22,3.52,2.3,3.1,3.3,2.15,3.13,3.3,2.2,3.12,3.5,2.25,36,3.4,3.1,3.6,3.33,2.3,2.17,33,1.85,1.74,2.15,2.05,17,0.25,1.96,1.91,2,1.94
B1,20/10/13,Standard,Charleroi,2,2,D,0,1,A,1.22,5.75,13,1.2,6,10,1.25,4.8,9.5,1.2,6,12,1.23,6.85,14.3,1.22,6,10,1.22,5.75,12,1.2,6.5,15,36,1.25,1.22,6.9,5.89,15,11.43,21,1.55,1.46,2.8,2.59,17,-1.75,1.85,1.82,2.11,2.04
B1,25/10/13,Gent,Cercle Brugge,1,1,D,0,1,A,1.36,4.75,8,1.36,4.2,8,1.35,4.2,7.5,1.36,4.33,7.5,1.38,5.08,9.19,1.35,4.6,7.5,1.36,4.5,8,1.36,5,9.5,34,1.4,1.35,5.08,4.56,9.5,8.2,31,1.74,1.67,2.26,2.14,17,-1.5,2.12,2.06,1.84,1.78
B1,26/10/13,Bergen,Kortrijk,0,1,A,0,1,A,3.6,3.5,2,3.4,3.4,1.95,3.3,3.2,2,3.4,3.3,1.95,3.7,3.43,2.14,3.3,3.3,2.05,3.3,3.3,2.1,3.5,3.5,2.1,35,3.7,3.34,3.5,3.29,2.15,2.07,33,1.99,1.9,1.94,1.88,15,0.25,2.1,2.05,1.85,1.81
B1,26/10/13,Lierse,Oostende,0,2,A,0,0,D,2,3.4,3.75,2,3.25,3.4,2,3.2,3.3,2,3.3,3.4,2.04,3.45,3.98,2.05,3.25,3.4,2.05,3.3,3.5,2.05,3.4,3.75,35,2.1,2.01,3.5,3.32,3.98,3.52,33,2.04,1.95,1.92,1.82,16,-0.5,2.08,2.02,1.89,1.84
B1,26/10/13,Mechelen,Oud-Heverlee Leuven,4,2,H,1,1,D,1.62,3.75,5.5,1.57,3.75,5,1.6,3.6,4.8,1.61,3.75,4.8,1.68,3.99,5.5,1.61,3.8,4.8,1.62,3.8,5,1.65,3.9,5.4,35,1.67,1.62,3.99,3.78,5.53,5.01,33,1.74,1.67,2.25,2.14,16,-0.75,1.88,1.81,2.13,2.04
B1,26/10/13,Waasland-Beveren,Lokeren,0,2,A,0,2,A,3.75,3.4,2,3.4,3.25,2,3.6,3.2,1.9,3.4,3.25,2,3.83,3.52,2.06,3.4,3.25,2.05,3.5,3.25,2.05,3.7,3.5,2,35,3.83,3.54,3.52,3.3,2.06,2.01,33,2.06,1.95,1.91,1.82,16,0.5,1.86,1.82,2.09,2.04
B1,27/10/13,Anderlecht,Standard,1,1,D,1,1,D,2,3.5,3.6,2,3.3,3.4,2,3.2,3.3,2,3.4,3.25,2.1,3.6,3.63,2,3.5,3.3,2.05,3.3,3.4,2.1,3.6,3.4,35,2.12,2.04,3.6,3.4,3.63,3.35,29,1.72,1.64,2.3,2.17,16,-0.5,2.14,2.07,1.84,1.79
B1,27/10/13,Club Brugge,Genk,0,2,A,0,1,A,2.2,3.3,3.25,2.1,3.4,3,2.1,3.1,3.2,2.15,3.3,2.9,2.3,3.57,3.18,2.15,3.4,3,2.25,3.25,3.13,2.25,3.5,3.1,35,2.3,2.2,3.57,3.31,3.25,3.05,25,1.72,1.65,2.3,2.14,16,-0.25,2.01,1.97,1.93,1.88
B1,27/10/13,Waregem,Charleroi,1,1,D,1,0,H,1.5,4,7,1.5,4,5.5,1.45,3.9,6,1.45,4.1,6,1.52,4.4,6.82,1.53,4.2,5,1.5,4,6,1.53,4.33,6,35,1.53,1.49,4.5,4.06,7,6.03,24,1.66,1.61,2.32,2.22,18,-1,1.93,1.88,2.01,1.96
B1,30/10/13,Charleroi,Mechelen,2,2,D,0,0,D,3,3.4,2.3,2.6,3.25,2.45,2.5,3.2,2.5,2.7,3.1,2.45,2.91,3.46,2.52,2.62,3.25,2.5,2.63,3.25,2.5,2.88,3.4,2.4,34,3,2.77,3.5,3.23,2.55,2.43,31,2,1.9,1.95,1.86,17,0,2.13,2.04,1.85,1.78
B1,30/10/13,Genk,Kortrijk,1,0,H,0,0,D,1.53,4,6,1.55,3.8,5.25,1.55,3.7,5,1.5,3.9,5.5,1.52,4.35,6.95,1.55,3.8,5.5,1.5,4,6,1.5,4.3,6.25,34,1.55,1.51,4.35,3.93,7,5.93,29,1.76,1.67,2.25,2.14,17,-1,1.92,1.87,2.02,1.96
B1,30/10/13,Lokeren,Lierse,1,0,H,1,0,H,1.44,4.2,7.5,1.45,3.75,7,1.5,3.8,5.5,1.4,4.2,7,1.43,4.73,8.38,1.44,4.2,6.5,1.4,4.33,7.5,1.4,4.6,8,34,1.5,1.41,4.73,4.22,8.38,7.08,25,1.73,1.66,2.22,2.14,15,-1.25,2,1.96,1.94,1.89
B1,30/10/13,Oostende,Anderlecht,0,3,A,0,1,A,6,4.33,1.5,5.5,4.4,1.44,6.5,4,1.4,6,4.2,1.45,6.58,4.49,1.53,5.5,4.2,1.5,6,4,1.5,6.5,4.4,1.45,34,6.8,6.12,4.5,4.22,1.53,1.46,22,1.7,1.62,2.3,2.2,17,1,2.04,1.99,1.91,1.84
B1,30/10/13,Oud-Heverlee Leuven,Bergen,2,2,D,2,2,D,1.91,3.4,4,1.91,3.2,3.75,1.85,3.2,3.8,1.95,3.1,3.6,2.08,3.58,3.7,2,3.4,3.4,2.05,3.25,3.6,2.05,3.5,3.5,34,2.08,1.96,3.58,3.33,4,3.65,29,1.85,1.75,2.12,2.03,15,-0.5,2.08,2.01,1.88,1.83
B1,30/10/13,Waregem,Gent,3,2,H,1,1,D,2,3.4,3.75,2,3.4,3.25,1.75,3.3,4.2,1.85,3.4,3.7,1.99,3.71,3.87,2,3.5,3.3,2.05,3.3,3.5,2,3.7,3.5,34,2,1.95,3.71,3.38,4.2,3.63,28,1.75,1.69,2.25,2.11,14,-0.5,2.04,1.99,1.92,1.86
B1,31/10/13,Cercle Brugge,Club Brugge,2,0,H,1,0,H,6,4,1.53,5.5,3.6,1.55,5,3.7,1.55,5.75,3.9,1.5,6.55,4.37,1.54,5.5,4.2,1.5,6,4,1.53,6.25,4.33,1.5,34,6.55,5.85,4.37,3.97,1.58,1.51,24,1.72,1.65,2.33,2.16,17,1,2,1.95,1.92,1.88
B1,31/10/13,Standard,Waasland-Beveren,2,2,D,1,1,D,1.2,6.5,13,1.2,6,10,1.22,5,10,1.2,6,14,1.2,7.1,17,1.18,6,13,1.18,6.5,12,1.17,7,17,34,1.22,1.18,7.1,6.32,18.11,12.77,19,1.62,1.54,2.54,2.37,16,-2,2.07,1.99,1.92,1.85
B1,02/11/13,Anderlecht,Oud-Heverlee Leuven,3,1,H,2,0,H,1.22,6.5,11,1.19,6,10.5,1.2,5.2,11,1.22,5.75,11,1.25,6.6,12.7,1.25,5.5,12,1.22,6.25,9.5,1.25,6.25,11,33,1.26,1.22,6.6,6.05,13.02,10.16,21,1.53,1.47,2.7,1.54,15,-1.75,2,1.93,1.96,1.92
B1,02/11/13,Bergen,Genk,2,3,A,0,1,A,6,3.75,1.57,6,3.7,1.5,5,3.7,1.55,5.25,3.9,1.53,6.09,4.28,1.58,5.5,3.8,1.53,5.5,3.8,1.57,5.5,4.2,1.6,33,6.09,5.49,4.28,3.84,1.6,1.55,25,1.73,1.65,2.3,2.16,17,1,1.89,1.84,2.06,1.99
B1,02/11/13,Kortrijk,Oostende,2,0,H,2,0,H,1.53,4,6,1.57,3.8,5,1.55,3.7,5,1.53,3.8,5.75,1.59,4.12,6.25,1.55,3.8,5.5,1.57,3.8,5.5,1.57,4.1,6,33,1.6,1.55,4.12,3.84,6.25,5.55,31,1.92,1.84,2,1.93,17,-1,2.1,2.02,1.88,1.81
B1,02/11/13,Lierse,Charleroi,2,1,H,0,0,D,2.38,3.4,2.88,2.25,3.4,2.75,2.2,3.1,3,2.35,3.2,2.8,2.36,3.44,3.17,2.3,3.25,2.87,2.3,3.25,2.88,2.38,3.4,3,33,2.38,2.31,3.44,3.24,3.17,2.93,31,2.11,1.96,1.9,1.81,16,0,1.76,1.69,2.28,2.17
B1,02/11/13,Mechelen,Waregem,2,2,D,0,0,D,2.8,3.4,2.4,2.6,3.4,2.35,2.75,3.2,2.3,2.75,3.25,2.3,2.73,3.63,2.57,2.7,3.5,2.3,2.63,3.3,2.5,2.8,3.6,2.4,33,2.95,2.7,3.63,3.31,2.6,2.43,23,1.67,1.61,2.33,2.21,17,0,2.09,1.98,1.92,1.85
B1,03/11/13,Club Brugge,Lokeren,1,0,H,1,0,H,1.91,3.4,4,1.85,3.5,3.6,1.75,3.3,4.2,1.85,3.4,3.75,1.97,3.77,3.89,1.75,3.75,4,1.9,3.4,3.8,1.83,3.75,4.2,33,1.98,1.87,3.77,3.44,4.2,3.86,21,1.69,1.62,2.3,2.21,15,-0.75,2.29,2.2,1.84,1.69
B1,03/11/13,Gent,Standard,0,1,A,0,0,D,3.5,3.4,2.05,3.4,3.25,2,3.3,3.3,2,3.3,3.3,2,3.52,3.53,2.16,3.3,3.5,2,3.4,3.3,2.05,3.5,3.5,2.05,33,3.6,3.35,3.53,3.34,2.16,2.05,30,1.83,1.75,2.12,2.04,15,0.5,1.83,1.75,2.17,2.1
B1,03/11/13,Waasland-Beveren,Cercle Brugge,0,1,A,0,0,D,2.25,3.4,3.1,2.3,3.3,2.75,2.2,3.1,3,2.25,3.1,2.9,2.24,3.61,3.26,2.38,3.3,2.75,2.2,3.25,3.13,2.3,3.5,3,33,2.38,2.22,3.61,3.26,3.3,3.05,29,1.98,1.86,2.01,1.92,16,0,1.7,1.63,2.44,2.27
B1,08/11/13,Lokeren,Mechelen,4,0,H,2,0,H,1.83,3.6,4.2,1.8,3.4,4,1.8,3.2,4,1.8,3.4,4,1.87,3.82,4.27,1.75,3.75,4,1.8,3.5,4.33,1.85,3.8,4.2,37,1.88,1.81,3.97,3.63,4.33,4.01,34,1.73,1.67,2.3,2.17,18,-0.5,1.87,1.84,2.06,2.03
B1,09/11/13,Cercle Brugge,Kortrijk,3,1,H,2,0,H,2.8,3.25,2.5,2.75,3.3,2.3,2.7,3.1,2.4,2.7,3.1,2.45,2.98,3.4,2.5,2.7,3.2,2.45,2.75,3.3,2.5,2.88,3.3,2.5,34,3,2.76,3.45,3.22,2.5,2.44,31,2.15,2.03,1.83,1.76,17,0,2.14,2.05,1.83,1.78
B1,09/11/13,Charleroi,Gent,0,1,A,0,0,D,3.3,3.3,2.2,2.9,3.3,2.2,3.2,3.1,2.1,2.9,3.3,2.2,3.27,3.51,2.28,3.1,3.3,2.15,3.13,3.25,2.2,3.25,3.5,2.2,34,3.3,3.1,3.51,3.29,2.3,2.18,31,1.86,1.8,2.09,1.98,16,0.25,2,1.94,1.97,1.92
B1,09/11/13,Oostende,Bergen,2,0,H,2,0,H,2.1,3.4,3.4,2.2,3.2,3,2.1,3.1,3.2,2.1,3.1,3.3,2.19,3.43,3.54,2.15,3.2,3.2,2.2,3.25,3.25,2.15,3.4,3.4,35,2.2,2.14,3.43,3.26,3.54,3.23,32,2.1,1.98,1.88,1.8,16,-0.25,1.95,1.89,2.08,1.97
B1,09/11/13,Oud-Heverlee Leuven,Lierse,2,0,H,2,0,H,2.25,3.3,3.2,2.2,3.2,3,2.1,3.1,3.2,2.15,3.1,3.2,2.24,3.4,3.45,2.15,3.2,3.2,2.1,3.25,3.3,2.25,3.4,3.25,35,2.25,2.15,3.42,3.25,3.57,3.22,32,2.1,1.98,1.89,1.8,16,-0.25,1.97,1.89,2.03,1.96
B1,10/11/13,Genk,Anderlecht,0,1,A,0,0,D,2.55,3.4,2.63,2.5,3.3,2.5,2.4,3.1,2.7,2.45,3.4,2.5,2.64,3.53,2.72,2.4,3.5,2.6,2.5,3.25,2.75,2.6,3.5,2.62,35,2.64,2.49,3.53,3.28,2.8,2.66,27,1.72,1.65,2.3,2.16,17,0,1.92,1.86,2.08,1.96
B1,10/11/13,Standard,Club Brugge,0,0,D,0,0,D,1.73,3.8,4.5,1.75,3.6,4,1.8,3.2,4,1.72,3.6,4.25,1.79,3.88,4.66,1.75,3.75,4,1.73,3.75,4.5,1.75,3.9,4.5,33,1.8,1.73,3.88,3.65,4.66,4.31,29,1.74,1.67,2.25,2.15,15,-0.75,2.03,1.97,1.94,1.89
B1,10/11/13,Waregem,Waasland-Beveren,2,0,H,0,0,D,1.44,4.5,6.5,1.4,4.5,6,1.4,4,6.5,1.4,4.2,6.5,1.43,4.74,8.23,1.36,4.5,7.5,1.4,4.5,6.5,1.45,4.6,7,35,1.45,1.4,4.8,4.43,8.23,6.82,24,1.7,1.64,2.3,2.16,16,-1.25,2.05,2,1.89,1.86
B1,23/11/13,Cercle Brugge,Lierse,2,4,A,0,1,A,1.91,3.4,4,1.91,3.4,3.5,1.85,3.2,3.8,1.9,3.1,4,1.98,3.44,4.28,2,3.3,3.5,1.95,3.3,3.8,1.95,3.4,4.1,33,1.99,1.92,3.45,3.3,4.28,3.88,31,2.1,1.98,1.86,1.79,15,-0.5,2,1.96,1.94,1.89
B1,23/11/13,Charleroi,Anderlecht,2,1,H,0,0,D,6,4,1.53,6,3.75,1.5,5.5,3.8,1.5,6,3.7,1.53,6.28,4.17,1.58,5,4.2,1.53,5.8,4,1.53,6,4.1,1.57,33,6.75,5.87,4.2,3.94,1.58,1.52,25,1.8,1.67,2.2,2.12,17,1,1.96,1.9,1.99,1.93
B1,23/11/13,Gent,Waasland-Beveren,2,0,H,0,0,D,1.4,4.5,8,1.45,3.75,7,1.45,3.9,6,1.4,4.2,7.5,1.47,4.54,7.75,1.4,4.2,7.5,1.4,4.33,7,1.4,4.6,8.5,33,1.47,1.4,4.59,4.29,8.5,7.35,31,1.83,1.75,2.12,2.03,15,-1.25,2.03,1.97,1.92,1.88
B1,23/11/13,Oostende,Genk,4,0,H,3,0,H,5.25,4,1.62,5.25,3.9,1.53,5,3.7,1.55,5.25,3.8,1.55,5.76,3.84,1.68,4.8,3.8,1.62,5,3.8,1.62,5.5,4,1.62,32,5.76,5.2,4,3.78,1.67,1.6,31,1.84,1.76,2.08,2.02,16,1,1.81,1.75,2.17,2.08
B1,23/11/13,Oud-Heverlee Leuven,Kortrijk,1,1,D,0,0,D,2.8,3.4,2.4,2.85,3.1,2.35,2.8,3.1,2.3,2.75,3.1,2.4,2.95,3.28,2.59,2.8,3.2,2.38,2.88,3.2,2.4,2.88,3.4,2.45,33,2.95,2.83,3.4,3.2,2.59,2.39,31,2.05,1.95,1.9,1.82,17,0,2.14,2.07,1.83,1.77
B1,23/11/13,Waregem,Mechelen,3,1,H,0,1,A,1.67,4,4.75,1.62,3.7,4.6,1.65,3.5,4.5,1.7,3.7,4.25,1.75,4.06,4.75,1.75,3.75,4,1.73,3.6,4.5,1.73,4,4.5,33,1.75,1.7,4.06,3.71,4.75,4.42,24,1.67,1.61,2.32,2.23,15,-0.75,1.98,1.93,1.98,1.92
B1,24/11/13,Lokeren,Club Brugge,0,3,A,0,2,A,2.38,3.2,3,2.4,3.3,2.65,2.5,3.2,2.5,2.35,3.1,2.8,2.44,3.55,2.96,2.4,3.3,2.7,2.4,3.13,2.88,,,,32,2.5,2.39,3.55,3.22,3,2.82,29,1.83,1.75,2.18,2.03,16,0,1.82,1.75,2.18,2.08
B1,24/11/13,Standard,Bergen,1,0,H,1,0,H,1.22,6,13,1.2,6,10,1.25,4.8,9.5,1.21,5.75,13,1.25,6.41,13.27,1.25,5.5,9.5,1.22,5.8,11,1.22,6.25,13,33,1.25,1.22,6.41,5.84,14,11.23,22,1.57,1.53,2.55,2.38,15,-1.75,1.97,1.91,1.99,1.94
B1,30/11/13,Bergen,Lokeren,1,0,H,1,0,H,3.5,3.3,2.1,3.1,3.4,2.05,3.1,3.2,2.1,3.3,3.2,2.05,3.43,3.61,2.16,3.1,3.3,2.15,3.2,3.3,2.1,3.25,3.6,2.15,34,3.5,3.21,3.63,3.34,2.21,2.12,32,1.84,1.77,2.11,2.01,16,0.25,2.04,1.98,1.9,1.87
B1,30/11/13,Club Brugge,Oostende,2,0,H,0,0,D,1.4,5,6.5,1.4,4.75,5.75,1.35,4.2,7.5,1.36,4.5,7.5,1.41,4.82,8.68,1.4,4.33,7,1.4,5,6.25,1.4,4.8,8,34,1.41,1.38,5.1,4.62,8.68,7.08,22,1.69,1.62,2.3,2.2,16,-1.25,1.98,1.93,2,1.92
B1,30/11/13,Mechelen,Gent,0,1,A,0,0,D,2.4,3.3,2.88,2.45,3.25,2.6,2.4,3.2,2.6,2.4,3.25,2.65,2.53,3.45,2.9,2.37,3.3,2.75,2.4,3.3,2.75,2.5,3.4,2.8,34,2.53,2.42,3.45,3.27,2.9,2.75,32,1.92,1.83,2.05,1.94,15,0,1.84,1.8,2.11,2.03
B1,30/11/13,Waasland-Beveren,Charleroi,0,0,D,0,0,D,2.3,3.4,3,2.25,3.1,3,2.2,3.2,2.9,2.2,3.25,3,2.3,3.46,3.26,2.2,3.2,3.1,2.25,3.25,3.13,2.3,3.4,3.12,34,2.35,2.24,3.46,3.24,3.26,3.07,32,2.01,1.92,1.91,1.85,16,-0.25,2.01,1.95,1.95,1.89
B1,01/12/13,Anderlecht,Cercle Brugge,2,1,H,1,0,H,1.2,7,11,1.2,6,10,1.2,5.2,11,1.22,5.75,11,1.26,6.31,12.6,1.22,6,10,1.2,6.5,9.5,1.22,6.5,13,34,1.26,1.21,7,6.17,13.02,10.6,20,1.57,1.5,2.62,2.48,16,-1.75,1.97,1.9,1.99,1.94
B1,01/12/13,Genk,Oud-Heverlee Leuven,3,0,H,0,0,D,1.33,5,9,1.3,4.75,8,1.3,4.4,8.5,1.3,4.8,9,1.34,5.46,10.15,1.35,4.6,7.5,1.3,5,8.5,1.33,5.4,9.5,34,1.35,1.31,5.5,5.02,10.25,8.51,20,1.62,1.55,2.53,2.36,18,-1.5,1.98,1.91,1.99,1.92
B1,01/12/13,Kortrijk,Waregem,1,1,D,1,0,H,2.4,3.5,2.75,2.4,3.4,2.6,2.4,3.2,2.65,2.5,3.2,2.55,2.7,3.4,2.74,2.5,3.25,2.6,2.5,3.3,2.63,2.6,3.4,2.7,34,2.7,2.52,3.5,3.27,2.75,2.63,31,1.99,1.89,1.98,1.87,18,0,1.95,1.88,2,1.94
B1,01/12/13,Lierse,Standard,0,5,A,0,1,A,7,4,1.5,6,3.75,1.5,5.5,3.8,1.5,6,3.8,1.5,6.1,4.16,1.6,5.5,3.8,1.55,6.25,3.8,1.5,6.5,4.1,1.53,34,7,6.11,4.13,3.89,1.61,1.51,31,1.85,1.76,2.16,2.02,18,1,1.96,1.92,1.99,1.91
B1,07/12/13,Anderlecht,Waasland-Beveren,2,0,H,1,0,H,1.2,6.5,13,1.16,6.5,12,1.2,5.5,10,1.2,6,14,1.22,6.99,14.09,1.2,6,11,1.18,6.25,12,1.2,6.5,15,35,1.22,1.19,7,6.26,15.8,12.66,21,1.55,1.48,2.63,2.51,16,-1.75,1.83,1.78,2.16,2.05
B1,07/12/13,Bergen,Waregem,1,1,D,1,1,D,4,3.4,1.91,3.5,3.4,1.91,3.5,3.3,1.9,3.8,3.25,1.9,4.05,3.55,1.99,3.4,3.5,1.95,3.75,3.4,1.91,3.9,3.5,1.95,35,4.05,3.68,3.6,3.43,2,1.93,34,1.81,1.7,2.2,2.09,17,0.5,1.94,1.89,2,1.95
B1,07/12/13,Club Brugge,Mechelen,3,0,H,2,0,H,1.53,4,6,1.45,4.1,6,1.5,3.8,5.5,1.57,3.7,5.25,1.57,4.41,6.03,1.6,3.8,5,1.57,3.8,5.5,1.57,4.3,5.5,35,1.6,1.55,4.41,3.92,6.25,5.6,27,1.71,1.62,2.26,2.19,19,-1,2.05,1.99,1.92,1.84
B1,07/12/13,Kortrijk,Charleroi,1,1,D,0,1,A,1.7,3.6,5,1.67,3.6,4.5,1.7,3.4,4.3,1.7,3.4,4.75,1.73,3.89,5.13,1.73,3.4,4.6,1.67,3.6,4.8,1.73,3.75,5,35,1.73,1.69,3.89,3.58,5.13,4.75,34,2.01,1.93,1.92,1.83,17,-0.75,1.99,1.94,1.96,1.9
B1,07/12/13,Lierse,Gent,1,3,A,0,1,A,3.75,3.6,1.91,3.6,3.2,1.95,3.7,3.3,1.85,3.75,3.25,1.9,4.19,3.42,2,3.5,3.3,2,3.8,3.4,1.91,4,3.5,1.95,35,4.19,3.74,3.6,3.38,2,1.94,34,2.11,2,1.87,1.77,17,0.5,1.96,1.89,2,1.94
B1,07/12/13,Oostende,Cercle Brugge,2,0,H,0,0,D,2,3.4,3.75,1.95,3.4,3.4,1.9,3.3,3.5,2,3.1,3.5,2.06,3.44,3.95,2.05,3.25,3.4,2.05,3.3,3.5,2.05,3.4,3.75,35,2.1,2.02,3.5,3.3,3.95,3.53,34,2.05,1.97,1.88,1.8,16,-0.5,2.09,2.03,1.87,1.81
B1,08/12/13,Genk,Lokeren,0,2,A,0,2,A,1.67,3.8,5,1.67,3.6,4.5,1.65,3.5,4.5,1.66,3.5,4.8,1.74,3.9,5,1.75,3.75,4,1.67,3.75,4.8,1.73,3.9,4.6,35,1.75,1.69,3.9,3.71,5,4.6,28,1.7,1.62,2.33,2.2,17,-0.75,1.99,1.92,1.96,1.91
B1,08/12/13,Oud-Heverlee Leuven,Standard,0,0,D,0,0,D,6,4.33,1.5,5.5,4,1.5,5.5,3.8,1.5,5.75,3.9,1.5,6.1,4.34,1.57,5.5,4,1.53,5.75,4,1.53,6,4.3,1.53,35,6.1,5.82,4.34,3.97,1.57,1.52,34,1.77,1.69,2.25,2.11,19,1,1.98,1.92,1.99,1.9
