Div,Date,HomeTeam,AwayTeam,FTHG,FTAG,FTR,HTHG,HTAG,HTR,HS,AS,HST,AST,HF,AF,HC,AC,HY,AY,HR,AR,B365H,B365D,B365A,BWH,BWD,BWA,GBH,GBD,GBA,IWH,IWD,IWA,LBH,LBD,LBA,SBH,SBD,SBA,WHH,WHD,WHA,SJH,SJD,SJA,VCH,VCD,VCA,Bb1X2,BbMxH,BbAvH,BbMxD,BbAvD,BbMxA,BbAvA,BbOU,BbMx>2.5,BbAv>2.5,BbMx<2.5,BbAv<2.5,BbAH,BbAHh,BbMxAHH,BbAvAHH,BbMxAHA,BbAvAHA
D1,11/08/06,Bayern Munich,Dortmund,2,0,H,1,0,H,12,16,9,7,14,20,4,4,1,2,0,0,1.57,3.6,6,1.55,4.05,4.75,1.5,3.8,6.75,1.55,3.7,5,1.44,3.6,6.5,1.5,3.75,6,1.53,3.5,5.5,1.44,3.75,7,1.45,3.75,6,46,1.62,1.51,4,3.71,7,6.16,33,1.88,1.75,2.1,1.98,24,-1,2.17,2.07,1.82,1.77
D1,12/08/06,Hamburg,Bielefeld,1,1,D,0,1,A,26,10,19,5,29,22,11,2,3,2,0,0,1.44,4,7.5,1.35,4.4,7.5,1.4,4,7.5,1.4,4,6.5,1.4,3.75,7,1.44,4,6.5,1.4,3.75,7,1.44,3.6,7.5,1.4,3.75,7,46,1.45,1.4,4.75,4.06,8.8,7.35,33,1.85,1.71,2.15,2.02,22,-1.25,2.02,1.99,1.95,1.88
D1,12/08/06,Leverkusen,Aachen,3,0,H,2,0,H,20,8,11,5,22,8,5,1,3,0,1,1,1.44,4,7.5,1.5,3.8,5.8,1.5,3.75,6.5,1.45,3.9,6,1.44,3.6,6.5,1.44,4,6.5,1.44,3.6,6.5,1.4,4.1,7,1.45,3.6,6.5,45,1.5,1.45,4.2,3.9,7.5,6.68,33,1.65,1.59,2.37,2.2,23,-1,1.8,1.77,2.17,2.08
D1,12/08/06,Mainz,Bochum,2,1,H,1,0,H,11,19,5,9,17,15,1,8,2,3,0,0,2,3.2,3.75,1.85,3.3,3.9,1.95,3.25,3.75,2,3.2,3.3,1.83,3.4,3.5,2,3.25,3.4,1.95,3.1,3.5,1.83,3.4,3.8,1.9,3.2,3.5,44,2.15,1.96,3.4,3.26,4,3.59,33,1.97,1.79,2.05,1.95,23,-0.25,1.85,1.81,2.1,2.06
D1,12/08/06,M'gladbach,Cottbus,2,0,H,0,0,D,13,11,8,7,11,24,3,5,0,4,0,1,1.61,3.6,5.5,1.6,3.5,5.3,1.57,3.5,6,1.6,3.6,4.8,1.57,3.5,5,1.6,3.4,5.5,1.6,3.4,4.8,1.57,3.6,5.5,1.53,3.5,5.5,44,1.62,1.58,3.85,3.55,6.2,5.52,32,1.9,1.74,2.15,1.98,21,-1,2.16,2.09,1.83,1.77
D1,12/08/06,Schalke 04,Ein Frankfurt,1,1,D,1,0,H,24,8,13,5,17,19,7,5,1,2,0,0,1.44,4,7.5,1.45,4,6.2,1.5,3.75,6.5,1.5,3.8,5.5,1.44,3.6,6.5,1.5,3.75,6,1.44,3.6,6.5,1.5,3.6,6.5,1.45,3.75,6,46,1.53,1.47,4.15,3.79,8,6.53,33,1.82,1.72,2.15,2,23,-1,1.83,1.81,2.1,2.03
D1,12/08/06,Stuttgart,Nurnberg,0,3,A,0,2,A,10,11,8,8,12,24,5,6,1,2,0,0,2,3.2,3.75,1.9,3.3,3.6,1.9,3.3,4,1.8,3.2,4,1.8,3.25,3.75,2,3.25,3.4,1.9,3.1,3.6,2,3.25,3.4,1.9,3.2,3.75,44,2.1,1.91,3.35,3.24,4.16,3.8,31,2.1,1.96,1.85,1.78,20,-0.5,2.16,2.05,1.82,1.77
D1,13/08/06,Hannover,Werder Bremen,2,4,A,1,1,D,14,15,6,8,18,14,2,11,1,3,0,0,4,3.25,1.9,3.75,3.4,1.85,4,3.4,1.85,3.6,3.2,1.9,3.5,3.4,1.83,3.6,3.3,1.91,3.6,3.1,1.9,3.6,3.4,1.91,3.6,3.3,1.85,44,4.15,3.76,3.65,3.34,2,1.87,31,1.7,1.63,2.2,2.12,21,0.5,2.02,1.97,1.94,1.88
D1,13/08/06,Wolfsburg,Hertha,0,0,D,0,0,D,26,10,15,4,30,18,10,5,4,1,0,0,2.2,3.2,2.75,2.55,3.15,2.55,2.5,3.2,2.65,2.4,3.1,2.7,2.4,3.25,2.5,2.4,3.3,2.6,2.37,3.1,2.62,2.25,3.25,2.88,2.4,3.1,2.6,44,2.55,2.46,3.35,3.18,3,2.66,31,2.1,1.93,1.9,1.78,20,0,1.85,1.76,2.16,2.03
D1,18/08/06,Nurnberg,M'gladbach,1,0,H,1,0,H,11,11,7,6,19,20,2,5,2,3,0,0,1.9,3.25,4,1.75,3.4,4.3,1.85,3.3,4.1,1.9,3.2,3.6,1.83,3.2,3.75,1.9,3.25,3.75,1.9,3.1,3.6,1.75,3.4,4.25,1.85,3.2,3.75,42,1.97,1.87,3.4,3.28,4.35,3.91,30,1.87,1.78,2.1,1.94,21,-0.5,2.04,1.97,1.93,1.87
D1,19/08/06,Aachen,Schalke 04,0,1,A,0,0,D,12,11,7,7,33,16,5,4,5,2,0,0,4.33,3.3,1.83,4,3.4,1.8,4.1,3.3,1.85,3.8,3.2,1.85,3.75,3.2,1.83,4,3.25,1.85,3.6,3.1,1.9,4.25,3.4,1.75,4.35,3.2,1.75,45,4.62,4.13,3.6,3.34,1.91,1.8,35,1.92,1.82,2,1.9,23,0.5,2.1,2.01,1.85,1.81
D1,19/08/06,Cottbus,Hamburg,2,2,D,0,1,A,17,15,10,12,17,17,8,8,1,2,0,1,3.75,3.2,2,3.9,3.3,1.85,3.75,3.25,1.95,3.8,3.2,1.85,3.75,3.2,1.83,3.5,3.3,1.95,3.75,3.2,1.83,4,3.25,1.83,3.4,3.25,1.9,45,4,3.69,3.4,3.26,2.05,1.93,35,2.09,1.94,1.85,1.78,24,0.5,1.92,1.86,2.05,1.98
D1,19/08/06,Dortmund,Mainz,1,1,D,0,0,D,17,6,10,4,18,30,7,3,2,1,0,0,1.61,3.6,5.5,1.5,3.9,5.6,1.6,3.6,5.5,1.55,3.7,5,1.53,3.5,5.5,1.6,3.6,5,1.61,3.3,5,1.53,3.6,6,1.6,3.25,5,46,1.67,1.59,3.85,3.57,6.5,5.47,35,1.85,1.76,2.15,1.95,24,-0.75,1.88,1.83,2.09,2.02
D1,19/08/06,Ein Frankfurt,Wolfsburg,0,0,D,0,0,D,19,8,9,5,24,31,10,1,5,2,1,0,2,3.2,3.75,1.9,3.2,3.85,2,3.3,3.5,2,3.2,3.3,1.91,3.25,3.4,2.15,3.2,3.1,1.95,3.1,3.5,2.1,3.2,3.2,1.9,3.2,3.5,46,2.15,2.02,3.35,3.22,3.9,3.48,35,2.05,1.89,1.9,1.83,25,-0.25,1.85,1.8,2.1,2.04
D1,19/08/06,Hertha,Hannover,4,0,H,2,0,H,11,5,9,1,11,18,2,2,1,2,0,1,1.83,3.3,4.33,1.8,3.2,4.3,1.8,3.25,4.4,1.8,3.2,4,1.62,3.5,4.5,1.75,3.25,4.5,1.72,3.1,4.5,1.7,3.5,4.5,1.7,3.25,4.35,46,1.88,1.79,3.5,3.31,4.85,4.27,35,1.98,1.87,1.98,1.85,23,-0.5,1.9,1.86,2.05,1.98
D1,19/08/06,Werder Bremen,Leverkusen,2,1,H,1,1,D,19,21,10,9,20,18,8,13,3,2,0,0,1.66,3.6,5,1.6,3.6,5,1.62,3.5,5.5,1.6,3.6,4.8,1.57,3.5,5,1.65,3.5,4.75,1.66,3.1,5,1.53,3.75,5.5,1.6,3.3,5,44,1.7,1.62,3.8,3.55,5.6,5.11,35,1.55,1.5,2.5,2.37,24,-0.75,1.83,1.8,2.1,2.03
D1,20/08/06,Bielefeld,Stuttgart,2,3,A,0,1,A,15,13,9,9,16,25,4,7,1,1,0,2,2.37,3.25,3,2.55,3,2.65,2.45,3.2,2.7,2.5,3.1,2.6,2.38,3.2,2.6,2.45,3.25,2.6,2.37,3.1,2.62,2.2,3.25,3,2.4,3.1,2.6,45,2.6,2.42,3.32,3.19,3,2.73,32,2.13,1.97,1.81,1.75,21,0,1.83,1.76,2.13,2.02
D1,20/08/06,Bochum,Bayern Munich,1,2,A,0,1,A,6,21,4,13,23,25,2,4,1,2,0,0,5.5,3.8,1.57,5.25,3.5,1.6,5.5,3.6,1.6,4.8,3.6,1.6,5.5,3.5,1.53,4.75,3.5,1.65,5.5,3.3,1.57,5.75,3.6,1.53,5,3.6,1.55,44,6,5.23,4,3.58,1.7,1.6,32,1.85,1.73,2.07,1.97,22,0.75,2.08,2.03,1.86,1.8
D1,25/08/06,Schalke 04,Werder Bremen,2,0,H,1,0,H,12,8,9,6,23,22,7,10,3,3,0,0,2.5,3.1,2.8,2.45,3.15,2.65,2.45,3.25,2.75,2.4,3.2,2.6,2.37,3.2,2.6,2.5,3.3,2.5,2.37,3,2.7,2.25,3.25,2.88,2.35,3,2.7,46,2.6,2.46,3.4,3.2,2.8,2.68,30,1.81,1.66,2.25,2.09,21,0,1.88,1.83,2.12,1.97
D1,26/08/06,Bayern Munich,Nurnberg,0,0,D,0,0,D,19,9,10,2,12,18,14,4,2,1,0,0,1.4,4.33,7.5,1.35,4.5,7.2,1.33,4.75,8.5,1.35,4.2,7.5,1.33,4,8,1.3,4.75,8.5,1.33,4,8,1.25,5,9.5,1.4,3.6,8,45,1.41,1.34,5,4.44,9.9,8.16,31,1.67,1.6,2.35,2.18,22,-1.25,2.02,1.94,2,1.91
D1,26/08/06,Bochum,Cottbus,0,1,A,0,0,D,21,12,8,5,25,20,9,2,2,6,0,0,1.83,3.3,4.33,1.85,3.35,3.8,1.85,3.3,4.25,1.85,3.2,3.8,1.83,3.25,3.6,1.9,3.25,3.75,1.95,3.1,3.5,1.8,3.25,4.2,1.8,3.25,3.8,46,1.95,1.85,3.5,3.32,4.55,4,33,2,1.88,2,1.84,24,-0.5,1.91,1.86,2.08,1.98
D1,26/08/06,Hannover,Aachen,0,3,A,0,1,A,8,5,4,3,7,14,6,1,1,1,0,0,1.72,3.5,4.75,1.7,3.4,4.6,1.75,3.4,4.65,1.7,3.4,4.3,1.72,3.2,4.33,1.75,3.4,4.2,1.83,3,4,1.62,3.5,5,1.65,3.25,4.5,47,1.84,1.73,3.6,3.4,5,4.54,33,1.82,1.74,2.1,1.98,23,-0.75,2.06,2.01,1.88,1.84
D1,26/08/06,Leverkusen,Wolfsburg,1,1,D,0,0,D,17,15,9,5,18,19,8,6,0,1,1,0,1.5,4,6,1.5,3.75,6,1.5,3.9,6.3,1.55,3.7,5,1.44,3.75,6,1.5,3.75,6,1.5,3.4,6,1.44,3.9,6.5,1.45,3.5,6.5,43,1.56,1.49,4.3,3.83,7,6.16,31,1.73,1.62,2.25,2.14,23,-1,1.9,1.82,2.15,2
D1,26/08/06,M'gladbach,Bielefeld,1,0,H,0,0,D,9,8,5,3,13,10,5,4,0,1,0,0,1.66,3.6,5,1.65,3.5,4.75,1.73,3.4,4.75,1.75,3.3,4.2,1.66,3.4,4.33,1.75,3.4,4.2,1.7,3.2,4.5,1.57,3.5,5.5,1.7,3.2,4.5,45,1.8,1.72,3.6,3.39,5.5,4.65,33,2.05,1.89,1.9,1.83,23,-0.75,2.03,2,1.92,1.84
D1,26/08/06,Stuttgart,Dortmund,1,3,A,1,2,A,22,9,13,4,18,30,12,6,3,2,0,0,2.3,3.1,3.1,2.3,3.2,2.85,2.25,3.25,3.05,2.2,3.1,3,2.2,3.25,2.75,2.1,3.2,3.2,2.1,3.1,3.1,2.1,3.2,3.25,2.2,3.1,2.9,46,2.4,2.27,3.3,3.18,3.25,2.96,32,2,1.92,1.9,1.79,24,-0.25,2.07,2,1.9,1.86
D1,27/08/06,Hamburg,Hertha,1,1,D,1,0,H,29,13,11,12,19,20,7,9,3,3,1,1,1.9,3.25,4,1.7,3.4,4.6,1.9,3.3,4,1.7,3.4,4.3,1.8,3.3,3.75,1.9,3.25,3.75,1.83,3,4,1.73,3.4,4.33,1.75,3.2,4.35,46,2,1.88,3.4,3.25,4.35,3.94,32,2,1.87,1.98,1.84,24,-0.5,2.03,1.97,1.9,1.87
D1,27/08/06,Mainz,Ein Frankfurt,1,1,D,0,1,A,13,10,8,4,25,28,5,5,4,0,0,2,2.1,3.25,3.4,2,3.25,3.4,2.1,3.25,3.4,2.2,3.1,3,2.1,3.2,3,2.2,3.1,3.1,2.05,3,3.3,2.25,3,3.1,2.1,3.1,3.1,44,2.25,2.13,3.32,3.2,3.6,3.24,33,2,1.86,2,1.86,24,-0.25,1.93,1.9,2.02,1.95
D1,15/09/06,Wolfsburg,Hannover,1,2,A,0,0,D,9,11,3,5,27,25,3,3,2,0,0,0,1.9,3.25,4,1.85,3.35,3.8,1.95,3.3,3.75,1.9,3.2,3.6,1.8,3.25,3.75,1.9,3.25,3.75,1.83,3,4,1.73,3.4,4.33,1.85,3.2,3.75,47,2,1.88,3.5,3.27,4.35,3.87,34,2.05,1.88,1.93,1.83,17,-0.5,2.05,1.98,1.92,1.88
D1,16/09/06,Aachen,M'gladbach,4,2,H,2,0,H,14,12,9,7,23,12,3,5,3,2,0,0,2.4,3.25,2.8,2.55,3.15,2.55,2.45,3.2,2.8,2.4,3.1,2.7,2.38,3.2,2.6,2.4,3.15,2.7,2.5,2.9,2.62,2.38,3.4,2.6,2.4,3.1,2.6,45,2.6,2.42,3.4,3.2,3.05,2.7,31,1.98,1.87,1.95,1.81,19,0,1.83,1.78,2.18,2.01
D1,16/09/06,Bielefeld,Bayern Munich,2,1,H,1,1,D,11,15,6,9,25,12,2,11,3,1,0,0,5.5,3.8,1.57,5.4,3.7,1.55,5.7,3.6,1.6,4.8,3.6,1.6,5.5,3.5,1.53,5.5,3.6,1.55,5.5,3.5,1.53,6,3.4,1.57,5,3.5,1.55,45,6.3,5.65,3.87,3.59,1.62,1.56,31,1.9,1.76,2.2,1.91,18,0.75,2.21,2.11,1.88,1.77
D1,16/09/06,Cottbus,Mainz,2,0,H,0,0,D,10,5,6,2,20,23,3,2,2,1,0,0,2.3,3.25,3,2.25,3.2,2.9,2.25,3.2,3.1,2.3,3.1,2.8,2.2,3.25,2.75,2.25,3.25,2.85,2.2,3,3,2.25,3.25,2.88,2.25,3.2,2.7,46,2.3,2.24,3.3,3.21,3.4,2.98,31,1.99,1.88,1.92,1.83,19,-0.25,2.08,1.98,1.94,1.89
D1,16/09/06,Dortmund,Hamburg,1,0,H,0,0,D,19,15,7,10,12,23,11,4,2,1,0,0,2.2,3.2,3.25,2.3,3.25,2.8,2.15,3.25,3.25,2.3,3.1,2.8,2.1,3.2,3,2.1,3.3,3.1,2.25,3,2.87,2.25,3.25,2.88,2.2,3.1,2.9,46,2.3,2.2,3.31,3.21,3.5,3.05,31,1.9,1.81,2.02,1.87,19,-0.25,1.96,1.87,2.06,1.99
D1,16/09/06,Nurnberg,Bochum,1,1,D,1,1,D,22,4,13,4,8,10,8,2,0,0,0,0,1.61,3.6,5.5,1.5,3.75,5.95,1.62,3.5,5.7,1.65,3.5,4.5,1.62,3.5,4.5,1.6,3.6,5,1.61,3.1,5.5,1.53,3.6,6,1.55,3.5,5,45,1.66,1.61,3.78,3.53,6,5.33,30,1.87,1.76,2.15,1.93,17,-0.75,1.93,1.89,2,1.97
D1,16/09/06,Werder Bremen,Stuttgart,2,3,A,2,1,H,17,21,9,12,12,21,8,5,2,3,0,0,1.57,3.5,6.5,1.45,3.85,6.65,1.55,3.7,6,1.55,3.7,5,1.53,3.5,5.5,1.55,3.5,5.75,1.57,3.3,5.5,1.5,3.6,6.5,1.5,3.6,5.5,46,1.65,1.54,3.96,3.62,6.8,5.9,31,1.62,1.54,2.45,2.24,19,-1,2,1.95,2,1.88
D1,17/09/06,Ein Frankfurt,Leverkusen,3,1,H,0,0,D,16,19,8,12,19,22,4,6,3,4,0,0,2.87,3.25,2.37,2.8,3.25,2.3,2.75,3.25,2.45,2.7,3.1,2.4,2.6,3.2,2.38,2.7,3.2,2.4,2.5,3.1,2.5,2.6,3.2,2.5,2.6,3.1,2.35,45,2.9,2.71,3.4,3.21,2.65,2.41,31,1.8,1.71,2.2,1.99,19,0,2.2,2.01,1.84,1.78
D1,17/09/06,Hertha,Schalke 04,2,0,H,1,0,H,10,14,5,8,19,17,5,8,1,3,0,0,2.4,3.25,2.8,2.55,3.15,2.55,2.55,3.2,2.65,2.55,3.1,2.55,2.38,3.2,2.6,2.45,3.25,2.6,2.37,3,2.7,2.5,3.2,2.6,2.4,3.1,2.6,45,2.6,2.48,3.35,3.19,2.8,2.63,32,2.04,1.93,1.9,1.79,19,0,1.9,1.83,2.05,1.96
D1,22/09/06,M'gladbach,Dortmund,1,0,H,1,0,H,9,8,5,3,22,26,5,8,2,3,0,0,2.37,3.25,2.87,2.4,3.2,2.7,2.45,3.25,2.75,2.4,3.1,2.7,2.4,3.25,2.5,2.4,3.2,2.7,2.37,3,2.7,2.2,3.25,3,2.35,3.1,2.65,38,2.6,2.42,3.3,3.19,2.9,2.74,33,2.09,1.93,1.85,1.79,18,0,1.83,1.77,2.12,2.02
D1,23/09/06,Bayern Munich,Aachen,2,1,H,1,1,D,21,6,13,5,11,23,9,4,2,3,0,0,1.22,5.5,13,1.2,5.8,10.5,1.23,5.5,12,1.22,5,10,1.2,5,11,1.2,5.5,12,1.22,5,9.5,1.17,6,13,1.22,4.8,11,42,1.25,1.2,6.5,5.56,15.5,11.87,30,1.6,1.54,2.38,2.25,16,-1.5,1.83,1.79,2.1,2.03
D1,23/09/06,Hamburg,Werder Bremen,1,1,D,0,0,D,10,14,4,7,22,25,3,7,2,3,1,0,2.6,3.25,2.6,2.55,3.15,2.55,2.5,3.25,2.7,2.6,3,2.6,2.4,3.25,2.5,2.7,3.2,2.4,2.4,2.9,2.75,2.4,3.2,2.7,2.5,3.2,2.5,42,2.89,2.54,3.37,3.19,2.8,2.59,30,1.8,1.71,2.12,1.99,18,0,2.02,1.92,1.91,1.86
D1,23/09/06,Hannover,Leverkusen,1,1,D,0,1,A,16,12,8,6,20,15,12,3,2,0,0,0,2.5,3.25,2.7,2.55,3.15,2.55,2.45,3.3,2.7,2.5,3.2,2.5,2.5,3.25,2.4,2.55,3.25,2.5,2.75,2.9,2.4,2.38,3.4,2.62,2.4,3.2,2.5,41,2.7,2.52,3.4,3.22,2.8,2.58,30,1.72,1.64,2.25,2.1,18,0,2,1.9,1.95,1.88
D1,23/09/06,Mainz,Hertha,1,1,D,0,0,D,17,12,11,9,17,16,3,3,1,1,0,0,2.37,3.2,2.9,2.55,3.15,2.55,2.5,3.25,2.7,2.4,3.1,2.7,2.6,3.2,2.37,2.55,3.15,2.55,2.62,2.9,2.5,2.5,3.2,2.6,2.5,3.1,2.5,42,2.65,2.45,3.3,3.19,2.9,2.67,29,2.02,1.9,1.89,1.81,18,0,1.83,1.77,2.14,2.01
D1,23/09/06,Schalke 04,Wolfsburg,2,0,H,0,0,D,23,10,12,5,12,25,7,4,3,2,0,0,1.4,4.33,7.5,1.4,4.1,7,1.45,4,7.2,1.5,3.8,5.5,1.4,3.75,7,1.45,3.75,7,1.44,3.5,7,1.44,3.75,7,1.45,3.6,6.5,42,1.5,1.43,4.33,3.91,8,7.1,29,2,1.86,2,1.85,19,-1,1.9,1.85,2.07,1.97
D1,23/09/06,Stuttgart,Ein Frankfurt,1,1,D,0,0,D,21,12,10,5,17,11,8,7,0,1,0,0,1.83,3.3,4.33,1.9,3.25,3.6,1.87,3.3,4.1,1.85,3.2,3.8,1.8,3.2,4,1.85,3.25,4,1.8,3.1,4,1.91,3.2,3.75,1.8,3.25,3.75,40,1.91,1.83,3.42,3.31,4.33,4.04,29,1.85,1.75,2.1,1.93,16,-0.5,1.91,1.88,2.02,1.98
D1,24/09/06,Bochum,Bielefeld,2,1,H,0,1,A,13,17,7,12,21,18,2,5,2,1,0,0,2.1,3.25,3.4,2,3.25,3.4,2.05,3.3,3.45,2.1,3.1,3.2,1.9,3.25,3.4,2.1,3.2,3.2,2.1,3,3.2,1.91,3.4,3.6,2.2,3.1,2.9,42,2.2,2.05,3.4,3.24,3.7,3.34,29,2.1,1.94,1.86,1.77,19,-0.25,1.83,1.8,2.13,2.05
D1,24/09/06,Cottbus,Nurnberg,1,1,D,0,1,A,12,18,5,12,23,19,6,5,2,2,0,0,2.4,3.25,2.8,2.55,3.15,2.55,2.5,3.25,2.7,2.4,3.1,2.7,2.25,3.2,2.75,2.4,3.2,2.7,2.37,3,2.7,2.4,3.2,2.7,2.3,3.2,2.65,39,2.65,2.45,3.3,3.2,2.95,2.67,28,2.04,1.9,1.9,1.81,16,0,1.82,1.78,2.13,1.99
D1,29/09/06,Dortmund,Hannover,2,2,D,1,0,H,13,17,9,8,20,15,3,4,2,2,0,0,1.61,3.6,5.5,1.55,3.7,5.4,1.6,3.6,5.5,1.65,3.5,4.5,1.53,3.5,5.5,1.6,3.6,5,1.61,3.3,5,1.62,3.5,5,1.55,3.5,5,44,1.7,1.62,3.7,3.52,5.75,5.27,34,2,1.87,1.92,1.85,18,-0.75,1.95,1.91,2,1.94
D1,30/09/06,Aachen,Bochum,2,1,H,0,1,A,12,21,8,11,21,14,2,6,3,2,0,0,1.95,3.2,4,1.9,3.25,3.75,1.95,3.3,3.8,2,3.2,3.3,1.91,3.2,3.5,2,3.25,3.4,1.95,3.1,3.5,2,3.25,3.4,1.85,3.2,3.75,43,2.05,1.95,3.35,3.26,4.1,3.65,29,1.85,1.78,2.15,1.92,20,-0.5,2.02,1.99,1.94,1.86
D1,30/09/06,Bielefeld,Cottbus,3,1,H,0,1,A,10,11,5,8,16,27,2,4,2,2,0,0,2,3.2,3.75,2,3.25,3.4,2,3.3,3.6,2.1,3.1,3.2,2,3.2,3.2,2,3.25,3.4,2,3,3.4,1.83,3.25,4,2,3.25,3.25,43,2.1,1.99,3.3,3.24,4,3.53,29,2.11,1.95,1.83,1.76,20,-0.5,2.07,2.04,1.88,1.81
D1,30/09/06,Ein Frankfurt,Hamburg,2,2,D,1,0,H,14,9,8,8,21,20,4,1,0,3,0,0,2.5,3.2,2.75,2.55,3.15,2.55,2.55,3.2,2.65,2.55,3.1,2.55,2.38,3.2,2.6,2.55,3.2,2.55,2.5,2.9,2.62,2.38,3.1,2.8,2.4,3.1,2.6,43,2.63,2.51,3.3,3.19,2.75,2.61,29,2.21,1.99,1.9,1.74,18,0,1.85,1.8,2.14,1.97
D1,30/09/06,Nurnberg,Mainz,1,1,D,1,0,H,11,11,5,7,19,18,4,3,2,1,1,0,1.66,3.4,5.5,1.7,3.45,4.5,1.7,3.5,4.8,1.75,3.3,4.2,1.67,3.4,4.33,1.65,3.4,5,1.72,3.1,4.5,1.62,3.5,5,1.65,3.25,5,42,1.75,1.67,3.65,3.45,5.7,4.92,28,2.02,1.87,1.9,1.84,18,-0.75,2,1.95,1.97,1.9
D1,30/09/06,Werder Bremen,M'gladbach,3,0,H,3,0,H,12,7,6,4,18,15,5,3,1,3,0,0,1.4,4.33,7.5,1.45,3.85,6.5,1.45,4,7,1.45,3.9,6,1.44,3.6,6.5,1.4,4,7.5,1.5,3.4,6,1.5,3.75,6,1.5,3.6,5.5,43,1.5,1.44,4.33,3.88,8.5,6.93,29,1.7,1.58,2.45,2.21,19,-1.25,1.9,1.86,2.04,1.98
D1,30/09/06,Wolfsburg,Bayern Munich,1,0,H,1,0,H,7,17,1,10,18,12,2,7,2,1,0,0,5.5,3.6,1.61,5.25,3.5,1.6,5.25,3.6,1.65,4.5,3.5,1.65,5,3.25,1.62,5,3.6,1.6,5.5,3.5,1.53,5,3.33,1.67,5.5,3.25,1.55,43,6.3,5.26,3.7,3.49,1.65,1.62,29,2.01,1.88,1.93,1.83,18,0.75,2.17,2.11,1.79,1.75
D1,01/10/06,Hertha,Stuttgart,2,2,D,2,1,H,17,18,11,9,21,22,6,2,2,3,0,0,2.2,3.2,3.4,2,3.25,3.4,2,3.3,3.6,2,3.2,3.3,1.91,3.2,3.5,2,3.25,3.4,1.95,3.1,3.5,1.91,3.25,3.75,2,3.25,3.25,42,2.25,2.06,3.3,3.22,3.65,3.37,29,2.13,1.93,1.9,1.78,20,-0.25,1.97,1.91,2.02,1.94
D1,01/10/06,Leverkusen,Schalke 04,3,1,H,1,1,D,21,12,12,6,27,25,5,10,4,1,0,0,2.4,3.2,2.87,2.45,3.15,2.65,2.4,3.2,2.9,2.4,3.1,2.7,2.5,3.2,2.5,2.38,3.3,2.65,2.5,2.9,2.62,2.5,3.2,2.6,2.35,3.2,2.6,41,2.55,2.41,3.39,3.21,3.2,2.75,29,1.93,1.81,2.05,1.9,19,0,1.8,1.73,2.21,2.04
D1,13/10/06,Mainz,Aachen,1,3,A,1,2,A,23,10,10,6,7,13,7,4,2,5,0,0,2.05,3.25,3.5,1.9,3.3,3.7,1.95,3.25,3.75,2,3.2,3.3,1.9,3.2,3.5,2,3.2,3.45,2,3,3.4,1.83,3.4,3.8,2,3.1,3.3,42,2.1,1.97,3.4,3.24,4,3.61,33,2.01,1.89,1.91,1.83,21,-0.5,2.13,2.06,1.9,1.79
D1,14/10/06,Bayern Munich,Hertha,4,2,H,2,0,H,16,12,10,5,7,15,4,5,1,3,0,0,1.44,4,7.5,1.45,3.9,6.5,1.45,4,7,1.45,3.9,6,1.44,3.6,6.5,1.45,4,6.25,1.5,3.3,6.5,1.5,3.4,7,1.45,3.6,6.5,42,1.5,1.44,4.2,3.81,9,7.21,30,1.91,1.8,2,1.91,19,-1,1.82,1.77,2.15,2.01
D1,14/10/06,Bochum,Werder Bremen,0,6,A,0,1,A,12,27,4,16,17,20,3,6,2,1,0,0,4.75,3.5,1.72,4.25,3.4,1.75,4.5,3.3,1.8,3.8,3.2,1.85,3.75,3.25,1.8,4.35,3.3,1.75,4,3.1,1.8,4,3.4,1.8,4.5,3.25,1.65,42,4.75,4.33,3.55,3.35,1.85,1.77,30,2.25,1.62,2.3,2.17,19,0.5,2.1,2.04,1.85,1.81
D1,14/10/06,Hamburg,Schalke 04,1,2,A,1,1,D,9,10,8,7,32,27,8,2,2,2,1,0,2.3,3.1,3.1,2.3,3.1,2.9,2.35,3.25,2.9,2.5,3,2.7,2.4,3.25,2.5,2.3,3.25,2.8,2.25,3,2.87,2.38,3,2.88,2.3,3.1,2.7,42,2.5,2.34,3.44,3.17,3.3,2.87,30,2.14,2.01,1.81,1.73,19,0,1.8,1.7,2.23,2.09
D1,14/10/06,Hannover,Ein Frankfurt,1,1,D,1,0,H,14,8,8,3,19,21,7,6,0,1,0,0,2.1,3.2,3.5,2.1,3.15,3.25,2.1,3.2,3.5,2.1,3.1,3.2,2.1,3.2,3,2.2,3.2,3,2.2,3,3,2,3.2,3.5,2.1,3,3.2,42,2.2,2.1,3.35,3.19,3.6,3.3,30,2.02,1.88,1.95,1.84,20,-0.25,1.92,1.85,2.05,2.01
D1,14/10/06,M'gladbach,Wolfsburg,3,1,H,2,1,H,11,11,8,6,19,26,5,3,1,2,0,0,1.83,3.3,4.33,1.7,3.4,4.6,1.85,3.3,4.25,1.85,3.2,3.8,1.8,3.2,4,1.7,3.3,4.75,1.8,3.1,4,1.83,3.25,4,1.75,3.1,4.35,39,1.95,1.81,3.4,3.28,4.75,4.23,30,2.18,2.04,1.78,1.7,19,-0.5,1.95,1.88,2.05,1.98
D1,14/10/06,Stuttgart,Leverkusen,3,0,H,1,0,H,24,4,16,2,19,14,5,3,0,2,0,1,2.37,3.25,2.87,2.25,3.15,2.95,2.3,3.2,3,2.3,3.1,2.8,2.2,3.25,2.75,2.25,3.25,2.85,2.25,3,2.87,2.25,3.25,2.88,2.25,3.1,2.8,41,2.4,2.29,3.35,3.22,3.2,2.9,30,2.1,1.73,2.1,1.99,19,-0.25,2.15,2.06,1.83,1.81
D1,15/10/06,Cottbus,Dortmund,2,3,A,1,1,D,18,9,8,7,32,19,7,2,5,3,0,0,2.87,3.25,2.37,2.8,3.2,2.35,2.8,3.2,2.45,2.55,3.1,2.55,2.6,3.2,2.37,2.8,3.3,2.25,2.9,2.9,2.3,2.6,3.2,2.5,2.75,3.1,2.25,38,3.1,2.79,3.3,3.19,2.55,2.37,29,2.07,1.94,1.86,1.79,19,0,2.27,2.06,1.8,1.71
D1,15/10/06,Nurnberg,Bielefeld,1,1,D,1,1,D,23,7,11,6,7,11,11,3,2,1,0,0,1.72,3.4,5,1.65,3.4,5,1.7,3.4,5,1.75,3.3,4.2,1.66,3.25,4.5,1.75,3.3,4.35,1.66,3.1,5,1.6,3.4,5.5,1.75,3.2,4.35,38,1.8,1.71,3.5,3.36,5.5,4.73,28,2.01,1.9,1.94,1.82,19,-0.75,2.14,2.05,1.9,1.81
D1,20/10/06,Dortmund,Bochum,1,1,D,1,1,D,18,16,7,6,8,19,4,1,1,1,0,0,1.44,4,7.5,1.45,3.9,6.5,1.45,4,7,1.5,3.8,5.5,1.4,3.75,7,1.4,3.9,7.5,1.44,3.5,7,1.5,3.6,6.5,1.45,3.6,6.5,45,1.51,1.46,4.12,3.82,7.5,6.87,31,1.8,1.7,2.25,2.03,20,-1,1.92,1.86,2.01,1.95
D1,21/10/06,Aachen,Cottbus,1,2,A,1,0,H,16,15,12,6,23,22,6,0,2,3,0,0,1.83,3.3,4.33,1.7,3.4,4.6,1.8,3.3,4.5,1.8,3.2,4,1.8,3.25,3.75,1.8,3.4,4,1.83,3,4,1.83,3.5,3.75,1.75,3.3,4.5,45,1.85,1.79,3.45,3.31,5,4.27,28,1.91,1.79,2.05,1.93,17,-0.5,1.85,1.83,2.08,2.03
D1,21/10/06,Bielefeld,Mainz,1,0,H,0,0,D,16,14,5,6,10,20,3,2,2,3,0,0,2,3.3,3.6,2.15,3.2,3.1,2.1,3.2,3.4,2.1,3,3.3,2,3.2,3.2,2.1,3.2,3.2,2.05,2.9,3.4,1.83,3.5,3.75,2,3.1,3.4,44,2.2,2.05,3.5,3.24,3.75,3.39,27,2.14,1.91,2.05,1.79,19,0,1.6,1.49,2.62,2.42
D1,21/10/06,Hertha,M'gladbach,2,1,H,0,0,D,18,7,13,4,16,21,5,2,0,1,0,0,1.72,3.5,4.75,1.6,3.6,5,1.7,3.4,5,1.7,3.3,4.5,1.72,3.2,4.33,1.7,3.4,4.5,1.7,3.2,4.5,1.73,3.5,4.25,1.65,3.4,4.5,42,1.78,1.69,3.7,3.43,5.6,4.72,24,1.98,1.85,2.05,1.86,16,-0.75,2.02,1.98,1.9,1.87
D1,21/10/06,Schalke 04,Hannover,2,1,H,2,0,H,8,4,4,2,24,26,3,2,3,4,0,0,1.44,4,7.5,1.5,3.75,6,1.47,3.75,6.75,1.5,3.8,5.5,1.4,3.75,7,1.5,3.75,6,1.5,3.3,6.5,1.5,3.75,6,1.4,3.8,7,45,1.55,1.47,4,3.78,7.5,6.66,27,1.83,1.73,2.13,1.97,18,-1,1.9,1.86,2,1.95
D1,21/10/06,Werder Bremen,Bayern Munich,3,1,H,2,1,H,15,13,8,7,14,23,7,4,1,2,0,0,2.4,3.2,2.87,2.4,3.2,2.7,2.4,3.2,2.8,2.4,3.1,2.7,2.4,3.25,2.5,2.38,3.25,2.7,2.37,3,2.7,2.2,3.2,3,2.35,3.1,2.75,44,2.55,2.4,3.5,3.19,3.15,2.77,28,1.83,1.74,2.15,1.98,19,0,1.78,1.71,2.15,2.05
D1,21/10/06,Wolfsburg,Stuttgart,1,1,D,1,1,D,13,11,7,5,12,16,4,11,1,0,0,0,2.5,3.2,2.75,2.6,3.15,2.5,2.5,3.2,2.7,2.55,3.1,2.55,2.5,3.25,2.4,2.4,3.25,2.65,2.62,2.9,2.5,2.38,3.2,2.75,2.35,3,2.75,43,2.63,2.5,3.3,3.18,2.85,2.63,27,2.12,1.89,1.87,1.81,19,0,1.87,1.82,2.05,1.94
D1,22/10/06,Ein Frankfurt,Nurnberg,2,2,D,1,1,D,17,11,8,7,15,18,5,1,0,3,0,0,2.3,3.25,3,2.2,3,3.2,2.2,3.2,3.2,2.2,3,3.1,2.1,3.2,3,2.25,3.2,2.9,2.25,2.8,3.1,2.38,3.2,2.75,2.25,3.25,2.75,43,2.35,2.25,3.25,3.15,3.3,3.01,27,2.07,1.92,1.86,1.79,18,0,1.76,1.65,2.17,2.1
D1,22/10/06,Leverkusen,Hamburg,1,2,A,1,0,H,13,14,2,9,16,21,8,4,1,1,0,0,2,3.2,3.75,2.1,3.1,3.3,2,3.2,3.7,2.1,3.2,3.1,1.83,3.25,3.6,1.91,3.25,3.75,2,3,3.4,1.83,3.4,3.8,2,3.25,3.25,14,2.1,2.02,3.35,3.23,3.85,3.53,6,1.86,1.77,2.07,1.99,5,0,1.52,1.46,2.75,2.55
D1,27/10/06,Mainz,Werder Bremen,1,6,A,0,3,A,15,16,9,12,21,19,4,3,1,0,0,0,5.5,3.6,1.61,5,3.6,1.6,6.25,3.6,1.57,4.5,3.5,1.65,5.5,3.25,1.57,5,3.4,1.65,5,3.3,1.61,5.5,3.6,1.57,5,3.3,1.6,46,6.25,5.29,4,3.54,1.67,1.6,35,2.3,1.64,2.3,2.15,19,0.75,2.15,2.11,1.81,1.77
D1,28/10/06,Bayern Munich,Ein Frankfurt,2,0,H,2,0,H,19,12,12,8,15,13,5,3,0,0,0,1,1.28,5,10,1.25,5,10,1.27,5,10,1.3,4.4,8.5,1.28,4.33,9,1.3,4.5,9,1.28,4,10,1.25,4.75,11,1.3,4.35,8,48,1.33,1.27,5.5,4.7,12.15,10.13,35,1.7,1.58,2.35,2.18,21,-1.5,2.05,2,1.92,1.85
D1,28/10/06,Bochum,Wolfsburg,0,1,A,0,1,A,20,17,13,8,14,19,12,3,2,2,1,0,2.25,3.2,3.1,2.25,3.2,2.9,2.2,3.25,3.1,2.2,3.1,3,2.2,3.2,2.8,2.2,3.25,2.95,2.25,3,2.87,2.2,3,3.2,2.1,3.1,3.1,48,2.3,2.19,3.3,3.21,3.4,3.06,34,1.99,1.88,1.93,1.83,22,-0.25,1.95,1.9,2.04,1.96
D1,28/10/06,Cottbus,Hertha,2,0,H,0,0,D,19,11,7,4,22,21,6,1,2,4,0,1,2.9,3.2,2.37,2.85,3.2,2.3,2.9,3.2,2.4,2.7,3.1,2.4,2.6,3.2,2.37,2.65,3.25,2.4,2.8,2.9,2.37,2.6,3.2,2.5,2.7,3.1,2.35,48,3.05,2.82,3.3,3.17,2.5,2.36,34,2,1.85,1.94,1.86,21,0,2.2,2.1,1.75,1.71
D1,28/10/06,Hamburg,Hannover,0,0,D,0,0,D,19,12,11,4,25,14,7,4,1,0,0,0,1.66,3.6,5,1.65,3.5,4.8,1.65,3.6,5,1.7,3.3,4.5,1.66,3.4,4.33,1.6,3.6,5,1.61,3.3,5,1.73,3.4,4.5,1.65,3.25,4.5,48,1.76,1.67,3.77,3.43,6,4.89,35,1.8,1.7,2.17,1.99,20,-0.75,2,1.96,1.96,1.9
D1,28/10/06,M'gladbach,Leverkusen,0,2,A,0,1,A,14,12,8,8,12,19,10,7,0,1,0,0,2.25,3.2,3.1,2.1,3.15,3.25,2.25,3.2,3.1,2.2,3.1,3,2.1,3.2,3,2.3,3.25,2.8,2.1,3,3.2,2.2,3,3.2,2.25,3.1,2.8,47,2.4,2.23,3.3,3.18,3.4,3.03,35,1.88,1.79,2.05,1.92,22,-0.25,2.1,2.04,1.88,1.82
D1,28/10/06,Nurnberg,Dortmund,1,1,D,0,0,D,14,10,9,5,18,23,4,7,1,1,0,0,2.4,3.2,2.87,2.4,3,2.85,2.4,3.2,2.9,2.5,3,2.7,2.37,3.2,2.6,2.4,3.2,2.7,2.3,2.9,2.9,2.1,3.2,3.2,2.35,2.9,2.8,47,2.5,2.37,3.25,3.13,3.15,2.82,33,1.95,1.83,1.98,1.88,22,0,1.8,1.71,2.29,2.11
D1,29/10/06,Bielefeld,Aachen,5,1,H,2,0,H,19,9,13,3,7,17,4,3,0,3,0,0,2.1,3.3,3.3,2.1,3.2,3.2,2.1,3.2,3.4,2.1,3.2,3.1,2,3.2,3.2,2.1,3.25,3.15,2,3,3.4,1.83,3.4,3.8,2,3.2,3.25,47,2.15,2.06,3.35,3.22,3.75,3.33,34,1.87,1.75,2.12,1.93,22,-0.25,1.92,1.86,2.05,2
D1,29/10/06,Stuttgart,Schalke 04,3,0,H,1,0,H,18,16,10,9,24,11,6,7,2,5,0,0,2.4,3.2,2.87,2.45,3.1,2.7,2.35,3.2,3,2.4,3.1,2.7,2.25,3.2,2.75,2.25,3.25,2.88,2.4,2.9,2.75,2.5,3.2,2.6,2.4,3.1,2.65,47,2.55,2.39,3.3,3.16,3.05,2.77,34,1.98,1.84,1.95,1.87,20,0,1.8,1.7,2.23,2.09
D1,03/11/06,Hannover,Bochum,0,2,A,0,1,A,8,8,4,5,15,18,6,2,2,2,0,0,1.8,3.4,4.33,1.8,3.35,4.05,1.85,3.3,4.2,1.8,3.2,4,1.8,3.2,4,1.9,3.25,3.75,1.83,3,4,1.8,3.25,4,1.8,3.25,3.75,46,2,1.84,3.4,3.27,4.45,4.01,33,2.04,1.85,1.96,1.88,23,-0.5,2.04,1.97,1.98,1.88
D1,04/11/06,Aachen,Stuttgart,2,4,A,1,2,A,15,16,7,9,22,25,3,6,1,3,0,0,2.87,3.25,2.37,2.9,3.2,2.25,2.85,3.25,2.35,2.6,3.1,2.5,2.75,3.2,2.25,2.62,3.3,2.4,2.8,3,2.3,2.8,3.33,2.25,2.7,3,2.35,43,3.05,2.8,3.3,3.19,2.5,2.33,30,1.75,1.66,2.25,2.07,22,0.25,1.92,1.87,2.05,2
D1,04/11/06,Dortmund,Bielefeld,1,1,D,0,0,D,16,7,11,5,16,20,10,3,1,2,0,1,1.66,3.6,5,1.6,3.45,5.35,1.68,3.5,5,1.65,3.5,4.5,1.62,3.5,4.5,1.7,3.4,4.5,1.7,3.2,4.5,1.62,3.3,5.5,1.6,3.3,5,43,1.72,1.66,3.6,3.42,5.5,4.87,29,1.92,1.82,1.99,1.9,19,-0.75,2.05,1.97,1.94,1.9
D1,04/11/06,Hertha,Nurnberg,2,1,H,1,0,H,6,16,6,10,16,17,7,6,1,0,0,0,1.9,3.25,4,1.8,3.2,4.3,1.9,3.15,4.25,1.8,3.2,4,1.8,3.25,3.75,1.9,3.2,3.8,1.8,3,4.2,1.83,3.25,4,1.9,3.1,3.75,42,2.07,1.89,3.3,3.19,4.31,3.88,29,1.88,1.8,2.02,1.91,21,-0.5,2.11,2.06,1.87,1.81
D1,04/11/06,Leverkusen,Mainz,1,1,D,1,1,D,20,4,10,3,19,24,10,2,3,3,0,1,1.5,3.75,7,1.55,3.65,5.5,1.55,3.75,5.75,1.55,3.7,5,1.5,3.6,5.5,1.5,3.6,6.5,1.57,3.3,5.5,1.5,3.75,6,1.5,3.6,5.5,42,1.57,1.52,4,3.65,7.3,6.05,30,1.7,1.63,2.2,2.11,21,-1,1.9,1.85,2.08,1.99
D1,04/11/06,Werder Bremen,Cottbus,1,1,D,0,0,D,14,10,9,6,20,28,9,7,2,5,0,0,1.25,5,13,1.25,5,10,1.22,5.5,12,1.22,5,10,1.25,4.5,10,1.25,5,10,1.25,4.5,10,1.25,5,10,1.2,5,11,43,1.25,1.23,6,5.14,13,11.31,30,1.5,1.43,2.8,2.57,20,-1.5,1.75,1.7,2.26,2.17
D1,04/11/06,Wolfsburg,Hamburg,1,0,H,1,0,H,11,18,5,12,20,20,5,6,2,1,0,0,2.6,3.25,2.6,2.55,3.15,2.55,2.65,3.2,2.55,2.55,3.1,2.55,2.5,3.25,2.4,2.6,3.15,2.5,2.5,2.9,2.62,2.5,3.1,2.62,2.4,3.25,2.5,42,2.85,2.6,3.25,3.14,2.65,2.53,28,2.08,1.94,1.85,1.79,21,0,2.07,1.98,1.9,1.82
D1,05/11/06,Ein Frankfurt,M'gladbach,1,0,H,0,0,D,19,5,12,2,21,27,7,4,2,1,0,1,2.1,3.25,3.4,2,3,3.75,2,3.2,3.75,2,3.2,3.3,1.91,3.25,3.4,2.15,3.2,3.1,1.95,3,3.6,1.91,3.4,3.6,2,3,3.4,41,2.15,2.03,3.3,3.19,4.1,3.43,30,1.87,1.8,2.06,1.91,22,-0.5,2.16,2.13,1.8,1.75
D1,05/11/06,Schalke 04,Bayern Munich,2,2,D,2,1,H,21,10,12,5,18,21,4,3,1,3,0,0,2.6,3.2,2.62,2.55,3.15,2.55,2.6,3.2,2.6,2.4,3.1,2.7,2.4,3.25,2.5,2.5,3.3,2.5,2.6,2.8,2.6,2.38,3.2,2.75,2.5,3.1,2.5,42,2.78,2.55,3.4,3.14,2.89,2.6,29,1.97,1.88,1.95,1.86,22,0,1.92,1.86,2.04,1.94
D1,07/11/06,Dortmund,Aachen,0,0,D,0,0,D,24,5,12,2,21,22,16,3,2,1,0,0,1.57,3.8,5.5,1.55,3.55,5.75,1.6,3.6,5.5,1.6,3.6,4.8,1.57,3.5,5,1.55,3.6,5.5,1.57,3.3,5.5,1.5,3.6,6.5,1.55,3.5,5,46,1.65,1.57,3.85,3.55,6.5,5.58,33,1.75,1.66,2.2,2.1,19,-0.75,1.81,1.8,2.12,2.07
D1,07/11/06,Mainz,Wolfsburg,1,2,A,1,1,D,9,5,8,4,20,19,8,1,2,1,0,0,2.3,3.25,3,2.1,3.15,3.25,2.2,3.3,3.1,2.3,3.1,2.8,2.25,3.2,2.75,2.1,3.4,3,2.3,3,2.8,2.3,3,3,2.2,3.2,2.9,44,2.35,2.23,3.3,3.17,3.4,2.99,32,2.11,1.95,1.9,1.77,21,-0.25,2.07,2.01,1.92,1.85
D1,07/11/06,Nurnberg,Werder Bremen,1,2,A,0,1,A,9,10,4,6,22,16,7,3,2,3,0,0,4.33,3.3,1.83,3.95,3.25,1.85,4.2,3.35,1.83,3.8,3.2,1.85,3.75,3.2,1.83,4.4,3.3,1.75,4.2,3,1.8,4.5,3.4,1.73,3.75,3.3,1.8,46,4.7,4.07,3.65,3.3,1.9,1.82,33,1.67,1.59,2.4,2.21,20,0.5,2.04,1.99,1.9,1.87
D1,07/11/06,Stuttgart,Hamburg,2,0,H,0,0,D,13,18,7,8,26,15,6,4,1,2,0,0,1.8,3.4,4.33,1.8,3.25,4.2,1.82,3.3,4.5,1.8,3.2,4,1.66,3.4,4.33,1.7,3.5,4.33,1.8,3.1,4,1.73,3.33,4.5,1.75,3.4,4,46,1.89,1.78,3.5,3.32,4.8,4.27,33,1.86,1.77,2.1,1.96,20,-0.5,1.9,1.82,2.1,2.03
D1,08/11/06,Bayern Munich,Hannover,0,1,A,0,1,A,15,6,6,2,24,12,12,4,2,0,0,0,1.2,6,13,1.2,5.75,10.5,1.23,5.5,12,1.25,4.8,9.5,1.25,4.5,10,1.22,5,12,1.22,4.8,10,1.22,5,12,1.2,5.5,9.5,45,1.25,1.21,6,5.42,15,11.74,31,1.7,1.56,2.4,2.25,19,-1.75,2.05,2.03,1.9,1.84
D1,08/11/06,Bielefeld,Hertha,2,2,D,1,1,D,16,8,8,5,20,20,3,6,1,4,0,0,2.4,3.25,2.8,2.55,3.15,2.55,2.4,3.2,2.8,2.4,3.1,2.7,2.4,3.25,2.5,2.3,3.25,2.8,2.37,2.87,2.8,2.2,3.2,3,2.35,3.1,2.65,45,2.5,2.39,3.25,3.18,3,2.73,29,1.88,1.8,2.05,1.93,23,0,1.81,1.76,2.17,2.02
D1,08/11/06,Bochum,Leverkusen,1,3,A,0,2,A,16,13,8,5,15,18,10,3,1,1,0,1,2.8,3.25,2.4,2.95,3.25,2.2,3,3.25,2.3,2.7,3.1,2.4,2.6,3.2,2.37,2.8,3.3,2.25,2.8,3,2.3,2.88,3.25,2.25,2.8,3.2,2.2,46,3,2.81,3.4,3.22,2.45,2.3,31,1.75,1.7,2.15,2.02,22,0,2.17,2.07,1.8,1.71
D1,08/11/06,Cottbus,Ein Frankfurt,0,1,A,0,1,A,16,20,7,9,18,26,7,6,2,0,0,0,2,3.3,3.6,1.95,3.1,3.75,2.05,3.25,3.5,2.1,3.1,3.2,1.9,3.25,3.4,2.05,3.2,3.3,2.05,3.1,3.2,2.2,3.2,3,2,3.2,3.3,45,2.2,2.06,3.3,3.19,3.6,3.32,31,2.1,1.94,1.9,1.8,22,-0.25,1.98,1.92,2,1.95
D1,08/11/06,M'gladbach,Schalke 04,0,2,A,0,2,A,16,17,4,6,24,25,3,4,2,2,0,0,2.7,3.25,2.5,2.55,3.15,2.55,2.8,3.2,2.4,2.7,3.1,2.4,2.5,3.2,2.5,2.65,3.25,2.4,2.62,3.1,2.37,2.75,3,2.5,2.6,3.1,2.4,44,2.8,2.63,3.25,3.17,2.62,2.48,31,2.08,1.95,1.87,1.78,22,0,2.09,1.98,1.85,1.8
D1,10/11/06,Werder Bremen,Dortmund,1,3,A,1,1,D,16,13,13,6,19,32,11,2,3,4,0,0,1.44,4,7.5,1.45,3.85,6.65,1.48,3.75,7,1.5,3.7,5.7,1.44,3.6,6.5,1.5,3.6,6.25,1.44,3.5,7,1.4,4.2,7,1.45,3.75,6,50,1.53,1.47,4.3,3.79,7.8,6.69,37,1.68,1.6,2.38,2.23,25,-1,1.9,1.82,2.09,2.03
D1,11/11/06,Ein Frankfurt,Bielefeld,0,3,A,0,1,A,14,9,9,6,12,10,5,1,3,3,0,0,2,3.2,3.75,1.95,3,3.95,2.05,3.2,3.6,2,3.2,3.3,1.9,3.2,3.5,2.1,3.2,3.2,2.1,2.87,3.3,1.8,3.25,4.2,2,3.1,3.5,48,2.1,2,3.25,3.18,4.2,3.54,33,2.1,1.93,1.87,1.79,20,-0.25,1.81,1.77,2.16,2.09
D1,11/11/06,Hamburg,M'gladbach,1,1,D,0,0,D,20,8,12,6,18,31,3,1,1,2,0,0,1.72,3.6,4.5,1.6,3.55,5.15,1.72,3.5,4.75,1.7,3.4,4.3,1.8,3.25,3.75,1.65,3.4,5,1.8,3.1,4,1.75,3,5,1.7,3.3,4.35,50,1.8,1.73,3.6,3.35,5.4,4.58,34,2.05,1.93,1.91,1.8,21,-0.5,1.8,1.74,2.26,2.13
D1,11/11/06,Hertha,Bochum,3,3,D,1,2,A,16,14,10,9,24,28,5,6,3,3,0,1,1.44,4,7.5,1.4,4.1,7.2,1.5,3.75,6.75,1.45,3.9,6,1.44,3.6,6.5,1.45,3.75,7,1.5,3.4,6,1.44,3.8,7,1.4,3.75,7,49,1.56,1.48,4,3.72,7.5,6.62,32,1.75,1.69,2.17,2.04,21,-1,2,1.93,2,1.9
D1,11/11/06,Leverkusen,Bayern Munich,2,3,A,0,1,A,14,17,9,9,16,11,7,6,1,1,0,0,3.2,3.25,2.2,3.4,3.25,2,3.15,3.25,2.2,3,3.1,2.2,2.75,3.2,2.25,3,3.3,2.15,3,3.1,2.15,2.88,3.25,2.25,3,3.2,2.1,50,3.25,3.03,3.3,3.21,2.35,2.2,34,1.8,1.69,2.15,2.04,23,0.25,1.92,1.83,2.06,2.02
D1,11/11/06,Schalke 04,Mainz,4,0,H,3,0,H,12,10,7,4,16,11,1,10,0,0,0,0,1.44,4,7.5,1.4,4.1,7.2,1.4,4,8.5,1.4,3.8,7,1.4,3.75,7,1.4,4,7.5,1.4,3.75,7,1.36,4,8.5,1.35,3.75,8.5,48,1.45,1.39,4.5,4.02,9.15,7.81,33,1.85,1.71,2.15,2,20,-1.25,1.94,1.91,1.99,1.93
D1,11/11/06,Wolfsburg,Cottbus,0,0,D,0,0,D,14,14,5,9,20,21,10,7,1,2,0,0,1.83,3.3,4.33,1.9,3.2,3.85,1.88,3.25,4.2,1.9,3.2,3.6,1.83,3.25,3.6,1.85,3.3,3.85,1.9,3.1,3.6,1.91,3,4,1.85,3.2,3.75,50,1.95,1.85,3.35,3.25,4.85,4.01,34,2.2,2.01,1.8,1.73,22,-0.5,1.93,1.89,2.05,1.97
D1,12/11/06,Aachen,Nurnberg,1,1,D,0,1,A,11,30,6,14,14,20,7,7,1,2,1,0,2.37,3.25,2.87,2.55,3.15,2.55,2.5,3.2,2.75,2.4,3.1,2.7,2.37,3.2,2.6,2.35,3.2,2.75,2.37,2.9,2.8,2.75,3,2.5,2.35,3.1,2.65,49,2.75,2.47,3.25,3.15,2.9,2.69,33,1.91,1.82,2.02,1.91,20,0,1.94,1.84,2.05,1.95
D1,12/11/06,Hannover,Stuttgart,1,2,A,1,0,H,11,16,6,13,13,25,3,3,0,1,0,1,2.9,3.2,2.37,2.9,3.2,2.25,3.15,3.25,2.2,2.7,3.1,2.4,3.4,3.25,1.9,2.95,3.25,2.2,3.5,3.2,1.9,3.2,3.2,2.1,3,3.2,2.1,50,3.5,3.03,3.26,3.2,2.4,2.21,34,1.92,1.8,2.07,1.92,22,0.25,2,1.94,1.98,1.91
D1,17/11/06,Bochum,Ein Frankfurt,4,3,H,3,2,H,20,11,15,9,17,13,11,2,0,0,0,1,2.3,3.25,3,2.3,3.05,2.95,2.35,3.2,2.9,2.3,3.1,2.8,2.37,3.2,2.6,2.4,3.2,2.7,2.3,2.9,2.9,2.38,3,2.88,2.35,2.9,2.8,49,2.5,2.34,3.4,3.14,3.1,2.86,40,2.18,1.99,1.85,1.75,25,0,1.81,1.73,2.2,2.08
D1,18/11/06,Aachen,Werder Bremen,2,2,D,1,0,H,12,19,4,12,17,22,4,9,0,3,0,0,5.5,3.8,1.57,4.5,3.45,1.7,5.25,3.6,1.65,4.3,3.4,1.7,5,3.5,1.57,5,3.6,1.6,5.5,3.3,1.57,6.5,4,1.44,4.5,3.6,1.6,47,6.5,5.28,4,3.55,1.7,1.6,33,1.6,1.51,2.63,2.37,20,0.75,2.15,2.05,1.86,1.83
D1,18/11/06,Bayern Munich,Stuttgart,2,1,H,2,1,H,17,13,9,7,21,29,2,2,1,2,0,0,1.57,3.6,6,1.6,3.5,5.25,1.6,3.6,5.75,1.65,3.5,4.5,1.57,3.5,5,1.6,3.6,5,1.61,3.3,5,1.62,3.5,5,1.6,3.3,5,47,1.67,1.6,3.75,3.49,6.6,5.35,33,1.7,1.61,4,2.22,19,-0.75,1.91,1.86,2.04,2.01
D1,18/11/06,Cottbus,Schalke 04,2,4,A,2,2,D,18,12,8,10,16,20,4,5,1,0,0,0,3.6,3.3,2,3.2,3.2,2.1,3.6,3.2,2.05,3.2,3.1,2.1,3.2,3.2,2,3.2,3.25,2.1,3.3,3,2.05,3,3.2,2.2,3.25,3.2,2,48,3.9,3.39,3.3,3.21,2.2,2.04,35,2,1.9,1.95,1.84,22,0,2.73,2.44,1.6,1.49
D1,18/11/06,Dortmund,Hertha,1,2,A,1,2,A,21,11,13,6,20,16,10,1,0,1,0,0,2,3.2,3.75,2.1,3,3.45,2.1,3.2,3.5,2.1,3.1,3.2,2,3.2,3.2,2.15,3.3,3,2.1,2.8,3.4,1.83,3.25,4,2,3.1,3.4,46,2.25,2.06,3.3,3.14,3.85,3.39,33,2,1.88,1.95,1.85,21,-0.25,1.85,1.81,2.14,2.06
D1,18/11/06,Mainz,Hamburg,0,0,D,0,0,D,12,14,7,9,22,17,6,6,2,3,0,0,2.75,3.2,2.5,2.7,3.1,2.45,2.9,3.1,2.4,2.7,3.1,2.4,2.6,3.2,2.37,2.55,3.2,2.5,2.62,2.9,2.5,2.75,3.2,2.38,2.75,3.2,2.25,47,3.05,2.76,3.3,3.16,2.5,2.38,34,2,1.9,1.92,1.83,21,0,2.15,2.06,1.83,1.76
D1,18/11/06,Nurnberg,Leverkusen,3,2,H,1,1,D,16,13,7,5,19,20,7,10,3,3,0,0,2.4,3.2,2.87,2.35,3,2.95,2.3,3.2,3,2.4,3.1,2.7,2.25,3.2,2.75,2.35,3.25,2.7,2.37,2.9,2.8,2.3,3.2,2.8,2.3,3.1,2.8,45,2.45,2.33,3.25,3.14,3.25,2.86,33,1.91,1.8,2.04,1.94,21,0,1.78,1.73,2.22,2.1
D1,19/11/06,Bielefeld,Wolfsburg,0,0,D,0,0,D,18,7,11,3,11,17,5,9,0,2,0,0,2.1,3.25,3.4,1.9,3.3,3.7,1.95,3.25,3.8,2,3.2,3.3,1.9,3.25,3.4,1.9,3.25,3.75,2,3,3.4,1.91,3.25,3.75,1.9,3.2,3.5,43,2.1,1.99,3.3,3.22,4,3.5,32,2.16,2,1.8,1.74,21,-0.5,2.11,2.07,1.85,1.81
D1,19/11/06,M'gladbach,Hannover,0,1,A,0,0,D,14,8,5,7,14,25,5,7,0,5,0,0,2,3.2,3.75,1.95,3.25,3.6,1.9,3.3,4,2,3.2,3.3,1.8,3.3,3.75,1.9,3.25,3.75,1.95,3,3.6,1.8,3.2,4.33,1.85,3.2,3.75,43,2.05,1.94,3.3,3.22,4.33,3.67,33,2.12,1.98,1.83,1.77,21,-0.5,2.09,2.03,1.9,1.84
D1,24/11/06,Schalke 04,Bochum,2,1,H,2,0,H,22,12,15,6,14,12,4,7,2,1,0,1,1.4,4.5,7.5,1.38,4.25,7.5,1.35,4.5,8.5,1.4,4,6.5,1.33,4,8,1.35,4.5,7.5,1.36,3.75,8,1.33,4.33,8.5,1.35,4,7.5,47,1.41,1.37,4.75,4.19,9.5,7.92,37,1.7,1.62,2.3,2.18,25,-1.25,1.97,1.88,2.05,2
D1,25/11/06,Ein Frankfurt,Dortmund,1,1,D,1,0,H,19,12,6,8,17,16,8,5,1,2,0,0,2.5,3.2,2.75,2.65,2.9,2.65,2.5,3.1,2.8,2.4,3.1,2.7,2.37,3.2,2.6,2.55,3.15,2.55,2.4,2.9,2.75,2.38,3.2,2.75,2.5,2.9,2.65,47,2.62,2.5,3.22,3.12,2.85,2.65,31,2.1,1.92,1.88,1.81,21,0,1.94,1.87,2,1.93
D1,25/11/06,Hamburg,Bayern Munich,1,2,A,1,0,H,8,16,4,8,19,19,3,2,3,4,0,0,4,3.25,1.9,4.05,3.2,1.85,4,3.25,1.9,3.6,3.2,1.9,3.75,3.25,1.8,3.6,3.35,1.9,3.75,3.2,1.83,4.33,2.88,1.91,3.75,3.2,1.85,47,4.65,3.94,3.35,3.23,1.95,1.87,33,2,1.89,1.94,1.84,24,0.5,1.96,1.9,2.02,1.96
D1,25/11/06,Hannover,Mainz,1,0,H,0,0,D,21,8,12,3,17,17,5,6,1,1,0,0,1.9,3.25,4,1.85,3.3,3.9,1.8,3.25,4.5,1.8,3.2,4,1.8,3.25,3.75,1.85,3.25,4,1.9,3,3.75,1.73,3.2,4.75,1.85,3.2,3.75,47,1.95,1.85,3.31,3.25,4.75,4,32,2.1,1.94,1.87,1.8,22,-0.5,2.05,1.98,2,1.88
D1,25/11/06,Hertha,Aachen,2,1,H,1,1,D,15,13,9,8,16,17,7,5,3,1,0,0,1.57,3.8,5.5,1.5,3.75,6,1.52,3.75,6.5,1.55,3.7,5,1.5,3.4,6,1.5,3.75,6,1.53,3.5,5.5,1.5,4,5.5,1.5,3.6,5.5,47,1.6,1.53,3.85,3.62,7.25,5.98,33,1.68,1.59,2.3,2.19,23,-1,2.13,2.04,1.85,1.8
D1,25/11/06,Werder Bremen,Bielefeld,3,0,H,2,0,H,24,3,14,2,11,10,8,3,1,2,0,0,1.4,4.33,7.5,1.45,3.85,6.65,1.45,4,7,1.45,3.9,6,1.4,3.75,7,1.4,4,7.5,1.4,3.6,7.5,1.5,3.75,6,1.45,3.6,6.5,49,1.5,1.43,4.4,3.91,8.5,7,34,1.62,1.53,2.5,2.32,24,-1.25,2.11,2.08,1.83,1.8
D1,25/11/06,Wolfsburg,Nurnberg,1,1,D,0,1,A,10,9,6,5,16,20,7,1,3,2,0,0,2.3,3.25,3,2.35,3,2.95,2.25,3.1,3.2,2.2,3,3.1,2,3.2,3.2,2.25,3.25,2.88,2.2,3,3,2.1,3.2,3.25,2.1,3.1,3.1,48,2.45,2.26,3.25,3.12,3.35,3.02,32,2.26,2.08,1.75,1.67,23,0,1.82,1.71,2.25,2.1
D1,26/11/06,Leverkusen,Cottbus,3,1,H,1,0,H,22,9,16,8,22,20,9,2,2,2,0,0,1.57,3.6,6,1.6,3.65,5,1.65,3.5,5.25,1.65,3.5,4.5,1.66,3.25,4.5,1.57,3.6,5.5,1.61,3.3,5,1.67,3.4,5,1.55,3.3,5.5,46,1.7,1.59,3.75,3.51,6.25,5.4,32,1.68,1.64,2.25,2.13,24,-1,2.1,2.04,1.85,1.81
D1,26/11/06,Stuttgart,M'gladbach,1,0,H,1,0,H,17,11,10,4,16,20,4,5,1,3,0,0,1.53,3.6,6.5,1.45,3.85,6.65,1.45,4,7,1.45,3.9,6,1.44,3.5,7,1.45,4,6.25,1.5,3.4,6,1.53,3.6,6,1.45,3.6,6.5,43,1.55,1.47,4,3.73,7.9,6.72,32,1.85,1.72,2.15,2.01,23,-1,1.9,1.85,2.07,1.98
D1,01/12/06,Mainz,Stuttgart,0,0,D,0,0,D,10,16,5,9,19,24,8,6,1,4,0,0,4,3.25,1.9,3.6,3.35,1.9,3.8,3.3,1.95,3.6,3.2,1.9,4,3.4,1.72,3.75,3.25,1.9,3.6,3.1,1.9,4.33,3.5,1.7,3.75,3.2,1.85,46,4.33,3.89,3.55,3.3,2.06,1.88,37,2,1.83,2,1.9,29,0.5,1.97,1.92,2.02,1.95
D1,02/12/06,Bayern Munich,M'gladbach,1,1,D,1,1,D,20,7,11,4,10,14,12,5,1,1,0,0,1.22,5.5,13,1.2,6.2,9.5,1.2,6,13,1.2,5.2,11,1.22,5,10,1.18,5.5,13,1.22,4.8,10,1.18,5.5,15,1.2,5.5,9,46,1.22,1.2,6.01,5.5,16,12.5,31,1.65,1.58,2.27,2.19,21,-1.75,2.04,2.01,1.9,1.87
D1,02/12/06,Bielefeld,Leverkusen,0,0,D,0,0,D,15,5,8,1,13,30,3,2,1,5,0,0,2.37,3.2,2.9,2.4,3.2,2.7,2.4,3.25,2.8,2.3,3.1,2.8,2.2,3.25,2.75,2.4,3.25,2.65,2.25,3,2.87,2.2,3.25,3,2.35,3.1,2.65,45,2.5,2.35,3.35,3.2,3,2.79,31,1.75,1.7,2.19,2.01,23,0,1.83,1.77,2.12,2.03
D1,02/12/06,Bochum,Hamburg,2,1,H,1,1,D,10,13,9,7,24,31,2,3,3,4,0,1,2.75,3.2,2.5,2.55,3.15,2.55,2.6,3.25,2.6,2.5,3.1,2.6,2.37,3.2,2.6,2.55,3.15,2.55,2.5,2.9,2.62,2.4,3.25,2.62,2.6,3,2.5,47,3,2.6,3.25,3.16,2.75,2.54,30,2,1.87,1.95,1.84,22,0,2.08,1.97,1.9,1.82
D1,02/12/06,Cottbus,Hannover,0,1,A,0,1,A,4,9,2,5,14,17,3,4,1,1,1,0,2.37,3.2,2.9,2.2,3.1,3.1,2.25,3.2,3.1,2.2,3.1,3,2.2,3.25,2.75,2.2,3.25,2.95,2.25,3,2.87,2.4,3,2.88,2.3,3,2.9,47,2.45,2.31,3.25,3.14,3.1,2.9,30,2.03,1.93,1.89,1.8,22,0,1.85,1.72,2.1,2.06
D1,02/12/06,Dortmund,Wolfsburg,1,0,H,0,0,D,12,6,6,2,15,15,4,2,2,1,0,0,1.8,3.4,4.33,1.7,3.45,4.5,1.75,3.4,4.75,1.8,3.2,4,1.72,3.2,4.33,1.75,3.3,4.35,1.8,3,4.2,1.8,3.2,4.33,1.8,2.9,4.5,44,1.85,1.77,3.5,3.28,5,4.39,30,2.23,2.04,1.8,1.7,21,-0.5,1.86,1.83,2.13,2.05
D1,02/12/06,Werder Bremen,Hertha,3,1,H,3,1,H,22,15,13,9,14,24,3,6,0,2,0,0,1.61,3.6,5.5,1.55,3.5,5.9,1.6,3.6,5.75,1.6,3.6,4.8,1.57,3.5,5,1.6,3.6,5,1.61,3.3,5,1.57,3.5,5.5,1.6,3.4,5,46,1.7,1.6,3.8,3.55,5.8,5.24,30,1.55,1.51,2.65,2.33,22,-0.75,1.98,1.93,1.98,1.94
D1,03/12/06,Aachen,Ein Frankfurt,2,3,A,1,2,A,20,11,11,7,18,16,8,5,2,0,0,0,2.3,3.25,3,2.3,3,3,2.3,3.25,3,2.2,3.1,3,2.25,3.2,2.75,2.25,3.25,2.85,2.25,3,2.87,2.4,3.25,2.62,2.2,3.1,2.9,45,2.4,2.28,3.25,3.16,3.2,2.9,30,1.85,1.73,2.12,1.97,22,-0.25,2.08,2.04,1.88,1.83
D1,03/12/06,Nurnberg,Schalke 04,0,0,D,0,0,D,14,9,8,8,18,21,5,2,1,3,0,0,2.87,3.2,2.4,3.1,3,2.25,3.1,3.2,2.25,3,3.1,2.2,2.8,3.2,2.2,2.7,3.2,2.4,3,3,2.2,2.88,3.25,2.25,2.8,3.1,2.25,45,3.25,2.92,3.25,3.16,2.41,2.28,29,2.03,1.89,1.91,1.84,22,0.25,1.9,1.83,2.13,2.04
D1,08/12/06,Leverkusen,Hertha,2,1,H,1,1,D,21,10,12,5,24,22,5,3,3,2,0,1,2.1,3.25,3.4,2.2,3.2,3,2.1,3.2,3.4,2.2,3.1,3,2.1,3.2,3,2.25,3.25,2.85,2.15,3,3.1,2,3.25,3.4,2.1,3,3.2,48,2.2,2.14,3.3,3.19,3.59,3.18,35,1.7,1.6,2.3,2.18,24,-0.25,1.88,1.83,2.14,2.03
D1,09/12/06,Bayern Munich,Cottbus,2,1,H,1,0,H,10,13,8,8,14,23,1,3,1,2,0,0,1.16,6,19,1.2,6.2,9.5,1.18,6.25,13,1.2,5.2,11,1.2,5,11,1.22,5.5,10,1.2,5,11,1.14,6,17,1.18,5.5,11,48,1.2,1.18,6.75,5.75,19,13.81,36,1.62,1.54,2.5,2.32,19,-1.75,1.93,1.87,2.02,1.99
D1,09/12/06,Ein Frankfurt,Werder Bremen,2,6,A,1,3,A,17,12,10,9,20,23,15,5,2,2,0,0,4.5,3.3,1.8,4.3,3.2,1.8,4.4,3.3,1.83,3.8,3.2,1.85,3.75,3.25,1.8,4.2,3.4,1.75,4,3,1.83,4,3.4,1.8,4,3.2,1.75,47,4.8,4.21,3.55,3.3,1.85,1.79,34,1.59,1.53,2.65,2.31,20,0.5,2.11,2.04,1.88,1.81
D1,09/12/06,Hamburg,Nurnberg,0,0,D,0,0,D,10,11,6,2,17,23,8,4,1,2,0,0,2.25,3.3,3,2.1,3.1,3.35,2.15,3.25,3.25,2.1,3.1,3.2,2.1,3.2,3,2.2,3.2,3,2.2,3,3,2.25,2.88,3.25,2.2,3,3,48,2.35,2.22,3.3,3.16,3.35,3.06,36,2.2,2,1.75,1.72,23,-0.25,2.05,1.99,1.92,1.86
D1,09/12/06,Hannover,Bielefeld,1,1,D,0,0,D,18,8,7,3,17,13,9,5,1,1,0,0,2,3.3,3.6,2.1,3,3.45,2.1,3.2,3.4,2,3.2,3.3,2,3.2,3.2,2.2,3.2,3,2.05,3,3.3,2.1,3,3.4,2,3,3.4,48,2.2,2.08,3.3,3.14,3.75,3.35,36,2.24,2.02,1.8,1.7,23,-0.25,1.85,1.82,2.1,2.03
D1,09/12/06,M'gladbach,Mainz,1,1,D,1,0,H,9,14,7,6,22,18,6,4,1,2,0,0,1.8,3.3,4.5,1.85,3.3,3.9,1.83,3.3,4.4,1.85,3.2,3.8,1.73,3.4,4,1.75,3.4,4.2,1.72,3.2,4.33,1.7,3.2,5,1.75,3.2,4.35,46,1.9,1.8,3.5,3.26,5,4.3,35,2.26,2.06,1.75,1.67,22,-0.5,1.94,1.88,2.05,1.98
D1,09/12/06,Stuttgart,Bochum,1,0,H,0,0,D,18,13,7,8,15,16,9,5,0,2,0,0,1.44,4,7.5,1.4,4.2,6.75,1.45,4,7,1.5,3.8,5.5,1.44,3.6,6.5,1.45,4,6.25,1.44,3.6,6.5,1.57,3.5,5.5,1.45,3.6,6.5,47,1.57,1.47,4.15,3.75,7.5,6.58,35,1.73,1.66,2.21,2.07,22,-1,2.06,1.95,1.95,1.87
D1,10/12/06,Schalke 04,Dortmund,3,1,H,2,0,H,20,17,17,10,16,18,11,8,1,3,0,0,1.83,3.3,4.33,1.75,3.25,4.55,1.85,3.25,4.4,1.8,3.2,4,1.73,3.2,4.33,1.75,3.4,4.2,1.8,3,4.2,1.73,3.33,4.5,1.8,3.2,4,45,1.87,1.79,3.4,3.25,5,4.35,32,2.04,1.86,1.95,1.85,25,-0.5,1.94,1.9,1.98,1.94
D1,10/12/06,Wolfsburg,Aachen,1,2,A,0,0,D,11,13,6,7,24,25,4,5,1,4,1,0,1.83,3.3,4.33,1.85,3.2,4.05,1.85,3.25,4.4,1.85,3.2,3.8,1.8,3.2,4,1.85,3.25,4,1.83,3,4,1.67,3.33,5,1.8,3.25,3.75,49,1.9,1.82,3.35,3.24,5,4.19,34,2.12,1.97,1.83,1.75,24,-0.5,1.93,1.87,2.05,1.98
D1,15/12/06,Bochum,M'gladbach,2,0,H,1,0,H,22,10,11,7,14,25,3,6,0,1,0,0,2.2,3.2,3.25,2.2,3.2,3,2.1,3.2,3.4,2.1,3.1,3.2,2.1,3.2,3,2.2,3.2,3,2.15,3,3.1,2.2,3,3.2,2.1,3.1,3.1,49,2.3,2.15,3.35,3.18,3.91,3.22,37,2.08,1.88,1.91,1.84,26,-0.25,1.93,1.87,2.07,2
D1,16/12/06,Aachen,Hamburg,3,3,D,0,1,A,16,27,12,14,21,18,8,10,3,2,0,0,2.5,3.25,2.7,2.55,3.15,2.55,2.6,3.2,2.6,2.3,3.1,2.8,2.37,3.2,2.6,2.55,3.15,2.55,2.5,2.9,2.62,2.75,3.2,2.38,2.6,3.1,2.4,47,2.8,2.59,3.25,3.14,2.8,2.55,33,2,1.84,1.95,1.87,23,0,2.06,1.96,1.92,1.84
D1,16/12/06,Bielefeld,Schalke 04,0,1,A,0,0,D,9,9,5,4,16,16,7,2,1,1,0,0,3.4,3.25,2.1,3.25,3.2,2.1,3.5,3.2,2.05,3,3.1,2.2,3,3.2,2.1,2.9,3.3,2.2,3.2,3,2.1,3,3.25,2.2,3.4,3.1,2,46,3.75,3.26,3.3,3.2,2.2,2.09,33,2.02,1.88,1.92,1.84,24,0.25,2.15,2.07,1.85,1.8
D1,16/12/06,Cottbus,Stuttgart,0,0,D,0,0,D,8,12,2,9,30,32,3,9,1,4,0,0,3.4,3.25,2.1,3.75,3.25,1.9,3.75,3.25,2,3.3,3.2,2,3.2,3.2,2,3.1,3.3,2.1,3.6,3,1.95,3.6,3.4,1.91,3.2,3.2,2,47,4,3.48,3.4,3.21,2.15,2,32,2.04,1.89,1.9,1.84,23,0.5,1.84,1.81,2.13,2.06
D1,16/12/06,Hertha,Ein Frankfurt,1,0,H,0,0,D,16,15,14,5,23,16,4,3,3,0,0,0,1.61,3.6,5.5,1.7,3.4,4.6,1.7,3.4,5,1.7,3.4,4.3,1.61,3.25,5,1.65,3.4,5,1.61,3.3,5,1.62,3.4,5.5,1.65,3.25,4.5,46,1.71,1.65,3.6,3.42,5.75,5.02,33,1.8,1.66,2.23,2.04,23,-0.75,1.93,1.89,2.01,1.98
D1,16/12/06,Mainz,Bayern Munich,0,4,A,0,2,A,9,22,5,13,8,15,4,3,0,0,0,0,6.5,4.2,1.44,6.25,3.65,1.5,6,3.75,1.55,4.8,3.6,1.6,5.5,3.5,1.53,6,3.75,1.5,5.5,3.3,1.57,6,3.4,1.57,5.5,3.6,1.5,47,7.3,6.03,4.2,3.61,1.6,1.52,34,1.87,1.72,2.11,1.99,23,1,1.97,1.93,1.98,1.92
D1,16/12/06,Nurnberg,Hannover,3,1,H,1,1,D,13,8,9,4,18,24,3,5,3,3,0,1,2,3.3,3.6,1.95,3.1,3.8,2,3.25,3.75,2.1,3.1,3.2,2,3.2,3.2,2.1,3.2,3.2,2.05,2.87,3.5,2,3,3.75,2,3,3.5,45,2.15,2.02,3.3,3.12,4,3.56,33,2.2,2.05,1.75,1.65,23,-0.5,2.11,2.07,1.84,1.8
D1,17/12/06,Dortmund,Leverkusen,1,2,A,0,1,A,17,10,10,7,11,21,9,1,0,0,0,0,2.3,3.25,3,2.2,3.1,3.1,2.25,3.2,3.1,2.2,3.1,3,2.1,3.2,3,2.2,3.25,2.95,2.2,3,3,2.25,3.2,2.9,2.2,3,3,47,2.4,2.22,3.25,3.15,3.35,3.05,33,1.95,1.83,2.01,1.89,26,0,1.72,1.63,2.3,2.14
D1,17/12/06,Werder Bremen,Wolfsburg,2,1,H,1,1,D,19,11,15,7,9,26,9,2,0,5,0,0,1.3,5,9,1.35,4.45,7.5,1.35,4.5,8,1.35,4.2,7.5,1.3,4.33,8,1.35,4.2,8,1.3,4.2,8.5,1.4,3.8,8,1.28,4.35,9,47,1.4,1.34,5.2,4.32,9.5,8.23,33,1.58,1.5,2.6,2.34,23,-1.5,2,1.96,1.94,1.88
D1,26/01/07,Dortmund,Bayern Munich,3,2,H,1,2,A,12,14,10,6,18,19,4,5,2,2,0,0,3.75,3.2,2,3.55,3.25,1.95,3.6,3.25,2,3.2,3.1,2.1,3.2,3.2,2,3.4,3.3,2,3.3,3.1,2,3.75,3.25,1.91,3.5,3.2,1.9,45,3.95,3.47,3.3,3.22,2.11,2,36,2.01,1.85,1.95,1.87,23,0.5,1.81,1.78,2.16,2.06
D1,27/01/07,Bielefeld,Hamburg,1,1,D,0,1,A,10,8,3,3,15,29,5,3,4,2,0,0,2.5,3.2,2.75,2.5,3.1,2.65,2.5,3.2,2.75,2.55,3.1,2.55,2.25,3.2,2.75,2.4,3.25,2.65,2.3,3,2.8,2.25,3.25,2.88,2.4,3.1,2.6,43,2.55,2.44,3.25,3.15,2.9,2.68,32,2.2,2,1.8,1.71,20,0,1.9,1.81,2.08,1.98
D1,27/01/07,Bochum,Mainz,0,1,A,0,1,A,13,16,8,7,18,27,5,3,1,2,0,0,1.95,3.3,3.8,1.85,3.25,3.95,1.95,3.3,3.75,1.9,3.2,3.6,1.8,3.3,3.75,1.9,3.3,3.65,1.83,3.2,3.75,1.91,3.25,3.75,1.85,3.2,3.75,44,2,1.91,3.35,3.25,4,3.71,34,1.99,1.88,1.95,1.83,21,-0.5,2.03,1.98,1.91,1.88
D1,27/01/07,Cottbus,M'gladbach,3,1,H,2,0,H,16,15,9,8,18,21,3,3,3,3,0,0,2.4,3.2,2.87,2.3,3.2,2.85,2.4,3,3,2.2,3.1,3,2.2,3.25,2.75,2.3,3.25,2.8,2.25,3.1,2.8,2.25,3.1,3,2.35,3.1,2.65,43,2.55,2.33,3.25,3.15,3.1,2.86,35,2.16,2.03,1.75,1.68,20,0,1.87,1.76,2.1,2.02
D1,27/01/07,Ein Frankfurt,Schalke 04,1,3,A,0,1,A,8,10,6,8,23,22,3,10,1,1,0,0,3.3,3.25,2.15,3.3,3.15,2.1,3.3,3.2,2.15,3,3.1,2.2,3.2,3.2,2,3.1,3.3,2.1,3.2,3.1,2.05,3.4,3.25,2,3.1,3.1,2.1,44,3.5,3.23,3.25,3.19,2.2,2.1,34,1.99,1.89,1.94,1.82,22,0.25,2,1.95,1.95,1.91
D1,27/01/07,Hertha,Wolfsburg,2,1,H,1,1,D,12,15,10,9,18,27,5,11,2,3,0,0,1.72,3.6,4.5,1.65,3.45,4.9,1.7,3.4,5,1.7,3.4,4.3,1.61,3.5,4.5,1.6,3.6,5,1.61,3.3,5,1.73,3.1,5,1.6,3.25,5,42,1.8,1.68,3.6,3.39,5.5,4.75,33,2.05,1.87,1.95,1.84,21,-0.75,2.1,2.05,1.86,1.82
D1,27/01/07,Nurnberg,Stuttgart,4,1,H,1,1,D,19,9,15,5,12,17,6,2,2,3,0,1,2.5,3.1,2.8,2.65,2.9,2.65,2.5,3.1,2.8,2.55,3.1,2.55,2.5,3.2,2.5,2.6,3.25,2.45,2.5,2.9,2.62,2.5,3,2.75,2.35,3.2,2.6,44,2.57,2.45,3.2,3.12,3,2.71,32,2.08,1.94,1.87,1.78,20,0,1.83,1.78,2.16,2
D1,28/01/07,Aachen,Leverkusen,2,3,A,2,1,H,10,21,7,12,24,25,6,4,1,2,0,0,3,3.2,2.3,2.95,3.25,2.2,3,3.25,2.3,2.8,3.1,2.3,2.8,3.2,2.2,2.8,3.3,2.25,2.75,3.1,2.3,3,3.2,2.2,2.8,3.1,2.25,42,3.15,2.92,3.3,3.2,2.3,2.25,31,1.75,1.64,2.25,2.09,21,0.25,1.94,1.9,2.01,1.96
D1,28/01/07,Werder Bremen,Hannover,3,0,H,1,0,H,16,12,11,4,9,22,6,7,1,2,0,0,1.3,4.75,10,1.35,4.3,8,1.35,4.5,8.5,1.35,4.2,7.5,1.28,4.5,8,1.3,4.5,9,1.3,4.2,8.5,1.33,4.25,8.5,1.3,4.35,8,43,1.36,1.31,5,4.47,11.5,8.75,32,1.55,1.51,2.51,2.35,23,-1.5,1.94,1.9,2,1.94
D1,30/01/07,Bayern Munich,Bochum,0,0,D,0,0,D,22,8,12,6,11,21,7,2,1,2,0,0,1.22,5.5,13,1.2,6,10,1.22,5.5,12,1.22,5,10,1.22,5,10,1.2,5.5,12,1.22,5,9.5,1.2,5,15,1.2,5.5,10,46,1.25,1.21,6.45,5.37,17.5,11.86,36,1.65,1.56,2.58,2.25,22,-1.75,2.05,2.02,1.89,1.83
D1,30/01/07,M'gladbach,Nurnberg,0,0,D,0,0,D,7,7,1,4,21,34,9,3,1,2,0,0,2.4,3.2,2.87,2.5,3,2.7,2.4,3.2,2.8,2.4,3.1,2.7,2.4,3.25,2.5,2.4,3.25,2.65,2.37,3.1,2.62,2.5,2.88,2.88,2.25,3.1,2.8,44,2.77,2.45,3.25,3.16,2.9,2.7,35,2.25,2.02,1.8,1.7,22,0,1.99,1.85,2,1.92
D1,30/01/07,Stuttgart,Bielefeld,3,2,H,1,1,D,15,9,7,5,26,18,9,1,2,4,0,1,1.61,3.6,5.5,1.55,3.7,5.4,1.6,3.6,5.75,1.55,3.7,5,1.57,3.5,5,1.6,3.6,5,1.57,3.5,5,1.57,3.5,5.5,1.55,3.3,5.5,45,1.74,1.61,3.7,3.48,6.1,5.3,35,2.1,1.91,1.86,1.8,23,-0.75,1.95,1.89,2,1.97
D1,30/01/07,Wolfsburg,Ein Frankfurt,2,2,D,1,0,H,11,15,6,9,22,27,5,3,1,2,0,0,2,3.2,3.75,1.9,3.15,3.9,2,3.25,3.6,1.9,3.2,3.6,2.1,3.2,3,1.95,3.25,3.6,2.1,3,3.2,1.91,3.2,3.8,2,3.2,3.25,45,2.1,2,3.25,3.2,4.05,3.51,35,2.15,1.95,2.05,1.76,23,-0.5,2.17,2.05,1.83,1.77
D1,31/01/07,Hamburg,Cottbus,1,1,D,1,1,D,23,6,16,2,14,22,11,1,2,1,0,0,1.75,3.4,4.75,1.7,3.35,4.7,1.7,3.4,5,1.8,3.2,4,1.72,3.2,4.33,1.8,3.2,4.3,1.8,3.1,4,1.8,3.2,4.33,1.65,3.25,4.8,44,1.8,1.73,3.45,3.3,5.5,4.6,32,2.16,1.96,1.8,1.73,21,-0.75,2,1.98,1.94,1.88
D1,31/01/07,Hannover,Hertha,5,0,H,3,0,H,14,10,9,5,19,15,7,3,1,2,0,0,2.5,3.2,2.75,2.5,3.1,2.65,2.5,3.2,2.7,2.5,3.1,2.6,2.4,3.25,2.5,2.45,3.25,2.6,2.4,3.1,2.6,2.5,3,2.75,2.5,2.9,2.65,45,2.55,2.46,3.25,3.16,2.9,2.67,33,2.09,1.92,1.9,1.79,22,0,1.8,1.76,2.18,2.02
D1,31/01/07,Leverkusen,Werder Bremen,0,2,A,0,1,A,19,18,10,8,19,20,8,8,0,3,1,0,3,3.25,2.3,3.05,3.25,2.15,3,3.25,2.25,2.9,3.2,2.2,2.8,3.2,2.2,3,3.3,2.15,2.8,3.1,2.25,3.25,3.4,2,2.75,3.2,2.25,43,3.25,2.91,3.4,3.24,2.38,2.24,33,1.53,1.47,2.75,2.42,21,0.25,1.89,1.87,2.04,1.99
D1,31/01/07,Mainz,Dortmund,1,0,H,0,0,D,13,13,5,7,21,16,7,1,2,3,0,0,3.1,3.2,2.25,2.9,3.25,2.25,3,3.25,2.25,2.7,3.2,2.3,2.75,3.2,2.25,2.85,3.25,2.25,2.8,3.1,2.25,2.88,3.25,2.25,2.7,3.1,2.3,44,3.2,2.92,3.3,3.2,2.4,2.25,32,2.1,1.91,1.9,1.77,21,0.25,1.82,1.8,2.13,2.07
D1,31/01/07,Schalke 04,Aachen,2,1,H,1,1,D,17,10,11,4,23,23,8,1,1,1,0,0,1.33,4.75,9,1.3,4.85,8,1.33,4.75,8.5,1.3,4.4,8.5,1.28,4.5,8,1.3,4.75,8,1.33,4,8,1.25,5.5,8.5,1.33,4,8.5,44,1.33,1.3,5.5,4.57,11,8.88,33,1.6,1.51,2.5,2.33,21,-1.5,1.9,1.85,2.04,1.98
D1,02/02/07,Nurnberg,Bayern Munich,3,0,H,1,0,H,9,15,6,8,21,21,3,10,4,3,0,0,3.8,3.3,1.95,3.8,3.2,1.9,3.6,3.3,2,3.3,3.2,2,3,3.2,2.1,3.65,3.3,1.9,3.4,3,2,3.3,3.2,2.05,3.25,3.2,2,45,4.05,3.62,3.3,3.2,2.1,1.99,34,1.95,1.84,2,1.88,23,0.5,1.89,1.83,2.07,2.03
D1,03/02/07,Aachen,Hannover,1,4,A,1,3,A,15,8,10,6,18,34,9,4,1,2,0,0,2.4,3.2,2.8,2.4,3.2,2.7,2.4,3.25,2.8,2.4,3.2,2.6,2.6,3.2,2.37,2.4,3.25,2.65,2.37,3.1,2.62,2.4,3.25,2.63,2.3,3.2,2.65,44,2.65,2.37,3.35,3.2,2.9,2.74,33,1.85,1.68,2.2,2.04,21,0,1.9,1.79,2.1,1.99
D1,03/02/07,Bielefeld,M'gladbach,0,2,A,0,1,A,10,12,4,5,14,22,3,4,3,3,0,0,2,3.3,3.6,2,3.2,3.5,1.95,3.3,3.75,2,3.2,3.3,1.72,3.4,4,1.8,3.35,4,1.9,3.1,3.6,1.91,3.25,3.75,1.8,3.25,3.75,43,2.1,1.95,3.3,3.22,4,3.61,33,2.2,2.04,1.75,1.69,22,-0.5,2.09,2.02,1.85,1.82
D1,03/02/07,Cottbus,Bochum,0,0,D,0,0,D,14,12,6,6,15,26,9,4,0,2,0,0,2.25,3.2,3.1,2.1,3.2,3.2,2.3,3.2,3,2.2,3.2,2.9,2.1,3.2,3,2.25,3.1,3,2,3.1,3.3,2.25,3.1,3,2.1,3.2,3,44,2.48,2.19,3.25,3.18,3.4,3.06,31,2.08,1.94,1.9,1.78,20,0,1.77,1.68,2.2,2.1
D1,03/02/07,Ein Frankfurt,Mainz,0,0,D,0,0,D,13,12,6,5,19,23,8,5,1,1,0,0,1.95,3.3,3.8,1.9,3.2,3.8,1.92,3.25,4,2,3.2,3.3,1.8,3.3,3.75,1.9,3.25,3.75,1.83,3,4,2,3,3.75,1.85,3.2,3.75,44,2.05,1.92,3.3,3.2,4.4,3.74,32,2.11,1.98,1.8,1.75,22,-0.5,2.1,2.05,1.83,1.81
D1,03/02/07,Hertha,Hamburg,2,1,H,0,1,A,16,18,10,9,18,26,5,4,3,3,0,0,1.95,3.3,3.8,1.85,3.35,3.85,2.05,3.2,3.6,1.85,3.2,3.8,1.72,3.2,4.33,1.8,3.25,4.2,1.83,3.2,3.75,1.83,3.25,4,1.75,3.2,4.35,44,2.05,1.89,3.3,3.23,4.33,3.84,33,1.95,1.84,2,1.88,21,-0.5,2.14,2.04,1.85,1.8
D1,03/02/07,Wolfsburg,Leverkusen,3,2,H,2,1,H,13,14,9,8,16,20,3,3,1,1,0,1,2.5,3.25,2.7,2.55,3.15,2.55,2.6,3.2,2.6,2.5,3.1,2.6,2.37,3.2,2.6,2.6,3.25,2.45,2.62,2.9,2.5,2.5,3.1,2.63,2.4,3.2,2.5,43,2.67,2.53,3.28,3.16,2.8,2.6,33,1.97,1.82,2,1.9,21,0,1.96,1.87,2,1.93
D1,04/02/07,Dortmund,Stuttgart,0,1,A,0,0,D,10,12,6,5,16,16,7,4,1,1,0,0,2.3,3.25,3,2.25,3.15,2.95,2.3,3.25,3,2.3,3.1,2.8,2.37,3.2,2.6,2.25,3.25,2.85,2.25,3,2.87,2.38,3.2,2.75,2.2,3.1,2.9,42,2.38,2.26,3.25,3.17,3.2,2.92,32,2.04,1.85,1.95,1.86,21,0,1.73,1.67,2.23,2.12
D1,04/02/07,Werder Bremen,Schalke 04,0,2,A,0,1,A,15,11,9,6,21,21,4,4,5,5,0,0,1.8,3.4,4.33,1.95,3.25,3.6,1.92,3.25,4,1.9,3.3,3.5,1.72,3.4,4,1.85,3.3,3.85,1.9,3,3.75,1.83,3.25,4,1.85,3.2,3.75,41,1.95,1.88,3.4,3.25,4.33,3.84,30,1.65,1.57,2.5,2.21,22,-0.5,1.97,1.89,2,1.96
D1,09/02/07,Hannover,Wolfsburg,2,2,D,1,2,A,17,7,11,3,22,22,9,1,3,2,0,0,2.05,3.25,3.5,1.95,3.1,3.8,2.1,3.2,3.5,2,3.2,3.3,1.9,3.2,3.5,2.1,3.25,3.15,2,3,3.4,2,3.2,3.5,1.9,3.1,3.6,47,2.2,2.05,3.25,3.19,3.75,3.44,35,2.15,1.92,1.9,1.81,26,-0.25,1.9,1.85,2.06,2.01
D1,10/02/07,Hamburg,Dortmund,3,0,H,2,0,H,14,7,10,4,19,21,2,2,0,1,0,1,2.3,3.25,3,2.1,3,3.45,2.15,3.25,3.25,2.2,3.1,3,2.2,3.2,2.8,2.2,3.25,2.95,2.3,2.9,2.9,2.25,3.25,2.88,2.3,3,2.8,45,2.38,2.22,3.25,3.17,3.5,3.03,33,2.16,1.99,1.9,1.73,24,-0.25,2.03,1.99,1.93,1.87
D1,10/02/07,Leverkusen,Ein Frankfurt,2,2,D,1,1,D,13,14,6,7,23,27,4,5,2,1,1,1,1.72,3.4,5,1.65,3.45,4.9,1.7,3.4,5,1.65,3.4,4.7,1.66,3.4,4.33,1.7,3.35,4.65,1.72,3.2,4.33,1.73,3.4,4.33,1.65,3.1,5,45,1.75,1.68,3.5,3.38,5.6,4.85,33,1.7,1.63,2.35,2.12,24,-0.75,2.08,2,1.94,1.86
D1,10/02/07,Mainz,Cottbus,4,1,H,3,1,H,13,14,9,7,25,23,4,4,2,2,0,0,1.95,3.3,3.8,2,3.1,3.6,2,3.2,3.75,1.9,3.2,3.6,1.9,3.25,3.4,2,3.25,3.4,2.05,3,3.3,2,3.2,3.5,1.9,3.1,3.6,46,2.1,1.98,3.3,3.2,4.1,3.58,33,2.28,2.09,1.75,1.65,25,-0.5,2.06,2.01,1.9,1.84
D1,10/02/07,M'gladbach,Aachen,0,0,D,0,0,D,15,10,5,5,15,14,10,5,2,2,0,0,1.8,3.4,4.33,1.75,3.25,4.55,1.8,3.25,4.75,1.8,3.2,4,1.8,3.3,3.75,1.85,3.3,3.9,1.8,3.1,4,1.73,3.25,4.5,1.75,3.25,4,45,1.85,1.79,3.4,3.28,5.35,4.31,33,1.91,1.83,2.08,1.9,24,-0.5,1.85,1.81,2.15,2.05
D1,10/02/07,Schalke 04,Hertha,2,0,H,0,0,D,18,6,10,4,19,20,9,2,1,4,0,0,1.61,3.8,5,1.6,3.45,5.4,1.6,3.5,6,1.7,3.4,4.3,1.57,3.5,5,1.55,3.75,5.25,1.61,3.3,5,1.53,3.6,6,1.6,3.3,5,45,1.7,1.6,3.8,3.48,6.6,5.35,33,1.82,1.73,2.12,2.01,24,-0.75,1.91,1.85,2.06,2.02
D1,10/02/07,Stuttgart,Werder Bremen,4,1,H,3,1,H,13,23,8,13,21,10,3,7,3,3,0,0,2.8,3.25,2.4,3,3.2,2.2,2.9,3.2,2.4,2.6,3,2.6,2.6,3.2,2.37,2.8,3.3,2.25,2.62,2.9,2.5,2.75,3.2,2.38,2.65,3.1,2.35,46,3.05,2.78,3.35,3.18,2.6,2.37,32,1.65,1.56,2.45,2.24,24,0,2.18,2.05,1.8,1.71
D1,11/02/07,Bayern Munich,Bielefeld,1,0,H,1,0,H,13,6,6,4,17,14,5,7,2,2,0,0,1.28,5,10,1.25,5.15,9.5,1.28,5.25,11,1.3,4.4,8.5,1.28,4,10,1.25,5,10,1.3,4,9.5,1.3,4.33,10,1.25,4.5,9.5,45,1.33,1.27,5.5,4.78,12,9.79,33,1.74,1.66,2.25,2.08,25,-1.5,2.12,2.06,1.85,1.79
D1,11/02/07,Bochum,Nurnberg,0,2,A,0,0,D,20,17,13,10,14,12,11,2,1,2,0,0,2.8,3.1,2.5,2.65,2.9,2.65,2.75,3.2,2.5,2.65,2.8,2.65,2.5,3.2,2.5,2.45,3.25,2.6,2.62,2.9,2.5,2.6,3,2.6,2.6,3.1,2.4,45,2.9,2.64,3.25,3.09,2.7,2.53,32,2.08,1.95,1.85,1.78,23,0,2.14,1.98,1.89,1.81
D1,16/02/07,Ein Frankfurt,Stuttgart,0,4,A,0,3,A,14,14,10,9,15,16,3,4,2,1,0,0,3.1,3.2,2.25,3.2,3.1,2.15,3.1,3.2,2.25,3,3.1,2.2,2.75,3.25,2.2,2.85,3.25,2.25,3,3,2.2,3.25,3.2,2.1,3,3,2.2,46,3.4,3.04,3.3,3.19,2.3,2.21,37,1.89,1.76,2.05,1.96,25,0.25,1.93,1.87,2.03,1.99
D1,17/02/07,Aachen,Bayern Munich,1,0,H,1,0,H,16,24,10,9,18,22,4,6,3,5,0,0,5,3.8,1.61,5.4,3.45,1.6,5.25,3.5,1.65,4.5,3.5,1.65,4.5,3.5,1.61,5,3.6,1.6,5,3.3,1.61,4.5,3.6,1.67,5,3.25,1.6,44,5.9,5.06,3.8,3.48,1.67,1.63,35,1.7,1.58,2.4,2.21,25,0.75,2.1,2.04,1.86,1.82
D1,17/02/07,Dortmund,M'gladbach,1,0,H,1,0,H,22,13,13,8,27,14,5,2,4,1,0,0,1.8,3.4,4.5,1.7,3.4,4.6,1.8,3.3,4.5,1.85,3.2,3.8,1.72,3.2,4.33,1.75,3.35,4.3,1.72,3.2,4.33,1.83,3.25,4,1.75,3.25,4,46,1.9,1.78,3.45,3.3,4.75,4.28,35,2.14,2.01,1.83,1.72,25,-0.5,1.92,1.86,2.05,2
D1,17/02/07,Hertha,Mainz,1,2,A,1,0,H,15,19,8,12,20,12,5,3,3,1,0,0,1.66,3.6,5,1.6,3.45,5.4,1.65,3.4,5.5,1.7,3.4,4.3,1.57,3.5,5,1.65,3.5,4.75,1.61,3.3,5,1.57,3.6,5.5,1.55,3.5,5,47,1.72,1.63,3.6,3.44,5.6,5.11,37,1.99,1.86,1.95,1.86,25,-0.75,1.98,1.93,1.99,1.93
D1,17/02/07,Leverkusen,Hannover,0,1,A,0,1,A,12,14,6,5,20,15,5,5,2,1,0,0,1.9,3.5,3.8,1.85,3.3,3.9,1.9,3.3,4,2,3.2,3.3,1.83,3.2,3.75,1.85,3.3,3.85,1.9,3.1,3.6,1.8,3.4,4,1.85,3.1,3.75,47,2,1.87,3.5,3.3,4.3,3.86,38,1.73,1.64,2.25,2.1,27,-0.5,2.03,1.94,1.96,1.9
D1,17/02/07,Werder Bremen,Hamburg,0,2,A,0,1,A,11,7,4,5,22,31,3,3,3,3,0,0,1.53,4,5.5,1.65,3.45,4.9,1.6,3.6,5.5,1.6,3.6,4.8,1.57,3.5,5,1.55,3.6,5.5,1.57,3.3,5.5,1.53,3.6,6,1.55,3.5,5,45,1.65,1.59,4,3.54,6,5.35,37,1.6,1.56,2.45,2.25,25,-1,2.1,2.04,1.88,1.79
D1,17/02/07,Wolfsburg,Schalke 04,2,2,D,0,2,A,7,8,5,4,19,23,5,6,3,2,0,0,3.4,3.4,2.05,3.5,3.15,2,3.5,3.25,2.05,3.3,3.2,2,3.4,3.25,1.9,3.2,3.3,2.05,3.3,3.1,2,3.25,3.2,2.1,3.2,3.2,2,47,3.75,3.39,3.4,3.22,2.15,2.03,37,2.11,1.93,1.9,1.8,26,0.25,2.08,2.03,1.86,1.82
D1,18/02/07,Bielefeld,Bochum,1,3,A,1,2,A,12,9,9,5,11,22,10,5,1,4,0,0,2,3.2,3.75,2,3.15,3.55,2.1,3.25,3.4,2,3.2,3.3,2,3.2,3.2,2.1,3.25,3.15,2,3.1,3.3,1.91,3.25,3.75,2,3,3.4,44,2.15,2.01,3.25,3.19,3.75,3.46,36,2.18,2.02,1.8,1.71,26,-0.5,2.1,2.04,1.84,1.79
D1,18/02/07,Nurnberg,Cottbus,1,0,H,0,0,D,27,7,12,5,13,22,1,4,1,4,0,1,1.57,3.6,6,1.5,3.7,6.1,1.6,3.5,6,1.6,3.6,4.8,1.57,3.5,5,1.65,3.4,5,1.57,3.3,5.5,1.62,3.5,5,1.55,3.5,5,44,1.62,1.58,3.75,3.5,6.8,5.58,35,1.97,1.86,1.95,1.86,26,-1,2.13,2.06,1.86,1.77
D1,23/02/07,Stuttgart,Hertha,0,0,D,0,0,D,30,5,14,1,22,19,6,0,2,3,0,1,1.72,3.25,4.33,1.7,3.25,4.9,1.7,3.5,5,1.6,3.6,4.8,1.67,3.4,4.33,1.65,3.4,5,1.61,3.3,5,1.62,3.4,5.25,1.65,3.25,4.5,46,1.75,1.67,3.6,3.39,5.75,4.9,35,1.88,1.76,2.1,1.97,26,-0.75,2,1.88,2.06,1.98
D1,24/02/07,Bayern Munich,Wolfsburg,2,1,H,1,0,H,19,10,9,7,17,23,3,2,2,4,0,0,1.36,4.2,7,1.35,4.35,7.75,1.38,4.25,8,1.33,4.2,8,1.36,4,7,1.33,4.33,8,1.36,3.75,8,1.44,3.6,7.5,1.35,4,7,45,1.45,1.38,4.5,4.11,9,7.77,35,1.8,1.72,2.13,1.99,24,-1.25,2.1,2.06,1.85,1.81
D1,24/02/07,Bochum,Aachen,2,2,D,1,1,D,11,13,7,9,16,10,5,1,1,0,0,0,2,3.25,3.25,2,3.2,3.5,2,3.2,3.75,1.9,3.2,3.6,2,3.2,3.2,2.1,3.3,3.1,1.95,3.1,3.5,2,3.2,3.5,1.9,3.2,3.4,46,2.1,2,3.5,3.22,3.85,3.47,35,1.9,1.81,2.08,1.91,25,-0.5,2.07,2,1.9,1.85
D1,24/02/07,Cottbus,Bielefeld,2,1,H,0,1,A,15,13,12,4,13,16,6,5,3,2,0,0,2.2,3.25,2.8,2,3.2,3.5,2.15,3.2,3.2,2.1,3.1,3.2,2.1,3.2,3,2.2,3.2,3,2.05,3.1,3.2,2.2,3,3.2,2.1,3.1,3.1,46,2.3,2.16,3.25,3.19,3.5,3.14,36,2.11,1.98,1.83,1.75,25,-0.25,2,1.96,1.94,1.9
D1,24/02/07,Hamburg,Ein Frankfurt,3,1,H,1,0,H,10,12,6,7,24,17,5,6,0,3,0,0,1.57,3.6,5,1.65,3.45,4.9,1.62,3.5,5.5,1.6,3.6,4.8,1.62,3.5,4.5,1.6,3.5,5.25,1.61,3.3,5,1.62,3.4,5.25,1.65,3.2,5,45,1.75,1.65,3.6,3.41,5.8,5.05,35,2.05,1.88,1.94,1.84,24,-0.75,1.96,1.86,2.05,2
D1,24/02/07,Hannover,Dortmund,4,2,H,0,0,D,14,6,7,5,18,16,3,0,2,2,0,1,2.2,3.2,2.87,2.25,3,3.1,2.25,3.2,3.1,2.1,3.1,3.2,2.2,3.2,2.8,2.35,3.25,2.7,2.15,3.1,3,2.1,3.2,3.25,2.1,3.1,3.1,47,2.3,2.22,3.25,3.16,3.4,3.02,36,2.02,1.88,1.9,1.84,25,-0.25,2.02,1.96,1.97,1.9
D1,24/02/07,Mainz,Nurnberg,2,1,H,2,0,H,11,16,7,9,25,16,2,6,1,3,1,0,2.4,3.2,2.6,2.55,3.05,2.65,2.5,3.2,2.75,2.4,2.9,2.9,2.38,3.2,2.6,2.4,3.15,2.7,2.5,2.8,2.75,2.5,3.2,2.6,2.5,2.9,2.65,46,2.65,2.49,3.25,3.13,2.9,2.66,35,2.12,1.96,1.83,1.76,23,0,1.93,1.85,2.05,1.95
D1,25/02/07,M'gladbach,Werder Bremen,2,2,D,1,1,D,13,13,8,10,27,23,4,8,3,1,0,0,3.6,3.4,1.83,3.65,3.2,1.95,3.8,3.3,1.95,3.6,3.2,1.9,3.75,3.2,1.83,3.85,3.3,1.85,3.75,3.2,1.83,3.75,3.25,1.91,3.7,3.25,1.85,45,4.1,3.74,3.45,3.29,2,1.9,35,1.75,1.67,2.2,2.05,25,0.5,1.98,1.93,1.98,1.92
D1,25/02/07,Schalke 04,Leverkusen,0,1,A,0,0,D,21,7,9,2,20,19,9,4,2,4,1,0,1.57,3.6,5,1.55,3.65,5.5,1.6,3.5,5.75,1.6,3.6,4.8,1.5,3.4,6,1.5,3.75,6,1.53,3.3,6,1.5,3.6,6.5,1.55,3.4,5.5,45,1.7,1.58,3.7,3.54,6.5,5.47,35,1.75,1.66,2.25,2.08,24,-0.75,1.88,1.84,2.07,2.03
D1,02/03/07,Schalke 04,Hamburg,0,2,A,0,0,D,22,8,11,3,22,26,9,1,3,3,0,0,1.85,3.5,4,1.9,3.4,3.6,1.85,3.3,4.25,1.8,3.2,4,1.72,3.4,4,1.8,3.25,4.2,1.8,3.1,4,1.73,3.4,4.5,1.75,3.3,4,45,2,1.83,3.5,3.27,4.6,4.09,33,2.06,1.85,1.95,1.86,24,-0.5,2,1.91,2,1.93
D1,03/03/07,Bielefeld,Nurnberg,3,2,H,1,1,D,11,12,7,8,12,20,2,4,1,3,0,0,2.75,3.2,2.5,3,3.1,2.25,2.8,3.1,2.5,2.5,3.2,2.5,2.75,3.2,2.25,2.55,3.2,2.5,2.7,3,2.37,2.6,3,2.62,2.75,2.8,2.5,46,3.05,2.74,3.25,3.11,2.63,2.44,34,2.18,1.99,1.8,1.72,24,0,2.06,1.97,1.91,1.82
D1,03/03/07,Ein Frankfurt,Hannover,2,0,H,0,0,D,15,13,4,4,11,16,7,5,0,1,0,0,2.4,3.2,2.87,2.6,3.05,2.6,2.5,3.2,2.75,2.3,3.1,2.8,2.4,3.25,2.5,2.45,3.25,2.6,2.4,3.1,2.6,2.4,3.2,2.7,2.5,3,2.6,45,2.55,2.45,3.25,3.14,2.9,2.7,33,2,1.84,2,1.88,23,0,1.8,1.76,2.14,1.98
D1,03/03/07,Hertha,Bayern Munich,2,3,A,0,2,A,13,13,8,9,16,14,6,5,2,1,1,0,3,3.25,2.3,3,3.1,2.25,3,3.25,2.3,2.8,3.1,2.3,2.75,3.2,2.25,2.8,3.3,2.25,2.8,3.1,2.25,2.62,3.25,2.4,2.8,3.1,2.25,45,3.3,2.89,3.3,3.18,2.45,2.29,33,1.98,1.83,2,1.87,24,0.25,1.95,1.89,2.02,1.95
D1,03/03/07,Leverkusen,Stuttgart,3,1,H,2,0,H,13,24,10,14,19,16,7,13,2,1,0,0,2.4,3.2,2.87,2.55,3.15,2.55,2.45,3.2,2.8,2.4,3.2,2.6,2.5,3.2,2.5,2.45,3.25,2.6,2.5,3.1,2.5,2.5,3.33,2.5,2.4,3.1,2.65,42,2.6,2.45,3.33,3.19,2.95,2.68,33,1.72,1.67,2.15,2.05,23,0,1.83,1.76,2.17,2.03
D1,03/03/07,Werder Bremen,Bochum,3,0,H,1,0,H,21,5,15,2,15,27,7,2,0,1,0,0,1.3,5,9,1.3,4.85,8,1.32,4.75,9,1.33,4.2,8,1.33,4,8,1.3,4.5,9,1.33,4,8,1.3,4.5,9,1.3,4,9.5,45,1.36,1.32,5.2,4.48,10.5,8.7,33,1.57,1.52,2.45,2.3,23,-1.5,2.01,1.9,2,1.93
D1,03/03/07,Wolfsburg,M'gladbach,1,0,H,0,0,D,15,19,7,10,14,18,2,6,0,1,0,0,1.9,3.25,4,1.8,3.25,4.25,1.9,3.25,4,1.9,3.2,3.6,1.8,3.3,3.75,1.9,3.25,3.75,1.8,3.1,4,1.83,3,4.5,1.85,3.3,3.6,45,1.95,1.87,3.35,3.21,4.7,3.97,33,2.03,1.89,1.9,1.82,24,-0.5,2.02,1.95,1.93,1.89
D1,04/03/07,Aachen,Mainz,2,1,H,0,1,A,12,18,7,6,24,28,4,5,4,2,0,0,2.3,3.25,3,2.4,3.15,2.75,2.35,3.2,2.9,2.3,3.1,2.8,2.37,3.2,2.6,2.4,3.25,2.65,2.37,3.1,2.62,2.5,3.2,2.6,2.25,3.2,2.75,45,2.5,2.33,3.3,3.18,3.1,2.82,33,1.9,1.77,2.1,1.94,24,-0.25,2.1,2.04,1.86,1.82
D1,04/03/07,Dortmund,Cottbus,2,3,A,1,1,D,16,9,9,4,17,22,14,0,2,4,0,0,1.61,3.6,5.5,1.55,3.5,5.9,1.6,3.5,5.75,1.65,3.5,4.5,1.61,3.25,5,1.65,3.4,5,1.66,3.1,5,1.7,3.25,5,1.6,3.3,5,45,1.7,1.63,3.6,3.42,5.75,5.24,33,1.96,1.86,1.96,1.85,23,-0.75,2,1.93,2,1.92
D1,09/03/07,Nurnberg,Ein Frankfurt,2,2,D,0,1,A,20,4,10,3,12,20,6,3,1,3,0,0,1.8,3.4,4.33,1.8,3.4,4.95,1.9,3.2,4.25,1.9,3.2,3.6,1.72,3.2,4.33,1.8,3.2,4.3,1.72,3.1,4.5,1.8,3.4,4,1.7,3.25,4.5,42,2.02,1.83,3.4,3.27,4.6,4.17,36,2,1.87,1.92,1.84,25,-0.5,2.06,1.96,2.02,1.89
D1,10/03/07,Bochum,Dortmund,2,0,H,0,0,D,16,16,9,6,16,16,4,1,3,3,0,0,2.5,3.2,2.75,2.75,3.2,2.65,2.6,3.2,2.6,2.5,3.2,2.5,2.5,3.2,2.5,2.45,3.25,2.6,2.5,2.9,2.62,2.4,3.25,2.62,2.5,3.1,2.5,44,2.65,2.54,3.3,3.17,2.75,2.6,39,2,1.87,1.95,1.86,26,0,1.99,1.9,1.98,1.89
D1,10/03/07,Cottbus,Aachen,0,2,A,0,1,A,19,11,7,7,19,15,4,4,2,3,0,1,2.1,3.4,3.25,2.15,3.25,3.6,2.15,3.2,3.3,2.1,3.1,3.2,2,3.2,3.2,2.1,3.25,3.15,1.95,3.1,3.5,2,3.25,3.4,2.1,3.1,3.2,43,2.2,2.1,3.4,3.21,3.5,3.26,38,1.9,1.8,2.06,1.92,26,-0.25,1.9,1.86,2.04,2
D1,10/03/07,Hannover,Schalke 04,1,1,D,1,1,D,15,12,11,9,22,15,6,6,1,2,0,0,3,3.25,2.3,3.15,3.15,2.4,2.9,3.25,2.35,2.7,3.1,2.4,2.8,3.2,2.2,2.7,3.25,2.35,2.75,3.1,2.3,3,3.4,2.1,2.65,3.2,2.3,44,3.1,2.88,3.4,3.21,2.4,2.3,39,1.98,1.86,1.94,1.86,26,0.25,1.82,1.77,2.14,2.09
D1,10/03/07,Mainz,Bielefeld,1,0,H,0,0,D,13,9,6,8,23,16,2,2,2,0,0,0,2,3.2,3.75,1.9,3.4,4.35,1.95,3.2,4,1.85,3.2,3.8,1.8,3.3,3.75,1.9,3.25,3.75,1.9,3.1,3.6,1.83,3.25,4,1.9,3.25,3.6,44,2.05,1.93,3.3,3.22,4.2,3.78,39,2.1,1.93,1.87,1.79,26,-0.5,2.11,2.06,1.86,1.8
D1,10/03/07,M'gladbach,Hertha,3,1,H,1,0,H,18,19,9,12,22,13,4,4,2,1,0,0,2.25,3.3,3,2.25,3.25,3.35,2.25,3.2,3.1,2.3,3.1,2.8,2.25,3.2,2.75,2.25,3.4,2.75,2.2,3,3,2.25,3.25,2.88,2.1,3.2,3,44,2.3,2.2,3.3,3.19,3.75,3.06,39,2.14,1.99,1.83,1.74,27,-0.25,1.91,1.88,2.05,1.99
D1,10/03/07,Stuttgart,Wolfsburg,0,0,D,0,0,D,16,8,5,6,16,18,7,1,2,1,0,0,1.61,3.6,5.5,1.6,3.8,6.05,1.65,3.5,5.25,1.65,3.5,4.5,1.53,3.5,5.5,1.55,3.5,5.75,1.57,3.3,5.5,1.53,3.6,6,1.55,3.5,5,43,1.7,1.61,3.6,3.5,6.4,5.28,38,1.94,1.8,2.07,1.93,25,-0.75,1.9,1.84,2.06,2.01
D1,11/03/07,Bayern Munich,Werder Bremen,1,1,D,1,0,H,19,11,12,5,17,26,8,2,1,2,0,0,2.05,3.25,3.6,1.95,3.4,4.1,2.05,3.25,3.5,1.9,3.2,3.6,1.9,3.2,3.5,1.9,3.3,3.65,1.9,3.1,3.6,1.91,3.25,3.8,1.9,3.25,3.5,42,2.2,1.99,3.35,3.25,4.4,3.53,38,1.75,1.65,2.22,2.09,26,-0.25,1.86,1.83,2.11,2.04
D1,11/03/07,Hamburg,Leverkusen,0,0,D,0,0,D,10,15,7,9,10,18,12,10,0,2,0,0,2,3.4,3.5,2.1,3.25,3.75,2.05,3.25,3.5,2,3.2,3.3,1.9,3.2,3.5,2,3.25,3.4,2,3,3.4,1.83,3.4,3.75,2,3.2,3.25,42,2.15,2.02,3.45,3.26,3.75,3.42,39,1.92,1.8,2.01,1.93,28,-0.25,1.86,1.8,2.1,2.06
D1,16/03/07,Hertha,Cottbus,0,1,A,0,0,D,20,10,15,3,14,18,7,4,2,4,0,0,1.66,3.6,5.25,1.6,3.5,5.25,1.7,3.4,5.25,1.7,3.4,4.3,1.66,3.4,4.33,1.7,3.4,4.5,1.61,3.1,5.5,1.67,3.4,5,1.6,3.25,5,44,1.7,1.64,3.6,3.46,5.95,5.2,40,1.98,1.8,2.03,1.93,28,-0.75,1.99,1.93,1.98,1.93
D1,17/03/07,Aachen,Bielefeld,2,0,H,0,0,D,16,14,9,8,17,26,6,3,1,4,0,0,2.1,3.25,3.4,2.1,3.25,3.15,2.1,3.25,3.4,1.9,3.2,3.6,2,3.2,3.2,2.1,3.25,3.15,1.95,3.1,3.5,2.2,3.25,3,1.9,3.2,3.5,44,2.2,2.07,3.3,3.22,3.6,3.33,37,1.92,1.81,2.05,1.92,27,-0.25,1.94,1.85,2.06,2.01
D1,17/03/07,Dortmund,Nurnberg,0,0,D,0,0,D,7,8,3,3,19,27,3,2,2,3,0,0,2.25,3.2,3.1,2.2,3,3.2,2.2,3.1,3.35,2.2,3.1,3,2.2,3.2,2.8,2.2,3.2,3,2.2,3,3,2.3,3,3,2.2,3,3,43,2.38,2.23,3.3,3.18,3.43,3.04,37,2.1,1.95,1.89,1.77,27,-0.25,1.94,1.88,2.03,1.98
D1,17/03/07,Ein Frankfurt,Bayern Munich,1,0,H,0,0,D,7,21,2,12,22,17,3,3,1,3,0,0,5,3.6,1.66,5.1,3.35,1.65,5,3.4,1.7,4.2,3.3,1.75,4.33,3.4,1.66,4.5,3.4,1.7,4.8,3.2,1.66,4.5,3.4,1.73,4.5,3.25,1.65,44,5.65,4.91,3.6,3.42,1.75,1.68,37,1.9,1.77,2.1,1.98,27,0.75,1.99,1.93,1.97,1.93
D1,17/03/07,Hannover,Hamburg,0,0,D,0,0,D,10,10,7,5,26,19,5,2,1,5,0,0,2.37,3.2,2.9,2.4,3.2,2.7,2.4,3.2,2.8,2.5,3.1,2.6,2.37,3.2,2.6,2.38,3.2,2.75,2.37,3,2.7,2.38,3,2.88,2.35,3,2.75,43,2.55,2.37,3.25,3.16,3.3,2.81,36,2.11,1.95,1.88,1.78,26,0,1.8,1.68,2.25,2.1
D1,17/03/07,Schalke 04,Stuttgart,1,0,H,0,0,D,18,13,10,7,16,26,5,9,1,2,0,0,1.9,3.25,4,1.95,3.2,3.65,1.95,3.25,3.8,1.9,3.2,3.6,1.9,3.2,3.5,2,3.25,3.4,1.9,3.1,3.6,1.8,3.2,4.33,1.9,3.2,3.5,42,2,1.94,3.35,3.24,4.33,3.7,36,2.12,1.91,1.87,1.81,26,-0.5,2.02,1.64,2.3,2.16
D1,17/03/07,Wolfsburg,Bochum,3,1,H,2,0,H,12,19,8,11,22,15,4,9,2,2,0,0,1.95,3.3,3.8,1.85,3.25,3.95,1.9,3.25,4,1.9,3.2,3.6,1.8,3.3,3.75,1.9,3.25,3.7,1.9,3.1,3.6,1.8,3.2,4.33,1.85,3.1,3.8,41,2.05,1.9,3.35,3.25,4.33,3.86,36,2.1,1.92,1.91,1.8,26,-0.5,2.07,2,1.9,1.89
D1,18/03/07,Leverkusen,M'gladbach,1,0,H,0,0,D,15,9,8,5,15,18,3,10,5,1,0,0,1.66,3.6,5,1.65,3.5,4.8,1.65,3.5,5.25,1.65,3.5,4.5,1.61,3.5,4.5,1.7,3.4,4.5,1.57,3.3,5.5,1.67,3.4,5,1.65,3.25,4.5,43,1.75,1.66,3.6,3.44,5.8,4.98,37,1.79,1.69,2.17,2.04,26,-0.75,2.02,1.98,1.96,1.89
D1,18/03/07,Werder Bremen,Mainz,2,0,H,0,0,D,21,18,9,11,18,27,2,9,2,4,0,0,1.36,4.5,8,1.45,4.3,5.6,1.42,4.2,7.5,1.4,4,6.5,1.44,3.5,7,1.4,4.3,6.5,1.4,3.6,7.5,1.44,4,6.5,1.4,4,6.5,43,1.45,1.4,4.5,4.11,8.5,7.41,36,1.62,1.57,2.55,2.21,25,-1.25,1.95,1.95,1.91,1.83
D1,30/03/07,Bielefeld,Dortmund,1,0,H,0,0,D,17,7,8,4,19,25,2,2,0,0,0,0,2.5,3.2,2.75,2.6,3.05,2.6,2.6,3.2,2.65,2.5,3.1,2.6,2.37,3.2,2.6,2.5,3.25,2.55,2.37,3,2.7,2.4,3,2.88,2.35,3.1,2.65,42,2.75,2.51,3.25,3.16,2.88,2.66,38,2.22,2.04,1.76,1.68,29,0,2.02,1.87,2.02,1.88
D1,31/03/07,Bayern Munich,Schalke 04,2,0,H,1,0,H,12,9,11,4,26,26,7,7,2,3,0,0,2,3.25,3.75,1.85,3.35,3.85,1.95,3.3,3.8,1.8,3.2,4,1.9,3.2,3.5,1.85,3.3,3.85,1.9,3.1,3.6,1.91,3.2,3.8,1.8,3.25,3.75,44,2.05,1.94,3.33,3.24,4.1,3.73,40,2.06,1.92,1.89,1.81,27,-0.5,2.11,2.03,1.85,1.8
D1,31/03/07,Cottbus,Werder Bremen,0,0,D,0,0,D,8,22,2,15,23,23,0,4,4,1,0,0,5,3.4,1.72,4.45,3.3,1.75,4.25,3.4,1.8,4,3.2,1.8,4.33,3.2,1.72,4,3.35,1.8,4.33,3.2,1.72,4.33,3.2,1.8,4.2,3.25,1.75,43,5.45,4.46,3.5,3.35,1.85,1.74,38,1.67,1.61,2.25,2.16,26,0.75,1.91,1.86,2.04,2
D1,31/03/07,Mainz,Leverkusen,1,3,A,0,2,A,14,11,8,8,12,16,6,1,2,2,0,0,2.5,3.2,2.75,2.5,3.2,2.6,2.5,3.2,2.75,2.55,3.1,2.55,2.37,3.2,2.6,2.35,3.25,2.7,2.5,2.9,2.62,2.38,3.2,2.75,2.4,3.1,2.6,43,2.62,2.49,3.3,3.18,2.8,2.66,37,1.94,1.82,2.01,1.9,27,0,1.88,1.83,2.05,1.96
D1,31/03/07,M'gladbach,Ein Frankfurt,1,1,D,0,1,A,18,11,9,6,21,20,10,6,5,3,0,1,2.1,3.25,3.4,2,3.15,3.55,2.1,3.25,3.4,2.2,3.1,3,2.1,3.2,3,2,3.15,3.5,2.15,3,3.1,2.2,3.25,3,2.1,3,3.2,42,2.2,2.09,3.29,3.2,3.7,3.3,36,2.08,1.96,1.85,1.78,27,-0.25,1.86,1.82,2.1,2.03
D1,31/03/07,Nurnberg,Hertha,2,1,H,1,0,H,16,14,11,9,20,21,4,8,4,1,0,0,2,3.25,3.7,2.05,3.05,3.5,2,3.2,3.75,2.1,3.1,3.2,1.9,3.2,3.5,2,3.15,3.5,1.95,3.1,3.5,1.91,3.2,3.8,1.9,3.1,3.6,44,2.15,1.99,3.25,3.19,4,3.55,37,2,1.86,1.94,1.86,27,-0.25,1.86,1.82,2.1,2.05
D1,31/03/07,Stuttgart,Aachen,3,1,H,1,0,H,29,12,14,7,15,10,8,2,1,1,0,0,1.61,3.5,6,1.55,3.5,6,1.6,3.6,5.75,1.6,3.6,4.8,1.53,3.5,5.5,1.6,3.6,5,1.57,3.3,5.5,1.62,3.5,5,1.55,3.5,5,42,1.67,1.59,3.75,3.52,6.25,5.56,38,1.89,1.77,2.1,1.96,26,-0.75,1.92,1.88,2.02,1.98
D1,01/04/07,Bochum,Hannover,2,0,H,2,0,H,7,15,5,7,23,16,2,6,4,1,0,0,2.4,3.2,2.87,2.6,3.05,2.6,2.4,3.2,2.8,2.4,3.1,2.7,2.37,3.2,2.6,2.35,3.25,2.7,2.37,3,2.7,2.38,3.2,2.75,2.3,3.2,2.65,42,2.55,2.4,3.3,3.18,3,2.76,39,2.13,1.96,1.85,1.77,27,0,1.79,1.75,2.15,2.04
D1,01/04/07,Hamburg,Wolfsburg,1,0,H,0,0,D,14,13,9,8,18,23,6,6,2,3,0,0,1.8,3.4,4.5,1.85,3.25,3.95,1.8,3.3,4.5,1.85,3.2,3.8,1.72,3.2,4.33,1.8,3.25,4.2,1.72,3.2,4.33,1.91,3,4,1.8,3.25,3.75,42,1.91,1.81,3.45,3.3,4.9,4.25,39,2.12,1.99,1.84,1.75,26,-0.5,1.91,1.85,2.05,1.98
D1,07/04/07,Aachen,Dortmund,1,4,A,0,1,A,18,21,9,13,15,24,1,7,1,1,0,0,2.62,3.25,2.6,2.4,3.2,2.7,2.5,3.2,2.75,2.3,3.2,2.7,2.2,3.25,2.75,2.5,3.3,2.5,2.3,3.2,2.62,2.35,3.25,2.75,2.6,3.1,2.4,40,2.65,2.5,3.3,3.19,2.8,2.64,31,1.93,1.82,2,1.9,24,0,2.04,1.89,1.95,1.89
D1,07/04/07,Ein Frankfurt,Cottbus,1,3,A,0,0,D,19,14,9,9,13,19,13,3,3,1,0,0,1.85,3.4,4,1.9,3.15,3.9,1.85,3.3,4.25,1.9,3.2,3.6,1.9,3.2,3.5,1.85,3.25,4,1.9,3.1,3.6,1.73,3.25,4.75,1.8,3.1,4.35,40,1.92,1.85,3.4,3.23,4.9,4.09,31,2.05,1.93,1.91,1.81,24,-0.5,1.89,1.86,2.04,1.98
D1,07/04/07,Hamburg,Stuttgart,2,4,A,0,3,A,19,14,11,11,21,14,10,4,1,1,1,1,2.37,3.2,2.9,2.3,3.15,2.9,2.3,3.2,3,2.2,3.1,3,2.37,3.2,2.6,,,,2.37,3.1,2.62,2.3,3.2,2.88,2.25,3.2,2.75,40,2.4,2.31,3.25,3.18,3.3,2.9,31,2.11,1.92,1.85,1.78,24,-0.25,2.03,2,1.91,1.85
D1,07/04/07,Hannover,Bayern Munich,1,2,A,1,0,H,19,9,10,8,14,15,7,3,2,2,1,0,4,3.4,1.85,4.15,3.3,1.8,4.25,3.3,1.85,3.8,3.2,1.85,3.5,3.2,1.9,3.7,3.25,1.9,3.5,3.2,1.9,4.33,3.25,1.8,3.4,3.25,1.9,40,4.9,3.98,3.4,3.25,2,1.88,31,2.03,1.88,1.95,1.85,23,0.5,1.95,1.91,1.99,1.92
D1,07/04/07,Hertha,Bielefeld,1,1,D,0,1,A,7,16,5,8,20,9,10,7,2,0,1,0,1.72,3.5,4.75,1.6,3.5,5.3,1.72,3.5,4.75,1.75,3.3,4.2,1.66,3.4,4.33,1.73,3.4,4.33,1.72,3.2,4.33,1.62,3.4,5.25,1.65,3.4,4.35,40,1.75,1.7,3.55,3.41,5.8,4.73,31,1.95,1.85,2.01,1.88,23,-0.75,2.03,1.97,1.94,1.88
D1,07/04/07,Schalke 04,M'gladbach,2,0,H,0,0,D,26,9,11,5,19,16,6,6,0,2,0,0,1.44,4,7.5,1.4,4.3,6.5,1.45,4,7,1.45,3.7,6.5,1.36,4,7,1.4,4,7.25,1.36,3.75,8,1.36,4.2,8,1.4,3.75,7,39,1.5,1.42,4.25,3.97,8.2,7.26,31,2.01,1.87,1.94,1.86,24,-1.25,2.07,2.04,1.87,1.81
D1,07/04/07,Wolfsburg,Mainz,3,2,H,1,1,D,20,9,13,9,18,31,5,3,1,2,0,0,2.1,3.25,3.4,2,3.15,3.55,2,3.25,3.75,2,3.1,3.4,1.9,3.2,3.5,2,3.25,3.4,1.9,3.2,3.5,2.05,3,3.6,2,3.25,3.25,40,2.15,2,3.3,3.19,3.85,3.53,31,2.09,1.9,1.9,1.8,24,-0.5,2.17,1.98,1.81,1.75
D1,08/04/07,Leverkusen,Bochum,1,4,A,0,3,A,18,12,8,7,16,21,5,5,1,2,1,0,1.61,3.6,5.5,1.5,3.6,6.4,1.6,3.5,6,1.55,3.7,5,1.57,3.5,5,1.6,3.6,5,1.57,3.3,5.5,1.6,3.6,5,1.5,3.6,5.5,39,1.7,1.59,3.75,3.52,6.25,5.51,31,1.73,1.66,2.2,2.09,23,-0.75,1.98,1.9,1.98,1.96
D1,08/04/07,Werder Bremen,Nurnberg,1,0,H,0,0,D,14,12,8,6,21,23,10,5,2,3,0,0,1.53,3.8,6,1.5,3.6,6.4,1.55,3.6,6.5,1.5,3.8,5.5,1.57,3.5,5,1.5,3.6,6.25,1.5,3.4,6,1.5,3.6,6.25,1.5,3.6,6,39,1.6,1.54,3.8,3.58,7,6.06,31,1.67,1.61,2.35,2.15,23,-0.75,1.81,1.78,2.13,2.08
D1,13/04/07,M'gladbach,Hamburg,0,1,A,0,0,D,19,14,10,8,14,18,8,5,1,0,0,0,2.5,3.25,2.7,2.7,3.1,2.45,2.6,3.2,2.6,2.55,3.1,2.55,2.6,3.2,2.37,2.55,3.15,2.55,2.5,3.1,2.5,2.6,3.2,2.5,2.4,3.2,2.5,39,2.75,2.58,3.3,3.16,2.85,2.6,33,2.25,2.05,1.73,1.69,25,0,1.92,1.87,2.05,1.94
D1,14/04/07,Bielefeld,Ein Frankfurt,2,4,A,1,2,A,14,9,9,6,12,17,10,5,3,0,0,0,2.2,3.25,3.2,2.2,3.1,3.1,2.2,3.2,3.2,2.2,3.1,3,2.2,3.25,2.75,2.2,3.2,3,2.1,3.1,3.1,2.25,3.1,3,2.2,3,3,40,2.35,2.2,3.25,3.15,3.5,3.13,31,2.05,1.92,1.88,1.81,23,-0.25,1.98,1.92,2,1.94
D1,14/04/07,Bochum,Hertha,1,3,A,1,0,H,16,23,8,16,20,13,3,7,1,1,0,0,2.3,3.25,3,2.3,3.15,2.9,2.3,3.2,3,2.2,3.1,3,2.25,3.2,2.75,2.2,3.25,2.95,2.15,3.1,3,2.1,3.25,3.2,2.1,3.2,3,41,2.4,2.26,3.25,3.17,3.3,2.99,31,1.98,1.87,1.96,1.86,23,-0.25,2.04,1.97,1.92,1.9
D1,14/04/07,Cottbus,Wolfsburg,3,2,H,1,0,H,10,15,5,9,17,20,3,3,1,2,0,0,2.5,3.25,2.75,2.3,3.15,2.9,2.4,3.2,2.8,2.4,2.9,2.9,2.25,3.2,2.75,2.3,3.25,2.8,2.25,3.1,2.8,2.35,2.88,3.1,2.3,3.1,2.75,40,2.65,2.39,3.25,3.12,3.1,2.84,31,2.11,1.97,1.85,1.76,23,0,1.88,1.81,2.09,1.99
D1,14/04/07,Mainz,Schalke 04,0,3,A,0,2,A,12,9,7,7,24,19,5,0,1,1,0,0,3.5,3.3,2.05,3.35,3.2,2.05,3.4,3.25,2.1,3.2,3.1,2.1,3.2,3.2,2,3.4,3.25,2,3.6,3.1,1.9,3.6,3.25,1.95,3.2,3.2,2,41,3.65,3.39,3.3,3.21,2.2,2.06,31,2.09,1.9,1.9,1.8,23,0.5,1.82,1.77,2.15,2.1
D1,14/04/07,Nurnberg,Aachen,1,0,H,1,0,H,16,9,9,5,21,20,5,2,4,5,0,1,1.66,3.6,5,1.7,3.4,4.65,1.7,3.4,5,1.7,3.4,4.3,1.61,3.25,5,1.65,3.4,5,1.72,3.2,4.33,1.62,3.5,5.25,1.7,3.25,4.35,41,1.75,1.68,3.6,3.4,5.5,4.88,31,1.9,1.79,2.07,1.95,22,-0.75,2.06,2.01,1.92,1.86
D1,14/04/07,Stuttgart,Hannover,2,1,H,1,0,H,13,18,8,10,20,20,3,10,0,2,1,0,1.66,3.6,5,1.55,3.5,5.9,1.62,3.5,5.75,1.65,3.5,4.5,1.57,3.5,5,1.55,3.5,5.75,1.57,3.3,5.5,1.62,3.5,5.25,1.55,3.5,5,40,1.7,1.61,3.75,3.49,6.25,5.34,31,1.96,1.84,2,1.89,22,-0.75,1.95,1.92,2.01,1.95
D1,15/04/07,Bayern Munich,Leverkusen,2,1,H,1,0,H,17,9,10,4,10,14,9,7,1,3,0,0,1.44,4,7.5,1.5,3.7,6.15,1.5,3.8,6.75,1.45,3.9,6,1.44,3.6,6.5,1.5,3.6,6.25,1.5,3.4,6,1.53,3.6,6,1.5,3.6,5.5,41,1.55,1.49,4,3.73,8,6.45,32,1.75,1.68,2.2,2.05,23,-1,1.97,1.9,2.01,1.93
D1,15/04/07,Dortmund,Werder Bremen,0,2,A,0,2,A,12,10,7,6,23,21,7,3,3,0,0,0,3,3.25,2.3,3.25,3.15,2.1,3.1,3.2,2.25,3,3.1,2.2,3,3.2,2.1,3.15,3.25,2.1,2.87,3.1,2.2,3.4,3.25,2,2.8,3.25,2.2,39,3.45,3.06,3.3,3.2,2.3,2.2,31,1.84,1.76,2.11,1.94,23,0.25,1.89,1.83,2.08,2.03
D1,20/04/07,Werder Bremen,Aachen,3,1,H,0,1,A,27,8,13,6,20,22,11,4,2,2,0,0,1.25,5.5,10,1.3,4.6,8.8,1.3,4.75,10,1.3,4.4,8.5,1.29,4.33,9,1.28,4.75,9,1.28,4.5,8,1.3,4.75,8.5,1.3,4.35,8.5,44,1.33,1.28,5.85,4.84,11.5,9.33,36,1.6,1.53,2.51,2.33,25,-1.5,1.82,1.76,2.2,2.08
D1,21/04/07,Ein Frankfurt,Bochum,0,3,A,0,1,A,16,18,9,13,13,15,7,4,1,1,0,0,2,3.3,3.6,2,3.2,3.5,2.05,3.25,3.5,1.9,3.2,3.6,2,3.2,3.2,1.95,3.3,3.5,2.05,2.87,3.5,2.1,3,3.4,2.1,3,3.25,46,2.15,2.02,3.3,3.19,3.75,3.47,34,2,1.89,1.95,1.84,26,-0.25,1.81,1.79,2.15,2.08
D1,21/04/07,Hertha,Dortmund,0,1,A,0,0,D,10,14,4,9,12,23,4,9,1,1,0,0,2.15,3.3,3.25,2.1,3.1,3.3,2.15,3.2,3.2,2,3.2,3.3,2,3.2,3.2,2.2,3.3,2.9,2.05,3.1,3.2,1.95,3.33,3.5,2,3.2,3.25,46,2.3,2.1,3.3,3.2,3.6,3.26,34,2.01,1.89,1.95,1.84,26,-0.25,1.98,1.94,1.97,1.93
D1,21/04/07,Leverkusen,Nurnberg,2,0,H,1,0,H,9,10,5,2,27,21,3,2,2,2,0,0,2.1,3.25,3.4,2,3.2,3.5,2.05,3.25,3.5,2,3.2,3.3,2,3.2,3.2,2,3.25,3.4,2,3.1,3.3,2,3,3.75,2,3.2,3.25,45,2.15,2.02,3.35,3.23,4.15,3.45,34,1.86,1.75,2.1,1.98,26,-0.25,1.85,1.8,2.16,2.07
D1,21/04/07,Schalke 04,Cottbus,2,0,H,0,0,D,22,3,10,3,7,21,5,7,2,4,0,0,1.33,4.5,9.5,1.35,4.3,8,1.35,4.25,10,1.37,4.1,7,1.36,4,7,1.3,4.33,10,1.36,3.75,8,1.25,4.75,11,1.35,3.5,10,46,1.4,1.35,4.8,4.22,10.4,8.49,34,1.89,1.78,2.06,1.91,25,-1.5,2.01,1.94,1.93,1.9
D1,21/04/07,Stuttgart,Bayern Munich,2,0,H,2,0,H,19,9,12,6,21,21,5,4,0,3,0,0,2.7,3.25,2.5,2.7,3.2,2.4,2.9,3.2,2.4,2.7,3.1,2.4,2.5,3.2,2.5,2.5,3.3,2.5,2.5,3.25,2.4,2.5,3.2,2.6,2.5,3.25,2.4,46,3,2.68,3.3,3.19,2.55,2.45,33,1.94,1.8,2.05,1.9,26,0,2.15,2.03,1.82,1.73
D1,21/04/07,Wolfsburg,Bielefeld,2,3,A,1,1,D,7,16,5,11,19,16,6,6,3,1,0,0,1.9,3.25,4,1.8,3.3,4.15,1.9,3.25,4,1.85,3.2,3.8,1.8,3.2,4,1.85,3.3,3.85,1.83,3.2,3.75,2,3,3.75,1.8,3.25,3.75,45,2,1.88,3.4,3.23,4.45,3.92,33,2.04,1.91,1.91,1.82,25,-0.5,2.07,1.99,1.89,1.85
D1,22/04/07,Hamburg,Mainz,2,2,D,1,1,D,12,6,8,6,21,19,9,1,2,2,0,0,1.66,3.6,5,1.65,3.45,4.9,1.7,3.4,5,1.6,3.6,4.8,1.62,3.5,4.5,1.65,3.4,5,1.61,3.3,5,1.73,3.25,4.75,1.6,3.5,4.6,45,1.75,1.67,3.6,3.42,5.75,4.91,33,2.1,1.92,1.9,1.78,25,-0.75,2,1.96,1.95,1.9
D1,22/04/07,Hannover,M'gladbach,1,0,H,1,0,H,15,9,6,5,16,16,1,3,2,4,0,0,1.8,3.4,4.33,1.7,3.35,4.7,1.8,3.3,4.5,1.65,3.5,4.5,1.73,3.2,4.33,1.8,3.3,4.1,1.72,3.25,4.2,1.8,3.4,4,1.8,3.25,3.75,45,1.9,1.78,3.6,3.32,5,4.26,33,2.1,1.94,1.85,1.79,24,-0.5,1.92,1.85,2.08,2
D1,27/04/07,Bochum,Schalke 04,2,1,H,2,1,H,10,15,8,8,20,16,3,4,4,4,0,0,4.2,3.5,1.8,3.9,3.3,1.85,4.25,3.3,1.83,3.6,3.2,1.9,4,3.2,1.8,3.8,3.5,1.8,3.4,3.25,1.9,4.5,3.4,1.73,4.35,3.3,1.73,50,5,4.23,3.5,3.28,1.91,1.8,37,1.96,1.87,1.96,1.86,27,0.5,2.12,2.03,1.85,1.81
D1,28/04/07,Aachen,Hertha,0,4,A,0,1,A,16,13,8,7,14,13,6,8,1,2,0,0,2.4,3.25,2.8,2.55,3.2,2.55,2.4,3.25,2.8,2.4,3.1,2.7,2.37,3.2,2.6,2.35,3.2,2.75,2.4,3.1,2.6,2.2,3.4,2.88,2.25,3.2,2.75,48,2.5,2.38,3.4,3.22,3.05,2.75,39,1.82,1.73,2.15,2.02,29,0,1.79,1.73,2.18,2.01
D1,28/04/07,Bayern Munich,Hamburg,1,2,A,1,0,H,16,16,10,8,14,23,3,8,2,0,0,1,1.5,3.75,7,1.5,3.7,6.15,1.55,3.6,6.25,1.6,3.6,4.8,1.5,3.4,6,1.6,3.6,5,1.53,3.5,5.5,1.5,3.6,6.5,1.5,3.5,6,48,1.6,1.52,3.85,3.63,7,6.05,39,1.95,1.84,1.98,1.89,29,-1,2.1,1.97,1.95,1.87
D1,28/04/07,Dortmund,Ein Frankfurt,2,0,H,1,0,H,15,12,12,7,16,18,6,3,2,2,0,0,1.83,3.3,4.33,1.8,3.2,4.3,1.85,3.25,4.25,1.9,3.2,3.6,1.8,3.2,4,1.8,3.3,4.1,1.9,3.1,3.6,1.91,3.2,3.8,1.84,3.1,4,45,1.91,1.83,3.45,3.24,4.8,4.15,39,2.01,1.89,1.95,1.84,29,-0.5,1.92,1.87,2.04,1.97
D1,28/04/07,Mainz,Hannover,1,2,A,0,1,A,16,9,7,5,13,25,5,1,0,1,0,0,2.1,3.25,3.4,2.15,3.25,3.05,2.15,3.25,3.25,2.2,3.1,3,2.1,3.2,3,2.2,3.25,2.95,2.2,3.2,2.8,2,3.4,3.25,2.2,3.2,2.8,48,2.2,2.12,3.4,3.22,3.5,3.2,38,2.01,1.88,1.95,1.86,30,-0.25,1.92,1.87,2.02,1.99
D1,28/04/07,M'gladbach,Stuttgart,0,1,A,0,0,D,18,15,8,8,17,7,7,5,2,1,1,0,5.5,3.6,1.61,5,3.4,1.65,5.25,3.4,1.68,4.3,3.4,1.7,4.5,3.25,1.66,4.5,3.4,1.7,4.5,3.3,1.66,5,3.6,1.62,5,3.25,1.65,48,5.8,4.98,3.7,3.44,1.73,1.65,38,1.98,1.87,1.95,1.86,29,0.75,2.08,2.01,1.88,1.85
D1,28/04/07,Nurnberg,Wolfsburg,1,1,D,1,1,D,13,13,4,6,21,26,3,4,1,0,0,0,1.83,3.4,4.2,1.8,3.2,4.3,1.8,3.3,4.5,1.8,3.2,4,1.72,3.4,4,1.85,3.2,4,1.8,3.3,3.75,1.73,3.1,5,1.75,3.25,4.2,47,1.95,1.82,3.4,3.26,4.8,4.18,38,2,1.9,1.92,1.83,28,-0.5,2.03,1.91,2.05,1.93
D1,29/04/07,Bielefeld,Werder Bremen,3,2,H,1,0,H,12,13,8,8,17,28,3,4,1,5,0,0,4.75,3.5,1.72,4.6,3.4,1.7,4.75,3.4,1.72,4,3.2,1.8,4.33,3.2,1.72,4.1,3.3,1.8,4.33,3.3,1.7,4.33,3.5,1.73,4.5,3.3,1.65,46,5.25,4.54,3.7,3.42,1.85,1.72,36,1.75,1.66,2.2,2.08,25,0.75,1.95,1.92,2.02,1.94
D1,29/04/07,Cottbus,Leverkusen,2,1,H,1,1,D,9,12,6,6,19,23,4,2,3,4,0,0,2.8,3.25,2.4,2.55,3.2,2.55,2.85,3.2,2.4,2.6,3.1,2.5,2.5,3.25,2.4,2.55,3.25,2.5,2.5,3.1,2.5,2.5,3.2,2.6,2.65,3.1,2.35,48,3,2.71,3.3,3.19,2.65,2.42,38,1.88,1.79,2.1,1.91,26,0,2.17,1.95,1.8,1.73
D1,04/05/07,Hannover,Cottbus,2,0,H,1,0,H,24,6,13,3,19,11,8,3,0,0,0,0,1.85,3.4,4.2,1.85,3.25,4,1.9,3.3,4,1.9,3.2,3.6,1.8,3.25,3.75,1.9,3.25,3.75,1.83,3,4,1.91,3.25,3.75,1.8,3.2,4,46,1.94,1.85,3.4,3.25,4.4,4.03,35,2,1.87,1.95,1.86,29,-0.5,1.98,1.91,2.03,1.94
D1,05/05/07,Ein Frankfurt,Aachen,4,0,H,2,0,H,32,12,20,8,13,22,7,3,0,2,0,1,1.75,3.5,4.5,1.8,3.2,4.3,1.8,3.3,4.5,1.8,3.2,4,1.8,3.25,3.75,1.65,3.75,4.33,1.72,3.2,4.33,1.73,3.4,4.5,1.73,3.3,4,47,1.85,1.78,3.5,3.3,5,4.27,33,1.8,1.71,2.21,2.02,25,-0.75,2.07,2.02,1.87,1.84
D1,05/05/07,Hamburg,Bochum,0,3,A,0,0,D,23,11,7,7,16,15,3,1,2,1,0,0,1.83,3.4,4.2,1.81,3.2,4.25,1.85,3.2,4.5,1.85,3.1,4,1.72,3.4,4,1.8,3.25,4.2,1.8,3.1,4,1.91,3.2,3.75,1.75,3.25,4,47,1.91,1.82,3.4,3.24,4.7,4.22,33,1.98,1.87,1.95,1.85,26,-0.5,1.96,1.89,2,1.94
D1,05/05/07,M'gladbach,Bayern Munich,1,1,D,0,1,A,17,17,8,10,15,9,10,8,1,2,0,0,5,3.6,1.66,5.3,3.5,1.6,5.25,3.5,1.65,4.3,3.4,1.7,4.5,3.5,1.61,4.5,3.4,1.7,4.2,3.25,1.72,4,3.6,1.75,4.35,3.4,1.65,46,5.5,4.79,3.6,3.44,1.75,1.68,33,2.01,1.87,1.95,1.86,25,0.75,1.92,1.87,2.05,1.99
D1,05/05/07,Schalke 04,Nurnberg,1,0,H,0,0,D,22,6,9,3,15,27,7,1,1,2,0,1,1.44,4.2,7,1.5,3.65,6.25,1.5,3.75,7,1.4,4,6.5,1.44,3.6,6.5,1.45,3.75,7,1.5,3.4,6,1.53,3.4,7,1.45,3.6,6.5,47,1.53,1.46,4.2,3.78,8.3,6.74,33,2,1.87,1.96,1.85,24,-1.25,2.05,2.01,1.92,1.84
D1,05/05/07,Stuttgart,Mainz,2,0,H,1,0,H,17,11,8,6,5,19,3,6,2,3,0,0,1.33,4.75,9,1.4,4.15,7,1.4,4.25,7.5,1.3,4.4,8.5,1.33,4,8,1.35,4.2,8,1.33,4,8,1.36,4.5,7.5,1.35,4,7,47,1.4,1.36,4.75,4.28,9.85,7.68,33,1.75,1.7,2.15,2.03,26,-1.25,1.89,1.85,2.1,2.01
D1,05/05/07,Wolfsburg,Dortmund,0,2,A,0,1,A,16,9,10,6,19,13,7,1,0,0,0,0,2.37,3.2,2.9,2.35,3,2.95,2.4,3.2,2.9,2.3,3,2.9,2.2,3.2,2.8,2.4,3.2,2.7,2.3,3.1,2.75,2,3.25,3.4,2.35,3,2.7,46,2.45,2.31,3.25,3.11,3.4,2.91,33,2.11,1.97,1.83,1.76,26,-0.25,2.1,2.05,1.86,1.81
D1,06/05/07,Hertha,Werder Bremen,1,4,A,0,1,A,8,21,1,16,15,16,4,5,1,2,1,0,3,3.4,2.2,3.05,3.25,2.15,3.1,3.25,2.2,2.7,3.2,2.3,3,3.4,2,3.2,3.25,2.1,2.87,3.1,2.2,2.75,3.5,2.25,2.9,3.25,2.1,46,3.3,3.03,3.5,3.27,2.3,2.16,33,1.69,1.62,2.35,2.14,26,0.25,1.98,1.91,2.02,1.95
D1,06/05/07,Leverkusen,Bielefeld,1,2,A,1,1,D,16,8,6,5,23,12,8,5,3,1,0,0,1.7,3.6,4.75,1.6,3.65,5,1.65,3.5,5.25,1.65,3.5,4.5,1.61,3.5,4.5,1.7,3.4,4.5,1.72,3.2,4.33,1.73,3.4,4.5,1.6,3.25,5,45,1.75,1.67,3.6,3.44,5.25,4.84,32,1.74,1.67,2.2,2.07,25,-0.75,2.02,1.99,1.94,1.88
D1,12/05/07,Aachen,Wolfsburg,2,2,D,0,0,D,15,19,10,12,21,24,2,7,4,4,0,0,2.4,3.4,2.75,2.35,3.4,2.65,2.4,3.3,2.8,2.2,3.2,2.9,2.2,3.25,2.75,2.3,3.2,2.8,2.4,3.25,2.5,2.5,3.33,2.5,2.2,3.2,2.8,45,2.55,2.38,3.65,3.28,2.9,2.68,30,1.74,1.65,2.35,2.1,20,0,1.9,1.84,2.05,1.97
D1,12/05/07,Bielefeld,Hannover,3,1,H,2,1,H,10,19,5,9,12,21,1,10,1,2,0,0,2.6,3.25,2.6,2.5,3.35,2.5,2.5,3.3,2.7,2.5,3.2,2.5,2.4,3.25,2.5,2.4,3.3,2.6,2.37,3.1,2.62,2.2,3.5,2.8,2.4,3.25,2.5,45,2.7,2.51,3.5,3.24,2.85,2.57,31,1.85,1.73,2.16,2.01,20,0,2.01,1.91,1.95,1.89
D1,12/05/07,Bochum,Stuttgart,2,3,A,2,1,H,13,24,8,15,12,12,4,9,0,0,0,0,3.75,3.4,1.95,3.4,3.3,2,3.6,3.3,2,3.3,3.2,2,3,3.4,2,3.35,3.3,2,3.4,3.25,1.9,4,3.5,1.8,3.5,3.2,1.9,45,4.05,3.51,3.55,3.3,2.1,1.96,31,1.96,1.82,2.01,1.91,21,0.5,1.93,1.85,2.11,2.02
D1,12/05/07,Cottbus,Bayern Munich,0,3,A,0,2,A,5,24,2,14,17,14,2,10,4,0,0,0,3.5,3.4,2,3.3,3.25,2.05,3.5,3.3,2.05,3.3,3.2,2,3,3.2,2.1,3.2,3.3,2.05,3.2,3.2,2,3,3.25,2.2,3,3.2,2.1,44,3.75,3.27,3.5,3.27,2.25,2.06,31,1.92,1.8,2.07,1.94,21,0.25,2.14,2.07,1.84,1.8
D1,12/05/07,Dortmund,Schalke 04,2,0,H,1,0,H,17,19,14,7,28,20,4,5,4,4,0,0,3.1,3.3,2.1,3.05,3.25,2.15,3.3,3.3,2.1,3.2,3.1,2.1,3.2,3.2,2,3.15,3.25,2.1,2.87,3.1,2.2,3.6,3.4,1.91,3,3.2,2.1,43,3.7,3.21,3.4,3.24,2.25,2.09,31,2.08,1.93,1.9,1.81,21,0.5,1.79,1.76,2.19,2.13
D1,12/05/07,Hertha,Leverkusen,2,3,A,1,2,A,13,16,6,11,20,21,5,7,4,2,0,0,2.37,3.4,2.75,2.3,3.4,2.7,2.4,3.3,2.8,2.3,3.3,2.6,2.25,3.2,2.75,2.35,3.3,2.7,2.2,3.2,2.8,2.1,3.4,3,2.3,3.1,2.7,45,2.45,2.34,3.55,3.27,3,2.74,31,1.76,1.66,2.3,2.12,20,0,1.84,1.76,2.14,2.06
D1,12/05/07,Mainz,M'gladbach,3,0,H,2,0,H,20,10,9,9,17,22,2,6,2,3,0,1,1.66,3.6,5,1.7,3.75,4.1,1.65,3.6,5.25,1.65,3.5,4.5,1.61,3.5,4.5,1.6,3.6,5,1.61,3.6,4.33,1.75,3.6,4,1.65,3.25,4.5,45,1.75,1.66,3.9,3.53,5.8,4.7,31,1.93,1.81,2.07,1.92,21,-0.75,2.05,1.99,1.94,1.88
D1,12/05/07,Nurnberg,Hamburg,0,2,A,0,2,A,20,11,11,2,17,14,4,2,0,3,0,0,2.1,3.25,3.4,2.1,3.2,3.2,2.05,3.3,3.5,2.1,3.2,3.1,2,3.2,3.2,2.1,3.2,3.2,1.9,3.25,3.4,2,3.2,3.5,2,3.2,3.2,45,2.15,2.04,3.5,3.26,3.7,3.34,31,1.92,1.82,2.1,1.92,21,-0.5,2.2,2.13,1.8,1.75
D1,12/05/07,Werder Bremen,Ein Frankfurt,1,2,A,1,1,D,23,6,13,3,9,16,10,6,2,1,0,0,1.3,5,9,1.33,4.65,7.45,1.28,5,10,1.27,4.6,9,1.28,4.5,8,1.3,4.5,9,1.3,4.33,8,1.22,5.5,10,1.28,4.5,8,43,1.33,1.29,5.6,4.71,11.8,9.09,30,1.6,1.5,2.6,2.4,19,-1.5,1.87,1.83,2.1,2.04
D1,19/05/07,Bayern Munich,Mainz,5,2,H,3,0,H,18,7,11,4,10,11,3,1,1,1,0,0,1.36,4.5,8,1.3,4.6,8.75,1.33,4.5,8.5,1.33,4.2,8,1.33,4.33,7,1.3,4.5,9,1.33,4.2,7.5,1.36,4.33,7.5,1.3,4.5,8,45,1.4,1.34,4.8,4.38,9.65,7.98,32,1.55,1.47,2.67,2.45,20,-1.25,1.96,1.94,1.98,1.93
D1,19/05/07,Ein Frankfurt,Hertha,1,2,A,0,0,D,20,18,11,11,7,17,8,4,0,1,0,0,2.2,3.4,3,2.2,3.2,3,2.2,3.3,3,2.1,3.3,3,2.2,3.2,2.8,2.25,3.25,2.85,2.1,3.2,3,2.1,3.5,3,2.1,3.2,3,45,2.3,2.17,3.6,3.28,3.35,2.99,32,1.56,1.51,2.7,2.34,20,-0.25,1.97,1.93,1.99,1.94
D1,19/05/07,Hamburg,Aachen,4,0,H,2,0,H,18,14,13,5,18,21,7,2,1,3,0,0,1.57,3.8,5.5,1.6,3.65,5,1.6,3.6,5.25,1.55,3.7,5,1.57,3.5,5,1.55,3.6,5.5,1.5,3.6,5.5,1.5,3.8,6,1.53,3.6,5.5,45,1.65,1.56,3.9,3.63,6.25,5.37,32,1.6,1.52,2.5,2.32,20,-0.75,1.86,1.83,2.1,2.05
D1,19/05/07,Hannover,Nurnberg,0,3,A,0,0,D,26,15,12,8,14,5,11,6,3,1,0,0,1.9,3.4,3.8,1.85,3.3,3.9,1.85,3.3,4,1.8,3.2,4,1.8,3.25,3.75,1.95,3.2,3.6,1.72,3.25,4.2,2,3.2,3.6,1.85,3.2,3.75,45,2,1.87,3.5,3.29,4.55,3.82,32,1.75,1.64,2.35,2.12,19,-0.5,2.08,2.01,1.93,1.86
D1,19/05/07,Leverkusen,Dortmund,2,1,H,1,0,H,13,12,9,9,20,21,8,6,1,1,0,0,2.4,3.3,2.8,2.45,3.25,2.6,2.4,3.25,2.75,2.45,3.3,2.45,2.2,3.25,2.75,2.45,3.25,2.6,2.5,3.25,2.4,2.2,3.4,2.88,2.25,3.2,2.75,44,2.75,2.37,3.55,3.24,2.9,2.69,32,1.65,1.56,2.5,2.24,20,-0.25,2.19,2.1,1.83,1.78
D1,19/05/07,M'gladbach,Bochum,0,2,A,0,1,A,16,24,7,14,10,15,8,5,3,2,0,0,2.5,3.4,2.62,2.65,3.35,2.35,2.6,3.25,2.5,2.5,3.2,2.5,2.5,3.25,2.4,2.55,3.15,2.55,2.5,3.25,2.4,2.4,3.4,2.6,2.4,3.25,2.5,43,2.8,2.55,3.5,3.26,2.63,2.49,31,1.7,1.55,2.5,2.24,19,0,1.96,1.89,2.02,1.91
D1,19/05/07,Schalke 04,Bielefeld,2,1,H,2,0,H,22,10,9,5,13,11,11,5,0,0,0,0,1.22,6,11,1.2,6.5,8.85,1.25,5.5,9.5,1.22,5,10,1.2,5.5,9,1.22,5.5,10,1.28,5,7,1.25,5.5,8.5,1.2,5.5,9.5,45,1.25,1.23,6.25,5.43,13.1,9.79,31,1.5,1.44,2.81,2.53,20,-1.75,2.03,1.99,1.93,1.89
D1,19/05/07,Stuttgart,Cottbus,2,1,H,1,1,D,22,9,15,6,16,13,10,5,0,0,0,0,1.14,7.5,15,1.18,7,9.5,1.17,6.5,12,1.15,5,15,1.17,5.5,12,1.15,7,11,1.16,5.5,12,1.11,7,17,1.17,5.5,12,44,1.2,1.16,7.5,6.23,18,12.75,31,1.55,1.45,2.9,2.5,20,-1.75,1.84,1.8,2.12,2.08
D1,19/05/07,Wolfsburg,Werder Bremen,0,2,A,0,0,D,9,23,3,13,14,10,7,7,0,0,0,0,3.6,3.6,1.9,3.4,3.4,1.95,3.6,3.3,1.95,3.2,3.3,2,3.2,3.2,2,3.15,3.25,2.1,3.25,3.3,1.95,3.5,3.25,2,3.5,3.25,1.9,45,3.8,3.48,3.75,3.3,2.1,1.96,32,1.55,1.48,2.7,2.43,20,0.5,1.92,1.88,2.01,1.97
